time,open,high,low,close,tick_volume,real_volume
2021-08-16 06:00:00,120550.0,120600.0,120015.0,120545.0,449949,1605958
2021-08-16 07:00:00,120545.0,120760.0,119520.0,119665.0,891214,3686397
2021-08-16 08:00:00,119670.0,119845.0,119320.0,119485.0,696148,2887241
2021-08-16 09:00:00,119480.0,119630.0,118820.0,119065.0,626011,2652527
2021-08-16 10:00:00,119060.0,119245.0,118700.0,119160.0,512914,2152149
2021-08-16 11:00:00,119165.0,119575.0,119075.0,119275.0,515206,2248883
2021-08-16 12:00:00,119275.0,119460.0,118870.0,119190.0,522796,2309075
2021-08-16 13:00:00,119190.0,119335.0,118980.0,119100.0,456541,2052921
2021-08-16 14:00:00,119100.0,119630.0,119065.0,119630.0,227323,942804
2021-08-17 06:00:00,119315.0,119340.0,118435.0,118835.0,877564,3006706
2021-08-17 07:00:00,118835.0,119125.0,118060.0,118210.0,1144568,4658910
2021-08-17 08:00:00,118205.0,118740.0,118110.0,118135.0,863282,3498704
2021-08-17 09:00:00,118140.0,118465.0,117610.0,117695.0,656317,2826348
2021-08-17 10:00:00,117700.0,117890.0,116685.0,116740.0,661220,2856203
2021-08-17 11:00:00,116745.0,117150.0,116220.0,116620.0,705433,3102945
2021-08-17 12:00:00,116620.0,117220.0,116465.0,117145.0,623172,2731220
2021-08-17 13:00:00,117150.0,117775.0,117060.0,117750.0,468185,2210179
2021-08-17 14:00:00,117745.0,117920.0,117125.0,117150.0,334930,1321431
2021-08-18 06:00:00,118890.0,118965.0,117965.0,118340.0,650214,2056038
2021-08-18 07:00:00,118335.0,118555.0,117465.0,118365.0,984572,3808892
2021-08-18 08:00:00,118365.0,118375.0,117290.0,117815.0,900121,3539711
2021-08-18 09:00:00,117815.0,118165.0,117485.0,118000.0,687539,2756307
2021-08-18 10:00:00,117995.0,118615.0,117610.0,118615.0,523371,2146419
2021-08-18 11:00:00,118610.0,119685.0,118570.0,119195.0,576639,2487281
2021-08-18 12:00:00,119195.0,119490.0,118275.0,118345.0,650373,2708352
2021-08-18 13:00:00,118345.0,118670.0,117135.0,117220.0,563778,2453046
2021-08-18 14:00:00,117225.0,117370.0,116470.0,116960.0,300148,1138909
2021-08-19 06:00:00,115200.0,115850.0,114825.0,115435.0,809439,2619569
2021-08-19 07:00:00,115440.0,116545.0,115435.0,116370.0,1121711,4095107
2021-08-19 08:00:00,116370.0,116750.0,115670.0,116280.0,946544,3723206
2021-08-19 09:00:00,116280.0,117025.0,115940.0,116950.0,742472,3035818
2021-08-19 10:00:00,116950.0,117695.0,116840.0,117515.0,566469,2364269
2021-08-19 11:00:00,117515.0,118415.0,117130.0,117610.0,713374,3067453
2021-08-19 12:00:00,117610.0,118095.0,117320.0,117985.0,627778,2816040
2021-08-19 13:00:00,117985.0,118270.0,117795.0,117945.0,507826,2274045
2021-08-19 14:00:00,117945.0,118245.0,117810.0,118040.0,244203,932057
2021-08-20 06:00:00,117280.0,117470.0,116670.0,116700.0,564807,2046538
2021-08-20 07:00:00,116700.0,117515.0,116425.0,117275.0,1101088,4305823
2021-08-20 08:00:00,117275.0,117795.0,117055.0,117715.0,917280,3344389
2021-08-20 09:00:00,117715.0,118315.0,117640.0,118110.0,582847,2136242
2021-08-20 10:00:00,118105.0,118825.0,118080.0,118685.0,465828,1709582
2021-08-20 11:00:00,118680.0,118715.0,118275.0,118690.0,447854,1774365
2021-08-20 12:00:00,118695.0,119160.0,118630.0,118830.0,442860,1807133
2021-08-20 13:00:00,118825.0,119030.0,118480.0,118715.0,438415,1727415
2021-08-20 14:00:00,118715.0,118960.0,118550.0,118935.0,217181,780998
2021-08-23 06:00:00,119300.0,119595.0,118910.0,118945.0,560680,1866614
2021-08-23 07:00:00,118945.0,119120.0,118230.0,118645.0,1066853,3947551
2021-08-23 08:00:00,118640.0,118735.0,118230.0,118675.0,822172,3123771
2021-08-23 09:00:00,118675.0,118850.0,117800.0,117970.0,725213,2832782
2021-08-23 10:00:00,117970.0,118240.0,117745.0,118200.0,415565,1573525
2021-08-23 11:00:00,118200.0,118635.0,118090.0,118280.0,501028,1981596
2021-08-23 12:00:00,118280.0,118470.0,118025.0,118340.0,446031,1896881
2021-08-23 13:00:00,118335.0,118615.0,118265.0,118305.0,384943,1709944
2021-08-23 14:00:00,118305.0,118385.0,117785.0,118060.0,311836,1257525
2021-08-24 06:00:00,118910.0,119560.0,118880.0,119440.0,520784,1827353
2021-08-24 07:00:00,119440.0,120405.0,119410.0,120190.0,817785,3385967
2021-08-24 08:00:00,120190.0,121090.0,120040.0,120915.0,710707,3017471
2021-08-24 09:00:00,120915.0,121170.0,120720.0,120740.0,453195,1923108
2021-08-24 10:00:00,120740.0,121005.0,120570.0,120815.0,501146,2202993
2021-08-24 11:00:00,120815.0,121135.0,120725.0,120820.0,480785,2124001
2021-08-24 12:00:00,120815.0,121245.0,120780.0,121100.0,397711,1812281
2021-08-24 13:00:00,121100.0,121135.0,120685.0,120810.0,321396,1496340
2021-08-24 14:00:00,120815.0,121275.0,120715.0,121275.0,221323,963863
2021-08-25 06:00:00,121145.0,121215.0,120320.0,120410.0,654752,2435250
2021-08-25 07:00:00,120415.0,120625.0,119845.0,120215.0,880949,3443069
2021-08-25 08:00:00,120220.0,120655.0,120160.0,120360.0,731597,2891923
2021-08-25 09:00:00,120360.0,120680.0,120215.0,120445.0,526006,2171416
2021-08-25 10:00:00,120445.0,120525.0,120110.0,120265.0,386109,1598461
2021-08-25 11:00:00,120260.0,120650.0,120200.0,120640.0,372481,1623987
2021-08-25 12:00:00,120635.0,121325.0,120590.0,121205.0,503577,2301844
2021-08-25 13:00:00,121205.0,121550.0,121030.0,121475.0,377356,1722818
2021-08-25 14:00:00,121475.0,121590.0,121260.0,121390.0,193243,784178
2021-08-26 06:00:00,121050.0,121185.0,120585.0,120740.0,530743,1813878
2021-08-26 07:00:00,120740.0,121480.0,120595.0,121455.0,953480,3782283
2021-08-26 08:00:00,121460.0,121560.0,120615.0,120705.0,870526,3521201
2021-08-26 09:00:00,120705.0,120710.0,120015.0,120405.0,632052,2699413
2021-08-26 10:00:00,120405.0,120690.0,120215.0,120350.0,415085,1742565
2021-08-26 11:00:00,120345.0,120520.0,119980.0,120030.0,443354,1897550
2021-08-26 12:00:00,120030.0,120070.0,119700.0,119775.0,444184,1974670
2021-08-26 13:00:00,119770.0,120040.0,119345.0,119470.0,516861,2361969
2021-08-26 14:00:00,119470.0,119575.0,119030.0,119575.0,263327,1011580
2021-08-27 06:00:00,119985.0,120130.0,119715.0,120040.0,498174,1715538
2021-08-27 07:00:00,120035.0,120465.0,119660.0,120285.0,864510,3326045
2021-08-27 08:00:00,120285.0,120890.0,120165.0,120660.0,680250,2811987
2021-08-27 09:00:00,120660.0,121030.0,120380.0,120880.0,453682,1933908
2021-08-27 10:00:00,120880.0,121125.0,120725.0,121040.0,322511,1378269
2021-08-27 11:00:00,121045.0,121125.0,120775.0,121005.0,330647,1392423
2021-08-27 12:00:00,121000.0,121170.0,120830.0,120875.0,353739,1550622
2021-08-27 13:00:00,120875.0,121390.0,120855.0,121370.0,297185,1402229
2021-08-27 14:00:00,121365.0,121400.0,120850.0,120850.0,173677,691854
2021-08-30 06:00:00,121120.0,121200.0,120555.0,120555.0,423681,1419265
2021-08-30 07:00:00,120555.0,120975.0,119900.0,119985.0,815517,3345784
2021-08-30 08:00:00,119985.0,120685.0,119970.0,120675.0,594841,2534067
2021-08-30 09:00:00,120675.0,120935.0,120540.0,120865.0,461709,2048769
2021-08-30 10:00:00,120860.0,121020.0,120635.0,120870.0,369039,1632119
2021-08-30 11:00:00,120865.0,120895.0,120160.0,120200.0,527420,2268339
2021-08-30 12:00:00,120200.0,120580.0,120130.0,120545.0,351101,1621305
2021-08-30 13:00:00,120540.0,120575.0,120225.0,120305.0,350461,1627865
2021-08-30 14:00:00,120300.0,120685.0,120205.0,120630.0,198101,800758
2021-08-31 06:00:00,120190.0,120420.0,119805.0,120215.0,673149,2218526
2021-08-31 07:00:00,120215.0,120795.0,119865.0,120010.0,992536,3769135
2021-08-31 08:00:00,120010.0,120550.0,119985.0,120145.0,810632,3097926
2021-08-31 09:00:00,120140.0,120395.0,119480.0,119510.0,710312,2806458
2021-08-31 10:00:00,119510.0,119705.0,118825.0,118865.0,586896,2375979
2021-08-31 11:00:00,118870.0,119045.0,118415.0,118545.0,531400,2304692
2021-08-31 12:00:00,118545.0,119015.0,118455.0,118755.0,463829,2006177
2021-08-31 13:00:00,118755.0,119185.0,118530.0,118920.0,428890,1945221
2021-08-31 14:00:00,118915.0,119310.0,118880.0,119200.0,273758,1042929
2021-09-01 06:00:00,119400.0,119665.0,119005.0,119635.0,620217,2067617
2021-09-01 07:00:00,119635.0,119705.0,118625.0,119625.0,1099948,4229527
2021-09-01 08:00:00,119620.0,119980.0,119440.0,119875.0,702151,2730418
2021-09-01 09:00:00,119875.0,120040.0,119190.0,119525.0,630312,2515310
2021-09-01 10:00:00,119525.0,119940.0,119450.0,119720.0,492444,1954122
2021-09-01 11:00:00,119715.0,120560.0,119660.0,120400.0,509391,2162957
2021-09-01 12:00:00,120400.0,120615.0,120065.0,120120.0,399945,1774566
2021-09-01 13:00:00,120125.0,120235.0,119855.0,119930.0,415625,1815002
2021-09-01 14:00:00,119925.0,119940.0,119080.0,119180.0,274492,1088954
2021-09-02 06:00:00,119595.0,119735.0,119140.0,119265.0,671531,2326284
2021-09-02 07:00:00,119260.0,119330.0,118085.0,118285.0,1074600,4150482
2021-09-02 08:00:00,118285.0,119040.0,118160.0,118795.0,836265,3302071
2021-09-02 09:00:00,118790.0,119140.0,118325.0,118555.0,741649,2817817
2021-09-02 10:00:00,118555.0,118645.0,118025.0,118240.0,561589,2257489
2021-09-02 11:00:00,118235.0,118520.0,117805.0,117885.0,642284,2639715
2021-09-02 12:00:00,117880.0,118040.0,117330.0,117540.0,561030,2247613
2021-09-02 13:00:00,117535.0,117585.0,117040.0,117325.0,413910,1707822
2021-09-02 14:00:00,117330.0,117365.0,116920.0,117160.0,248637,947034
2021-09-03 06:00:00,117665.0,118350.0,117520.0,118145.0,796501,2492344
2021-09-03 07:00:00,118145.0,118200.0,117250.0,117380.0,1092830,3846395
2021-09-03 08:00:00,117375.0,117480.0,116620.0,116645.0,765551,2943888
2021-09-03 09:00:00,116640.0,116940.0,116295.0,116390.0,551885,2225629
2021-09-03 10:00:00,116385.0,116730.0,116115.0,116200.0,470704,1904368
2021-09-03 11:00:00,116200.0,116395.0,116085.0,116165.0,408959,1706768
2021-09-03 12:00:00,116165.0,117185.0,116130.0,117155.0,503310,2171623
2021-09-03 13:00:00,117155.0,117220.0,116855.0,117035.0,361856,1529095
2021-09-03 14:00:00,117035.0,117360.0,116505.0,116855.0,284486,1053880
2021-09-06 06:00:00,117200.0,117305.0,116530.0,116670.0,478554,1498974
2021-09-06 07:00:00,116675.0,117575.0,116620.0,117555.0,793409,2910089
2021-09-06 08:00:00,117550.0,118040.0,117425.0,117935.0,538477,2170508
2021-09-06 09:00:00,117940.0,118040.0,117570.0,117760.0,405672,1613716
2021-09-06 10:00:00,117760.0,118310.0,117690.0,118095.0,371445,1446899
2021-09-06 11:00:00,118100.0,118585.0,118085.0,118430.0,297157,1131808
2021-09-06 12:00:00,118435.0,118550.0,118065.0,118260.0,363537,1359064
2021-09-06 13:00:00,118260.0,118510.0,118070.0,118250.0,299833,1151532
2021-09-06 14:00:00,118255.0,118450.0,118125.0,118370.0,200195,723635
2021-09-08 06:00:00,117150.0,117920.0,117010.0,117890.0,625837,2093102
2021-09-08 07:00:00,117890.0,117980.0,116320.0,116330.0,1098449,4255959
2021-09-08 08:00:00,116330.0,116510.0,115055.0,115240.0,875714,3641628
2021-09-08 09:00:00,115245.0,115345.0,114785.0,115265.0,662693,2728398
2021-09-08 10:00:00,115270.0,115550.0,114670.0,115140.0,709874,2816006
2021-09-08 11:00:00,115140.0,115330.0,114555.0,115000.0,625328,2504544
2021-09-08 12:00:00,115005.0,115275.0,114575.0,114645.0,496443,2085989
2021-09-08 13:00:00,114645.0,114680.0,113570.0,113805.0,615351,2710604
2021-09-08 14:00:00,113810.0,114085.0,113610.0,113830.0,275971,1019187
2021-09-09 06:00:00,114570.0,114930.0,113500.0,114145.0,1236816,3897780
2021-09-09 07:00:00,114150.0,114750.0,113655.0,114230.0,1323308,4461258
2021-09-09 08:00:00,114230.0,114485.0,113840.0,113970.0,816691,2903242
2021-09-09 09:00:00,113970.0,114105.0,113100.0,113480.0,761562,2740306
2021-09-09 10:00:00,113485.0,114460.0,113475.0,114145.0,635403,2311623
2021-09-09 11:00:00,114145.0,114235.0,113005.0,113160.0,735320,2766968
2021-09-09 12:00:00,113160.0,113560.0,112815.0,113265.0,640997,2531470
2021-09-09 13:00:00,113265.0,117245.0,113010.0,115840.0,691419,2707064
2021-09-09 14:00:00,115845.0,117080.0,115455.0,117080.0,455402,1288842
2021-09-10 06:00:00,117250.0,118195.0,117250.0,117270.0,780958,2170224
2021-09-10 07:00:00,117275.0,117350.0,116125.0,116365.0,1218567,3819018
2021-09-10 08:00:00,116365.0,116580.0,115670.0,115880.0,919457,2963714
2021-09-10 09:00:00,115885.0,116345.0,115735.0,116030.0,654470,2107926
2021-09-10 10:00:00,116030.0,116505.0,115920.0,116250.0,526929,1721478
2021-09-10 11:00:00,116250.0,116405.0,114680.0,115580.0,899726,3013926
2021-09-10 12:00:00,115580.0,115985.0,115340.0,115750.0,592527,2062564
2021-09-10 13:00:00,115745.0,115865.0,114630.0,114785.0,533747,1909124
2021-09-10 14:00:00,114785.0,114995.0,114400.0,114680.0,328606,959980
2021-09-13 06:00:00,115600.0,116445.0,115515.0,116370.0,652484,1944852
2021-09-13 07:00:00,116365.0,116685.0,115875.0,116515.0,1316261,4157815
2021-09-13 08:00:00,116515.0,117150.0,116035.0,116960.0,1121575,3699927
2021-09-13 09:00:00,116960.0,117455.0,116630.0,117240.0,696164,2191905
2021-09-13 10:00:00,117235.0,117585.0,116980.0,117070.0,574269,1883030
2021-09-13 11:00:00,117065.0,117295.0,116740.0,116920.0,535298,1766640
2021-09-13 12:00:00,116920.0,117370.0,116530.0,117240.0,694083,2395119
2021-09-13 13:00:00,117240.0,117245.0,116625.0,116735.0,505358,1682176
2021-09-13 14:00:00,116735.0,117075.0,116680.0,116680.0,269204,806385
2021-09-14 06:00:00,116300.0,117145.0,115980.0,117015.0,912751,2607753
2021-09-14 07:00:00,117015.0,117735.0,116725.0,117015.0,1132719,3703379
2021-09-14 08:00:00,117010.0,117300.0,116525.0,116705.0,914358,3013151
2021-09-14 09:00:00,116700.0,117620.0,116675.0,117595.0,589287,2025600
2021-09-14 10:00:00,117595.0,117715.0,117250.0,117305.0,450775,1591954
2021-09-14 11:00:00,117305.0,117470.0,117015.0,117360.0,552425,1970067
2021-09-14 12:00:00,117360.0,117435.0,116825.0,116940.0,502431,1853497
2021-09-14 13:00:00,116940.0,116970.0,116200.0,116555.0,622658,2259730
2021-09-14 14:00:00,116560.0,116900.0,116325.0,116900.0,240041,732436
2021-09-15 06:00:00,116650.0,116980.0,116435.0,116770.0,714074,2032315
2021-09-15 07:00:00,116770.0,116770.0,115585.0,116040.0,1165159,3832666
2021-09-15 08:00:00,116040.0,116100.0,115260.0,115415.0,888648,2953050
2021-09-15 09:00:00,115415.0,115630.0,115105.0,115495.0,519211,1775482
2021-09-15 10:00:00,115500.0,115760.0,115265.0,115625.0,522680,1805207
2021-09-15 11:00:00,115625.0,115670.0,115115.0,115430.0,535271,1782548
2021-09-15 12:00:00,115425.0,115670.0,115320.0,115525.0,421580,1508181
2021-09-15 13:00:00,115525.0,115555.0,115235.0,115515.0,354648,1317869
2021-09-15 14:00:00,115510.0,115600.0,115410.0,115600.0,171326,518271
2021-09-16 06:00:00,114845.0,115130.0,114430.0,114555.0,842954,2450544
2021-09-16 07:00:00,114560.0,114850.0,113710.0,113875.0,1229067,3860185
2021-09-16 08:00:00,113880.0,114500.0,113705.0,114350.0,881423,2782657
2021-09-16 09:00:00,114355.0,114655.0,114025.0,114295.0,591747,1962775
2021-09-16 10:00:00,114295.0,114310.0,113860.0,114175.0,430582,1447924
2021-09-16 11:00:00,114175.0,114580.0,113960.0,114385.0,404351,1417920
2021-09-16 12:00:00,114390.0,114675.0,114050.0,114185.0,462630,1689656
2021-09-16 13:00:00,114185.0,114455.0,113825.0,114340.0,441270,1630575
2021-09-16 14:00:00,114340.0,114615.0,114045.0,114410.0,243103,764140
2021-09-17 06:00:00,113780.0,114145.0,113555.0,114035.0,735157,2207863
2021-09-17 07:00:00,114035.0,114115.0,112415.0,112535.0,1071174,3650268
2021-09-17 08:00:00,112535.0,112600.0,111655.0,111750.0,780049,2837651
2021-09-17 09:00:00,111745.0,112060.0,111575.0,111865.0,532825,1901741
2021-09-17 10:00:00,111860.0,111955.0,111425.0,111680.0,494542,1868043
2021-09-17 11:00:00,111685.0,111985.0,111530.0,111730.0,469633,1663168
2021-09-17 12:00:00,111725.0,112210.0,111690.0,112060.0,461820,1784897
2021-09-17 13:00:00,112065.0,112195.0,111560.0,111775.0,549209,2055746
2021-09-17 14:00:00,111770.0,111800.0,111205.0,111205.0,258746,818764
2021-09-20 06:00:00,109205.0,109385.0,108725.0,109340.0,793142,2382744
2021-09-20 07:00:00,109335.0,110165.0,108920.0,109185.0,1358708,4296879
2021-09-20 08:00:00,109185.0,109475.0,108610.0,108705.0,979975,3202223
2021-09-20 09:00:00,108710.0,108895.0,107925.0,108155.0,689932,2470295
2021-09-20 10:00:00,108160.0,108310.0,107825.0,107940.0,611998,2159220
2021-09-20 11:00:00,107940.0,108635.0,107800.0,108350.0,578589,2048823
2021-09-20 12:00:00,108345.0,108425.0,107875.0,108020.0,609710,2234676
2021-09-20 13:00:00,108025.0,109220.0,107950.0,109110.0,649647,2403165
2021-09-20 14:00:00,109105.0,109775.0,108915.0,109710.0,338274,1060888
2021-09-21 06:00:00,110600.0,110875.0,109745.0,109855.0,838979,2489191
2021-09-21 07:00:00,109860.0,110135.0,109175.0,110040.0,1366803,4550861
2021-09-21 08:00:00,110040.0,110320.0,109330.0,109635.0,1100784,3587244
2021-09-21 09:00:00,109640.0,110710.0,109450.0,110620.0,796061,2636945
2021-09-21 10:00:00,110625.0,111160.0,110605.0,110755.0,621541,2233259
2021-09-21 11:00:00,110750.0,111190.0,110665.0,110940.0,600697,2109276
2021-09-21 12:00:00,110940.0,111085.0,110350.0,110755.0,580961,2178886
2021-09-21 13:00:00,110755.0,110965.0,110365.0,110385.0,558130,2047564
2021-09-21 14:00:00,110380.0,110625.0,109955.0,110240.0,347809,1141988
2021-09-22 06:00:00,111500.0,112460.0,111500.0,111990.0,748736,2252112
2021-09-22 07:00:00,111995.0,112695.0,111910.0,112525.0,943956,3079921
2021-09-22 08:00:00,112525.0,112810.0,112060.0,112195.0,742646,2545601
2021-09-22 09:00:00,112195.0,113165.0,112115.0,113010.0,636152,2295649
2021-09-22 10:00:00,113010.0,113135.0,112785.0,112940.0,405935,1416104
2021-09-22 11:00:00,112940.0,113250.0,112750.0,113075.0,469332,1757781
2021-09-22 12:00:00,113070.0,113605.0,112170.0,112690.0,924898,3289300
2021-09-22 13:00:00,112685.0,113280.0,112485.0,112560.0,616449,2259934
2021-09-22 14:00:00,112560.0,112725.0,112270.0,112435.0,270476,912174
2021-09-23 06:00:00,112895.0,113395.0,112770.0,112975.0,629688,1889397
2021-09-23 07:00:00,112970.0,113945.0,112670.0,113805.0,1200258,3898861
2021-09-23 08:00:00,113800.0,114015.0,113510.0,113880.0,767448,2525224
2021-09-23 09:00:00,113880.0,114460.0,113585.0,114440.0,635180,2239010
2021-09-23 10:00:00,114435.0,114575.0,114225.0,114265.0,490588,1751394
2021-09-23 11:00:00,114265.0,114640.0,114185.0,114445.0,454944,1637591
2021-09-23 12:00:00,114445.0,114465.0,113950.0,114145.0,427064,1596750
2021-09-23 13:00:00,114140.0,114255.0,113925.0,114240.0,389213,1436454
2021-09-23 14:00:00,114240.0,114400.0,114010.0,114010.0,258830,816184
2021-09-24 06:00:00,113265.0,113495.0,112990.0,113190.0,690938,2013176
2021-09-24 07:00:00,113195.0,113690.0,112805.0,113255.0,1069216,3371427
2021-09-24 08:00:00,113255.0,113595.0,112685.0,112790.0,898024,2940085
2021-09-24 09:00:00,112795.0,113445.0,112655.0,113375.0,558406,1949567
2021-09-24 10:00:00,113375.0,113820.0,113110.0,113130.0,514412,1939133
2021-09-24 11:00:00,113130.0,113580.0,113110.0,113350.0,489754,1783917
2021-09-24 12:00:00,113350.0,113780.0,113240.0,113725.0,377294,1378173
2021-09-24 13:00:00,113720.0,113740.0,113315.0,113520.0,410584,1527798
2021-09-24 14:00:00,113520.0,113750.0,113455.0,113750.0,179781,558670
2021-09-27 06:00:00,114080.0,114150.0,113120.0,113500.0,628954,2026205
2021-09-27 07:00:00,113495.0,113730.0,112870.0,113715.0,1000909,3597081
2021-09-27 08:00:00,113715.0,114020.0,113575.0,113765.0,699323,2679235
2021-09-27 09:00:00,113760.0,113880.0,113365.0,113555.0,533161,2052317
2021-09-27 10:00:00,113555.0,114115.0,113480.0,113830.0,483231,1928048
2021-09-27 11:00:00,113835.0,113920.0,113315.0,113495.0,449786,1871061
2021-09-27 12:00:00,113495.0,113660.0,112355.0,112855.0,713733,2925464
2021-09-27 13:00:00,112855.0,115115.0,112805.0,113715.0,601391,2423417
2021-09-27 14:00:00,113715.0,113830.0,113335.0,113400.0,234487,870941
2021-09-28 06:00:00,112555.0,112940.0,112270.0,112780.0,723428,2185562
2021-09-28 07:00:00,112780.0,113360.0,112430.0,112710.0,1144490,3887258
2021-09-28 08:00:00,112710.0,112800.0,111360.0,111520.0,1123999,3999219
2021-09-28 09:00:00,111520.0,111625.0,111050.0,111330.0,693502,2496164
2021-09-28 10:00:00,111325.0,111650.0,110875.0,110995.0,534619,1959239
2021-09-28 11:00:00,111000.0,111120.0,110270.0,110285.0,637964,2390777
2021-09-28 12:00:00,110285.0,110680.0,110105.0,110575.0,565724,2241308
2021-09-28 13:00:00,110570.0,110795.0,110205.0,110305.0,607990,2376482
2021-09-28 14:00:00,110310.0,110395.0,109980.0,110020.0,245231,892208
2021-09-29 06:00:00,110700.0,111355.0,110630.0,111145.0,804020,2468754
2021-09-29 07:00:00,111145.0,111440.0,110490.0,111295.0,1265371,4218896
2021-09-29 08:00:00,111295.0,111975.0,111240.0,111880.0,760532,2656880
2021-09-29 09:00:00,111875.0,112195.0,111590.0,111960.0,635445,2495857
2021-09-29 10:00:00,111965.0,112120.0,111460.0,111820.0,530358,2007587
2021-09-29 11:00:00,111825.0,111885.0,110845.0,111150.0,657492,2585122
2021-09-29 12:00:00,111150.0,111585.0,111005.0,111005.0,569938,2162921
2021-09-29 13:00:00,111010.0,111535.0,110880.0,111020.0,517069,2059858
2021-09-29 14:00:00,111020.0,111465.0,111005.0,111140.0,267996,903892
2021-09-30 06:00:00,111650.0,112365.0,111525.0,112120.0,669472,2141211
2021-09-30 07:00:00,112120.0,112475.0,111555.0,112220.0,1129410,3943864
2021-09-30 08:00:00,112225.0,112455.0,111710.0,111860.0,942769,3364816
2021-09-30 09:00:00,111860.0,112515.0,111530.0,111950.0,769312,2885097
2021-09-30 10:00:00,111950.0,112075.0,111010.0,111575.0,730611,2678674
2021-09-30 11:00:00,111570.0,111825.0,111215.0,111530.0,591890,2153734
2021-09-30 12:00:00,111530.0,111925.0,111280.0,111415.0,627255,2385443
2021-09-30 13:00:00,111415.0,111685.0,110640.0,110655.0,561918,2187156
2021-09-30 14:00:00,110655.0,110940.0,110460.0,110690.0,239558,820042
2021-10-01 06:00:00,111050.0,111345.0,110930.0,111290.0,693394,2210057
2021-10-01 07:00:00,111295.0,111980.0,111205.0,111795.0,948915,3383863
2021-10-01 08:00:00,111790.0,112140.0,111410.0,111790.0,991888,3672549
2021-10-01 09:00:00,111790.0,112425.0,111650.0,112215.0,725094,2658837
2021-10-01 10:00:00,112210.0,112400.0,112055.0,112290.0,400999,1531863
2021-10-01 11:00:00,112290.0,113065.0,112220.0,112950.0,493873,1990587
2021-10-01 12:00:00,112955.0,113150.0,112760.0,112845.0,410528,1692910
2021-10-01 13:00:00,112840.0,112995.0,112670.0,112760.0,382769,1586405
2021-10-01 14:00:00,112760.0,113120.0,112715.0,113120.0,235648,785872
2021-10-04 06:00:00,112300.0,112420.0,112000.0,112280.0,551647,1720335
2021-10-04 07:00:00,112280.0,112300.0,111235.0,111550.0,1044588,3644902
2021-10-04 08:00:00,111550.0,111620.0,110515.0,110690.0,956142,3614454
2021-10-04 09:00:00,110690.0,110820.0,109900.0,110370.0,725389,2813340
2021-10-04 10:00:00,110370.0,110450.0,110105.0,110250.0,502749,1974903
2021-10-04 11:00:00,110255.0,110435.0,110100.0,110235.0,506594,2024679
2021-10-04 12:00:00,110235.0,110570.0,110210.0,110380.0,541367,2106638
2021-10-04 13:00:00,110380.0,110640.0,110110.0,110420.0,626115,2395534
2021-10-04 14:00:00,110425.0,110475.0,110185.0,110400.0,252877,901205
2021-10-05 06:00:00,111070.0,111265.0,110655.0,110910.0,845352,2552726
2021-10-05 07:00:00,110915.0,111060.0,110060.0,110555.0,1288130,4283863
2021-10-05 08:00:00,110555.0,111020.0,110460.0,110800.0,901661,3325608
2021-10-05 09:00:00,110800.0,111645.0,110745.0,111570.0,706637,2834559
2021-10-05 10:00:00,111570.0,111815.0,111485.0,111550.0,456252,1752680
2021-10-05 11:00:00,111545.0,111630.0,111040.0,111095.0,518728,1978518
2021-10-05 12:00:00,111090.0,111260.0,110635.0,110935.0,564849,2208479
2021-10-05 13:00:00,110930.0,111170.0,110200.0,110305.0,535186,2113058
2021-10-05 14:00:00,110305.0,110570.0,110155.0,110300.0,243824,837378
2021-10-06 06:00:00,109290.0,109320.0,108210.0,108805.0,906286,2836548
2021-10-06 07:00:00,108805.0,109695.0,108715.0,108805.0,1355911,4645812
2021-10-06 08:00:00,108810.0,109265.0,108120.0,109230.0,1143491,4303921
2021-10-06 09:00:00,109225.0,109425.0,108660.0,109270.0,691933,2477951
2021-10-06 10:00:00,109275.0,109380.0,108515.0,109020.0,619951,2369838
2021-10-06 11:00:00,109025.0,109750.0,108725.0,109735.0,688983,2738284
2021-10-06 12:00:00,109735.0,110485.0,109585.0,110255.0,677553,2791092
2021-10-06 13:00:00,110255.0,110665.0,110215.0,110535.0,390482,1607168
2021-10-06 14:00:00,110540.0,110790.0,110445.0,110695.0,187587,719553
2021-10-07 06:00:00,111765.0,111765.0,110880.0,110935.0,721747,2281833
2021-10-07 07:00:00,110930.0,111135.0,110530.0,110895.0,1133180,3855612
2021-10-07 08:00:00,110895.0,111280.0,110575.0,111010.0,909322,3241573
2021-10-07 09:00:00,111005.0,111265.0,110635.0,111230.0,664336,2483911
2021-10-07 10:00:00,111230.0,111485.0,110955.0,111140.0,563371,2086649
2021-10-07 11:00:00,111140.0,111290.0,110735.0,110965.0,575781,2202485
2021-10-07 12:00:00,110970.0,111480.0,110850.0,110955.0,594904,2245414
2021-10-07 13:00:00,110955.0,111235.0,110680.0,110745.0,440284,1676579
2021-10-07 14:00:00,110745.0,110980.0,110475.0,110980.0,244330,891584
2021-10-08 06:00:00,111345.0,112140.0,111245.0,111820.0,844985,2596082
2021-10-08 07:00:00,111820.0,112855.0,111815.0,112730.0,1007735,3514536
2021-10-08 08:00:00,112725.0,113490.0,112720.0,113320.0,760511,3115957
2021-10-08 09:00:00,113320.0,114485.0,113265.0,113935.0,739459,2948983
2021-10-08 10:00:00,113935.0,114000.0,113570.0,113710.0,447969,1834383
2021-10-08 11:00:00,113705.0,113855.0,113395.0,113620.0,465208,1947453
2021-10-08 12:00:00,113615.0,113755.0,113220.0,113245.0,433022,1865296
2021-10-08 13:00:00,113245.0,113360.0,112900.0,113070.0,407102,1790568
2021-10-08 14:00:00,113075.0,113085.0,112800.0,113000.0,186463,741189
2021-10-11 06:00:00,113200.0,113615.0,113030.0,113150.0,639941,2005972
2021-10-11 07:00:00,113150.0,113960.0,112670.0,113555.0,1118058,3872421
2021-10-11 08:00:00,113555.0,113595.0,113100.0,113200.0,882707,3167197
2021-10-11 09:00:00,113195.0,113805.0,113120.0,113620.0,623587,2145725
2021-10-11 10:00:00,113620.0,113650.0,113075.0,113260.0,518709,1904487
2021-10-11 11:00:00,113255.0,113280.0,112405.0,112480.0,508620,1835968
2021-10-11 12:00:00,112475.0,112765.0,112310.0,112485.0,504330,2029402
2021-10-11 13:00:00,112485.0,112500.0,112060.0,112110.0,323156,1367986
2021-10-11 14:00:00,112105.0,112290.0,112000.0,112100.0,155395,623388
2021-10-13 06:00:00,113370.0,113735.0,113170.0,113395.0,601822,1808388
2021-10-13 07:00:00,113390.0,114290.0,113145.0,113710.0,960963,3477375
2021-10-13 08:00:00,113710.0,114145.0,113350.0,114040.0,763178,2844135
2021-10-13 09:00:00,114040.0,115090.0,114010.0,114960.0,545485,2179451
2021-10-13 10:00:00,114960.0,115295.0,114720.0,115225.0,467791,2003655
2021-10-13 11:00:00,115225.0,115260.0,114735.0,114905.0,499485,2227335
2021-10-13 12:00:00,114900.0,115440.0,114670.0,114860.0,577794,2460848
2021-10-13 13:00:00,114860.0,114950.0,114500.0,114620.0,327312,1520204
2021-10-13 14:00:00,114620.0,114640.0,114335.0,114345.0,159153,669025
2021-10-14 06:00:00,115295.0,115530.0,114790.0,114925.0,596858,1931938
2021-10-14 07:00:00,114930.0,114950.0,114250.0,114515.0,984036,3537165
2021-10-14 08:00:00,114515.0,114855.0,114260.0,114785.0,709462,2633477
2021-10-14 09:00:00,114785.0,114850.0,113955.0,114125.0,660263,2432952
2021-10-14 10:00:00,114125.0,114265.0,113905.0,114225.0,396452,1533993
2021-10-14 11:00:00,114220.0,114400.0,114130.0,114280.0,351976,1360119
2021-10-14 12:00:00,114280.0,114365.0,114035.0,114090.0,375942,1454573
2021-10-14 13:00:00,114090.0,114575.0,113750.0,114370.0,475671,1941360
2021-10-14 14:00:00,114370.0,114685.0,114235.0,114655.0,175584,643797
2021-10-15 06:00:00,114870.0,114880.0,114480.0,114600.0,479380,1564299
2021-10-15 07:00:00,114595.0,115250.0,114110.0,115240.0,961615,3726667
2021-10-15 08:00:00,115235.0,115680.0,115080.0,115430.0,707535,3039024
2021-10-15 09:00:00,115435.0,115780.0,115390.0,115630.0,391243,1575090
2021-10-15 10:00:00,115625.0,115730.0,115450.0,115700.0,300779,1299270
2021-10-15 11:00:00,115695.0,115770.0,115470.0,115620.0,316285,1363614
2021-10-15 12:00:00,115620.0,115940.0,115450.0,115775.0,387762,1674956
2021-10-15 13:00:00,115775.0,115840.0,115580.0,115685.0,330628,1460637
2021-10-15 14:00:00,115680.0,115690.0,115455.0,115560.0,164266,661656
2021-10-18 06:00:00,115060.0,115190.0,114225.0,114390.0,635270,2052243
2021-10-18 07:00:00,114390.0,114480.0,113750.0,114130.0,942805,3384571
2021-10-18 08:00:00,114125.0,114670.0,114020.0,114275.0,856554,3200460
2021-10-18 09:00:00,114270.0,115415.0,114170.0,115390.0,661827,2557242
2021-10-18 10:00:00,115390.0,115885.0,115330.0,115755.0,468608,1980677
2021-10-18 11:00:00,115755.0,116060.0,115715.0,115785.0,380084,1538746
2021-10-18 12:00:00,115785.0,115930.0,115570.0,115900.0,373783,1507713
2021-10-18 13:00:00,115905.0,115940.0,115430.0,115545.0,387344,1634076
2021-10-18 14:00:00,115540.0,115550.0,115190.0,115290.0,230730,910382
2021-10-19 06:00:00,114890.0,114900.0,113655.0,113815.0,827679,2569774
2021-10-19 07:00:00,113815.0,114210.0,112955.0,113320.0,1119400,3899652
2021-10-19 08:00:00,113320.0,113555.0,112820.0,113085.0,756364,2776871
2021-10-19 09:00:00,113085.0,113115.0,112335.0,112830.0,671644,2692695
2021-10-19 10:00:00,112830.0,112835.0,112365.0,112730.0,511194,1953463
2021-10-19 11:00:00,112730.0,113180.0,112620.0,112650.0,537950,2108994
2021-10-19 12:00:00,112650.0,112750.0,111320.0,111375.0,823405,3157057
2021-10-19 13:00:00,111375.0,112895.0,110880.0,111520.0,849879,3052449
2021-10-19 14:00:00,111520.0,112655.0,111425.0,112150.0,356693,1046256
2021-10-20 06:00:00,112390.0,112725.0,111520.0,112585.0,918880,2923120
2021-10-20 07:00:00,112580.0,112775.0,111460.0,111715.0,1318863,4491143
2021-10-20 08:00:00,111715.0,112595.0,111575.0,112160.0,1021056,3651533
2021-10-20 09:00:00,112165.0,112750.0,111955.0,112085.0,659802,2279915
2021-10-20 10:00:00,112085.0,112405.0,112015.0,112270.0,478172,1718689
2021-10-20 11:00:00,112270.0,112445.0,111115.0,112150.0,734250,2767825
2021-10-20 12:00:00,112155.0,113135.0,111905.0,112365.0,671069,2603089
2021-10-20 13:00:00,112365.0,112480.0,111755.0,111760.0,445707,1703744
2021-10-20 14:00:00,111760.0,111825.0,109835.0,110070.0,417870,1528523
2021-10-21 06:00:00,108580.0,109800.0,108500.0,109100.0,809524,2395662
2021-10-21 07:00:00,109095.0,110460.0,109015.0,109910.0,1175161,3926960
2021-10-21 08:00:00,109910.0,110280.0,109580.0,109755.0,999113,3464044
2021-10-21 09:00:00,109755.0,109765.0,108965.0,109095.0,753897,2677007
2021-10-21 10:00:00,109095.0,109555.0,108650.0,109295.0,739928,2680808
2021-10-21 11:00:00,109295.0,109345.0,106730.0,107005.0,972259,3690742
2021-10-21 12:00:00,107005.0,108735.0,106595.0,108045.0,894720,3211731
2021-10-21 13:00:00,108045.0,108880.0,107965.0,108375.0,620012,2239629
2021-10-21 14:00:00,108380.0,108940.0,108220.0,108660.0,371447,1186699
2021-10-22 06:00:00,107850.0,108375.0,107185.0,107380.0,971068,2800093
2021-10-22 07:00:00,107385.0,107880.0,106105.0,106535.0,1250119,4408721
2021-10-22 08:00:00,106540.0,106605.0,103985.0,104310.0,1258749,4872050
2021-10-22 09:00:00,104305.0,105645.0,103660.0,105165.0,1042967,3431896
2021-10-22 10:00:00,105165.0,106620.0,104410.0,105455.0,887592,2795538
2021-10-22 11:00:00,105450.0,107365.0,105235.0,106765.0,966328,2814858
2021-10-22 12:00:00,106770.0,108865.0,106015.0,107805.0,968002,2819497
2021-10-22 13:00:00,107800.0,108400.0,106750.0,107075.0,617419,1836229
2021-10-22 14:00:00,107080.0,107640.0,106760.0,107000.0,272144,665718
2021-10-25 06:00:00,107905.0,108300.0,107255.0,108000.0,908560,2669198
2021-10-25 07:00:00,108000.0,109130.0,107790.0,109110.0,1287002,3939236
2021-10-25 08:00:00,109105.0,109595.0,109000.0,109320.0,810455,2644158
2021-10-25 09:00:00,109320.0,109550.0,108685.0,108935.0,668676,2272757
2021-10-25 10:00:00,108930.0,109475.0,108725.0,109285.0,605675,2118636
2021-10-25 11:00:00,109290.0,109490.0,108950.0,109215.0,631480,2320664
2021-10-25 12:00:00,109215.0,110310.0,109050.0,110175.0,720859,2632327
2021-10-25 13:00:00,110175.0,110340.0,109720.0,109840.0,523455,1858007
2021-10-25 14:00:00,109840.0,109860.0,109405.0,109590.0,276797,924373
2021-10-26 06:00:00,109295.0,109305.0,108070.0,108270.0,906134,2739037
2021-10-26 07:00:00,108275.0,108635.0,107625.0,107810.0,1181058,3882575
2021-10-26 08:00:00,107810.0,108580.0,107560.0,107695.0,1045612,3673444
2021-10-26 09:00:00,107690.0,108160.0,107430.0,107445.0,775287,2723270
2021-10-26 10:00:00,107445.0,107745.0,107160.0,107630.0,637276,2265224
2021-10-26 11:00:00,107620.0,108065.0,107475.0,107580.0,697458,2539874
2021-10-26 12:00:00,107580.0,108165.0,107570.0,107840.0,614509,2260875
2021-10-26 13:00:00,107835.0,108010.0,107055.0,107155.0,509982,1920559
2021-10-26 14:00:00,107155.0,107500.0,107035.0,107500.0,264629,903357
2021-10-27 06:00:00,107400.0,107950.0,107210.0,107935.0,813819,2409376
2021-10-27 07:00:00,107935.0,108785.0,107725.0,108650.0,939885,3173723
2021-10-27 08:00:00,108645.0,109150.0,108585.0,108685.0,849538,3014236
2021-10-27 09:00:00,108685.0,109175.0,108295.0,108355.0,690958,2462998
2021-10-27 10:00:00,108360.0,108860.0,108345.0,108385.0,545653,1882208
2021-10-27 11:00:00,108390.0,108685.0,108110.0,108600.0,566033,1991630
2021-10-27 12:00:00,108600.0,108740.0,107930.0,107980.0,537370,1963305
2021-10-27 13:00:00,107980.0,108095.0,106885.0,107315.0,691288,2632964
2021-10-27 14:00:00,107315.0,108130.0,107265.0,107945.0,221630,731690
2021-10-28 06:00:00,107475.0,107550.0,106430.0,106785.0,920775,2720578
2021-10-28 07:00:00,106780.0,107925.0,106510.0,107705.0,1130644,3737906
2021-10-28 08:00:00,107705.0,107850.0,106660.0,106810.0,898045,3061437
2021-10-28 09:00:00,106815.0,106925.0,106055.0,106665.0,827044,2747506
2021-10-28 10:00:00,106665.0,107225.0,106525.0,106605.0,714267,2322853
2021-10-28 11:00:00,106610.0,108190.0,106435.0,107510.0,781829,2624100
2021-10-28 12:00:00,107510.0,107695.0,106425.0,106570.0,632022,2110551
2021-10-28 13:00:00,106570.0,106985.0,106165.0,106700.0,532064,1803747
2021-10-28 14:00:00,106705.0,106810.0,104825.0,105470.0,442165,1375942
2021-10-29 06:00:00,105855.0,107040.0,105780.0,106895.0,974380,2762394
2021-10-29 07:00:00,106895.0,107100.0,105005.0,105040.0,1337943,4148090
2021-10-29 08:00:00,105035.0,106390.0,104985.0,106340.0,1000018,3193858
2021-10-29 09:00:00,106335.0,106475.0,105570.0,105730.0,828838,2588034
2021-10-29 10:00:00,105730.0,105920.0,105300.0,105765.0,583479,1744327
2021-10-29 11:00:00,105765.0,106245.0,105625.0,105735.0,641780,2004991
2021-10-29 12:00:00,105730.0,105910.0,104465.0,105285.0,875235,2945488
2021-10-29 13:00:00,105285.0,105500.0,104205.0,104305.0,571757,1921909
2021-10-29 14:00:00,104305.0,104850.0,104110.0,104750.0,314131,956474
2021-11-01 06:00:00,105330.0,105865.0,105070.0,105815.0,648710,1889353
2021-11-01 07:00:00,105820.0,105920.0,105170.0,105560.0,1134830,3495234
2021-11-01 08:00:00,105565.0,106280.0,105470.0,105695.0,948256,3187907
2021-11-01 09:00:00,105695.0,106265.0,105450.0,106260.0,746826,2450885
2021-11-01 10:00:00,106260.0,106785.0,106135.0,106755.0,615359,2144356
2021-11-01 11:00:00,106755.0,106930.0,106465.0,106665.0,593624,2106504
2021-11-01 12:00:00,106665.0,106775.0,106235.0,106445.0,592140,2087283
2021-11-01 13:00:00,106445.0,106850.0,106420.0,106515.0,436099,1551723
2021-11-01 14:00:00,106515.0,106545.0,106000.0,106000.0,326025,1044629
2021-11-03 06:00:00,105365.0,105680.0,105010.0,105375.0,776305,2268869
2021-11-03 07:00:00,105375.0,105915.0,104830.0,105325.0,1195328,3734520
2021-11-03 08:00:00,105325.0,106590.0,105245.0,106185.0,1070168,3541930
2021-11-03 09:00:00,106180.0,107635.0,105875.0,107575.0,1007698,3396858
2021-11-03 10:00:00,107575.0,107590.0,106320.0,106320.0,670217,2212204
2021-11-03 11:00:00,106320.0,106650.0,105600.0,105840.0,656577,2136197
2021-11-03 12:00:00,105840.0,107545.0,105560.0,107030.0,1061815,3170821
2021-11-03 13:00:00,107030.0,107295.0,106605.0,106605.0,575641,1965492
2021-11-03 14:00:00,106610.0,107440.0,106460.0,107330.0,350260,1019525
2021-11-04 06:00:00,107500.0,107525.0,106215.0,106570.0,719276,2189591
2021-11-04 07:00:00,106565.0,106570.0,105360.0,105660.0,1167086,3828580
2021-11-04 08:00:00,105660.0,105970.0,105210.0,105270.0,997801,3385773
2021-11-04 09:00:00,105265.0,105395.0,104860.0,105305.0,701043,2366065
2021-11-04 10:00:00,105305.0,105375.0,104275.0,104395.0,723604,2442711
2021-11-04 11:00:00,104395.0,104730.0,103840.0,103995.0,696999,2286281
2021-11-04 12:00:00,103990.0,104445.0,103520.0,104065.0,772665,2549795
2021-11-04 13:00:00,104065.0,104570.0,103870.0,104130.0,591453,1942455
2021-11-04 14:00:00,104130.0,104445.0,103965.0,104030.0,298149,908811
2021-11-05 06:00:00,104600.0,105325.0,104000.0,105195.0,823381,2148249
2021-11-05 07:00:00,105195.0,106335.0,105065.0,106220.0,1026306,3291247
2021-11-05 08:00:00,106220.0,106385.0,105135.0,105560.0,855456,2920531
2021-11-05 09:00:00,105555.0,105855.0,105330.0,105545.0,607911,1993773
2021-11-05 10:00:00,105540.0,106080.0,105525.0,105875.0,566736,1850316
2021-11-05 11:00:00,105870.0,106125.0,105070.0,105625.0,706722,2383391
2021-11-05 12:00:00,105625.0,105935.0,105475.0,105485.0,484229,1593268
2021-11-05 13:00:00,105485.0,105820.0,105310.0,105650.0,450954,1545434
2021-11-05 14:00:00,105655.0,105685.0,105150.0,105260.0,264096,773621
2021-11-08 06:00:00,104850.0,104965.0,104340.0,104510.0,830034,2254269
2021-11-08 07:00:00,104510.0,105545.0,104465.0,105465.0,1019086,3097200
2021-11-08 08:00:00,105465.0,106475.0,105435.0,106225.0,945797,3029730
2021-11-08 09:00:00,106230.0,106260.0,105575.0,105605.0,685327,2287955
2021-11-08 10:00:00,105610.0,105995.0,105325.0,105875.0,601115,2035451
2021-11-08 11:00:00,105880.0,106185.0,105655.0,105810.0,667251,2268307
2021-11-08 12:00:00,105810.0,105935.0,105165.0,105320.0,536297,1793323
2021-11-08 13:00:00,105320.0,105730.0,105265.0,105640.0,479710,1651304
2021-11-08 14:00:00,105640.0,105780.0,105370.0,105475.0,375484,1280363
2021-11-08 15:00:00,105470.0,105595.0,105340.0,105595.0,63053,201202
2021-11-09 06:00:00,105840.0,106140.0,105455.0,105795.0,755558,2061458
2021-11-09 07:00:00,105795.0,107145.0,105480.0,107095.0,1067843,3371471
2021-11-09 08:00:00,107090.0,107410.0,106530.0,106620.0,968563,3104483
2021-11-09 09:00:00,106620.0,107035.0,106480.0,106635.0,760532,2416290
2021-11-09 10:00:00,106635.0,106885.0,106255.0,106720.0,672958,2134500
2021-11-09 11:00:00,106720.0,107170.0,106380.0,106915.0,672821,2093284
2021-11-09 12:00:00,106915.0,107170.0,106530.0,106610.0,553721,1730149
2021-11-09 13:00:00,106615.0,106700.0,105735.0,106265.0,638510,2187553
2021-11-09 14:00:00,106265.0,106595.0,105870.0,106200.0,485393,1541837
2021-11-09 15:00:00,106205.0,106275.0,105980.0,106030.0,55623,164198
2021-11-10 06:00:00,105740.0,106145.0,105260.0,106070.0,808653,2246718
2021-11-10 07:00:00,106065.0,106635.0,105645.0,106540.0,1248092,3751703
2021-11-10 08:00:00,106540.0,107575.0,106510.0,107520.0,906855,3063136
2021-11-10 09:00:00,107520.0,107730.0,107225.0,107460.0,652957,2169420
2021-11-10 10:00:00,107465.0,108070.0,107220.0,107895.0,618281,2005701
2021-11-10 11:00:00,107900.0,107970.0,107530.0,107670.0,436887,1442981
2021-11-10 12:00:00,107675.0,107705.0,106785.0,106895.0,808938,2738598
2021-11-10 13:00:00,106895.0,107140.0,106180.0,106320.0,633492,2135632
2021-11-10 14:00:00,106325.0,106945.0,106300.0,106615.0,465670,1431338
2021-11-10 15:00:00,106615.0,106955.0,106480.0,106940.0,77960,214512
2021-11-11 06:00:00,107550.0,108390.0,107460.0,108360.0,726799,2043961
2021-11-11 07:00:00,108355.0,108830.0,108040.0,108775.0,937282,2828176
2021-11-11 08:00:00,108775.0,109070.0,108475.0,108775.0,836598,2726027
2021-11-11 09:00:00,108775.0,109285.0,108735.0,109210.0,655784,2175011
2021-11-11 10:00:00,109215.0,109325.0,108720.0,108985.0,557152,1824571
2021-11-11 11:00:00,108990.0,109245.0,108660.0,108690.0,572599,1863985
2021-11-11 12:00:00,108695.0,108805.0,108335.0,108745.0,657019,2176723
2021-11-11 13:00:00,108740.0,108740.0,108135.0,108160.0,502834,1667165
2021-11-11 14:00:00,108160.0,108440.0,108085.0,108285.0,335530,1085637
2021-11-11 15:00:00,108285.0,108800.0,108190.0,108800.0,65904,212536
2021-11-12 06:00:00,108500.0,108675.0,107655.0,107675.0,828552,2333843
2021-11-12 07:00:00,107675.0,108600.0,107650.0,108025.0,1294718,3815163
2021-11-12 08:00:00,108020.0,108185.0,106555.0,106895.0,993500,3231286
2021-11-12 09:00:00,106895.0,107030.0,106420.0,106830.0,619488,2048081
2021-11-12 10:00:00,106830.0,107180.0,106540.0,107110.0,558717,1851335
2021-11-12 11:00:00,107110.0,107270.0,106300.0,106720.0,643430,2087187
2021-11-12 12:00:00,106720.0,107180.0,106675.0,107075.0,438869,1418817
2021-11-12 13:00:00,107080.0,107265.0,106700.0,106850.0,416824,1385247
2021-11-12 14:00:00,106850.0,107100.0,106770.0,106945.0,285375,950165
2021-11-12 15:00:00,106945.0,106975.0,106740.0,106940.0,93858,250868
2021-11-16 06:00:00,107210.0,107630.0,106915.0,107570.0,797924,2184556
2021-11-16 07:00:00,107565.0,107630.0,106335.0,106490.0,1162014,3582857
2021-11-16 08:00:00,106485.0,106540.0,105150.0,105200.0,918032,3145336
2021-11-16 09:00:00,105195.0,105260.0,104610.0,104710.0,639941,2290763
2021-11-16 10:00:00,104715.0,105245.0,104635.0,105115.0,487501,1736422
2021-11-16 11:00:00,105120.0,105685.0,104950.0,105650.0,523105,1881683
2021-11-16 12:00:00,105650.0,105795.0,105285.0,105310.0,496772,1806757
2021-11-16 13:00:00,105310.0,105515.0,105015.0,105025.0,449148,1675791
2021-11-16 14:00:00,105030.0,105290.0,104820.0,104860.0,422720,1481704
2021-11-16 15:00:00,104865.0,105055.0,104815.0,105000.0,88949,274999
2021-11-17 06:00:00,104800.0,105980.0,104765.0,105900.0,792101,2282537
2021-11-17 07:00:00,105900.0,106165.0,104765.0,105080.0,1227660,3807385
2021-11-17 08:00:00,105080.0,105365.0,104240.0,104285.0,1133084,3557292
2021-11-17 09:00:00,104290.0,104785.0,103985.0,104670.0,753884,2388759
2021-11-17 10:00:00,104665.0,104825.0,103900.0,104265.0,588255,1895253
2021-11-17 11:00:00,104260.0,104475.0,103530.0,103550.0,677684,2298643
2021-11-17 12:00:00,103550.0,103590.0,102915.0,103235.0,693460,2303024
2021-11-17 13:00:00,103235.0,103940.0,103190.0,103650.0,513905,1700843
2021-11-17 14:00:00,103655.0,103790.0,103270.0,103650.0,410060,1289515
2021-11-17 15:00:00,103650.0,103700.0,103370.0,103700.0,94415,275399
2021-11-18 06:00:00,103800.0,104225.0,103410.0,104075.0,946087,2637994
2021-11-18 07:00:00,104075.0,104315.0,103110.0,103715.0,1213971,3749780
2021-11-18 08:00:00,103715.0,104170.0,103250.0,103260.0,1048280,3291741
2021-11-18 09:00:00,103260.0,103315.0,102515.0,102845.0,775479,2583571
2021-11-18 10:00:00,102845.0,103180.0,102610.0,102790.0,572220,1910824
2021-11-18 11:00:00,102795.0,103260.0,102685.0,102755.0,573311,1960154
2021-11-18 12:00:00,102755.0,103270.0,102560.0,102830.0,524200,1778928
2021-11-18 13:00:00,102835.0,103070.0,102650.0,103055.0,413611,1436899
2021-11-18 14:00:00,103060.0,103175.0,102785.0,102915.0,374251,1331731
2021-11-18 15:00:00,102915.0,103450.0,102840.0,103450.0,73364,241350
2021-11-19 06:00:00,103025.0,103495.0,102650.0,103175.0,837486,2395125
2021-11-19 07:00:00,103180.0,103950.0,102700.0,103690.0,1160368,3627288
2021-11-19 08:00:00,103695.0,104495.0,103465.0,104300.0,887813,2850380
2021-11-19 09:00:00,104295.0,104430.0,103850.0,103965.0,684256,2148847
2021-11-19 10:00:00,103965.0,104425.0,103710.0,104130.0,535246,1761167
2021-11-19 11:00:00,104130.0,104345.0,103870.0,104130.0,523998,1803926
2021-11-19 12:00:00,104130.0,104215.0,103430.0,103430.0,495733,1650413
2021-11-19 13:00:00,103430.0,103845.0,103420.0,103770.0,373949,1196944
2021-11-19 14:00:00,103765.0,103810.0,103485.0,103550.0,242970,786495
2021-11-19 15:00:00,103550.0,103670.0,103505.0,103600.0,49602,146525
2021-11-22 06:00:00,104310.0,104325.0,103670.0,103865.0,712078,1937206
2021-11-22 07:00:00,103870.0,104760.0,103455.0,104750.0,1091428,3382206
2021-11-22 08:00:00,104750.0,104935.0,104250.0,104345.0,828968,2812959
2021-11-22 09:00:00,104340.0,105115.0,104175.0,104995.0,615382,2104039
2021-11-22 10:00:00,105000.0,105125.0,104280.0,104395.0,501747,1667407
2021-11-22 11:00:00,104390.0,104560.0,103850.0,103860.0,553635,1878388
2021-11-22 12:00:00,103860.0,103960.0,102560.0,102745.0,689557,2624050
2021-11-22 13:00:00,102740.0,103230.0,102600.0,103105.0,454579,1674514
2021-11-22 14:00:00,103105.0,103280.0,102520.0,102620.0,388413,1419074
2021-11-22 15:00:00,102620.0,102730.0,102400.0,102400.0,80016,249982
2021-11-23 06:00:00,102700.0,103490.0,102580.0,103435.0,751185,2176051
2021-11-23 07:00:00,103435.0,103645.0,102800.0,103390.0,1220011,3871847
2021-11-23 08:00:00,103395.0,104115.0,103180.0,103905.0,961488,3154321
2021-11-23 09:00:00,103910.0,103960.0,102275.0,102310.0,938438,3085087
2021-11-23 10:00:00,102310.0,102975.0,102140.0,102865.0,711645,2327823
2021-11-23 11:00:00,102870.0,103320.0,102635.0,102750.0,673081,2299416
2021-11-23 12:00:00,102750.0,104205.0,102720.0,103895.0,760328,2586242
2021-11-23 13:00:00,103890.0,103950.0,103415.0,103605.0,575310,2019039
2021-11-23 14:00:00,103605.0,104360.0,103215.0,103770.0,542208,1818024
2021-11-23 15:00:00,103775.0,104560.0,103760.0,104500.0,148137,407848
2021-11-24 06:00:00,104000.0,104240.0,103325.0,103355.0,827129,2368681
2021-11-24 07:00:00,103355.0,103910.0,102805.0,103000.0,1168613,3709885
2021-11-24 08:00:00,103005.0,104280.0,102935.0,104255.0,1122364,3621260
2021-11-24 09:00:00,104255.0,105145.0,104145.0,105030.0,764536,2559769
2021-11-24 10:00:00,105030.0,105540.0,104875.0,104955.0,493670,1728982
2021-11-24 11:00:00,104950.0,105165.0,104695.0,105055.0,545269,1918863
2021-11-24 12:00:00,105055.0,105095.0,104515.0,104600.0,476431,1659926
2021-11-24 13:00:00,104600.0,105005.0,104305.0,104910.0,545204,1974368
2021-11-24 14:00:00,104905.0,105215.0,104785.0,104965.0,331423,1119254
2021-11-24 15:00:00,104960.0,105060.0,104815.0,104900.0,67094,197411
2021-11-25 06:00:00,104750.0,105620.0,104575.0,105150.0,800924,2384699
2021-11-25 07:00:00,105150.0,105845.0,105080.0,105785.0,1012595,3373842
2021-11-25 08:00:00,105790.0,106360.0,105560.0,106285.0,718747,2479942
2021-11-25 09:00:00,106285.0,106875.0,106175.0,106600.0,554043,2004818
2021-11-25 10:00:00,106605.0,106815.0,106415.0,106495.0,439646,1498923
2021-11-25 11:00:00,106495.0,106735.0,106370.0,106485.0,388636,1342231
2021-11-25 12:00:00,106485.0,106605.0,106185.0,106200.0,446096,1368299
2021-11-25 13:00:00,106205.0,106340.0,106045.0,106260.0,376945,1160817
2021-11-25 14:00:00,106255.0,106385.0,106120.0,106225.0,241162,721681
2021-11-25 15:00:00,106230.0,106500.0,106165.0,106435.0,54283,193503
2021-11-26 06:00:00,103100.0,104000.0,103100.0,103570.0,727613,2031334
2021-11-26 07:00:00,103575.0,103595.0,102700.0,103350.0,1158934,3671114
2021-11-26 08:00:00,103350.0,103410.0,102180.0,102395.0,1030824,3312542
2021-11-26 09:00:00,102395.0,102450.0,101770.0,102135.0,732207,2395508
2021-11-26 10:00:00,102135.0,102275.0,101925.0,102080.0,521617,1738748
2021-11-26 11:00:00,102085.0,102960.0,102070.0,102665.0,684977,2387290
2021-11-26 12:00:00,102670.0,102865.0,102445.0,102515.0,411342,1267533
2021-11-26 13:00:00,102510.0,102570.0,102235.0,102395.0,346925,1086560
2021-11-26 14:00:00,102395.0,102800.0,102310.0,102540.0,246180,738524
2021-11-26 15:00:00,102540.0,102645.0,102360.0,102360.0,68268,187870
2021-11-29 06:00:00,103615.0,104310.0,103530.0,104070.0,710116,2011336
2021-11-29 07:00:00,104070.0,104460.0,103555.0,104250.0,1135570,3703037
2021-11-29 08:00:00,104250.0,104515.0,103185.0,103240.0,1044181,3768833
2021-11-29 09:00:00,103240.0,103445.0,102880.0,103410.0,794798,2692832
2021-11-29 10:00:00,103410.0,103530.0,103100.0,103120.0,564607,1995124
2021-11-29 11:00:00,103120.0,104025.0,103025.0,103880.0,597321,2251465
2021-11-29 12:00:00,103885.0,104150.0,103565.0,104130.0,475746,1903421
2021-11-29 13:00:00,104130.0,104155.0,103570.0,103715.0,470042,1843336
2021-11-29 14:00:00,103715.0,103955.0,103055.0,103095.0,425191,1641870
2021-11-29 15:00:00,103090.0,103320.0,103015.0,103320.0,101409,332110
2021-11-30 06:00:00,102350.0,102970.0,102250.0,102550.0,741688,2246505
2021-11-30 07:00:00,102550.0,103285.0,102275.0,103265.0,1193708,4000547
2021-11-30 08:00:00,103260.0,103390.0,102545.0,102555.0,1048127,3508128
2021-11-30 09:00:00,102565.0,103025.0,101045.0,101055.0,1064869,3718448
2021-11-30 10:00:00,101050.0,101565.0,100660.0,100960.0,822716,2936911
2021-11-30 11:00:00,100960.0,100985.0,100390.0,100770.0,647150,2314972
2021-11-30 12:00:00,100770.0,101080.0,100455.0,101040.0,519545,1972380
2021-11-30 13:00:00,101040.0,101470.0,100855.0,101455.0,530999,2117942
2021-11-30 14:00:00,101455.0,102380.0,101385.0,102100.0,569330,2184654
2021-11-30 15:00:00,102100.0,102580.0,102085.0,102560.0,112975,347258
2021-12-01 06:00:00,103215.0,103735.0,103150.0,103650.0,639030,1933874
2021-12-01 07:00:00,103650.0,104110.0,103310.0,103895.0,1090098,3598575
2021-12-01 08:00:00,103895.0,104190.0,103505.0,104120.0,937961,3148288
2021-12-01 09:00:00,104120.0,104435.0,103800.0,104045.0,738788,2574966
2021-12-01 10:00:00,104050.0,104095.0,102780.0,102975.0,710901,2593324
2021-12-01 11:00:00,102975.0,103360.0,102425.0,102480.0,745661,2705183
2021-12-01 12:00:00,102480.0,102715.0,101180.0,101395.0,903327,3305711
2021-12-01 13:00:00,101395.0,101890.0,101050.0,101490.0,670589,2490409
2021-12-01 14:00:00,101490.0,101735.0,100890.0,101065.0,602287,2082627
2021-12-01 15:00:00,101065.0,101140.0,100800.0,100800.0,145846,408623
2021-12-02 06:00:00,101580.0,102370.0,101505.0,102290.0,793808,2336331
2021-12-02 07:00:00,102295.0,103170.0,102250.0,103020.0,1005010,3361835
2021-12-02 08:00:00,103025.0,103980.0,102565.0,103950.0,994862,3492118
2021-12-02 09:00:00,103950.0,104175.0,103525.0,103985.0,794834,2848132
2021-12-02 10:00:00,103980.0,104280.0,103770.0,104190.0,666294,2400777
2021-12-02 11:00:00,104190.0,104540.0,103805.0,104130.0,640398,2353640
2021-12-02 12:00:00,104135.0,104220.0,103420.0,103760.0,650807,2395394
2021-12-02 13:00:00,103760.0,104090.0,103570.0,103695.0,498998,1901409
2021-12-02 14:00:00,103700.0,104520.0,103610.0,104495.0,419497,1561672
2021-12-02 15:00:00,104490.0,104755.0,104430.0,104750.0,106997,346264
2021-12-03 06:00:00,104385.0,104645.0,103955.0,104495.0,822476,2460529
2021-12-03 07:00:00,104495.0,106820.0,104405.0,106620.0,1230269,3907638
2021-12-03 08:00:00,106620.0,107130.0,106115.0,106255.0,983842,3264679
2021-12-03 09:00:00,106255.0,106395.0,105175.0,105575.0,931273,3191839
2021-12-03 10:00:00,105575.0,106030.0,105020.0,105070.0,827909,2658683
2021-12-03 11:00:00,105075.0,105845.0,104905.0,105405.0,710213,2327351
2021-12-03 12:00:00,105405.0,105820.0,105300.0,105585.0,600060,1994651
2021-12-03 13:00:00,105580.0,105630.0,104595.0,104675.0,656405,2210350
2021-12-03 14:00:00,104680.0,105340.0,104290.0,105095.0,553560,1925935
2021-12-03 15:00:00,105095.0,105765.0,105060.0,105650.0,135613,374816
2021-12-06 06:00:00,106160.0,106395.0,105790.0,106175.0,863330,2548581
2021-12-06 07:00:00,106175.0,106855.0,105835.0,106840.0,1337364,4175933
2021-12-06 08:00:00,106835.0,107350.0,106080.0,107280.0,1206491,4020769
2021-12-06 09:00:00,107280.0,107685.0,107005.0,107565.0,775156,2636441
2021-12-06 10:00:00,107570.0,107645.0,107235.0,107490.0,522242,1736453
2021-12-06 11:00:00,107485.0,107860.0,107240.0,107715.0,547539,1941420
2021-12-06 12:00:00,107715.0,107730.0,107100.0,107270.0,536530,1896171
2021-12-06 13:00:00,107270.0,107330.0,106930.0,107135.0,493850,1796128
2021-12-06 14:00:00,107135.0,107400.0,107065.0,107230.0,371379,1308565
2021-12-06 15:00:00,107230.0,107390.0,107085.0,107220.0,98484,314053
2021-12-07 06:00:00,108535.0,108985.0,108300.0,108845.0,716436,2001774
2021-12-07 07:00:00,108845.0,108905.0,108060.0,108100.0,1067183,3324123
2021-12-07 08:00:00,108105.0,108300.0,107755.0,108015.0,878243,2898647
2021-12-07 09:00:00,108015.0,108635.0,107885.0,108565.0,735303,2504912
2021-12-07 10:00:00,108565.0,108580.0,107905.0,108035.0,566072,1907284
2021-12-07 11:00:00,108035.0,108380.0,107835.0,108045.0,642193,2162664
2021-12-07 12:00:00,108045.0,108125.0,107520.0,107835.0,618225,2175223
2021-12-07 13:00:00,107835.0,108000.0,107665.0,107920.0,441934,1542775
2021-12-07 14:00:00,107920.0,108135.0,107305.0,107720.0,486640,1663556
2021-12-07 15:00:00,107720.0,108000.0,107690.0,108000.0,90680,278297
2021-12-08 06:00:00,108470.0,108645.0,107815.0,108190.0,763227,2192929
2021-12-08 07:00:00,108195.0,108275.0,107480.0,108120.0,993660,3242734
2021-12-08 08:00:00,108120.0,108780.0,107600.0,108600.0,884922,3109344
2021-12-08 09:00:00,108600.0,108625.0,107655.0,107795.0,735146,2514885
2021-12-08 10:00:00,107790.0,108220.0,107690.0,108045.0,524773,1783031
2021-12-08 11:00:00,108040.0,108210.0,107815.0,107945.0,449725,1568754
2021-12-08 12:00:00,107945.0,108345.0,107805.0,108245.0,457310,1695226
2021-12-08 13:00:00,108250.0,108290.0,108005.0,108275.0,332622,1208205
2021-12-08 14:00:00,108270.0,108455.0,108135.0,108315.0,280720,1087103
2021-12-08 15:00:00,108315.0,108470.0,108275.0,108400.0,70989,268450
2021-12-09 06:00:00,107450.0,107630.0,107235.0,107500.0,585900,1791332
2021-12-09 07:00:00,107500.0,107680.0,106770.0,106875.0,940612,3178689
2021-12-09 08:00:00,106880.0,107080.0,106305.0,106415.0,822808,2873077
2021-12-09 09:00:00,106420.0,106785.0,106250.0,106785.0,530614,1912783
2021-12-09 10:00:00,106780.0,106875.0,106525.0,106690.0,449894,1672147
2021-12-09 11:00:00,106690.0,106740.0,106285.0,106625.0,476764,1788305
2021-12-09 12:00:00,106620.0,106890.0,106595.0,106690.0,459490,1738950
2021-12-09 13:00:00,106690.0,106800.0,106200.0,106385.0,456720,1756833
2021-12-09 14:00:00,106380.0,106465.0,105955.0,106200.0,388937,1447135
2021-12-09 15:00:00,106200.0,106410.0,106080.0,106410.0,79076,278134
2021-12-10 06:00:00,106850.0,107735.0,106850.0,107705.0,546732,1696763
2021-12-10 07:00:00,107710.0,108455.0,107680.0,108195.0,833125,2930287
2021-12-10 08:00:00,108195.0,108290.0,107540.0,107580.0,802534,2915998
2021-12-10 09:00:00,107580.0,107830.0,107425.0,107650.0,597232,2222981
2021-12-10 10:00:00,107650.0,107960.0,107455.0,107840.0,453442,1662820
2021-12-10 11:00:00,107840.0,107885.0,107415.0,107740.0,395370,1492409
2021-12-10 12:00:00,107740.0,107880.0,107570.0,107700.0,384448,1447309
2021-12-10 13:00:00,107695.0,107860.0,107575.0,107800.0,292181,1166377
2021-12-10 14:00:00,107800.0,107910.0,107750.0,107835.0,187382,784587
2021-12-10 15:00:00,107835.0,108070.0,107810.0,108010.0,73775,258709
2021-12-13 06:00:00,108550.0,108560.0,108070.0,108115.0,394046,1250608
2021-12-13 07:00:00,108115.0,109625.0,107940.0,109575.0,872856,3226498
2021-12-13 08:00:00,109570.0,109605.0,109110.0,109165.0,584752,2105069
2021-12-13 09:00:00,109170.0,109185.0,108085.0,108205.0,610201,2268232
2021-12-13 10:00:00,108205.0,108330.0,107555.0,107750.0,632749,2443148
2021-12-13 11:00:00,107745.0,108085.0,107565.0,107985.0,399459,1524546
2021-12-13 12:00:00,107985.0,108230.0,107805.0,108065.0,446447,1737504
2021-12-13 13:00:00,108065.0,108410.0,107940.0,108355.0,435958,1681308
2021-12-13 14:00:00,108355.0,108425.0,107590.0,107635.0,328416,1262670
2021-12-13 15:00:00,107635.0,107850.0,107320.0,107820.0,125331,478132
2021-12-14 06:00:00,107340.0,108635.0,107335.0,108595.0,665272,2060591
2021-12-14 07:00:00,108595.0,109255.0,107925.0,108320.0,1059466,3821663
2021-12-14 08:00:00,108320.0,108665.0,107610.0,108290.0,1017231,3649122
2021-12-14 09:00:00,108290.0,108395.0,107750.0,107945.0,723592,2579980
2021-12-14 10:00:00,107945.0,108120.0,106915.0,106980.0,682926,2413499
2021-12-14 11:00:00,106980.0,107190.0,106775.0,106825.0,495899,1798987
2021-12-14 12:00:00,106825.0,107245.0,106570.0,106740.0,542014,2043901
2021-12-14 13:00:00,106740.0,106875.0,106440.0,106875.0,432992,1684108
2021-12-14 14:00:00,106875.0,107115.0,106625.0,106780.0,355882,1347072
2021-12-14 15:00:00,106780.0,106800.0,106510.0,106520.0,65757,197790
2021-12-15 06:00:00,108400.0,108780.0,108235.0,108750.0,521209,1575683
2021-12-15 07:00:00,108750.0,108880.0,107675.0,107935.0,1138604,3612568
2021-12-15 08:00:00,107940.0,108490.0,107280.0,107355.0,907584,3039941
2021-12-15 09:00:00,107350.0,107985.0,107175.0,107680.0,543793,1824929
2021-12-15 10:00:00,107675.0,108350.0,107645.0,107910.0,491250,1714521
2021-12-15 11:00:00,107910.0,108485.0,107700.0,108310.0,445993,1662339
2021-12-15 12:00:00,108305.0,108520.0,108065.0,108420.0,449142,1614728
2021-12-15 13:00:00,108425.0,109145.0,107720.0,108055.0,776113,2531097
2021-12-15 14:00:00,108055.0,108990.0,107990.0,108925.0,413853,1471286
2021-12-15 15:00:00,108925.0,109075.0,108725.0,109075.0,60313,211983
2021-12-16 06:00:00,109830.0,110500.0,109725.0,109980.0,754850,2189898
2021-12-16 07:00:00,109980.0,110535.0,109860.0,109940.0,818473,2738050
2021-12-16 08:00:00,109935.0,110265.0,109360.0,109565.0,1030116,3526096
2021-12-16 09:00:00,109560.0,109900.0,109200.0,109660.0,662034,2291210
2021-12-16 10:00:00,109665.0,110205.0,109425.0,109715.0,493720,1734068
2021-12-16 11:00:00,109715.0,109955.0,109445.0,109460.0,405464,1439905
2021-12-16 12:00:00,109465.0,109975.0,109440.0,109875.0,358159,1286025
2021-12-16 13:00:00,109875.0,109965.0,109180.0,109440.0,464179,1703414
2021-12-16 14:00:00,109445.0,110120.0,109140.0,109840.0,429981,1546729
2021-12-16 15:00:00,109840.0,109980.0,109755.0,109965.0,65284,214759
2021-12-17 06:00:00,109470.0,109500.0,108715.0,108865.0,616468,1823828
2021-12-17 07:00:00,108870.0,108945.0,108510.0,108755.0,729162,2414022
2021-12-17 08:00:00,108755.0,108990.0,108080.0,108280.0,900332,3153534
2021-12-17 09:00:00,108285.0,108985.0,107910.0,108870.0,722584,2501035
2021-12-17 10:00:00,108870.0,109150.0,108635.0,108870.0,576418,1985118
2021-12-17 11:00:00,108865.0,109335.0,108560.0,109145.0,577586,2028488
2021-12-17 12:00:00,109140.0,109275.0,108900.0,109250.0,476124,1663470
2021-12-17 13:00:00,109250.0,109265.0,108735.0,108855.0,409315,1465642
2021-12-17 14:00:00,108855.0,108975.0,108410.0,108725.0,405773,1499680
2021-12-17 15:00:00,108725.0,108775.0,108395.0,108495.0,85897,282806
2021-12-20 06:00:00,107200.0,107420.0,106915.0,107260.0,619854,1810042
2021-12-20 07:00:00,107260.0,107360.0,106430.0,106560.0,1027931,3294642
2021-12-20 08:00:00,106565.0,106705.0,106095.0,106490.0,908955,2948417
2021-12-20 09:00:00,106485.0,106820.0,105685.0,105855.0,755668,2455619
2021-12-20 10:00:00,105850.0,106220.0,105740.0,106215.0,492033,1623373
2021-12-20 11:00:00,106215.0,106310.0,105950.0,105965.0,466498,1616776
2021-12-20 12:00:00,105970.0,106460.0,105895.0,106230.0,487905,1774203
2021-12-20 13:00:00,106225.0,106445.0,106115.0,106170.0,420626,1496018
2021-12-20 14:00:00,106165.0,106415.0,106075.0,106275.0,326618,1189828
2021-12-20 15:00:00,106280.0,106605.0,106245.0,106550.0,82565,288414
2021-12-21 06:00:00,107405.0,107580.0,107115.0,107235.0,485184,1487330
2021-12-21 07:00:00,107235.0,107240.0,106670.0,106700.0,797490,2671374
2021-12-21 08:00:00,106695.0,106810.0,106335.0,106485.0,856182,2945475
2021-12-21 09:00:00,106485.0,106925.0,106475.0,106520.0,598723,2019348
2021-12-21 10:00:00,106520.0,106955.0,106470.0,106815.0,440769,1532019
2021-12-21 11:00:00,106815.0,106890.0,106560.0,106750.0,422496,1548702
2021-12-21 12:00:00,106750.0,107135.0,106665.0,106860.0,434160,1713299
2021-12-21 13:00:00,106855.0,106950.0,106695.0,106865.0,329070,1365729
2021-12-21 14:00:00,106860.0,107005.0,106700.0,106710.0,242532,1055038
2021-12-21 15:00:00,106715.0,106855.0,106640.0,106640.0,60697,250852
2021-12-22 06:00:00,106550.0,106890.0,106550.0,106670.0,508660,1559799
2021-12-22 07:00:00,106675.0,107070.0,106085.0,106240.0,887014,2988446
2021-12-22 08:00:00,106235.0,106295.0,105645.0,105755.0,755894,2646361
2021-12-22 09:00:00,105760.0,106200.0,105725.0,106020.0,542701,1930195
2021-12-22 10:00:00,106015.0,106510.0,105955.0,106360.0,408089,1460733
2021-12-22 11:00:00,106365.0,106630.0,106300.0,106590.0,379212,1391792
2021-12-22 12:00:00,106590.0,106625.0,106415.0,106520.0,292177,1149183
2021-12-22 13:00:00,106520.0,106680.0,106355.0,106445.0,323272,1244699
2021-12-22 14:00:00,106445.0,106575.0,106380.0,106550.0,196582,806667
2021-12-22 15:00:00,106555.0,106835.0,106490.0,106835.0,53465,209685
2021-12-23 06:00:00,107080.0,107245.0,106850.0,106875.0,430224,1299285
2021-12-23 07:00:00,106875.0,106950.0,106115.0,106135.0,647615,2297144
2021-12-23 08:00:00,106135.0,106240.0,105945.0,106155.0,604107,2437105
2021-12-23 09:00:00,106155.0,106340.0,105935.0,106185.0,460564,1907451
2021-12-23 10:00:00,106180.0,106230.0,105830.0,106065.0,365543,1512701
2021-12-23 11:00:00,106065.0,106175.0,105940.0,106170.0,270239,1096035
2021-12-23 12:00:00,106170.0,106270.0,106130.0,106170.0,222820,962057
2021-12-23 13:00:00,106170.0,106300.0,106065.0,106075.0,204443,884825
2021-12-23 14:00:00,106070.0,106220.0,106010.0,106090.0,196187,907229
2021-12-23 15:00:00,106090.0,106100.0,105600.0,105600.0,84113,270218
2021-12-27 06:00:00,106100.0,106210.0,105935.0,106125.0,370636,1175073
2021-12-27 07:00:00,106130.0,106865.0,106100.0,106735.0,666469,2293812
2021-12-27 08:00:00,106735.0,106815.0,106045.0,106335.0,623778,2365195
2021-12-27 09:00:00,106335.0,106960.0,106175.0,106900.0,471290,1767360
2021-12-27 10:00:00,106900.0,106930.0,106615.0,106640.0,334220,1264213
2021-12-27 11:00:00,106635.0,106885.0,106615.0,106765.0,274995,1064510
2021-12-27 12:00:00,106765.0,106865.0,106670.0,106795.0,257110,1083929
2021-12-27 13:00:00,106790.0,106935.0,106705.0,106715.0,222416,1010182
2021-12-27 14:00:00,106715.0,106765.0,106600.0,106665.0,223500,947934
2021-12-27 15:00:00,106665.0,106900.0,106560.0,106900.0,59392,243593
2021-12-28 06:00:00,107100.0,107165.0,106825.0,106875.0,469589,1433213
2021-12-28 07:00:00,106875.0,107070.0,106085.0,106100.0,716225,2537119
2021-12-28 08:00:00,106100.0,106115.0,105635.0,106015.0,637456,2429176
2021-12-28 09:00:00,106020.0,106120.0,105625.0,105815.0,463729,1682702
2021-12-28 10:00:00,105815.0,106015.0,105755.0,105895.0,303511,1156092
2021-12-28 11:00:00,105895.0,105945.0,105670.0,105910.0,303798,1188202
2021-12-28 12:00:00,105910.0,106010.0,105765.0,105840.0,264626,1053545
2021-12-28 13:00:00,105840.0,106025.0,105780.0,105905.0,250859,1001368
2021-12-28 14:00:00,105910.0,106130.0,105875.0,105995.0,196376,817610
2021-12-28 15:00:00,105995.0,106075.0,105875.0,105960.0,61670,235125
2021-12-29 06:00:00,106100.0,106270.0,105870.0,106220.0,462435,1394469
2021-12-29 07:00:00,106215.0,106255.0,105440.0,105920.0,860022,2707205
2021-12-29 08:00:00,105920.0,106445.0,105730.0,105735.0,790984,2603141
2021-12-29 09:00:00,105735.0,105750.0,105010.0,105610.0,637062,2149869
2021-12-29 10:00:00,105605.0,105695.0,105325.0,105355.0,329530,1083155
2021-12-29 11:00:00,105355.0,105360.0,104905.0,105080.0,337818,1137267
2021-12-29 12:00:00,105080.0,105300.0,105050.0,105270.0,246331,862334
2021-12-29 13:00:00,105275.0,105440.0,105210.0,105255.0,214425,788526
2021-12-29 14:00:00,105255.0,105375.0,105110.0,105115.0,192482,705094
2021-12-29 15:00:00,105115.0,105265.0,104995.0,104995.0,63962,203492
2021-12-30 06:00:00,105200.0,105820.0,105180.0,105820.0,505983,1443090
2021-12-30 07:00:00,105815.0,106040.0,105485.0,105760.0,908793,2736261
2021-12-30 08:00:00,105760.0,106260.0,105260.0,106040.0,842430,2555246
2021-12-30 09:00:00,106035.0,106170.0,105770.0,105955.0,486031,1473335
2021-12-30 10:00:00,105950.0,106250.0,105735.0,106225.0,339951,1075067
2021-12-30 11:00:00,106225.0,106490.0,106165.0,106320.0,332292,1132712
2021-12-30 12:00:00,106320.0,106410.0,106205.0,106305.0,216460,758703
2021-12-30 13:00:00,106310.0,106325.0,106180.0,106200.0,159411,582058
2021-12-30 14:00:00,106205.0,106245.0,105790.0,105875.0,242840,891049
2021-12-30 15:00:00,105875.0,105965.0,105720.0,105865.0,66899,201521
2022-01-03 06:00:00,106395.0,106650.0,106230.0,106430.0,593273,1731757
2022-01-03 07:00:00,106430.0,107245.0,106225.0,106690.0,973700,3138280
2022-01-03 08:00:00,106690.0,106695.0,104360.0,104780.0,1074136,3806456
2022-01-03 09:00:00,104780.0,105325.0,104685.0,105235.0,527266,1803403
2022-01-03 10:00:00,105230.0,105470.0,104955.0,105360.0,435912,1521065
2022-01-03 11:00:00,105360.0,105440.0,105185.0,105310.0,343763,1210172
2022-01-03 12:00:00,105315.0,105410.0,105160.0,105325.0,263808,954009
2022-01-03 13:00:00,105325.0,105445.0,105220.0,105270.0,273872,1025839
2022-01-03 14:00:00,105270.0,105295.0,104875.0,104965.0,309099,1118881
2022-01-03 15:00:00,104965.0,105015.0,104705.0,104760.0,81181,248990
2022-01-04 06:00:00,105440.0,105785.0,105235.0,105695.0,730333,2243144
2022-01-04 07:00:00,105695.0,105715.0,104390.0,104740.0,1153303,3724874
2022-01-04 08:00:00,104745.0,104885.0,104040.0,104455.0,862329,2866173
2022-01-04 09:00:00,104450.0,105310.0,104380.0,104950.0,620217,2083497
2022-01-04 10:00:00,104955.0,104975.0,104545.0,104880.0,506875,1677334
2022-01-04 11:00:00,104885.0,104965.0,104660.0,104760.0,411173,1444765
2022-01-04 12:00:00,104760.0,104890.0,104295.0,104480.0,427479,1491810
2022-01-04 13:00:00,104485.0,104710.0,104200.0,104365.0,321947,1219062
2022-01-04 14:00:00,104365.0,104535.0,104255.0,104440.0,202595,757300
2022-01-04 15:00:00,104440.0,104475.0,104260.0,104435.0,62818,203211
2022-01-05 06:00:00,104570.0,104695.0,103790.0,104060.0,697526,2169467
2022-01-05 07:00:00,104055.0,104175.0,103360.0,103700.0,1052887,3482851
2022-01-05 08:00:00,103695.0,104285.0,103330.0,104260.0,909539,3186400
2022-01-05 09:00:00,104260.0,104465.0,103725.0,104150.0,668290,2377197
2022-01-05 10:00:00,104155.0,104225.0,103520.0,103715.0,497935,1802157
2022-01-05 11:00:00,103715.0,103840.0,102975.0,102990.0,516098,1909248
2022-01-05 12:00:00,102990.0,103075.0,102735.0,102805.0,374317,1356603
2022-01-05 13:00:00,102810.0,102995.0,102065.0,102215.0,612679,2323102
2022-01-05 14:00:00,102210.0,102240.0,101725.0,101895.0,456211,1726262
2022-01-05 15:00:00,101895.0,101920.0,101580.0,101580.0,87143,346519
2022-01-06 06:00:00,101975.0,102400.0,101645.0,102370.0,775531,2284995
2022-01-06 07:00:00,102375.0,102575.0,101900.0,102395.0,1104226,3535555
2022-01-06 08:00:00,102400.0,102970.0,102160.0,102525.0,971187,3218191
2022-01-06 09:00:00,102530.0,103180.0,102215.0,102935.0,838126,2758895
2022-01-06 10:00:00,102935.0,103130.0,102540.0,102780.0,585144,1946490
2022-01-06 11:00:00,102775.0,103015.0,102655.0,102740.0,491799,1654524
2022-01-06 12:00:00,102735.0,102760.0,102315.0,102605.0,478101,1628529
2022-01-06 13:00:00,102605.0,102700.0,102185.0,102260.0,389564,1375799
2022-01-06 14:00:00,102260.0,102375.0,102115.0,102240.0,312477,1146610
2022-01-06 15:00:00,102240.0,102600.0,102225.0,102600.0,73493,267188
2022-01-07 06:00:00,102385.0,102720.0,102315.0,102595.0,590440,1778609
2022-01-07 07:00:00,102595.0,102675.0,101855.0,102590.0,1197095,3944895
2022-01-07 08:00:00,102585.0,103265.0,102510.0,103220.0,905724,3204759
2022-01-07 09:00:00,103215.0,103230.0,102335.0,102455.0,653952,2402296
2022-01-07 10:00:00,102450.0,103010.0,102255.0,102925.0,537559,1980688
2022-01-07 11:00:00,102925.0,103100.0,102780.0,102995.0,419291,1518506
2022-01-07 12:00:00,102995.0,103385.0,102930.0,103150.0,391972,1513965
2022-01-07 13:00:00,103155.0,103350.0,103070.0,103275.0,294799,1155902
2022-01-07 14:00:00,103270.0,103350.0,103155.0,103265.0,228199,931954
2022-01-07 15:00:00,103265.0,103720.0,103225.0,103410.0,89787,296693
2022-01-10 06:00:00,102900.0,103320.0,102570.0,102585.0,546458,1666941
2022-01-10 07:00:00,102585.0,103100.0,102455.0,102995.0,990532,3448444
2022-01-10 08:00:00,102995.0,103405.0,102225.0,102240.0,1017372,3678055
2022-01-10 09:00:00,102240.0,102245.0,101750.0,102125.0,673602,2540679
2022-01-10 10:00:00,102125.0,102500.0,102075.0,102415.0,530843,1948710
2022-01-10 11:00:00,102415.0,102450.0,102065.0,102210.0,456711,1798691
2022-01-10 12:00:00,102205.0,102535.0,102180.0,102470.0,481303,2032527
2022-01-10 13:00:00,102465.0,102780.0,102415.0,102510.0,449820,1723707
2022-01-10 14:00:00,102510.0,102710.0,102160.0,102680.0,411384,1580026
2022-01-10 15:00:00,102680.0,103315.0,102645.0,103315.0,99800,399597
2022-01-11 06:00:00,103400.0,103620.0,102655.0,102685.0,482818,1506824
2022-01-11 07:00:00,102685.0,103355.0,102565.0,103265.0,1058152,3863617
2022-01-11 08:00:00,103265.0,103450.0,102880.0,103400.0,938824,3477713
2022-01-11 09:00:00,103405.0,103930.0,103400.0,103755.0,727420,2739952
2022-01-11 10:00:00,103755.0,104350.0,103745.0,104240.0,497117,1987566
2022-01-11 11:00:00,104235.0,104290.0,104100.0,104245.0,287983,1155749
2022-01-11 12:00:00,104250.0,104425.0,104060.0,104310.0,375423,1600558
2022-01-11 13:00:00,104310.0,104450.0,104195.0,104375.0,304419,1386934
2022-01-11 14:00:00,104370.0,104650.0,104250.0,104590.0,229248,1094705
2022-01-11 15:00:00,104590.0,104875.0,104545.0,104775.0,78368,341126
2022-01-12 06:00:00,104800.0,104915.0,104375.0,104465.0,643560,2037758
2022-01-12 07:00:00,104470.0,105690.0,104410.0,105635.0,1053266,3727830
2022-01-12 08:00:00,105635.0,106305.0,105565.0,106290.0,822310,2998736
2022-01-12 09:00:00,106290.0,106345.0,105785.0,105940.0,559797,2072970
2022-01-12 10:00:00,105940.0,106210.0,105695.0,106125.0,541986,2093758
2022-01-12 11:00:00,106125.0,106345.0,105915.0,106250.0,411082,1728358
2022-01-12 12:00:00,106250.0,106300.0,106010.0,106160.0,354981,1518396
2022-01-12 13:00:00,106165.0,106525.0,106065.0,106475.0,327487,1605059
2022-01-12 14:00:00,106475.0,106655.0,106400.0,106530.0,270960,1273400
2022-01-12 15:00:00,106530.0,106740.0,106335.0,106740.0,78707,331106
2022-01-13 06:00:00,106300.0,106360.0,105865.0,105895.0,582454,1807058
2022-01-13 07:00:00,105895.0,106275.0,105650.0,106040.0,1060182,3747428
2022-01-13 08:00:00,106040.0,107015.0,105905.0,106900.0,828463,3066551
2022-01-13 09:00:00,106900.0,106905.0,105940.0,106255.0,807044,2875170
2022-01-13 10:00:00,106255.0,106820.0,106150.0,106490.0,559971,2045731
2022-01-13 11:00:00,106485.0,106570.0,106065.0,106435.0,615443,2254421
2022-01-13 12:00:00,106435.0,106885.0,106255.0,106800.0,514774,1965769
2022-01-13 13:00:00,106805.0,106995.0,106560.0,106770.0,373212,1423835
2022-01-13 14:00:00,106770.0,106775.0,106185.0,106275.0,424689,1777234
2022-01-13 15:00:00,106270.0,106305.0,106115.0,106300.0,63350,227108
2022-01-14 06:00:00,106135.0,106460.0,105930.0,105945.0,717905,2244025
2022-01-14 07:00:00,105945.0,106440.0,105700.0,105935.0,1164120,3841225
2022-01-14 08:00:00,105930.0,106840.0,105800.0,106755.0,996005,3465728
2022-01-14 09:00:00,106750.0,107340.0,106575.0,107195.0,747443,2688954
2022-01-14 10:00:00,107190.0,107285.0,106875.0,107060.0,503717,1788885
2022-01-14 11:00:00,107065.0,107165.0,106760.0,106870.0,363731,1382018
2022-01-14 12:00:00,106865.0,107315.0,106780.0,107250.0,399385,1689742
2022-01-14 13:00:00,107255.0,107595.0,107135.0,107555.0,390946,1673716
2022-01-14 14:00:00,107555.0,107785.0,107515.0,107670.0,316240,1387913
2022-01-14 15:00:00,107670.0,107985.0,107605.0,107985.0,75420,322900
2022-01-17 06:00:00,107660.0,107855.0,107170.0,107180.0,508225,1628420
2022-01-17 07:00:00,107185.0,107470.0,106905.0,106965.0,835337,2984372
2022-01-17 08:00:00,106960.0,107125.0,106715.0,107120.0,580145,2197439
2022-01-17 09:00:00,107125.0,107355.0,107045.0,107280.0,379307,1447626
2022-01-17 10:00:00,107275.0,107420.0,106980.0,107115.0,356595,1375422
2022-01-17 11:00:00,107110.0,107475.0,107040.0,107465.0,325469,1277254
2022-01-17 12:00:00,107465.0,107545.0,107285.0,107305.0,314447,1167226
2022-01-17 13:00:00,107300.0,107330.0,107050.0,107095.0,244673,916094
2022-01-17 14:00:00,107095.0,107390.0,107055.0,107235.0,210620,796157
2022-01-17 15:00:00,107235.0,107250.0,107000.0,107000.0,88508,317950
2022-01-18 06:00:00,106300.0,106725.0,106155.0,106705.0,463018,1459212
2022-01-18 07:00:00,106700.0,107125.0,106490.0,107025.0,904971,3249267
2022-01-18 08:00:00,107025.0,107190.0,106565.0,106980.0,1065561,3958229
2022-01-18 09:00:00,106980.0,107515.0,106905.0,107200.0,711911,2734041
2022-01-18 10:00:00,107205.0,107745.0,106990.0,107620.0,587366,2407913
2022-01-18 11:00:00,107620.0,107655.0,106405.0,106625.0,687287,2798416
2022-01-18 12:00:00,106620.0,107280.0,106385.0,107270.0,521903,2166129
2022-01-18 13:00:00,107265.0,107670.0,107240.0,107530.0,386647,1708805
2022-01-18 14:00:00,107525.0,107560.0,107060.0,107325.0,378818,1790920
2022-01-18 15:00:00,107320.0,107540.0,107235.0,107530.0,70103,266078
2022-01-19 06:00:00,107530.0,108335.0,107510.0,108175.0,580001,1919693
2022-01-19 07:00:00,108175.0,109060.0,108155.0,108925.0,893006,3260485
2022-01-19 08:00:00,108925.0,109245.0,108760.0,109110.0,929338,3407866
2022-01-19 09:00:00,109105.0,109315.0,108805.0,109090.0,738029,2752295
2022-01-19 10:00:00,109090.0,109130.0,108770.0,109130.0,525665,1887359
2022-01-19 11:00:00,109125.0,109215.0,108910.0,109055.0,412861,1578280
2022-01-19 12:00:00,109055.0,109135.0,108860.0,109030.0,397180,1617824
2022-01-19 13:00:00,109025.0,109070.0,108690.0,108815.0,450289,1814686
2022-01-19 14:00:00,108815.0,109020.0,108650.0,108700.0,334968,1347718
2022-01-19 15:00:00,108695.0,108865.0,108650.0,108850.0,94189,343617
2022-01-20 06:00:00,109400.0,109425.0,108810.0,108865.0,548877,1706369
2022-01-20 07:00:00,108865.0,109765.0,108800.0,109600.0,1039863,3650152
2022-01-20 08:00:00,109595.0,110080.0,109575.0,110065.0,799299,2818247
2022-01-20 09:00:00,110065.0,110150.0,109805.0,110075.0,543238,1936135
2022-01-20 10:00:00,110070.0,110175.0,109910.0,110060.0,352601,1222420
2022-01-20 11:00:00,110065.0,110465.0,110040.0,110410.0,388572,1547117
2022-01-20 12:00:00,110410.0,110440.0,110190.0,110395.0,377423,1612065
2022-01-20 13:00:00,110390.0,110515.0,110085.0,110165.0,417375,1812082
2022-01-20 14:00:00,110165.0,110195.0,109610.0,109735.0,440769,1848903
2022-01-20 15:00:00,109735.0,109850.0,109595.0,109850.0,92254,357246
2022-01-21 06:00:00,109500.0,109580.0,108890.0,109235.0,688690,2154382
2022-01-21 07:00:00,109235.0,109840.0,108900.0,109820.0,966563,3406855
2022-01-21 08:00:00,109815.0,110430.0,109535.0,109970.0,1054100,3833908
2022-01-21 09:00:00,109965.0,110135.0,109470.0,109900.0,1005845,3388307
2022-01-21 10:00:00,109900.0,110160.0,109740.0,109865.0,682800,2277314
2022-01-21 11:00:00,109860.0,109965.0,109585.0,109735.0,682192,2339827
2022-01-21 12:00:00,109730.0,109790.0,109250.0,109545.0,656643,2261846
2022-01-21 13:00:00,109545.0,109915.0,109495.0,109515.0,488243,1773509
2022-01-21 14:00:00,109510.0,109645.0,109170.0,109385.0,532846,1858564
2022-01-21 15:00:00,109390.0,109605.0,109325.0,109550.0,99072,281926
2022-01-24 06:00:00,108955.0,109315.0,108745.0,109200.0,633606,1873647
2022-01-24 07:00:00,109195.0,109350.0,108130.0,108175.0,1200466,4124756
2022-01-24 08:00:00,108175.0,108620.0,107655.0,107755.0,1169335,4145681
2022-01-24 09:00:00,107755.0,108245.0,107610.0,107880.0,1052739,3487680
2022-01-24 10:00:00,107875.0,107950.0,107285.0,107685.0,886898,2862809
2022-01-24 11:00:00,107685.0,107710.0,107135.0,107625.0,907275,2930713
2022-01-24 12:00:00,107625.0,108015.0,107575.0,107755.0,814313,2603611
2022-01-24 13:00:00,107755.0,108085.0,107415.0,108055.0,819521,2744151
2022-01-24 14:00:00,108050.0,108500.0,108025.0,108370.0,583794,1999818
2022-01-24 15:00:00,108370.0,109025.0,108345.0,109015.0,126216,414119
2022-01-25 06:00:00,108475.0,108490.0,107720.0,107785.0,573069,1793506
2022-01-25 07:00:00,107785.0,108840.0,107625.0,108765.0,1096236,3832780
2022-01-25 08:00:00,108765.0,109315.0,108520.0,108690.0,1044337,3723787
2022-01-25 09:00:00,108690.0,109240.0,108155.0,108825.0,1047024,3514318
2022-01-25 10:00:00,108825.0,109415.0,108610.0,108935.0,802948,2744047
2022-01-25 11:00:00,108940.0,109695.0,108845.0,109555.0,709434,2497437
2022-01-25 12:00:00,109555.0,110380.0,109425.0,110355.0,616475,2214097
2022-01-25 13:00:00,110355.0,110645.0,110265.0,110560.0,456158,1790635
2022-01-25 14:00:00,110555.0,111340.0,110265.0,110925.0,585745,2208059
2022-01-25 15:00:00,110920.0,111070.0,110700.0,110805.0,98008,351546
2022-01-26 06:00:00,111570.0,112230.0,111445.0,111895.0,758697,2379263
2022-01-26 07:00:00,111895.0,112790.0,111850.0,112405.0,1028966,3571343
2022-01-26 08:00:00,112405.0,112915.0,112125.0,112725.0,1039386,3517188
2022-01-26 09:00:00,112725.0,112915.0,112285.0,112800.0,831831,2782284
2022-01-26 10:00:00,112800.0,112985.0,112475.0,112735.0,539938,1851497
2022-01-26 11:00:00,112735.0,112865.0,112645.0,112765.0,396104,1421543
2022-01-26 12:00:00,112770.0,112940.0,112475.0,112790.0,469212,1715644
2022-01-26 13:00:00,112795.0,113270.0,112045.0,112640.0,1347996,4587785
2022-01-26 14:00:00,112640.0,112645.0,111425.0,112030.0,1045765,3220859
2022-01-26 15:00:00,112035.0,112080.0,111770.0,112080.0,74304,230818
2022-01-27 06:00:00,112110.0,112925.0,112100.0,112860.0,760750,2345410
2022-01-27 07:00:00,112865.0,113320.0,112790.0,113085.0,993952,3420532
2022-01-27 08:00:00,113090.0,113430.0,112810.0,113010.0,1024205,3586753
2022-01-27 09:00:00,113010.0,113475.0,112690.0,113360.0,936669,3166423
2022-01-27 10:00:00,113355.0,113580.0,113185.0,113310.0,641764,2227359
2022-01-27 11:00:00,113310.0,113335.0,112600.0,112880.0,714613,2556281
2022-01-27 12:00:00,112875.0,112950.0,112160.0,112605.0,861333,2986130
2022-01-27 13:00:00,112610.0,112815.0,112270.0,112610.0,659871,2303951
2022-01-27 14:00:00,112615.0,113195.0,112505.0,113055.0,535148,1849761
2022-01-27 15:00:00,113055.0,113090.0,112850.0,112900.0,77731,270737
2022-01-28 06:00:00,112640.0,112745.0,112170.0,112425.0,780790,2204516
2022-01-28 07:00:00,112425.0,113480.0,112290.0,113205.0,1107147,3627721
2022-01-28 08:00:00,113200.0,113210.0,112465.0,112515.0,1005025,3231387
2022-01-28 09:00:00,112515.0,112775.0,112215.0,112695.0,953220,3047056
2022-01-28 10:00:00,112695.0,112920.0,112340.0,112535.0,677663,2188660
2022-01-28 11:00:00,112540.0,112695.0,111900.0,112160.0,609815,2162090
2022-01-28 12:00:00,112160.0,112515.0,112100.0,112370.0,568030,2053870
2022-01-28 13:00:00,112370.0,112500.0,111890.0,112320.0,532752,1906042
2022-01-28 14:00:00,112320.0,112510.0,111895.0,112270.0,496834,1707097
2022-01-28 15:00:00,112275.0,112440.0,112190.0,112440.0,81603,235281
2022-01-31 06:00:00,112470.0,112470.0,111775.0,112315.0,530745,1511109
2022-01-31 07:00:00,112315.0,112645.0,111575.0,112545.0,1043946,3343762
2022-01-31 08:00:00,112545.0,112615.0,112155.0,112400.0,921357,2909070
2022-01-31 09:00:00,112405.0,112500.0,111820.0,112190.0,751241,2420320
2022-01-31 10:00:00,112185.0,112650.0,111900.0,112435.0,579197,1990814
2022-01-31 11:00:00,112435.0,112485.0,112190.0,112375.0,406759,1392446
2022-01-31 12:00:00,112375.0,112600.0,112075.0,112600.0,469205,1591101
2022-01-31 13:00:00,112595.0,112800.0,112485.0,112780.0,404664,1342707
2022-01-31 14:00:00,112785.0,113040.0,112605.0,112825.0,436498,1463364
2022-01-31 15:00:00,112820.0,112860.0,112430.0,112430.0,99897,342034
2022-02-01 06:00:00,112540.0,112880.0,112400.0,112455.0,624440,1786610
2022-02-01 07:00:00,112455.0,113020.0,112430.0,112790.0,898504,2884871
2022-02-01 08:00:00,112790.0,113270.0,112475.0,113200.0,952606,3060099
2022-02-01 09:00:00,113205.0,113710.0,112875.0,113455.0,781300,2596542
2022-02-01 10:00:00,113460.0,113500.0,113205.0,113295.0,431292,1427555
2022-02-01 11:00:00,113300.0,113320.0,113085.0,113280.0,384109,1310109
2022-02-01 12:00:00,113280.0,113535.0,113135.0,113270.0,379671,1365023
2022-02-01 13:00:00,113270.0,113550.0,113165.0,113455.0,354265,1268341
2022-02-01 14:00:00,113455.0,113675.0,113410.0,113560.0,278300,1022113
2022-02-01 15:00:00,113560.0,113795.0,113525.0,113745.0,88644,312444
2022-02-02 06:00:00,114000.0,114135.0,113565.0,113585.0,507743,1500403
2022-02-02 07:00:00,113585.0,113865.0,113215.0,113255.0,767579,2464969
2022-02-02 08:00:00,113255.0,113405.0,112840.0,112855.0,690258,2303719
2022-02-02 09:00:00,112855.0,112920.0,112500.0,112745.0,577813,2056679
2022-02-02 10:00:00,112740.0,112775.0,111970.0,112175.0,541037,1971696
2022-02-02 11:00:00,112175.0,112435.0,112120.0,112430.0,379373,1394229
2022-02-02 12:00:00,112425.0,112450.0,112080.0,112315.0,456191,1653390
2022-02-02 13:00:00,112315.0,112590.0,112290.0,112510.0,370846,1367206
2022-02-02 14:00:00,112505.0,112665.0,112210.0,112255.0,373005,1340807
2022-02-02 15:00:00,112260.0,112355.0,111765.0,112030.0,150782,496080
2022-02-03 06:00:00,111590.0,112400.0,111580.0,112315.0,594051,1750226
2022-02-03 07:00:00,112320.0,112745.0,111580.0,111705.0,898050,3164615
2022-02-03 08:00:00,111705.0,112420.0,111560.0,111995.0,1130126,3771273
2022-02-03 09:00:00,111995.0,112260.0,111715.0,112070.0,763987,2459030
2022-02-03 10:00:00,112070.0,112370.0,111745.0,111785.0,572995,1990672
2022-02-03 11:00:00,111780.0,112260.0,111525.0,112170.0,616136,2112993
2022-02-03 12:00:00,112170.0,112195.0,111920.0,112140.0,436686,1542934
2022-02-03 13:00:00,112135.0,112285.0,111920.0,112060.0,412784,1497009
2022-02-03 14:00:00,112065.0,112265.0,111790.0,111825.0,439100,1492055
2022-02-03 15:00:00,111825.0,112490.0,111790.0,112490.0,137757,412085
2022-02-04 06:00:00,112000.0,112140.0,111685.0,112025.0,547292,1605464
2022-02-04 07:00:00,112025.0,112075.0,110535.0,110885.0,1200325,3649941
2022-02-04 08:00:00,110885.0,111560.0,110820.0,111540.0,904804,2805881
2022-02-04 09:00:00,111540.0,111710.0,111240.0,111540.0,725714,2169053
2022-02-04 10:00:00,111540.0,112460.0,111425.0,112370.0,626321,2045994
2022-02-04 11:00:00,112370.0,112495.0,112165.0,112390.0,392660,1311525
2022-02-04 12:00:00,112390.0,112470.0,112115.0,112175.0,324909,1163613
2022-02-04 13:00:00,112180.0,112330.0,112035.0,112155.0,336397,1228737
2022-02-04 14:00:00,112150.0,112690.0,112140.0,112460.0,384781,1334072
2022-02-04 15:00:00,112465.0,112510.0,112285.0,112285.0,95007,288529
2022-02-07 06:00:00,112350.0,112385.0,111755.0,111985.0,589756,1724713
2022-02-07 07:00:00,111980.0,112500.0,111740.0,112210.0,1172536,3723564
2022-02-07 08:00:00,112210.0,112340.0,111655.0,112320.0,1020270,3128901
2022-02-07 09:00:00,112320.0,112610.0,112130.0,112495.0,627618,1963943
2022-02-07 10:00:00,112495.0,112635.0,112175.0,112380.0,549323,1813690
2022-02-07 11:00:00,112375.0,112460.0,112095.0,112260.0,488859,1636444
2022-02-07 12:00:00,112260.0,112525.0,112190.0,112500.0,348059,1222583
2022-02-07 13:00:00,112500.0,112635.0,112360.0,112520.0,362294,1289707
2022-02-07 14:00:00,112515.0,112640.0,112100.0,112270.0,404733,1387344
2022-02-07 15:00:00,112265.0,112335.0,112130.0,112320.0,70885,226112
2022-02-08 06:00:00,111900.0,112115.0,111730.0,111795.0,541455,1558246
2022-02-08 07:00:00,111800.0,111860.0,111050.0,111320.0,955991,3073829
2022-02-08 08:00:00,111315.0,111915.0,111265.0,111625.0,818870,2672001
2022-02-08 09:00:00,111630.0,111735.0,111260.0,111665.0,639753,2093406
2022-02-08 10:00:00,111670.0,111935.0,111630.0,111920.0,381240,1256565
2022-02-08 11:00:00,111915.0,112315.0,111850.0,112175.0,464980,1607080
2022-02-08 12:00:00,112180.0,112215.0,112075.0,112190.0,257196,919087
2022-02-08 13:00:00,112190.0,112315.0,112025.0,112170.0,402204,1401621
2022-02-08 14:00:00,112170.0,112425.0,112065.0,112390.0,289108,1036485
2022-02-08 15:00:00,112390.0,112750.0,112325.0,112750.0,89411,290583
2022-02-09 06:00:00,113000.0,113100.0,112190.0,112205.0,686055,2004637
2022-02-09 07:00:00,112210.0,112725.0,111875.0,111940.0,1160645,3656943
2022-02-09 08:00:00,111930.0,112620.0,111915.0,112505.0,910900,2881592
2022-02-09 09:00:00,112505.0,113360.0,112455.0,113115.0,609364,2028497
2022-02-09 10:00:00,113115.0,113190.0,112685.0,112690.0,339498,1169658
2022-02-09 11:00:00,112690.0,113195.0,112635.0,113090.0,395956,1418666
2022-02-09 12:00:00,113085.0,113095.0,112580.0,112600.0,398968,1424468
2022-02-09 13:00:00,112605.0,112725.0,112255.0,112435.0,407286,1477250
2022-02-09 14:00:00,112435.0,112840.0,112330.0,112555.0,341444,1169104
2022-02-09 15:00:00,112555.0,112625.0,112365.0,112395.0,68601,207243
2022-02-10 06:00:00,112500.0,113040.0,112455.0,112755.0,643522,1848568
2022-02-10 07:00:00,112755.0,113240.0,112480.0,112890.0,1218261,3734586
2022-02-10 08:00:00,112890.0,113475.0,112245.0,113430.0,1104485,3456755
2022-02-10 09:00:00,113430.0,113700.0,113360.0,113455.0,636631,1981559
2022-02-10 10:00:00,113455.0,113780.0,113405.0,113640.0,465913,1437990
2022-02-10 11:00:00,113635.0,113910.0,113435.0,113800.0,576576,2014100
2022-02-10 12:00:00,113795.0,113985.0,113615.0,113835.0,539918,1841448
2022-02-10 13:00:00,113835.0,113845.0,113535.0,113560.0,450419,1498069
2022-02-10 14:00:00,113560.0,113680.0,113215.0,113370.0,440931,1441623
2022-02-10 15:00:00,113370.0,113555.0,113330.0,113495.0,87778,257832
2022-02-11 06:00:00,113120.0,114300.0,113110.0,114145.0,663682,1933616
2022-02-11 07:00:00,114145.0,114425.0,113945.0,113995.0,916607,2856577
2022-02-11 08:00:00,113995.0,114590.0,113765.0,114465.0,939298,3044843
2022-02-11 09:00:00,114460.0,114885.0,114455.0,114710.0,543393,1688366
2022-02-11 10:00:00,114710.0,114950.0,114655.0,114825.0,414701,1334427
2022-02-11 11:00:00,114825.0,114980.0,114780.0,114895.0,316503,1085920
2022-02-11 12:00:00,114895.0,114990.0,113740.0,113990.0,878309,2997018
2022-02-11 13:00:00,113995.0,114235.0,113155.0,113370.0,1087715,3269440
2022-02-11 14:00:00,113370.0,113810.0,113100.0,113540.0,625675,1802327
2022-02-11 15:00:00,113540.0,113800.0,113450.0,113800.0,75647,197908
2022-02-14 06:00:00,113000.0,114000.0,112880.0,113770.0,726512,2062070
2022-02-14 07:00:00,113770.0,114310.0,113700.0,114065.0,1009999,2981972
2022-02-14 08:00:00,114065.0,114095.0,113640.0,114010.0,876812,2623915
2022-02-14 09:00:00,114010.0,114015.0,113435.0,113760.0,841030,2566011
2022-02-14 10:00:00,113755.0,114025.0,113690.0,113865.0,507078,1541048
2022-02-14 11:00:00,113865.0,114130.0,113745.0,114060.0,399494,1247413
2022-02-14 12:00:00,114055.0,114140.0,113435.0,113545.0,608101,1961063
2022-02-14 13:00:00,113550.0,113940.0,113350.0,113790.0,644045,2017886
2022-02-14 14:00:00,113790.0,113950.0,113575.0,113835.0,413111,1270539
2022-02-14 15:00:00,113835.0,113995.0,113800.0,113960.0,70400,218103
2022-02-15 06:00:00,114500.0,114715.0,114240.0,114255.0,629254,1675596
2022-02-15 07:00:00,114255.0,114595.0,114110.0,114355.0,923980,2690369
2022-02-15 08:00:00,114360.0,114585.0,114115.0,114150.0,808021,2503351
2022-02-15 09:00:00,114150.0,114675.0,113980.0,114645.0,566607,1817931
2022-02-15 10:00:00,114650.0,114755.0,114525.0,114650.0,314189,1033553
2022-02-15 11:00:00,114650.0,114735.0,114515.0,114640.0,354085,1133111
2022-02-15 12:00:00,114640.0,114805.0,114595.0,114755.0,247973,814357
2022-02-15 13:00:00,114750.0,114780.0,114590.0,114665.0,236999,824130
2022-02-15 14:00:00,114665.0,114900.0,114590.0,114855.0,230872,768445
2022-02-15 15:00:00,114850.0,115135.0,114800.0,115135.0,93571,250082
2022-02-16 06:00:00,116255.0,116865.0,116255.0,116750.0,451474,1308165
2022-02-16 07:00:00,116750.0,117270.0,116675.0,116965.0,611542,1931707
2022-02-16 08:00:00,116960.0,117150.0,116740.0,116935.0,702162,2230962
2022-02-16 09:00:00,116930.0,117005.0,116705.0,116800.0,418262,1399664
2022-02-16 10:00:00,116800.0,116855.0,116455.0,116555.0,323531,1116287
2022-02-16 11:00:00,116555.0,116725.0,116450.0,116710.0,330295,1140371
2022-02-16 12:00:00,116710.0,116935.0,116640.0,116790.0,349984,1267044
2022-02-16 13:00:00,116795.0,117245.0,116560.0,117025.0,539301,1918337
2022-02-16 14:00:00,117020.0,117045.0,116560.0,116665.0,330682,1144828
2022-02-16 15:00:00,116670.0,116775.0,116625.0,116680.0,60801,201198
2022-02-17 06:00:00,116300.0,116515.0,116140.0,116375.0,463550,1265713
2022-02-17 07:00:00,116380.0,116615.0,116045.0,116415.0,903783,2848814
2022-02-17 08:00:00,116410.0,116630.0,115635.0,115705.0,936802,3068908
2022-02-17 09:00:00,115705.0,115725.0,115245.0,115440.0,504636,1628564
2022-02-17 10:00:00,115445.0,115645.0,115400.0,115590.0,269916,980052
2022-02-17 11:00:00,115590.0,115755.0,115525.0,115590.0,281972,1026090
2022-02-17 12:00:00,115590.0,115670.0,115450.0,115635.0,326978,1149519
2022-02-17 13:00:00,115635.0,115645.0,115315.0,115365.0,297307,1040986
2022-02-17 14:00:00,115365.0,115390.0,114925.0,115005.0,425323,1473155
2022-02-17 15:00:00,115010.0,115080.0,114800.0,114900.0,100924,273234
2022-02-18 06:00:00,115355.0,115815.0,115300.0,115685.0,471413,1392624
2022-02-18 07:00:00,115685.0,115720.0,115225.0,115535.0,908718,2811980
2022-02-18 08:00:00,115535.0,115545.0,114885.0,115245.0,752011,2423728
2022-02-18 09:00:00,115245.0,115270.0,114560.0,114650.0,641905,2015172
2022-02-18 10:00:00,114645.0,114705.0,114340.0,114565.0,505523,1665494
2022-02-18 11:00:00,114565.0,114770.0,114395.0,114420.0,512042,1677938
2022-02-18 12:00:00,114420.0,114760.0,114355.0,114690.0,387744,1318433
2022-02-18 13:00:00,114690.0,114940.0,114530.0,114780.0,405143,1475183
2022-02-18 14:00:00,114775.0,114865.0,114060.0,114370.0,482877,1635521
2022-02-18 15:00:00,114370.0,114460.0,114150.0,114160.0,107606,272923
2022-02-21 06:00:00,114320.0,114530.0,114105.0,114245.0,508850,1473586
2022-02-21 07:00:00,114245.0,114585.0,113860.0,114460.0,927642,2943344
2022-02-21 08:00:00,114465.0,114810.0,114415.0,114740.0,543807,1783511
2022-02-21 09:00:00,114740.0,114840.0,114595.0,114695.0,293557,934129
2022-02-21 10:00:00,114695.0,114760.0,114525.0,114545.0,232762,798171
2022-02-21 11:00:00,114540.0,114650.0,114290.0,114360.0,304442,1000654
2022-02-21 12:00:00,114355.0,114375.0,113900.0,114090.0,325614,1005728
2022-02-21 13:00:00,114085.0,114090.0,113555.0,113695.0,353614,1066022
2022-02-21 14:00:00,113700.0,113700.0,113035.0,113150.0,356526,1032148
2022-02-21 15:00:00,113140.0,113190.0,112950.0,112950.0,77600,229029
2022-02-22 06:00:00,113650.0,114560.0,113650.0,114500.0,710889,2107908
2022-02-22 07:00:00,114495.0,114795.0,114320.0,114630.0,802476,2591481
2022-02-22 08:00:00,114630.0,114760.0,114205.0,114655.0,804206,2671385
2022-02-22 09:00:00,114655.0,114710.0,114280.0,114300.0,679590,2291191
2022-02-22 10:00:00,114305.0,114455.0,114090.0,114145.0,521674,1763503
2022-02-22 11:00:00,114145.0,114225.0,114025.0,114075.0,329995,1161248
2022-02-22 12:00:00,114070.0,114290.0,113660.0,113790.0,510720,1782540
2022-02-22 13:00:00,113790.0,114545.0,113585.0,114425.0,706352,2399443
2022-02-22 14:00:00,114425.0,114530.0,114060.0,114275.0,393389,1378904
2022-02-22 15:00:00,114275.0,114795.0,114270.0,114795.0,103760,350670
2022-02-23 06:00:00,114700.0,114965.0,114410.0,114750.0,596002,1733521
2022-02-23 07:00:00,114750.0,115110.0,114435.0,114915.0,949001,3039995
2022-02-23 08:00:00,114910.0,114955.0,114115.0,114195.0,861457,2844548
2022-02-23 09:00:00,114195.0,114320.0,113695.0,113745.0,588868,2040273
2022-02-23 10:00:00,113745.0,114000.0,113605.0,113860.0,420705,1512548
2022-02-23 11:00:00,113855.0,114050.0,113660.0,113920.0,432602,1559883
2022-02-23 12:00:00,113920.0,113970.0,113690.0,113850.0,403624,1471897
2022-02-23 13:00:00,113845.0,113905.0,113210.0,113425.0,469160,1687737
2022-02-23 14:00:00,113425.0,113525.0,113015.0,113120.0,367602,1299937
2022-02-23 15:00:00,113120.0,113180.0,112925.0,113010.0,83608,280083
2022-02-24 06:00:00,110500.0,111495.0,110050.0,110790.0,1032798,2806979
2022-02-24 07:00:00,110785.0,111395.0,110425.0,111035.0,984588,3144649
2022-02-24 08:00:00,111035.0,111355.0,110500.0,111055.0,1032249,3146445
2022-02-24 09:00:00,111055.0,111675.0,110760.0,111280.0,788328,2470526
2022-02-24 10:00:00,111280.0,111595.0,111110.0,111235.0,509768,1567915
2022-02-24 11:00:00,111230.0,111255.0,110320.0,110565.0,636975,2036622
2022-02-24 12:00:00,110560.0,111390.0,110340.0,111070.0,615619,2059839
2022-02-24 13:00:00,111070.0,112620.0,110920.0,112275.0,721283,2532115
2022-02-24 14:00:00,112275.0,112870.0,112220.0,112805.0,462870,1644505
2022-02-24 15:00:00,112805.0,112850.0,112645.0,112750.0,79724,292212
2022-02-25 06:00:00,112595.0,112600.0,111755.0,112175.0,677750,2014351
2022-02-25 07:00:00,112175.0,112700.0,112080.0,112460.0,831075,2666689
2022-02-25 08:00:00,112460.0,112910.0,111845.0,112545.0,933756,2970880
2022-02-25 09:00:00,112550.0,113040.0,112155.0,112975.0,719614,2282187
2022-02-25 10:00:00,112975.0,113215.0,112780.0,113205.0,461397,1494400
2022-02-25 11:00:00,113200.0,113245.0,112860.0,112955.0,347472,1159465
2022-02-25 12:00:00,112960.0,113125.0,112830.0,113015.0,330661,1083926
2022-02-25 13:00:00,113020.0,113175.0,112960.0,113075.0,277009,934111
2022-02-25 14:00:00,113075.0,114400.0,113055.0,114355.0,440215,1560724
2022-02-25 15:00:00,114355.0,114495.0,114220.0,114250.0,117720,319785
2022-03-02 10:00:00,115250.0,116240.0,115125.0,115915.0,765503,2325867
2022-03-02 11:00:00,115920.0,116395.0,115830.0,116360.0,519364,1724571
2022-03-02 12:00:00,116360.0,116670.0,116355.0,116505.0,374273,1365221
2022-03-02 13:00:00,116500.0,116580.0,116290.0,116330.0,345542,1273715
2022-03-02 14:00:00,116330.0,116570.0,116250.0,116370.0,396648,1387150
2022-03-02 15:00:00,116365.0,116620.0,116270.0,116605.0,106786,323204
2022-03-03 06:00:00,116550.0,116770.0,116310.0,116530.0,581970,1709699
2022-03-03 07:00:00,116535.0,117095.0,116405.0,116845.0,731937,2507352
2022-03-03 08:00:00,116840.0,117075.0,116635.0,116750.0,683548,2287411
2022-03-03 09:00:00,116750.0,117155.0,116550.0,116555.0,607714,2022529
2022-03-03 10:00:00,116560.0,116795.0,116405.0,116685.0,474571,1615114
2022-03-03 11:00:00,116680.0,116960.0,116455.0,116640.0,544457,1744936
2022-03-03 12:00:00,116640.0,116870.0,116535.0,116565.0,368943,1169458
2022-03-03 13:00:00,116560.0,116860.0,116380.0,116485.0,352520,1139441
2022-03-03 14:00:00,116485.0,116500.0,116190.0,116370.0,351111,1101684
2022-03-03 15:00:00,116370.0,116660.0,116350.0,116610.0,88091,279136
2022-03-04 06:00:00,115795.0,116145.0,115650.0,115995.0,664073,1890841
2022-03-04 07:00:00,116000.0,116190.0,115305.0,115415.0,956579,2854777
2022-03-04 08:00:00,115410.0,115515.0,114935.0,115175.0,685933,2173491
2022-03-04 09:00:00,115180.0,115225.0,114555.0,114630.0,559543,1748835
2022-03-04 10:00:00,114635.0,114855.0,114545.0,114775.0,414507,1340361
2022-03-04 11:00:00,114775.0,115080.0,114705.0,115060.0,403563,1400353
2022-03-04 12:00:00,115060.0,115325.0,114975.0,114995.0,422223,1432314
2022-03-04 13:00:00,114990.0,115130.0,114810.0,114835.0,384201,1377997
2022-03-04 14:00:00,114835.0,115830.0,114800.0,115795.0,460563,1542691
2022-03-04 15:00:00,115795.0,115800.0,115545.0,115585.0,91547,284424
2022-03-07 06:00:00,115140.0,115370.0,114745.0,114870.0,693588,2049090
2022-03-07 07:00:00,114875.0,115630.0,114820.0,115390.0,767181,2533703
2022-03-07 08:00:00,115390.0,115415.0,114880.0,114935.0,731816,2386951
2022-03-07 09:00:00,114935.0,115215.0,114560.0,114630.0,583277,1889879
2022-03-07 10:00:00,114625.0,114760.0,114025.0,114060.0,496320,1621375
2022-03-07 11:00:00,114060.0,114070.0,113535.0,113655.0,515408,1725706
2022-03-07 12:00:00,113650.0,113725.0,113430.0,113470.0,363939,1233841
2022-03-07 13:00:00,113470.0,113510.0,112960.0,113040.0,382083,1380284
2022-03-07 14:00:00,113035.0,113085.0,112125.0,112160.0,513777,1836462
2022-03-07 15:00:00,112160.0,112220.0,111815.0,111815.0,133357,429242
2022-03-08 06:00:00,112720.0,113645.0,112715.0,113265.0,659474,1928534
2022-03-08 07:00:00,113265.0,113410.0,112550.0,112620.0,1112168,3387373
2022-03-08 08:00:00,112625.0,113035.0,112250.0,112775.0,1096861,3461668
2022-03-08 09:00:00,112775.0,112940.0,112155.0,112460.0,816266,2720106
2022-03-08 10:00:00,112460.0,112610.0,111995.0,112250.0,580533,1950670
2022-03-08 11:00:00,112245.0,113135.0,112220.0,112955.0,871353,3083463
2022-03-08 12:00:00,112955.0,113445.0,112335.0,112465.0,700733,2526519
2022-03-08 13:00:00,112465.0,112895.0,112315.0,112690.0,629018,2335926
2022-03-08 14:00:00,112690.0,112990.0,112170.0,112275.0,466609,1547183
2022-03-08 15:00:00,112270.0,112425.0,112000.0,112010.0,111963,293342
2022-03-09 06:00:00,113390.0,113755.0,112985.0,113105.0,611143,1733371
2022-03-09 07:00:00,113105.0,113335.0,112660.0,113245.0,876178,2869082
2022-03-09 08:00:00,113240.0,114190.0,113215.0,113980.0,914973,3061355
2022-03-09 09:00:00,113985.0,114410.0,113985.0,114245.0,520516,1835788
2022-03-09 10:00:00,114240.0,114490.0,114140.0,114245.0,377580,1348170
2022-03-09 11:00:00,114245.0,114585.0,114065.0,114420.0,458969,1635174
2022-03-09 12:00:00,114420.0,114785.0,114265.0,114365.0,510056,1853599
2022-03-09 13:00:00,114365.0,114740.0,114265.0,114695.0,348830,1260064
2022-03-09 14:00:00,114690.0,115130.0,114675.0,114830.0,409504,1423009
2022-03-09 15:00:00,114830.0,115000.0,114775.0,114790.0,90069,267864
2022-03-10 06:00:00,114150.0,114295.0,113755.0,113845.0,627582,1736456
2022-03-10 07:00:00,113850.0,114650.0,113265.0,113360.0,1124210,3600452
2022-03-10 08:00:00,113365.0,113600.0,112775.0,113560.0,807634,2592686
2022-03-10 09:00:00,113560.0,113760.0,113235.0,113670.0,658623,2190318
2022-03-10 10:00:00,113670.0,113895.0,113425.0,113845.0,465061,1598056
2022-03-10 11:00:00,113845.0,113895.0,113400.0,113555.0,432565,1458934
2022-03-10 12:00:00,113560.0,114405.0,113435.0,114335.0,492045,1637522
2022-03-10 13:00:00,114335.0,114565.0,114210.0,114560.0,395359,1360893
2022-03-10 14:00:00,114555.0,114600.0,114180.0,114490.0,371501,1265940
2022-03-10 15:00:00,114485.0,114615.0,114335.0,114600.0,97878,293450
2022-03-11 06:00:00,115600.0,115740.0,114965.0,115055.0,655869,1780602
2022-03-11 07:00:00,115055.0,115515.0,114755.0,115060.0,1090864,3252109
2022-03-11 08:00:00,115060.0,115255.0,114365.0,114445.0,810863,2568540
2022-03-11 09:00:00,114440.0,114515.0,114100.0,114285.0,600161,1952965
2022-03-11 10:00:00,114285.0,114505.0,114010.0,114070.0,419010,1374166
2022-03-11 11:00:00,114065.0,114425.0,114030.0,114310.0,380595,1262410
2022-03-11 12:00:00,114310.0,114350.0,113810.0,113850.0,392786,1338447
2022-03-11 13:00:00,113850.0,114140.0,112910.0,113295.0,500514,1769731
2022-03-11 14:00:00,113290.0,113290.0,112145.0,112515.0,599500,1926638
2022-03-11 15:00:00,112510.0,112900.0,112405.0,112900.0,109246,299223
2022-03-14 06:00:00,112750.0,113170.0,112510.0,113070.0,769978,2056901
2022-03-14 07:00:00,113070.0,113295.0,111480.0,111720.0,1102693,3411045
2022-03-14 08:00:00,111725.0,112190.0,111530.0,111900.0,806630,2612173
2022-03-14 09:00:00,111900.0,112110.0,111120.0,111140.0,617858,1966698
2022-03-14 10:00:00,111145.0,111340.0,110875.0,110950.0,575564,1809573
2022-03-14 11:00:00,110955.0,111140.0,110765.0,110920.0,534029,1717687
2022-03-14 12:00:00,110920.0,111000.0,110530.0,110750.0,522969,1708027
2022-03-14 13:00:00,110755.0,111095.0,110505.0,110820.0,569873,1805414
2022-03-14 14:00:00,110825.0,110975.0,110560.0,110810.0,254416,750892
2022-03-15 06:00:00,110880.0,110945.0,109970.0,110020.0,747574,2154950
2022-03-15 07:00:00,110020.0,110060.0,108865.0,108880.0,1008403,3435972
2022-03-15 08:00:00,108880.0,109860.0,108570.0,109630.0,806339,2976162
2022-03-15 09:00:00,109625.0,110095.0,109400.0,109660.0,652482,2259883
2022-03-15 10:00:00,109665.0,110385.0,109540.0,109975.0,556825,1915477
2022-03-15 11:00:00,109970.0,110030.0,109455.0,109800.0,473118,1675048
2022-03-15 12:00:00,109800.0,109850.0,109190.0,109755.0,511065,1690223
2022-03-15 13:00:00,109750.0,110025.0,109550.0,109700.0,482598,1619009
2022-03-15 14:00:00,109700.0,109870.0,109480.0,109690.0,277291,773508
2022-03-16 06:00:00,111255.0,111480.0,110705.0,110765.0,618543,1920804
2022-03-16 07:00:00,110765.0,111555.0,110655.0,111435.0,962588,3097026
2022-03-16 08:00:00,111435.0,112010.0,111300.0,111415.0,726975,2468231
2022-03-16 09:00:00,111420.0,111510.0,111075.0,111220.0,449628,1509845
2022-03-16 10:00:00,111220.0,111455.0,110745.0,111010.0,475102,1593019
2022-03-16 11:00:00,111010.0,111110.0,110490.0,110845.0,536032,1741379
2022-03-16 12:00:00,110845.0,111310.0,109850.0,111045.0,925428,2950044
2022-03-16 13:00:00,111045.0,112025.0,110940.0,112020.0,559753,1831482
2022-03-16 14:00:00,112020.0,112330.0,111835.0,112330.0,305929,822997
2022-03-17 06:00:00,112010.0,112465.0,111595.0,112355.0,857102,2479047
2022-03-17 07:00:00,112355.0,112885.0,111875.0,112140.0,1065078,3349655
2022-03-17 08:00:00,112145.0,112510.0,111770.0,112495.0,770116,2456938
2022-03-17 09:00:00,112495.0,112870.0,112305.0,112790.0,485012,1497110
2022-03-17 10:00:00,112785.0,113175.0,112585.0,113125.0,378640,1211987
2022-03-17 11:00:00,113130.0,113805.0,113040.0,113630.0,451694,1571405
2022-03-17 12:00:00,113635.0,113800.0,113430.0,113600.0,355557,1227315
2022-03-17 13:00:00,113600.0,113875.0,113450.0,113785.0,434765,1542540
2022-03-17 14:00:00,113785.0,113990.0,113635.0,113820.0,235138,770527
2022-03-18 06:00:00,113110.0,113695.0,113060.0,113470.0,551087,1615182
2022-03-18 07:00:00,113465.0,114365.0,113185.0,114265.0,966510,3183988
2022-03-18 08:00:00,114270.0,114890.0,114255.0,114820.0,600054,1992966
2022-03-18 09:00:00,114815.0,114980.0,114605.0,114710.0,384488,1354378
2022-03-18 10:00:00,114710.0,114990.0,114675.0,114980.0,257223,929150
2022-03-18 11:00:00,114980.0,115420.0,114980.0,115195.0,368244,1379096
2022-03-18 12:00:00,115195.0,115660.0,115130.0,115555.0,324948,1180346
2022-03-18 13:00:00,115550.0,116060.0,115480.0,116000.0,386471,1451329
2022-03-18 14:00:00,116000.0,116095.0,115805.0,115875.0,193618,683322
2022-03-21 06:00:00,115700.0,116175.0,115630.0,115950.0,563423,1550706
2022-03-21 07:00:00,115950.0,117050.0,115740.0,116630.0,941806,2995052
2022-03-21 08:00:00,116630.0,116740.0,115950.0,116570.0,798161,2489760
2022-03-21 09:00:00,116575.0,116720.0,116180.0,116710.0,525023,1721556
2022-03-21 10:00:00,116705.0,116815.0,116160.0,116460.0,526319,1744530
2022-03-21 11:00:00,116455.0,116680.0,116035.0,116590.0,502594,1688642
2022-03-21 12:00:00,116585.0,117035.0,116305.0,116750.0,472463,1610328
2022-03-21 13:00:00,116750.0,116965.0,116630.0,116880.0,386883,1343592
2022-03-21 14:00:00,116880.0,117145.0,116820.0,117095.0,222236,705928
2022-03-22 06:00:00,117205.0,117545.0,116925.0,117535.0,539114,1574482
2022-03-22 07:00:00,117530.0,118290.0,117495.0,118015.0,844328,2973931
2022-03-22 08:00:00,118020.0,118195.0,117825.0,118085.0,523704,1810095
2022-03-22 09:00:00,118080.0,118100.0,117670.0,117715.0,366848,1291256
2022-03-22 10:00:00,117720.0,118010.0,117700.0,117925.0,321034,1186423
2022-03-22 11:00:00,117925.0,118025.0,117810.0,117930.0,314551,1202351
2022-03-22 12:00:00,117930.0,118000.0,117650.0,117850.0,410444,1496849
2022-03-22 13:00:00,117850.0,118140.0,117525.0,118070.0,406310,1544230
2022-03-22 14:00:00,118070.0,118240.0,117955.0,118215.0,216454,709705
2022-03-23 06:00:00,117750.0,117985.0,117605.0,117930.0,554747,1663333
2022-03-23 07:00:00,117930.0,118180.0,117670.0,117955.0,890653,2931715
2022-03-23 08:00:00,117950.0,118765.0,117945.0,118630.0,698378,2357253
2022-03-23 09:00:00,118630.0,118935.0,118610.0,118675.0,318129,1140125
2022-03-23 10:00:00,118675.0,118690.0,118350.0,118425.0,331113,1202691
2022-03-23 11:00:00,118425.0,118435.0,117960.0,118365.0,406502,1424252
2022-03-23 12:00:00,118365.0,118385.0,118060.0,118105.0,386602,1308595
2022-03-23 13:00:00,118105.0,118535.0,118010.0,118080.0,430656,1521872
2022-03-23 14:00:00,118080.0,118350.0,117965.0,118220.0,215700,690496
2022-03-24 06:00:00,118390.0,118600.0,118215.0,118415.0,398774,1137214
2022-03-24 07:00:00,118420.0,118675.0,117760.0,118645.0,843340,2865241
2022-03-24 08:00:00,118650.0,118905.0,118510.0,118880.0,549432,1901531
2022-03-24 09:00:00,118880.0,119915.0,118835.0,119625.0,562760,2125542
2022-03-24 10:00:00,119620.0,119685.0,119455.0,119630.0,262338,957453
2022-03-24 11:00:00,119625.0,119730.0,119375.0,119450.0,263570,983049
2022-03-24 12:00:00,119450.0,119480.0,119175.0,119220.0,311387,1152099
2022-03-24 13:00:00,119220.0,119895.0,119185.0,119835.0,335048,1266306
2022-03-24 14:00:00,119835.0,120000.0,119680.0,119985.0,210668,720554
2022-03-25 06:00:00,119975.0,120305.0,119600.0,120135.0,588151,1673593
2022-03-25 07:00:00,120135.0,120345.0,119610.0,119665.0,875657,2693936
2022-03-25 08:00:00,119660.0,120240.0,119645.0,119885.0,576933,1938049
2022-03-25 09:00:00,119885.0,119945.0,119065.0,119585.0,583269,2117175
2022-03-25 10:00:00,119585.0,119880.0,119450.0,119685.0,358793,1226222
2022-03-25 11:00:00,119685.0,119925.0,119410.0,119855.0,342037,1212524
2022-03-25 12:00:00,119855.0,119895.0,119540.0,119720.0,273826,999169
2022-03-25 13:00:00,119725.0,119845.0,119470.0,119815.0,318404,1144378
2022-03-25 14:00:00,119815.0,120080.0,119675.0,119780.0,232923,729098
2022-03-28 06:00:00,120000.0,120235.0,119550.0,119900.0,501656,1403293
2022-03-28 07:00:00,119905.0,119960.0,118760.0,118880.0,882515,2756365
2022-03-28 08:00:00,118885.0,118935.0,118565.0,118920.0,456734,1584582
2022-03-28 09:00:00,118920.0,119135.0,118725.0,118735.0,452283,1604022
2022-03-28 10:00:00,118735.0,119195.0,118725.0,119140.0,300192,1106116
2022-03-28 11:00:00,119140.0,119185.0,118900.0,119015.0,273268,974983
2022-03-28 12:00:00,119020.0,119680.0,118810.0,119680.0,384202,1424140
2022-03-28 13:00:00,119680.0,119685.0,119000.0,119385.0,400198,1443057
2022-03-28 14:00:00,119385.0,119675.0,119300.0,119400.0,251236,807832
2022-03-29 06:00:00,120200.0,121255.0,119975.0,120880.0,741812,2291754
2022-03-29 07:00:00,120880.0,121385.0,120265.0,120585.0,970054,3139009
2022-03-29 08:00:00,120590.0,120785.0,120120.0,120455.0,747219,2490609
2022-03-29 09:00:00,120455.0,120550.0,120235.0,120300.0,399865,1391802
2022-03-29 10:00:00,120300.0,120390.0,120010.0,120265.0,383112,1390916
2022-03-29 11:00:00,120260.0,120470.0,120080.0,120385.0,334946,1231890
2022-03-29 12:00:00,120385.0,120690.0,120310.0,120450.0,320464,1245022
2022-03-29 13:00:00,120445.0,120935.0,120430.0,120730.0,385266,1529499
2022-03-29 14:00:00,120730.0,120730.0,120375.0,120375.0,143104,516039
2022-03-30 06:00:00,120110.0,121055.0,120095.0,121005.0,590587,1658378
2022-03-30 07:00:00,121000.0,121110.0,120220.0,120670.0,948760,3256059
2022-03-30 08:00:00,120675.0,120885.0,120440.0,120480.0,624227,2238277
2022-03-30 09:00:00,120480.0,120820.0,120430.0,120775.0,465054,1731505
2022-03-30 10:00:00,120775.0,120810.0,120515.0,120615.0,243648,907741
2022-03-30 11:00:00,120615.0,120640.0,120325.0,120495.0,253222,969686
2022-03-30 12:00:00,120500.0,121030.0,120460.0,120690.0,405787,1505645
2022-03-30 13:00:00,120690.0,120845.0,120275.0,120830.0,419765,1555443
2022-03-30 14:00:00,120830.0,121040.0,120685.0,120900.0,179439,649004
2022-03-31 06:00:00,120805.0,121080.0,120495.0,120815.0,469889,1402442
2022-03-31 07:00:00,120815.0,121330.0,120700.0,121105.0,913103,3142230
2022-03-31 08:00:00,121105.0,121110.0,120650.0,120800.0,526930,1893208
2022-03-31 09:00:00,120800.0,120835.0,120370.0,120500.0,340691,1315258
2022-03-31 10:00:00,120500.0,120615.0,120420.0,120545.0,217218,801642
2022-03-31 11:00:00,120545.0,120960.0,120515.0,120825.0,300001,1114683
2022-03-31 12:00:00,120825.0,120865.0,120495.0,120810.0,343642,1298210
2022-03-31 13:00:00,120810.0,120940.0,120260.0,120270.0,423673,1569608
2022-03-31 14:00:00,120270.0,120650.0,120210.0,120485.0,236235,806165
2022-04-01 06:00:00,120800.0,121645.0,120785.0,121290.0,552092,1701083
2022-04-01 07:00:00,121290.0,121790.0,121270.0,121585.0,707629,2391531
2022-04-01 08:00:00,121590.0,121915.0,121530.0,121835.0,505812,1886802
2022-04-01 09:00:00,121840.0,121970.0,121600.0,121635.0,331962,1240827
2022-04-01 10:00:00,121635.0,121675.0,121490.0,121590.0,246104,940431
2022-04-01 11:00:00,121595.0,121700.0,121370.0,121520.0,310653,1154721
2022-04-01 12:00:00,121520.0,121790.0,121470.0,121710.0,351969,1361898
2022-04-01 13:00:00,121710.0,122225.0,121520.0,122060.0,348124,1396980
2022-04-01 14:00:00,122055.0,122095.0,121850.0,122000.0,188939,680650
2022-04-04 06:00:00,122240.0,122300.0,121435.0,121690.0,494249,1508140
2022-04-04 07:00:00,121690.0,121845.0,121150.0,121450.0,745000,2543198
2022-04-04 08:00:00,121455.0,121600.0,121190.0,121420.0,502138,1696799
2022-04-04 09:00:00,121420.0,121465.0,121035.0,121325.0,342212,1272081
2022-04-04 10:00:00,121325.0,121495.0,121250.0,121400.0,264970,1033130
2022-04-04 11:00:00,121395.0,121455.0,121280.0,121380.0,208022,816396
2022-04-04 12:00:00,121380.0,121770.0,121280.0,121760.0,383099,1516252
2022-04-04 13:00:00,121755.0,121765.0,121565.0,121635.0,233055,945380
2022-04-04 14:00:00,121635.0,121685.0,121490.0,121530.0,150100,548738
2022-04-05 06:00:00,121445.0,121495.0,120795.0,121320.0,542573,1654523
2022-04-05 07:00:00,121320.0,121945.0,121130.0,121545.0,968544,3202367
2022-04-05 08:00:00,121540.0,121655.0,120325.0,120490.0,748753,2635521
2022-04-05 09:00:00,120490.0,120620.0,120085.0,120390.0,426145,1506836
2022-04-05 10:00:00,120395.0,120465.0,119765.0,120085.0,376702,1368937
2022-04-05 11:00:00,120085.0,120270.0,119865.0,119920.0,353430,1305651
2022-04-05 12:00:00,119920.0,119930.0,119545.0,119700.0,399299,1495206
2022-04-05 13:00:00,119700.0,119725.0,118800.0,118935.0,546232,1989762
2022-04-05 14:00:00,118935.0,119255.0,118900.0,119225.0,237741,809010
2022-04-06 06:00:00,118480.0,118770.0,118060.0,118565.0,792646,2253287
2022-04-06 07:00:00,118565.0,118860.0,117680.0,117715.0,1090281,3291415
2022-04-06 08:00:00,117715.0,118395.0,117660.0,118115.0,704689,2194885
2022-04-06 09:00:00,118115.0,118475.0,117895.0,118310.0,534986,1727491
2022-04-06 10:00:00,118305.0,118705.0,118170.0,118375.0,398484,1347247
2022-04-06 11:00:00,118375.0,118460.0,117915.0,117970.0,394080,1270233
2022-04-06 12:00:00,117975.0,118580.0,116915.0,118335.0,921224,3103965
2022-04-06 13:00:00,118335.0,118605.0,117735.0,118220.0,478657,1591797
2022-04-06 14:00:00,118220.0,118550.0,118150.0,118205.0,229894,706335
2022-04-07 06:00:00,118560.0,118770.0,117705.0,117875.0,635714,1890954
2022-04-07 07:00:00,117880.0,118430.0,117535.0,118235.0,978936,3076255
2022-04-07 08:00:00,118230.0,118580.0,117955.0,118050.0,807468,2587373
2022-04-07 09:00:00,118055.0,118425.0,117765.0,117955.0,566790,1863032
2022-04-07 10:00:00,117955.0,118300.0,117885.0,118255.0,370586,1253512
2022-04-07 11:00:00,118255.0,118710.0,118235.0,118675.0,447157,1573286
2022-04-07 12:00:00,118670.0,119020.0,118345.0,118990.0,466848,1656521
2022-04-07 13:00:00,118990.0,119435.0,118885.0,118980.0,477190,1696045
2022-04-07 14:00:00,118980.0,119170.0,118910.0,118960.0,179689,596886
2022-04-08 06:00:00,119290.0,119290.0,118355.0,118355.0,586497,1754823
2022-04-08 07:00:00,118355.0,118600.0,117515.0,117565.0,857443,2837126
2022-04-08 08:00:00,117560.0,118780.0,117560.0,118740.0,657930,2327412
2022-04-08 09:00:00,118740.0,118945.0,118495.0,118560.0,395272,1465086
2022-04-08 10:00:00,118560.0,118860.0,118475.0,118750.0,287884,1087277
2022-04-08 11:00:00,118750.0,118890.0,118275.0,118460.0,378426,1358345
2022-04-08 12:00:00,118460.0,118585.0,118255.0,118530.0,334315,1215067
2022-04-08 13:00:00,118530.0,118545.0,118140.0,118240.0,377718,1380290
2022-04-08 14:00:00,118240.0,118515.0,118225.0,118330.0,197666,634987
2022-04-11 06:00:00,117725.0,117830.0,117115.0,117125.0,677636,1865431
2022-04-11 07:00:00,117120.0,117695.0,116975.0,117650.0,928047,2855051
2022-04-11 08:00:00,117650.0,117780.0,117155.0,117425.0,662830,2119816
2022-04-11 09:00:00,117420.0,117460.0,117110.0,117325.0,398265,1319157
2022-04-11 10:00:00,117325.0,117595.0,117215.0,117250.0,319928,1068502
2022-04-11 11:00:00,117250.0,117660.0,117250.0,117640.0,344899,1153333
2022-04-11 12:00:00,117635.0,117660.0,117185.0,117295.0,381498,1317777
2022-04-11 13:00:00,117300.0,117465.0,116750.0,116915.0,414844,1418977
2022-04-11 14:00:00,116920.0,117060.0,116780.0,116985.0,207162,593836
2022-04-12 06:00:00,117420.0,118535.0,117315.0,118430.0,838551,2169158
2022-04-12 07:00:00,118425.0,118590.0,117935.0,118100.0,803959,2292323
2022-04-12 08:00:00,118100.0,118125.0,117625.0,117715.0,567161,1652333
2022-04-12 09:00:00,117715.0,117885.0,117455.0,117710.0,438831,1304523
2022-04-12 10:00:00,117705.0,117760.0,117255.0,117470.0,437587,1304819
2022-04-12 11:00:00,117475.0,117635.0,116835.0,116895.0,474935,1428229
2022-04-12 12:00:00,116895.0,117030.0,116210.0,116435.0,527219,1636033
2022-04-12 13:00:00,116435.0,116575.0,116065.0,116335.0,414793,1345499
2022-04-12 14:00:00,116335.0,116530.0,116160.0,116530.0,208339,573077
2022-04-13 06:00:00,118820.0,119065.0,118550.0,118895.0,584800,1482892
2022-04-13 07:00:00,118895.0,119130.0,118485.0,118635.0,870267,2571806
2022-04-13 08:00:00,118640.0,118735.0,118355.0,118520.0,560141,1732213
2022-04-13 09:00:00,118520.0,118790.0,118295.0,118490.0,446367,1526000
2022-04-13 10:00:00,118490.0,119095.0,118455.0,119080.0,391825,1342359
2022-04-13 11:00:00,119080.0,119460.0,118570.0,118760.0,404953,1518195
2022-04-13 12:00:00,118760.0,119150.0,118615.0,118965.0,377845,1354581
2022-04-13 13:00:00,118965.0,119095.0,118705.0,118765.0,361479,1313306
2022-04-13 14:00:00,118765.0,119180.0,118715.0,118985.0,191767,595230
2022-04-14 06:00:00,118750.0,118865.0,118390.0,118425.0,587942,1605675
2022-04-14 07:00:00,118425.0,118805.0,118075.0,118370.0,989809,3004009
2022-04-14 08:00:00,118365.0,118620.0,118015.0,118125.0,683780,2131814
2022-04-14 09:00:00,118125.0,118420.0,117795.0,117900.0,482476,1565143
2022-04-14 10:00:00,117900.0,117900.0,117610.0,117730.0,331032,1085756
2022-04-14 11:00:00,117730.0,118020.0,117570.0,117955.0,331238,1112117
2022-04-14 12:00:00,117960.0,118070.0,117785.0,117810.0,333108,1141516
2022-04-14 13:00:00,117815.0,118070.0,117740.0,117920.0,306962,976028
2022-04-14 14:00:00,117920.0,118040.0,117785.0,117900.0,124624,416105
2022-04-18 06:00:00,117735.0,117975.0,117595.0,117735.0,500952,1353161
2022-04-18 07:00:00,117740.0,118110.0,117230.0,117290.0,1036103,2996196
2022-04-18 08:00:00,117290.0,117835.0,117095.0,117725.0,599612,1841410
2022-04-18 09:00:00,117720.0,117745.0,117505.0,117565.0,357854,1110185
2022-04-18 10:00:00,117565.0,117930.0,117465.0,117910.0,375369,1130696
2022-04-18 11:00:00,117915.0,118235.0,117840.0,118025.0,519522,1652369
2022-04-18 12:00:00,118030.0,118105.0,117450.0,117460.0,381711,1224451
2022-04-18 13:00:00,117465.0,117665.0,117345.0,117565.0,365371,1123571
2022-04-18 14:00:00,117570.0,117890.0,117560.0,117610.0,222993,685117
2022-04-19 06:00:00,117415.0,117460.0,117005.0,117040.0,502965,1426662
2022-04-19 07:00:00,117045.0,117135.0,116575.0,117115.0,832983,2625222
2022-04-19 08:00:00,117115.0,117315.0,116685.0,116855.0,613604,2087366
2022-04-19 09:00:00,116850.0,116950.0,116350.0,116355.0,433540,1503882
2022-04-19 10:00:00,116355.0,116460.0,116240.0,116335.0,288218,1037638
2022-04-19 11:00:00,116335.0,116490.0,116220.0,116345.0,305205,1104995
2022-04-19 12:00:00,116350.0,116520.0,116110.0,116460.0,352623,1249422
2022-04-19 13:00:00,116455.0,117370.0,116390.0,117190.0,468427,1804476
2022-04-19 14:00:00,117190.0,117210.0,116865.0,116950.0,205671,683571
2022-04-20 06:00:00,117395.0,117410.0,116660.0,116735.0,516430,1454947
2022-04-20 07:00:00,116735.0,116835.0,116090.0,116180.0,889933,2969628
2022-04-20 08:00:00,116180.0,116410.0,115975.0,116265.0,570482,1833155
2022-04-20 09:00:00,116270.0,116280.0,115715.0,115970.0,513706,1711946
2022-04-20 10:00:00,115975.0,116095.0,115835.0,116085.0,276656,972702
2022-04-20 11:00:00,116085.0,116165.0,115945.0,116100.0,347460,1193319
2022-04-20 12:00:00,116100.0,116195.0,115820.0,115855.0,379135,1296742
2022-04-20 13:00:00,115850.0,116185.0,115825.0,116170.0,324836,1206398
2022-04-20 14:00:00,116170.0,116180.0,115760.0,115760.0,166829,560138
2022-04-22 06:00:00,114500.0,114640.0,113940.0,114340.0,516063,1404640
2022-04-22 07:00:00,114340.0,114420.0,113860.0,114215.0,829398,2407124
2022-04-22 08:00:00,114215.0,114620.0,113460.0,113515.0,691520,2154374
2022-04-22 09:00:00,113515.0,113700.0,113260.0,113470.0,411767,1281058
2022-04-22 10:00:00,113470.0,113770.0,113430.0,113470.0,340281,1110123
2022-04-22 11:00:00,113470.0,113505.0,112855.0,112870.0,431764,1429990
2022-04-22 12:00:00,112875.0,113205.0,112455.0,112615.0,483577,1678956
2022-04-22 13:00:00,112615.0,112740.0,112240.0,112605.0,565576,1928832
2022-04-22 14:00:00,112605.0,112890.0,112485.0,112890.0,242456,669721
2022-04-25 06:00:00,111335.0,111630.0,111050.0,111620.0,607157,1668995
2022-04-25 07:00:00,111615.0,111790.0,111195.0,111265.0,983791,2840408
2022-04-25 08:00:00,111265.0,111730.0,110915.0,110925.0,794965,2412177
2022-04-25 09:00:00,110925.0,111280.0,110825.0,111010.0,561113,1808322
2022-04-25 10:00:00,111010.0,111930.0,110975.0,111670.0,525386,1750918
2022-04-25 11:00:00,111670.0,111980.0,111445.0,111735.0,517154,1795589
2022-04-25 12:00:00,111740.0,112850.0,111635.0,112545.0,616716,2250344
2022-04-25 13:00:00,112550.0,112860.0,112330.0,112470.0,465373,1701232
2022-04-25 14:00:00,112470.0,112585.0,112220.0,112400.0,203977,660730
2022-04-26 06:00:00,112085.0,112100.0,111350.0,111435.0,535518,1496568
2022-04-26 07:00:00,111435.0,111860.0,110775.0,110965.0,972875,3027318
2022-04-26 08:00:00,110965.0,111155.0,110305.0,110475.0,686825,2194307
2022-04-26 09:00:00,110470.0,110485.0,110220.0,110325.0,438556,1498999
2022-04-26 10:00:00,110325.0,110665.0,110155.0,110605.0,366823,1243017
2022-04-26 11:00:00,110600.0,110630.0,110230.0,110300.0,350994,1214546
2022-04-26 12:00:00,110300.0,110475.0,109910.0,110100.0,413939,1452474
2022-04-26 13:00:00,110105.0,110215.0,109505.0,109715.0,499412,1776936
2022-04-26 14:00:00,109715.0,109835.0,109210.0,109235.0,253972,868898
2022-04-27 06:00:00,110505.0,111645.0,110390.0,111565.0,714871,2069767
2022-04-27 07:00:00,111565.0,111655.0,110765.0,111475.0,1064418,3204940
2022-04-27 08:00:00,111480.0,111705.0,110680.0,111035.0,866755,2646502
2022-04-27 09:00:00,111040.0,111385.0,110895.0,111255.0,541165,1697738
2022-04-27 10:00:00,111255.0,111580.0,110935.0,110990.0,463398,1525651
2022-04-27 11:00:00,110995.0,111115.0,110480.0,111100.0,647832,2057793
2022-04-27 12:00:00,111105.0,111190.0,110800.0,110905.0,492117,1568731
2022-04-27 13:00:00,110905.0,110980.0,110575.0,110685.0,527311,1633763
2022-04-27 14:00:00,110690.0,111080.0,110580.0,111030.0,236293,678350
2022-04-28 06:00:00,112105.0,112205.0,111505.0,111530.0,603671,1562989
2022-04-28 07:00:00,111525.0,111660.0,110840.0,111035.0,895349,2631024
2022-04-28 08:00:00,111035.0,111040.0,110325.0,110620.0,694717,2192643
2022-04-28 09:00:00,110620.0,110845.0,110565.0,110605.0,436406,1440860
2022-04-28 10:00:00,110605.0,111445.0,110530.0,111225.0,461986,1606095
2022-04-28 11:00:00,111225.0,111545.0,111100.0,111410.0,476111,1588178
2022-04-28 12:00:00,111405.0,112145.0,111380.0,112010.0,432830,1479400
2022-04-28 13:00:00,112015.0,112270.0,111260.0,111490.0,504735,1735523
2022-04-28 14:00:00,111490.0,111545.0,110905.0,110905.0,280230,858517
2022-04-29 06:00:00,110840.0,113095.0,110740.0,112885.0,876029,2616078
2022-04-29 07:00:00,112890.0,113400.0,112830.0,113205.0,830735,2532164
2022-04-29 08:00:00,113205.0,113295.0,112430.0,112660.0,636820,2124381
2022-04-29 09:00:00,112660.0,112965.0,112540.0,112560.0,450264,1641507
2022-04-29 10:00:00,112555.0,112575.0,112050.0,112170.0,373307,1342332
2022-04-29 11:00:00,112165.0,112460.0,111955.0,111980.0,437501,1668228
2022-04-29 12:00:00,111980.0,112200.0,110555.0,110820.0,601020,2223721
2022-04-29 13:00:00,110810.0,110895.0,108475.0,108875.0,711474,2471615
2022-04-29 14:00:00,108870.0,109175.0,108425.0,109000.0,345224,1118885
2022-05-02 06:00:00,108720.0,109500.0,108625.0,108875.0,676319,1759772
2022-05-02 07:00:00,108875.0,109325.0,107805.0,108100.0,1114866,3169071
2022-05-02 08:00:00,108105.0,108280.0,107355.0,107560.0,844747,2530144
2022-05-02 09:00:00,107560.0,107590.0,106695.0,107210.0,626071,1957723
2022-05-02 10:00:00,107215.0,107540.0,106870.0,106985.0,463047,1492131
2022-05-02 11:00:00,106985.0,107355.0,106800.0,107010.0,489388,1622570
2022-05-02 12:00:00,107015.0,107350.0,106485.0,106675.0,662079,2119361
2022-05-02 13:00:00,106675.0,107970.0,106615.0,107885.0,735925,2315174
2022-05-02 14:00:00,107885.0,108100.0,107730.0,108100.0,250231,770423
2022-05-03 06:00:00,107950.0,108520.0,107870.0,107910.0,704547,1939432
2022-05-03 07:00:00,107915.0,108370.0,107670.0,108155.0,1099327,3168201
2022-05-03 08:00:00,108155.0,108485.0,107855.0,108150.0,805934,2392902
2022-05-03 09:00:00,108155.0,108435.0,107930.0,108135.0,545032,1748651
2022-05-03 10:00:00,108140.0,108155.0,107605.0,107950.0,536310,1626160
2022-05-03 11:00:00,107950.0,108265.0,107875.0,108075.0,483363,1441304
2022-05-03 12:00:00,108075.0,108095.0,107315.0,107845.0,638159,1925041
2022-05-03 13:00:00,107845.0,108075.0,107350.0,107710.0,588405,1782746
2022-05-03 14:00:00,107710.0,107845.0,107540.0,107820.0,204113,614105
2022-05-04 06:00:00,107980.0,108100.0,107200.0,107220.0,563002,1587254
2022-05-04 07:00:00,107220.0,107270.0,106510.0,106565.0,836382,2562803
2022-05-04 08:00:00,106560.0,106610.0,106115.0,106435.0,655085,2132193
2022-05-04 09:00:00,106435.0,106580.0,106310.0,106440.0,423575,1446659
2022-05-04 10:00:00,106435.0,106930.0,106340.0,106920.0,425840,1473388
2022-05-04 11:00:00,106925.0,107095.0,106665.0,106920.0,459896,1603249
2022-05-04 12:00:00,106920.0,108845.0,106245.0,108300.0,1437876,4211081
2022-05-04 13:00:00,108295.0,109800.0,108060.0,109485.0,835395,2478440
2022-05-04 14:00:00,109485.0,110025.0,109405.0,109920.0,259336,886341
2022-05-05 06:00:00,109060.0,109255.0,108290.0,108295.0,585669,1574576
2022-05-05 07:00:00,108290.0,108375.0,106945.0,107060.0,953431,3115263
2022-05-05 08:00:00,107060.0,107110.0,105110.0,106130.0,978591,3325881
2022-05-05 09:00:00,106135.0,106140.0,105065.0,105390.0,831255,2505391
2022-05-05 10:00:00,105395.0,106220.0,105115.0,106190.0,725965,2145120
2022-05-05 11:00:00,106190.0,106575.0,105820.0,106165.0,697745,2182751
2022-05-05 12:00:00,106170.0,106445.0,105865.0,105990.0,620164,1883599
2022-05-05 13:00:00,105985.0,106810.0,105625.0,106630.0,727555,2291583
2022-05-05 14:00:00,106625.0,106900.0,106420.0,106835.0,245798,786568
2022-05-06 06:00:00,106150.0,107500.0,106050.0,106495.0,1095173,2706946
2022-05-06 07:00:00,106495.0,106940.0,105065.0,105300.0,1268845,3299771
2022-05-06 08:00:00,105305.0,107010.0,105260.0,106890.0,1001407,2790495
2022-05-06 09:00:00,106890.0,107530.0,106540.0,106615.0,687817,2014691
2022-05-06 10:00:00,106615.0,106970.0,106400.0,106875.0,633977,1857821
2022-05-06 11:00:00,106875.0,106995.0,105935.0,106055.0,686521,2059410
2022-05-06 12:00:00,106050.0,106445.0,105815.0,106110.0,600941,1797232
2022-05-06 13:00:00,106105.0,106710.0,105895.0,106475.0,608784,1776746
2022-05-06 14:00:00,106475.0,106485.0,105910.0,106330.0,204215,580121
2022-05-09 06:00:00,104790.0,104970.0,104240.0,104475.0,650167,1683161
2022-05-09 07:00:00,104470.0,105185.0,104285.0,104440.0,1146594,3203745
2022-05-09 08:00:00,104430.0,104660.0,104000.0,104050.0,886120,2558490
2022-05-09 09:00:00,104055.0,104950.0,103925.0,104850.0,634176,1958875
2022-05-09 10:00:00,104855.0,105650.0,104685.0,104950.0,671814,2077773
2022-05-09 11:00:00,104950.0,105045.0,104405.0,104625.0,686135,2148110
2022-05-09 12:00:00,104620.0,104895.0,104325.0,104690.0,591288,1862555
2022-05-09 13:00:00,104690.0,104970.0,104180.0,104420.0,608112,1947457
2022-05-09 14:00:00,104420.0,104780.0,104395.0,104655.0,227310,680576
2022-05-10 06:00:00,105185.0,105285.0,104620.0,105085.0,636793,1644329
2022-05-10 07:00:00,105080.0,105290.0,104235.0,104825.0,1108400,3246619
2022-05-10 08:00:00,104830.0,104935.0,103970.0,104170.0,979116,2841133
2022-05-10 09:00:00,104165.0,104220.0,103590.0,103780.0,806364,2385833
2022-05-10 10:00:00,103780.0,103980.0,103400.0,103565.0,607598,1804655
2022-05-10 11:00:00,103565.0,104540.0,103520.0,104505.0,690238,2113206
2022-05-10 12:00:00,104505.0,104565.0,104115.0,104345.0,706001,2078880
2022-05-10 13:00:00,104345.0,104665.0,103935.0,104150.0,610720,1823124
2022-05-10 14:00:00,104150.0,104425.0,104030.0,104360.0,185458,564047
2022-05-11 06:00:00,105275.0,105650.0,104075.0,104245.0,1138180,2804648
2022-05-11 07:00:00,104245.0,106125.0,104190.0,106120.0,1283624,3816723
2022-05-11 08:00:00,106125.0,106340.0,105870.0,106025.0,850517,2526980
2022-05-11 09:00:00,106025.0,106420.0,105875.0,106215.0,581434,1769871
2022-05-11 10:00:00,106210.0,106280.0,105665.0,105700.0,571612,1823617
2022-05-11 11:00:00,105700.0,105740.0,105075.0,105175.0,660574,2109610
2022-05-11 12:00:00,105180.0,105905.0,104975.0,105685.0,725504,2264906
2022-05-11 13:00:00,105680.0,105735.0,105115.0,105245.0,525824,1706174
2022-05-11 14:00:00,105245.0,105690.0,105215.0,105605.0,193284,644200
2022-05-12 06:00:00,104460.0,104815.0,104235.0,104475.0,760509,1977911
2022-05-12 07:00:00,104480.0,105340.0,104375.0,105010.0,1272404,3643015
2022-05-12 08:00:00,105005.0,106245.0,104820.0,106150.0,1036328,3000848
2022-05-12 09:00:00,106150.0,106615.0,105830.0,105855.0,656355,1991253
2022-05-12 10:00:00,105855.0,106290.0,105735.0,106060.0,571145,1646147
2022-05-12 11:00:00,106055.0,106140.0,105710.0,105980.0,491582,1460693
2022-05-12 12:00:00,105980.0,106135.0,105615.0,105625.0,521583,1620324
2022-05-12 13:00:00,105625.0,106920.0,105560.0,106890.0,779673,2456126
2022-05-12 14:00:00,106890.0,107025.0,106720.0,106950.0,216551,664445
2022-05-13 06:00:00,108065.0,108115.0,107200.0,107265.0,534706,1414643
2022-05-13 07:00:00,107265.0,108195.0,107100.0,108175.0,983954,2802805
2022-05-13 08:00:00,108170.0,108740.0,108105.0,108485.0,684308,2140519
2022-05-13 09:00:00,108485.0,108490.0,108220.0,108480.0,418410,1323988
2022-05-13 10:00:00,108480.0,108810.0,108315.0,108515.0,434439,1431606
2022-05-13 11:00:00,108515.0,108565.0,108150.0,108280.0,414111,1370984
2022-05-13 12:00:00,108280.0,108310.0,107905.0,108300.0,528426,1698003
2022-05-13 13:00:00,108300.0,108410.0,108020.0,108135.0,437026,1463352
2022-05-13 14:00:00,108135.0,108140.0,107760.0,107760.0,170060,559671
2022-05-16 06:00:00,107575.0,108270.0,107575.0,108105.0,618430,1582392
2022-05-16 07:00:00,108105.0,108815.0,107760.0,108410.0,1227684,3434228
2022-05-16 08:00:00,108405.0,108915.0,108080.0,108750.0,838808,2390942
2022-05-16 09:00:00,108750.0,109240.0,108660.0,109160.0,564157,1758452
2022-05-16 10:00:00,109160.0,109495.0,109150.0,109215.0,437145,1483441
2022-05-16 11:00:00,109210.0,109630.0,109170.0,109420.0,421815,1375377
2022-05-16 12:00:00,109415.0,109800.0,109340.0,109560.0,455722,1507441
2022-05-16 13:00:00,109555.0,109635.0,109125.0,109320.0,456654,1561715
2022-05-16 14:00:00,109315.0,109380.0,109020.0,109300.0,187542,640359
2022-05-17 06:00:00,110310.0,110790.0,109945.0,110555.0,711488,1868967
2022-05-17 07:00:00,110555.0,110690.0,110165.0,110495.0,958396,2782805
2022-05-17 08:00:00,110490.0,110580.0,109565.0,109670.0,814475,2603744
2022-05-17 09:00:00,109670.0,110000.0,109485.0,109960.0,447030,1452256
2022-05-17 10:00:00,109960.0,109995.0,109660.0,109895.0,379697,1234035
2022-05-17 11:00:00,109895.0,110040.0,109685.0,109740.0,365970,1198680
2022-05-17 12:00:00,109735.0,110015.0,109225.0,109665.0,879869,2737343
2022-05-17 13:00:00,109660.0,109855.0,109580.0,109800.0,414029,1332471
2022-05-17 14:00:00,109800.0,110050.0,109770.0,110050.0,141509,475202
2022-05-18 06:00:00,109260.0,109855.0,109105.0,109485.0,613601,1691100
2022-05-18 07:00:00,109480.0,109520.0,108560.0,108790.0,901769,2613079
2022-05-18 08:00:00,108790.0,108990.0,108360.0,108540.0,694552,2058411
2022-05-18 09:00:00,108540.0,108550.0,107970.0,108025.0,515538,1650982
2022-05-18 10:00:00,108020.0,108140.0,107760.0,108065.0,432241,1440498
2022-05-18 11:00:00,108060.0,108075.0,106975.0,107110.0,586532,2127159
2022-05-18 12:00:00,107105.0,107385.0,106820.0,106855.0,534603,1850189
2022-05-18 13:00:00,106850.0,107280.0,106775.0,107070.0,547038,1926807
2022-05-18 14:00:00,107070.0,107090.0,106830.0,106965.0,197559,707934
2022-05-19 06:00:00,106580.0,107395.0,106500.0,107355.0,806640,2135221
2022-05-19 07:00:00,107350.0,107880.0,107035.0,107405.0,1121813,3250566
2022-05-19 08:00:00,107400.0,107775.0,107060.0,107390.0,893911,2635548
2022-05-19 09:00:00,107385.0,108065.0,107215.0,107740.0,609441,1926351
2022-05-19 10:00:00,107740.0,107815.0,107250.0,107660.0,462143,1475571
2022-05-19 11:00:00,107655.0,108155.0,107475.0,108120.0,564669,1783468
2022-05-19 12:00:00,108120.0,108170.0,107700.0,107955.0,544466,1788908
2022-05-19 13:00:00,107955.0,108270.0,107705.0,107775.0,497603,1724985
2022-05-19 14:00:00,107775.0,107860.0,107625.0,107860.0,141496,484435
2022-05-20 06:00:00,108650.0,109495.0,108445.0,109080.0,640041,1715991
2022-05-20 07:00:00,109080.0,109510.0,108935.0,109455.0,949173,2647778
2022-05-20 08:00:00,109450.0,109630.0,108825.0,108905.0,846591,2490595
2022-05-20 09:00:00,108905.0,108970.0,108480.0,108800.0,585965,1786064
2022-05-20 10:00:00,108800.0,108875.0,108255.0,108430.0,533335,1633623
2022-05-20 11:00:00,108430.0,108710.0,108140.0,108645.0,597059,1859148
2022-05-20 12:00:00,108650.0,109040.0,108365.0,108885.0,565568,1773450
2022-05-20 13:00:00,108885.0,109580.0,108620.0,109435.0,589903,1870304
2022-05-20 14:00:00,109430.0,109685.0,109195.0,109410.0,183494,594449
2022-05-23 06:00:00,110050.0,110590.0,110000.0,110150.0,555214,1468801
2022-05-23 07:00:00,110150.0,110520.0,110005.0,110045.0,969914,2757405
2022-05-23 08:00:00,110045.0,110950.0,109840.0,110940.0,933473,2831585
2022-05-23 09:00:00,110935.0,111265.0,110860.0,111095.0,521706,1676077
2022-05-23 10:00:00,111090.0,111285.0,111010.0,111090.0,339018,1113760
2022-05-23 11:00:00,111090.0,111370.0,110930.0,111350.0,400227,1333242
2022-05-23 12:00:00,111350.0,111515.0,111195.0,111325.0,391732,1356574
2022-05-23 13:00:00,111320.0,111490.0,111190.0,111450.0,395180,1373308
2022-05-23 14:00:00,111450.0,111465.0,111225.0,111450.0,162130,587772
2022-05-24 06:00:00,110200.0,110350.0,109710.0,109855.0,580827,1616248
2022-05-24 07:00:00,109860.0,110530.0,109560.0,109990.0,1185912,3530948
2022-05-24 08:00:00,109990.0,109995.0,109125.0,109400.0,880593,2654153
2022-05-24 09:00:00,109405.0,110515.0,109210.0,110255.0,672427,2150832
2022-05-24 10:00:00,110255.0,110385.0,109650.0,109935.0,550841,1748760
2022-05-24 11:00:00,109930.0,110195.0,109765.0,110175.0,451859,1497500
2022-05-24 12:00:00,110180.0,110640.0,109860.0,110000.0,584210,1939192
2022-05-24 13:00:00,110005.0,111410.0,109985.0,111345.0,648405,2174800
2022-05-24 14:00:00,111340.0,111530.0,111150.0,111365.0,183686,572763
2022-05-25 06:00:00,110815.0,110860.0,110415.0,110580.0,543465,1436745
2022-05-25 07:00:00,110580.0,111035.0,110275.0,110930.0,1024666,2916099
2022-05-25 08:00:00,110930.0,111225.0,110740.0,111100.0,676858,1955854
2022-05-25 09:00:00,111095.0,111245.0,110810.0,111080.0,454556,1344137
2022-05-25 10:00:00,111080.0,111150.0,110730.0,110910.0,352739,1054120
2022-05-25 11:00:00,110910.0,111050.0,110715.0,110915.0,341989,1073558
2022-05-25 12:00:00,110910.0,111470.0,110545.0,111360.0,762429,2301793
2022-05-25 13:00:00,111360.0,111745.0,111200.0,111235.0,402644,1299679
2022-05-25 14:00:00,111240.0,111365.0,110895.0,110895.0,189505,556612
2022-05-26 06:00:00,111500.0,111910.0,111085.0,111150.0,479934,1243877
2022-05-26 07:00:00,111150.0,112200.0,110945.0,112150.0,965477,2765110
2022-05-26 08:00:00,112150.0,112465.0,112125.0,112375.0,505186,1627193
2022-05-26 09:00:00,112370.0,112575.0,112305.0,112405.0,315325,1038800
2022-05-26 10:00:00,112405.0,112620.0,112370.0,112560.0,217695,809556
2022-05-26 11:00:00,112560.0,112650.0,112270.0,112370.0,318181,1093248
2022-05-26 12:00:00,112365.0,112750.0,112310.0,112685.0,385452,1370082
2022-05-26 13:00:00,112685.0,112790.0,112505.0,112625.0,387855,1413921
2022-05-26 14:00:00,112625.0,112670.0,112410.0,112640.0,198819,684071
2022-05-27 06:00:00,112300.0,112785.0,111960.0,112350.0,622859,1684080
2022-05-27 07:00:00,112350.0,112795.0,112190.0,112565.0,889482,2655701
2022-05-27 08:00:00,112560.0,112860.0,112080.0,112740.0,679351,2090454
2022-05-27 09:00:00,112740.0,112770.0,112460.0,112555.0,352509,1073576
2022-05-27 10:00:00,112555.0,112630.0,112335.0,112465.0,279883,871797
2022-05-27 11:00:00,112465.0,112880.0,112335.0,112845.0,343913,1114409
2022-05-27 12:00:00,112850.0,113080.0,112800.0,112840.0,327630,1128770
2022-05-27 13:00:00,112840.0,112940.0,112325.0,112535.0,377883,1322329
2022-05-27 14:00:00,112535.0,112620.0,112420.0,112470.0,135669,420487
2022-05-30 06:00:00,113215.0,113680.0,113180.0,113225.0,389568,1080612
2022-05-30 07:00:00,113225.0,113375.0,112665.0,112715.0,672737,2000965
2022-05-30 08:00:00,112715.0,112715.0,111340.0,111490.0,678948,2219384
2022-05-30 09:00:00,111495.0,111670.0,111150.0,111210.0,352986,1122882
2022-05-30 10:00:00,111210.0,111585.0,111120.0,111580.0,279253,958071
2022-05-30 11:00:00,111580.0,111715.0,111415.0,111535.0,257410,815954
2022-05-30 12:00:00,111530.0,111685.0,111440.0,111560.0,248059,809204
2022-05-30 13:00:00,111560.0,111585.0,111360.0,111515.0,222925,715322
2022-05-30 14:00:00,111510.0,111605.0,111005.0,111005.0,158578,533562
2022-05-31 06:00:00,111290.0,112270.0,111280.0,112190.0,650732,1855133
2022-05-31 07:00:00,112190.0,112415.0,111835.0,112060.0,971595,2808604
2022-05-31 08:00:00,112060.0,112465.0,111770.0,112220.0,813618,2406480
2022-05-31 09:00:00,112220.0,112340.0,111570.0,112105.0,541127,1722333
2022-05-31 10:00:00,112105.0,112275.0,111790.0,112030.0,447301,1529039
2022-05-31 11:00:00,112035.0,112165.0,111690.0,112135.0,537654,1830797
2022-05-31 12:00:00,112135.0,112150.0,111370.0,111495.0,541895,1909817
2022-05-31 13:00:00,111495.0,111715.0,111140.0,111350.0,572259,1928727
2022-05-31 14:00:00,111350.0,111825.0,111350.0,111800.0,221388,719134
2022-06-01 06:00:00,112175.0,112400.0,111820.0,112170.0,462388,1290816
2022-06-01 07:00:00,112165.0,112370.0,111650.0,112200.0,1009144,3114889
2022-06-01 08:00:00,112195.0,112395.0,111170.0,112310.0,968729,3008143
2022-06-01 09:00:00,112310.0,112440.0,111535.0,111590.0,613726,1920434
2022-06-01 10:00:00,111590.0,111945.0,111555.0,111885.0,408942,1258386
2022-06-01 11:00:00,111885.0,112315.0,111875.0,112055.0,413654,1336587
2022-06-01 12:00:00,112055.0,112425.0,111955.0,112150.0,440825,1473091
2022-06-01 13:00:00,112145.0,112250.0,111700.0,111720.0,357410,1231958
2022-06-01 14:00:00,111725.0,111915.0,111600.0,111885.0,205997,663727
2022-06-02 06:00:00,112200.0,112670.0,111905.0,112650.0,511259,1360008
2022-06-02 07:00:00,112645.0,113030.0,111765.0,111945.0,1023706,3211898
2022-06-02 08:00:00,111945.0,112295.0,111525.0,111900.0,790747,2430466
2022-06-02 09:00:00,111900.0,112780.0,111865.0,112695.0,504491,1669136
2022-06-02 10:00:00,112695.0,113130.0,112625.0,113095.0,349545,1222128
2022-06-02 11:00:00,113095.0,113175.0,112860.0,113125.0,338901,1168786
2022-06-02 12:00:00,113125.0,113210.0,112870.0,112905.0,291536,1017720
2022-06-02 13:00:00,112905.0,112925.0,112650.0,112830.0,365615,1300857
2022-06-02 14:00:00,112825.0,112910.0,112490.0,112865.0,216498,710325
2022-06-03 06:00:00,112230.0,112395.0,111770.0,112040.0,642576,1731752
2022-06-03 07:00:00,112040.0,112310.0,111535.0,112080.0,1012997,3033852
2022-06-03 08:00:00,112075.0,112200.0,111605.0,111705.0,727004,2189616
2022-06-03 09:00:00,111700.0,111760.0,111235.0,111690.0,502822,1631666
2022-06-03 10:00:00,111695.0,111935.0,111605.0,111875.0,407260,1308235
2022-06-03 11:00:00,111875.0,112035.0,111475.0,111520.0,439091,1454306
2022-06-03 12:00:00,111525.0,111645.0,111315.0,111525.0,393612,1292331
2022-06-03 13:00:00,111525.0,111715.0,111395.0,111505.0,374270,1260628
2022-06-03 14:00:00,111510.0,111750.0,111385.0,111750.0,161497,547494
2022-06-06 06:00:00,112565.0,112735.0,112060.0,112115.0,422349,1229690
2022-06-06 07:00:00,112115.0,112310.0,111645.0,111885.0,873708,2710350
2022-06-06 08:00:00,111885.0,111985.0,110740.0,111005.0,737315,2357653
2022-06-06 09:00:00,111010.0,111100.0,110630.0,110910.0,458341,1494807
2022-06-06 10:00:00,110910.0,110925.0,110255.0,110530.0,437733,1480439
2022-06-06 11:00:00,110530.0,110895.0,110350.0,110890.0,360734,1255583
2022-06-06 12:00:00,110890.0,110915.0,110275.0,110495.0,458552,1642669
2022-06-06 13:00:00,110495.0,110615.0,110370.0,110535.0,352082,1235287
2022-06-06 14:00:00,110535.0,110780.0,110470.0,110690.0,150354,540997
2022-06-07 06:00:00,110190.0,110610.0,109745.0,109820.0,765009,2098975
2022-06-07 07:00:00,109815.0,110710.0,109620.0,110250.0,1149422,3551216
2022-06-07 08:00:00,110250.0,110620.0,109830.0,110575.0,720872,2252371
2022-06-07 09:00:00,110575.0,110690.0,110195.0,110425.0,475641,1551933
2022-06-07 10:00:00,110430.0,110645.0,110305.0,110590.0,289391,927692
2022-06-07 11:00:00,110595.0,110610.0,110030.0,110265.0,382109,1331923
2022-06-07 12:00:00,110265.0,110695.0,110200.0,110480.0,393267,1403688
2022-06-07 13:00:00,110480.0,110570.0,110200.0,110275.0,308001,1106800
2022-06-07 14:00:00,110270.0,110455.0,110110.0,110350.0,188478,637023
2022-06-08 06:00:00,110125.0,110200.0,109215.0,109320.0,649374,1806626
2022-06-08 07:00:00,109325.0,110375.0,109175.0,110260.0,923044,2933063
2022-06-08 08:00:00,110255.0,110310.0,109520.0,109610.0,697158,2296924
2022-06-08 09:00:00,109605.0,109970.0,109420.0,109940.0,434313,1454129
2022-06-08 10:00:00,109935.0,110110.0,109045.0,109350.0,476962,1662455
2022-06-08 11:00:00,109350.0,109510.0,109070.0,109200.0,442906,1528960
2022-06-08 12:00:00,109200.0,109350.0,108315.0,108530.0,560595,2042521
2022-06-08 13:00:00,108535.0,108845.0,108215.0,108465.0,446599,1630171
2022-06-08 14:00:00,108460.0,108900.0,108375.0,108860.0,164725,553347
2022-06-09 06:00:00,109175.0,109445.0,107825.0,108245.0,954592,2664303
2022-06-09 07:00:00,108245.0,108400.0,107355.0,108370.0,1101763,3378658
2022-06-09 08:00:00,108370.0,108760.0,108000.0,108005.0,895430,2805513
2022-06-09 09:00:00,108005.0,108070.0,107675.0,107855.0,521496,1647833
2022-06-09 10:00:00,107855.0,108325.0,107840.0,108265.0,447319,1402222
2022-06-09 11:00:00,108270.0,108400.0,108010.0,108175.0,426921,1418335
2022-06-09 12:00:00,108175.0,108320.0,107925.0,108000.0,458803,1541429
2022-06-09 13:00:00,108000.0,108025.0,107160.0,107350.0,564623,1922830
2022-06-09 14:00:00,107350.0,107765.0,107275.0,107705.0,218657,713187
2022-06-10 06:00:00,107850.0,108030.0,105960.0,106185.0,1293532,3177332
2022-06-10 07:00:00,106190.0,106310.0,104685.0,105505.0,1134203,3227534
2022-06-10 08:00:00,105505.0,105635.0,104970.0,105370.0,732794,2154745
2022-06-10 09:00:00,105370.0,105710.0,105265.0,105665.0,522337,1653836
2022-06-10 10:00:00,105670.0,106130.0,105660.0,105830.0,526544,1690934
2022-06-10 11:00:00,105825.0,106110.0,105710.0,105710.0,469124,1522515
2022-06-10 12:00:00,105710.0,106250.0,105590.0,105930.0,504309,1699668
2022-06-10 13:00:00,105930.0,106010.0,105515.0,105550.0,489535,1594703
2022-06-10 14:00:00,105550.0,105750.0,105410.0,105450.0,208553,628080
2022-06-13 06:00:00,103600.0,103950.0,103125.0,103540.0,776968,2083434
2022-06-13 07:00:00,103540.0,104045.0,102480.0,102535.0,1178674,3496277
2022-06-13 08:00:00,102535.0,102725.0,101760.0,102510.0,867598,2630809
2022-06-13 09:00:00,102505.0,103435.0,102365.0,103150.0,689213,2209688
2022-06-13 10:00:00,103150.0,103470.0,102855.0,102880.0,557759,1725597
2022-06-13 11:00:00,102880.0,103235.0,102675.0,103020.0,489013,1539883
2022-06-13 12:00:00,103020.0,103115.0,102560.0,102830.0,553881,1756767
2022-06-13 13:00:00,102825.0,103050.0,102055.0,102555.0,750650,2365604
2022-06-13 14:00:00,102555.0,102880.0,102450.0,102800.0,268281,727916
2022-06-14 06:00:00,103000.0,103400.0,102565.0,102715.0,856434,2383691
2022-06-14 07:00:00,102720.0,103355.0,102375.0,102880.0,1232660,3563999
2022-06-14 08:00:00,102880.0,103030.0,101700.0,101985.0,927516,2849178
2022-06-14 09:00:00,101985.0,102630.0,101885.0,102375.0,597630,1831486
2022-06-14 10:00:00,102370.0,102380.0,101895.0,102175.0,517998,1572760
2022-06-14 11:00:00,102180.0,102650.0,101890.0,101970.0,548396,1744341
2022-06-14 12:00:00,101970.0,102195.0,101505.0,101565.0,585935,1931100
2022-06-14 13:00:00,101565.0,102230.0,101290.0,102225.0,610665,2070827
2022-06-14 14:00:00,102220.0,102225.0,101885.0,102070.0,206617,621913
2022-06-15 06:00:00,104865.0,105600.0,104350.0,105565.0,677712,1922167
2022-06-15 07:00:00,105560.0,105945.0,104905.0,105940.0,956011,2775579
2022-06-15 08:00:00,105940.0,105985.0,105165.0,105375.0,618570,1981688
2022-06-15 09:00:00,105380.0,105410.0,104900.0,105015.0,422083,1343927
2022-06-15 10:00:00,105020.0,105145.0,104385.0,104445.0,438669,1481878
2022-06-15 11:00:00,104445.0,105240.0,104425.0,105135.0,429039,1440087
2022-06-15 12:00:00,105145.0,106140.0,103920.0,105305.0,1489554,4035845
2022-06-15 13:00:00,105310.0,105835.0,104770.0,105010.0,696493,2127305
2022-06-15 14:00:00,105010.0,105195.0,104765.0,105140.0,194035,594276
2022-06-17 06:00:00,103070.0,103380.0,102825.0,102990.0,665420,1708030
2022-06-17 07:00:00,102990.0,103150.0,101530.0,102170.0,1271066,3564331
2022-06-17 08:00:00,102175.0,102200.0,100315.0,100875.0,1046955,3103289
2022-06-17 09:00:00,100875.0,101160.0,100685.0,100870.0,612173,1832688
2022-06-17 10:00:00,100875.0,101085.0,100560.0,100895.0,513698,1602833
2022-06-17 11:00:00,100895.0,101160.0,100360.0,100605.0,561604,1786181
2022-06-17 12:00:00,100605.0,101555.0,100550.0,101300.0,610914,2004774
2022-06-17 13:00:00,101300.0,101970.0,101050.0,101600.0,575316,1916482
2022-06-17 14:00:00,101605.0,101900.0,101335.0,101335.0,201760,611332
2022-06-20 06:00:00,101455.0,101775.0,101050.0,101335.0,636491,1734470
2022-06-20 07:00:00,101340.0,101650.0,100175.0,100770.0,1259790,3455090
2022-06-20 08:00:00,100765.0,101845.0,100455.0,101815.0,863459,2401281
2022-06-20 09:00:00,101815.0,102250.0,101740.0,102125.0,509056,1510320
2022-06-20 10:00:00,102120.0,102290.0,101910.0,101955.0,369865,1150716
2022-06-20 11:00:00,101950.0,102140.0,101755.0,102020.0,362247,1095059
2022-06-20 12:00:00,102020.0,102075.0,101770.0,101820.0,281957,899559
2022-06-20 13:00:00,101820.0,101915.0,101540.0,101715.0,306843,997559
2022-06-20 14:00:00,101710.0,101810.0,101555.0,101750.0,158292,561048
2022-06-21 06:00:00,102500.0,102730.0,102180.0,102310.0,659572,1930642
2022-06-21 07:00:00,102310.0,102880.0,101860.0,102250.0,1246003,3851542
2022-06-21 08:00:00,102245.0,102375.0,101785.0,101890.0,822709,2495315
2022-06-21 09:00:00,101895.0,102330.0,101525.0,101625.0,613100,1924877
2022-06-21 10:00:00,101625.0,102040.0,101610.0,102035.0,420326,1311032
2022-06-21 11:00:00,102030.0,102185.0,101065.0,101070.0,628306,2109172
2022-06-21 12:00:00,101065.0,101450.0,100845.0,101445.0,502126,1663290
2022-06-21 13:00:00,101445.0,101655.0,101265.0,101325.0,408811,1407456
2022-06-21 14:00:00,101325.0,102290.0,101265.0,102290.0,263296,815195
2022-06-22 06:00:00,100350.0,100590.0,99780.0,100415.0,797068,2154095
2022-06-22 07:00:00,100410.0,100680.0,99770.0,100390.0,1313880,3676752
2022-06-22 08:00:00,100390.0,101485.0,100215.0,101295.0,881354,2632513
2022-06-22 09:00:00,101295.0,101755.0,101005.0,101485.0,581675,1826783
2022-06-22 10:00:00,101480.0,102070.0,101440.0,101810.0,437655,1419086
2022-06-22 11:00:00,101810.0,102010.0,101710.0,101840.0,354357,1195399
2022-06-22 12:00:00,101845.0,102190.0,101575.0,101750.0,452191,1540192
2022-06-22 13:00:00,101750.0,101770.0,101075.0,101175.0,446837,1540167
2022-06-22 14:00:00,101175.0,101255.0,100790.0,100810.0,238387,736673
2022-06-23 06:00:00,101485.0,101715.0,101070.0,101660.0,709774,1977318
2022-06-23 07:00:00,101665.0,102015.0,100720.0,101115.0,1332985,3916685
2022-06-23 08:00:00,101115.0,101515.0,100680.0,101495.0,935809,2772601
2022-06-23 09:00:00,101500.0,101535.0,100430.0,100580.0,655733,2086238
2022-06-23 10:00:00,100580.0,100680.0,99955.0,100045.0,509551,1672434
2022-06-23 11:00:00,100050.0,100230.0,99565.0,99795.0,542631,1851171
2022-06-23 12:00:00,99795.0,99965.0,99520.0,99715.0,408067,1370825
2022-06-23 13:00:00,99715.0,100070.0,99435.0,99965.0,431031,1529615
2022-06-23 14:00:00,99960.0,99965.0,99200.0,99200.0,245321,810194
2022-06-24 06:00:00,100000.0,101015.0,99985.0,100855.0,620630,1769795
2022-06-24 07:00:00,100850.0,100910.0,99560.0,100140.0,1036426,3353113
2022-06-24 08:00:00,100145.0,101040.0,100140.0,100505.0,893463,2845442
2022-06-24 09:00:00,100505.0,100670.0,99885.0,99935.0,509975,1623385
2022-06-24 10:00:00,99940.0,100400.0,99920.0,100385.0,346803,1080324
2022-06-24 11:00:00,100385.0,100515.0,100060.0,100095.0,389895,1244932
2022-06-24 12:00:00,100095.0,100570.0,99995.0,100140.0,474204,1575460
2022-06-24 13:00:00,100135.0,100575.0,100080.0,100515.0,345701,1170102
2022-06-24 14:00:00,100515.0,100655.0,100220.0,100600.0,220583,644087
2022-06-27 06:00:00,101100.0,101290.0,100720.0,100740.0,591731,1556277
2022-06-27 07:00:00,100735.0,102125.0,100675.0,102045.0,1384297,3923451
2022-06-27 08:00:00,102045.0,102740.0,102035.0,102725.0,818145,2539003
2022-06-27 09:00:00,102725.0,102795.0,102185.0,102240.0,430884,1396914
2022-06-27 10:00:00,102245.0,102620.0,102205.0,102500.0,382050,1261704
2022-06-27 11:00:00,102495.0,102535.0,102300.0,102435.0,351275,1177040
2022-06-27 12:00:00,102440.0,102495.0,102255.0,102335.0,358668,1234424
2022-06-27 13:00:00,102335.0,102665.0,102220.0,102535.0,438335,1587752
2022-06-27 14:00:00,102535.0,102945.0,102430.0,102945.0,223730,733072
2022-06-28 06:00:00,103410.0,103850.0,103040.0,103345.0,832155,2437332
2022-06-28 07:00:00,103345.0,103895.0,103185.0,103695.0,1243692,3562234
2022-06-28 08:00:00,103695.0,103845.0,102610.0,103025.0,876068,2709690
2022-06-28 09:00:00,103020.0,103160.0,102185.0,102190.0,618719,1979444
2022-06-28 10:00:00,102190.0,102470.0,102100.0,102255.0,437414,1454575
2022-06-28 11:00:00,102260.0,102295.0,101725.0,101900.0,488861,1634188
2022-06-28 12:00:00,101900.0,102055.0,101470.0,101905.0,501937,1710433
2022-06-28 13:00:00,101900.0,102170.0,101715.0,102010.0,432669,1430905
2022-06-28 14:00:00,102010.0,102290.0,102005.0,102110.0,200099,622979
2022-06-29 06:00:00,102120.0,103190.0,102030.0,102420.0,901244,2544245
2022-06-29 07:00:00,102420.0,102825.0,101725.0,102150.0,1310924,3978991
2022-06-29 08:00:00,102155.0,102305.0,101370.0,101420.0,1000746,3190468
2022-06-29 09:00:00,101425.0,101480.0,100975.0,101155.0,567741,1860788
2022-06-29 10:00:00,101150.0,101195.0,100740.0,100960.0,462104,1573029
2022-06-29 11:00:00,100965.0,101300.0,100665.0,101290.0,423399,1507432
2022-06-29 12:00:00,101285.0,101520.0,101040.0,101135.0,460757,1663124
2022-06-29 13:00:00,101130.0,101355.0,100820.0,101000.0,428027,1524819
2022-06-29 14:00:00,100995.0,101155.0,100825.0,101150.0,217876,719098
2022-06-30 06:00:00,100075.0,100335.0,99215.0,99230.0,1041238,2557850
2022-06-30 07:00:00,99230.0,99845.0,99075.0,99715.0,1277166,3459886
2022-06-30 08:00:00,99710.0,99880.0,99125.0,99765.0,998837,2904103
2022-06-30 09:00:00,99765.0,100275.0,99635.0,100255.0,704397,2186107
2022-06-30 10:00:00,100250.0,100675.0,100080.0,100620.0,559483,1770302
2022-06-30 11:00:00,100625.0,100700.0,100055.0,100370.0,544204,1755118
2022-06-30 12:00:00,100375.0,100420.0,99715.0,99910.0,569818,1841271
2022-06-30 13:00:00,99905.0,100280.0,99695.0,99930.0,566163,1832507
2022-06-30 14:00:00,99935.0,99965.0,99300.0,99300.0,298862,893633
2022-07-01 06:00:00,99235.0,99520.0,98855.0,99065.0,838423,2280412
2022-07-01 07:00:00,99065.0,99775.0,98810.0,99435.0,1244864,3586804
2022-07-01 08:00:00,99435.0,99735.0,98560.0,99255.0,1078570,3236489
2022-07-01 09:00:00,99255.0,99630.0,99160.0,99285.0,610453,1874288
2022-07-01 10:00:00,99280.0,99730.0,99220.0,99490.0,458088,1424836
2022-07-01 11:00:00,99490.0,100100.0,99450.0,99905.0,425543,1451891
2022-07-01 12:00:00,99900.0,100540.0,99775.0,100390.0,478793,1769456
2022-07-01 13:00:00,100395.0,100730.0,100225.0,100490.0,439333,1613094
2022-07-01 14:00:00,100490.0,100710.0,100215.0,100710.0,195301,655452
2022-07-04 06:00:00,100190.0,100540.0,99630.0,99680.0,536136,1519849
2022-07-04 07:00:00,99680.0,100215.0,99510.0,99765.0,976628,2877727
2022-07-04 08:00:00,99765.0,100635.0,99705.0,100480.0,833896,2465872
2022-07-04 09:00:00,100485.0,100730.0,100210.0,100250.0,420558,1287157
2022-07-04 10:00:00,100250.0,100505.0,100145.0,100360.0,336822,1029607
2022-07-04 11:00:00,100365.0,100530.0,100250.0,100365.0,222797,702971
2022-07-04 12:00:00,100370.0,100510.0,100175.0,100185.0,228150,757201
2022-07-04 13:00:00,100180.0,100225.0,99675.0,99765.0,340108,1103608
2022-07-04 14:00:00,99765.0,99950.0,99500.0,99500.0,199591,681420
2022-07-05 06:00:00,99130.0,99170.0,98625.0,98970.0,787080,2319884
2022-07-05 07:00:00,98965.0,99110.0,97990.0,98240.0,1171138,3475051
2022-07-05 08:00:00,98245.0,98975.0,98110.0,98285.0,1000100,2965355
2022-07-05 09:00:00,98285.0,98290.0,97740.0,98190.0,662620,2107334
2022-07-05 10:00:00,98185.0,98505.0,97895.0,98005.0,533652,1726115
2022-07-05 11:00:00,98005.0,98690.0,97975.0,98550.0,565304,1949082
2022-07-05 12:00:00,98555.0,99255.0,98490.0,99210.0,526729,1766773
2022-07-05 13:00:00,99210.0,99740.0,98990.0,99615.0,566310,1949065
2022-07-05 14:00:00,99610.0,99615.0,99270.0,99500.0,211541,690135
2022-07-06 06:00:00,99135.0,99295.0,98795.0,99110.0,731090,2017019
2022-07-06 07:00:00,99110.0,100415.0,99025.0,99990.0,1272478,3682004
2022-07-06 08:00:00,99995.0,100155.0,99120.0,99375.0,986842,2927661
2022-07-06 09:00:00,99375.0,99415.0,98685.0,99060.0,634888,1980421
2022-07-06 10:00:00,99055.0,99170.0,98625.0,99145.0,417716,1371697
2022-07-06 11:00:00,99140.0,99365.0,98905.0,99245.0,439528,1493997
2022-07-06 12:00:00,99245.0,99930.0,98870.0,99730.0,815722,2784042
2022-07-06 13:00:00,99730.0,100440.0,99565.0,100075.0,440648,1615079
2022-07-06 14:00:00,100070.0,100250.0,99930.0,99955.0,163008,563991
2022-07-07 06:00:00,100740.0,101335.0,100675.0,101215.0,660583,1781921
2022-07-07 07:00:00,101220.0,102135.0,101155.0,101990.0,881922,2779578
2022-07-07 08:00:00,101990.0,102200.0,101720.0,101810.0,648266,2155813
2022-07-07 09:00:00,101810.0,102040.0,101740.0,101980.0,334328,1137052
2022-07-07 10:00:00,101980.0,102110.0,101920.0,102005.0,249389,936452
2022-07-07 11:00:00,102005.0,102070.0,101905.0,101975.0,247732,966210
2022-07-07 12:00:00,101975.0,102775.0,101940.0,102400.0,454776,1728360
2022-07-07 13:00:00,102395.0,102465.0,102095.0,102100.0,338328,1287956
2022-07-07 14:00:00,102105.0,102430.0,102050.0,102430.0,193401,718380
2022-07-08 06:00:00,102050.0,102330.0,101555.0,102040.0,1007679,2468760
2022-07-08 07:00:00,102040.0,102815.0,101675.0,101730.0,1245158,3475538
2022-07-08 08:00:00,101730.0,102285.0,101460.0,102115.0,818518,2447926
2022-07-08 09:00:00,102115.0,102215.0,101570.0,101690.0,490565,1518455
2022-07-08 10:00:00,101690.0,101815.0,101155.0,101275.0,435000,1433697
2022-07-08 11:00:00,101275.0,101590.0,101125.0,101480.0,392422,1359536
2022-07-08 12:00:00,101480.0,101765.0,101350.0,101530.0,361980,1206667
2022-07-08 13:00:00,101535.0,101695.0,101370.0,101545.0,351762,1169365
2022-07-08 14:00:00,101550.0,101600.0,101415.0,101415.0,138383,435046
2022-07-11 06:00:00,100530.0,100720.0,99935.0,100125.0,678380,1843733
2022-07-11 07:00:00,100125.0,100380.0,99570.0,99845.0,1157860,3416749
2022-07-11 08:00:00,99845.0,99880.0,99395.0,99500.0,804422,2508482
2022-07-11 09:00:00,99500.0,100135.0,99485.0,99885.0,530916,1702419
2022-07-11 10:00:00,99885.0,99895.0,99455.0,99700.0,436552,1477614
2022-07-11 11:00:00,99700.0,99820.0,99485.0,99595.0,391169,1416297
2022-07-11 12:00:00,99595.0,99640.0,98945.0,98950.0,501222,1817099
2022-07-11 13:00:00,98955.0,99315.0,98945.0,99295.0,358333,1410615
2022-07-11 14:00:00,99295.0,99390.0,99125.0,99185.0,201808,703991
2022-07-12 06:00:00,98735.0,99145.0,98710.0,99125.0,662815,1861765
2022-07-12 07:00:00,99120.0,99175.0,98280.0,98415.0,1148580,3557839
2022-07-12 08:00:00,98415.0,99230.0,98330.0,99185.0,829974,2524946
2022-07-12 09:00:00,99180.0,99520.0,98950.0,99435.0,516206,1653767
2022-07-12 10:00:00,99435.0,99830.0,99340.0,99625.0,414421,1450154
2022-07-12 11:00:00,99625.0,99830.0,99405.0,99795.0,386120,1412998
2022-07-12 12:00:00,99800.0,99810.0,99445.0,99480.0,411945,1493901
2022-07-12 13:00:00,99485.0,99490.0,98985.0,99350.0,469074,1684313
2022-07-12 14:00:00,99350.0,99765.0,99240.0,99695.0,197537,672971
2022-07-13 06:00:00,99705.0,99900.0,98355.0,98545.0,962231,2443203
2022-07-13 07:00:00,98545.0,99235.0,98425.0,98915.0,1220912,3616496
2022-07-13 08:00:00,98920.0,99980.0,98460.0,99840.0,1022392,3153113
2022-07-13 09:00:00,99835.0,100020.0,99310.0,99315.0,573097,1850339
2022-07-13 10:00:00,99315.0,99645.0,99305.0,99630.0,409609,1313731
2022-07-13 11:00:00,99630.0,99810.0,99345.0,99530.0,476458,1604056
2022-07-13 12:00:00,99535.0,99595.0,99115.0,99400.0,594450,2004525
2022-07-13 13:00:00,99405.0,99420.0,98850.0,98900.0,402875,1500370
2022-07-13 14:00:00,98895.0,99020.0,98595.0,98670.0,154070,520279
2022-07-14 06:00:00,97835.0,98120.0,97400.0,97505.0,751602,2088307
2022-07-14 07:00:00,97505.0,97570.0,96815.0,96945.0,942410,3026587
2022-07-14 08:00:00,96945.0,96950.0,96435.0,96860.0,717040,2487425
2022-07-14 09:00:00,96860.0,97300.0,96775.0,97055.0,609031,2071041
2022-07-14 10:00:00,97050.0,97115.0,96775.0,96885.0,386940,1254247
2022-07-14 11:00:00,96890.0,97045.0,96800.0,96975.0,365806,1259817
2022-07-14 12:00:00,96980.0,97285.0,96970.0,97075.0,406534,1402477
2022-07-14 13:00:00,97080.0,97370.0,96940.0,96980.0,378301,1326069
2022-07-14 14:00:00,96980.0,97130.0,96825.0,96850.0,183284,672095
2022-07-15 06:00:00,97155.0,97405.0,96600.0,97155.0,799918,2234744
2022-07-15 07:00:00,97150.0,97275.0,96155.0,96300.0,1007631,3043436
2022-07-15 08:00:00,96300.0,97420.0,96295.0,97295.0,841719,2673689
2022-07-15 09:00:00,97295.0,97670.0,97220.0,97385.0,441976,1481275
2022-07-15 10:00:00,97385.0,97520.0,97235.0,97495.0,251280,826741
2022-07-15 11:00:00,97500.0,97975.0,97390.0,97815.0,335919,1200227
2022-07-15 12:00:00,97815.0,97840.0,97555.0,97640.0,270760,935994
2022-07-15 13:00:00,97640.0,97715.0,97465.0,97695.0,253577,896139
2022-07-15 14:00:00,97690.0,97835.0,97485.0,97565.0,148772,476083
2022-07-18 06:00:00,98650.0,98675.0,98170.0,98390.0,478045,1318045
2022-07-18 07:00:00,98390.0,99140.0,98225.0,99070.0,934534,2661215
2022-07-18 08:00:00,99075.0,99265.0,98765.0,99200.0,655859,1997198
2022-07-18 09:00:00,99200.0,99245.0,98785.0,98790.0,384411,1204675
2022-07-18 10:00:00,98790.0,99070.0,98725.0,98855.0,307326,985715
2022-07-18 11:00:00,98855.0,99065.0,97860.0,97880.0,549453,1826019
2022-07-18 12:00:00,97880.0,98140.0,97540.0,97635.0,573406,1840625
2022-07-18 13:00:00,97635.0,98040.0,97610.0,97915.0,443571,1484381
2022-07-18 14:00:00,97915.0,97965.0,97515.0,97555.0,232730,758784
2022-07-19 06:00:00,98180.0,98395.0,97930.0,98320.0,591329,1712911
2022-07-19 07:00:00,98325.0,98595.0,97955.0,98190.0,1082511,3187813
2022-07-19 08:00:00,98195.0,98760.0,97905.0,98245.0,773594,2560320
2022-07-19 09:00:00,98245.0,98605.0,98215.0,98445.0,399537,1330463
2022-07-19 10:00:00,98450.0,98825.0,98415.0,98780.0,301114,1042466
2022-07-19 11:00:00,98775.0,98945.0,98595.0,98795.0,374216,1324651
2022-07-19 12:00:00,98795.0,99235.0,98740.0,99065.0,447641,1628246
2022-07-19 13:00:00,99070.0,99235.0,98890.0,98950.0,340102,1197662
2022-07-19 14:00:00,98950.0,99540.0,98870.0,99365.0,200884,680446
2022-07-20 06:00:00,98900.0,98960.0,98485.0,98540.0,571027,1587061
2022-07-20 07:00:00,98540.0,99040.0,98290.0,98295.0,1021224,3024881
2022-07-20 08:00:00,98300.0,98970.0,98080.0,98825.0,673795,2094095
2022-07-20 09:00:00,98825.0,98985.0,98565.0,98950.0,456718,1430894
2022-07-20 10:00:00,98945.0,99245.0,98715.0,99170.0,504815,1696298
2022-07-20 11:00:00,99170.0,99180.0,98495.0,98585.0,527901,1757777
2022-07-20 12:00:00,98590.0,98880.0,98575.0,98820.0,361457,1198168
2022-07-20 13:00:00,98820.0,99230.0,98800.0,99030.0,347952,1199510
2022-07-20 14:00:00,99035.0,99185.0,98770.0,98770.0,155841,494994
2022-07-21 06:00:00,98615.0,98690.0,98280.0,98330.0,601750,1595737
2022-07-21 07:00:00,98330.0,98600.0,97970.0,98530.0,1019541,3149624
2022-07-21 08:00:00,98525.0,98570.0,97795.0,98490.0,780468,2461149
2022-07-21 09:00:00,98490.0,99295.0,98450.0,99135.0,529681,1778992
2022-07-21 10:00:00,99140.0,99490.0,99035.0,99355.0,364069,1330301
2022-07-21 11:00:00,99360.0,99465.0,99010.0,99105.0,392568,1366770
2022-07-21 12:00:00,99105.0,99360.0,99060.0,99315.0,343707,1197942
2022-07-21 13:00:00,99320.0,99850.0,99310.0,99745.0,371723,1334570
2022-07-21 14:00:00,99750.0,99890.0,99680.0,99840.0,128804,473244
2022-07-22 06:00:00,100050.0,100135.0,99785.0,99940.0,495606,1356984
2022-07-22 07:00:00,99935.0,100455.0,99835.0,99840.0,929393,2751342
2022-07-22 08:00:00,99840.0,100485.0,99640.0,100410.0,734742,2359286
2022-07-22 09:00:00,100410.0,100440.0,99870.0,100065.0,452490,1494037
2022-07-22 10:00:00,100065.0,100315.0,99865.0,100150.0,306732,1059934
2022-07-22 11:00:00,100150.0,100155.0,99390.0,99540.0,432240,1515461
2022-07-22 12:00:00,99535.0,99545.0,99045.0,99310.0,392446,1443838
2022-07-22 13:00:00,99310.0,99875.0,99270.0,99790.0,348403,1379005
2022-07-22 14:00:00,99790.0,99955.0,99725.0,99955.0,109449,394967
2022-07-25 06:00:00,100415.0,100625.0,100360.0,100495.0,388912,1081933
2022-07-25 07:00:00,100495.0,101010.0,100300.0,100915.0,1080651,3250187
2022-07-25 08:00:00,100915.0,101100.0,100540.0,100795.0,712723,2198278
2022-07-25 09:00:00,100795.0,101050.0,100680.0,100890.0,362092,1160156
2022-07-25 10:00:00,100885.0,101015.0,100725.0,100860.0,286459,967502
2022-07-25 11:00:00,100865.0,101035.0,100740.0,100840.0,309694,1071754
2022-07-25 12:00:00,100835.0,101265.0,100775.0,101020.0,375251,1341438
2022-07-25 13:00:00,101020.0,101100.0,100775.0,101015.0,354176,1258595
2022-07-25 14:00:00,101010.0,101205.0,100890.0,101080.0,132671,473041
2022-07-26 06:00:00,100955.0,101335.0,100845.0,101320.0,454528,1322243
2022-07-26 07:00:00,101325.0,101440.0,101030.0,101220.0,832150,2595277
2022-07-26 08:00:00,101220.0,101230.0,100650.0,100895.0,679686,2347425
2022-07-26 09:00:00,100890.0,100925.0,100080.0,100180.0,490667,1786927
2022-07-26 10:00:00,100185.0,100385.0,100100.0,100300.0,322509,1159209
2022-07-26 11:00:00,100300.0,100465.0,100200.0,100210.0,332186,1209523
2022-07-26 12:00:00,100210.0,100440.0,100015.0,100185.0,372363,1403340
2022-07-26 13:00:00,100180.0,100460.0,100160.0,100395.0,316342,1239005
2022-07-26 14:00:00,100390.0,100630.0,100370.0,100500.0,172616,604417
2022-07-27 06:00:00,101025.0,101030.0,100755.0,100935.0,328803,885277
2022-07-27 07:00:00,100930.0,101245.0,100755.0,100775.0,789273,2461375
2022-07-27 08:00:00,100770.0,101145.0,100615.0,101020.0,649425,2050184
2022-07-27 09:00:00,101020.0,101290.0,101015.0,101180.0,322634,1036642
2022-07-27 10:00:00,101180.0,101345.0,101160.0,101190.0,242308,820422
2022-07-27 11:00:00,101190.0,101280.0,101020.0,101075.0,251630,832747
2022-07-27 12:00:00,101080.0,101960.0,100745.0,101845.0,885876,2656125
2022-07-27 13:00:00,101850.0,102195.0,101745.0,102150.0,385129,1349960
2022-07-27 14:00:00,102150.0,102550.0,102050.0,102550.0,167153,611214
2022-07-28 06:00:00,102245.0,102300.0,101740.0,102115.0,572015,1597037
2022-07-28 07:00:00,102120.0,102820.0,101845.0,101985.0,922045,2839694
2022-07-28 08:00:00,101985.0,102140.0,101640.0,101960.0,712945,2169175
2022-07-28 09:00:00,101960.0,102435.0,101950.0,102230.0,412615,1351347
2022-07-28 10:00:00,102225.0,102585.0,102180.0,102540.0,288839,993232
2022-07-28 11:00:00,102535.0,103195.0,102330.0,103000.0,415511,1592181
2022-07-28 12:00:00,103005.0,103220.0,102900.0,103185.0,300912,1071760
2022-07-28 13:00:00,103185.0,103385.0,103150.0,103245.0,309084,1151993
2022-07-28 14:00:00,103240.0,103600.0,103185.0,103500.0,179280,637735
2022-07-29 06:00:00,103790.0,103835.0,103395.0,103670.0,600149,1602207
2022-07-29 07:00:00,103670.0,103755.0,103200.0,103250.0,934495,2678167
2022-07-29 08:00:00,103245.0,103745.0,103165.0,103645.0,672916,2072657
2022-07-29 09:00:00,103645.0,103950.0,103490.0,103720.0,462737,1518372
2022-07-29 10:00:00,103715.0,104085.0,103630.0,103995.0,359126,1185861
2022-07-29 11:00:00,103995.0,104275.0,103895.0,104245.0,298560,1022278
2022-07-29 12:00:00,104240.0,104655.0,104130.0,104600.0,357245,1335703
2022-07-29 13:00:00,104595.0,104635.0,103670.0,103825.0,414817,1542579
2022-07-29 14:00:00,103820.0,103925.0,103485.0,103560.0,238228,741322
2022-08-01 06:00:00,103825.0,103855.0,103450.0,103455.0,463490,1333457
2022-08-01 07:00:00,103460.0,103490.0,102690.0,103220.0,925826,2850131
2022-08-01 08:00:00,103220.0,103900.0,102815.0,103755.0,869937,2743903
2022-08-01 09:00:00,103755.0,103810.0,103255.0,103315.0,417250,1258832
2022-08-01 10:00:00,103310.0,103530.0,102980.0,103010.0,398763,1256256
2022-08-01 11:00:00,103005.0,103030.0,102260.0,102470.0,579642,1844305
2022-08-01 12:00:00,102470.0,103020.0,102380.0,102935.0,421708,1444238
2022-08-01 13:00:00,102940.0,102990.0,102535.0,102605.0,349986,1215676
2022-08-01 14:00:00,102605.0,102860.0,102575.0,102825.0,156949,555014
2022-08-02 06:00:00,102250.0,102530.0,102095.0,102525.0,557511,1557220
2022-08-02 07:00:00,102525.0,103225.0,102345.0,102665.0,1239058,3580029
2022-08-02 08:00:00,102665.0,103760.0,102165.0,103600.0,1162772,3675329
2022-08-02 09:00:00,103600.0,103900.0,103310.0,103630.0,538882,1667172
2022-08-02 10:00:00,103630.0,104070.0,103610.0,103930.0,368884,1196128
2022-08-02 11:00:00,103930.0,104155.0,103340.0,103640.0,555815,1910680
2022-08-02 12:00:00,103640.0,104140.0,103575.0,104010.0,498071,1799293
2022-08-02 13:00:00,104010.0,104040.0,103665.0,103765.0,412739,1481431
2022-08-02 14:00:00,103765.0,104240.0,103705.0,104240.0,200385,603114
2022-08-03 06:00:00,104200.0,104370.0,103910.0,104065.0,489964,1293210
2022-08-03 07:00:00,104060.0,104115.0,103565.0,103950.0,987588,2903610
2022-08-03 08:00:00,103950.0,103955.0,103225.0,103440.0,792227,2391789
2022-08-03 09:00:00,103445.0,104165.0,103250.0,104000.0,558520,1835827
2022-08-03 10:00:00,104000.0,104340.0,103885.0,104170.0,410260,1363391
2022-08-03 11:00:00,104170.0,104200.0,103850.0,103925.0,357590,1233919
2022-08-03 12:00:00,103930.0,104220.0,103920.0,104125.0,349847,1163954
2022-08-03 13:00:00,104125.0,104335.0,104095.0,104175.0,312923,1087621
2022-08-03 14:00:00,104175.0,104485.0,104160.0,104425.0,155108,510524
2022-08-04 06:00:00,104265.0,105235.0,104170.0,105075.0,584126,1609353
2022-08-04 07:00:00,105075.0,105670.0,105005.0,105575.0,888366,2722167
2022-08-04 08:00:00,105580.0,105760.0,105390.0,105635.0,610491,2024348
2022-08-04 09:00:00,105635.0,105810.0,105470.0,105720.0,403768,1392978
2022-08-04 10:00:00,105715.0,106190.0,105700.0,106115.0,406934,1486461
2022-08-04 11:00:00,106115.0,106650.0,106045.0,106555.0,421004,1579894
2022-08-04 12:00:00,106560.0,106580.0,106250.0,106330.0,374621,1356887
2022-08-04 13:00:00,106335.0,106680.0,106290.0,106410.0,373019,1410332
2022-08-04 14:00:00,106410.0,107220.0,106375.0,106905.0,267258,941806
2022-08-05 06:00:00,106735.0,107195.0,106140.0,106380.0,776687,1994052
2022-08-05 07:00:00,106380.0,106965.0,105870.0,106930.0,1020496,2990249
2022-08-05 08:00:00,106930.0,107625.0,106595.0,107515.0,802381,2496178
2022-08-05 09:00:00,107520.0,107525.0,106520.0,106650.0,525805,1745685
2022-08-05 10:00:00,106655.0,107055.0,106645.0,107025.0,310897,1003014
2022-08-05 11:00:00,107030.0,107545.0,106975.0,107075.0,397613,1414682
2022-08-05 12:00:00,107080.0,107140.0,106395.0,106640.0,434789,1460303
2022-08-05 13:00:00,106640.0,106850.0,106465.0,106815.0,333119,1183453
2022-08-05 14:00:00,106810.0,106965.0,106665.0,106710.0,179279,597443
2022-08-08 06:00:00,107250.0,107770.0,107155.0,107625.0,512247,1439179
2022-08-08 07:00:00,107630.0,108500.0,107400.0,108430.0,1020910,2940485
2022-08-08 08:00:00,108430.0,108455.0,108030.0,108340.0,671129,1981759
2022-08-08 09:00:00,108345.0,108670.0,108085.0,108290.0,533693,1711545
2022-08-08 10:00:00,108290.0,108615.0,108105.0,108465.0,466577,1463826
2022-08-08 11:00:00,108470.0,108880.0,108455.0,108835.0,461331,1483964
2022-08-08 12:00:00,108840.0,108845.0,108500.0,108635.0,448680,1462506
2022-08-08 13:00:00,108635.0,108835.0,108480.0,108715.0,400252,1396545
2022-08-08 14:00:00,108720.0,109290.0,108715.0,109290.0,259998,916494
2022-08-09 06:00:00,109100.0,109440.0,108780.0,109310.0,624233,1674404
2022-08-09 07:00:00,109310.0,109590.0,108605.0,108775.0,1186184,3438495
2022-08-09 08:00:00,108780.0,108965.0,108150.0,108400.0,851125,2692005
2022-08-09 09:00:00,108400.0,108485.0,108120.0,108285.0,465973,1449337
2022-08-09 10:00:00,108290.0,108560.0,108185.0,108455.0,385032,1270103
2022-08-09 11:00:00,108455.0,108685.0,108350.0,108575.0,446790,1491580
2022-08-09 12:00:00,108570.0,108720.0,108370.0,108585.0,406552,1397261
2022-08-09 13:00:00,108590.0,109110.0,108515.0,108955.0,454966,1598081
2022-08-09 14:00:00,108955.0,109500.0,108905.0,109085.0,257595,828059
2022-08-10 06:00:00,109000.0,110885.0,108925.0,110365.0,904540,2348616
2022-08-10 07:00:00,110365.0,110815.0,110030.0,110110.0,1004412,2758128
2022-08-10 08:00:00,110115.0,110500.0,109705.0,110450.0,830393,2440307
2022-08-10 09:00:00,110445.0,110560.0,110150.0,110310.0,440504,1340352
2022-08-10 10:00:00,110305.0,110505.0,110220.0,110480.0,272502,864059
2022-08-10 11:00:00,110480.0,110630.0,110365.0,110475.0,324206,1033148
2022-08-10 12:00:00,110480.0,110500.0,109880.0,110155.0,498220,1643672
2022-08-10 13:00:00,110150.0,110585.0,110090.0,110565.0,371852,1271477
2022-08-10 14:00:00,110565.0,110725.0,110455.0,110525.0,255242,793595
2022-08-11 06:00:00,110800.0,111765.0,110705.0,111645.0,811277,2212675
2022-08-11 07:00:00,111645.0,111750.0,111150.0,111260.0,823117,2346102
2022-08-11 08:00:00,111260.0,111280.0,110625.0,110685.0,878937,2668049
2022-08-11 09:00:00,110690.0,110730.0,110240.0,110590.0,610598,1898837
2022-08-11 10:00:00,110585.0,110865.0,110560.0,110840.0,352443,1074021
2022-08-11 11:00:00,110835.0,111310.0,110730.0,111010.0,428740,1393926
2022-08-11 12:00:00,111015.0,111035.0,109730.0,110070.0,632025,2149244
2022-08-11 13:00:00,110070.0,110395.0,109715.0,110190.0,477617,1544655
2022-08-11 14:00:00,110195.0,110325.0,109980.0,110300.0,224691,674375
2022-08-12 06:00:00,110285.0,110910.0,110280.0,110675.0,645051,1693244
2022-08-12 07:00:00,110675.0,111335.0,110545.0,111215.0,965139,2711552
2022-08-12 08:00:00,111220.0,111365.0,110855.0,110975.0,725037,2032722
2022-08-12 09:00:00,110980.0,111585.0,110920.0,111525.0,487554,1518134
2022-08-12 10:00:00,111525.0,111875.0,111510.0,111745.0,388866,1251664
2022-08-12 11:00:00,111745.0,112095.0,111735.0,112045.0,337323,1113252
2022-08-12 12:00:00,112045.0,112305.0,112000.0,112250.0,345076,1195938
2022-08-12 13:00:00,112255.0,112715.0,112245.0,112570.0,416138,1456981
2022-08-12 14:00:00,112570.0,112910.0,112495.0,112710.0,228956,719542
2022-08-15 06:00:00,111500.0,111500.0,110815.0,111205.0,648017,1776685
2022-08-15 07:00:00,111205.0,112040.0,111140.0,111960.0,960129,2827129
2022-08-15 08:00:00,111960.0,112570.0,111690.0,112375.0,673761,2140729
2022-08-15 09:00:00,112375.0,113080.0,112320.0,112935.0,475164,1619556
2022-08-15 10:00:00,112935.0,113070.0,112700.0,112880.0,287344,983013
2022-08-15 11:00:00,112880.0,112945.0,112705.0,112865.0,331874,1164870
2022-08-15 12:00:00,112865.0,113330.0,112645.0,113115.0,455262,1638467
2022-08-15 13:00:00,113110.0,113310.0,112960.0,113060.0,306701,1125841
2022-08-15 14:00:00,113060.0,113305.0,112975.0,113215.0,211034,719699
2022-08-16 06:00:00,113050.0,113250.0,112690.0,112975.0,778860,2094438
2022-08-16 07:00:00,112975.0,113450.0,112800.0,113345.0,1115949,3259952
2022-08-16 08:00:00,113345.0,113685.0,112740.0,112885.0,827357,2567607
2022-08-16 09:00:00,112880.0,113195.0,112710.0,112990.0,517619,1621092
2022-08-16 10:00:00,112995.0,113270.0,112840.0,112990.0,369684,1195489
2022-08-16 11:00:00,112990.0,113440.0,112945.0,113360.0,354435,1222759
2022-08-16 12:00:00,113360.0,113615.0,112980.0,113140.0,488498,1684725
2022-08-16 13:00:00,113140.0,113670.0,112925.0,113595.0,445685,1503779
2022-08-16 14:00:00,113590.0,113890.0,113530.0,113785.0,184188,535257
2022-08-17 06:00:00,114945.0,114990.0,114290.0,114515.0,574668,1478390
2022-08-17 07:00:00,114515.0,115445.0,114415.0,115420.0,869406,2570604
2022-08-17 08:00:00,115420.0,115770.0,115275.0,115440.0,642270,2058214
2022-08-17 09:00:00,115435.0,116015.0,115420.0,115485.0,437126,1498172
2022-08-17 10:00:00,115485.0,115780.0,115395.0,115535.0,355151,1204465
2022-08-17 11:00:00,115540.0,115755.0,115255.0,115690.0,394884,1319311
2022-08-17 12:00:00,115690.0,116250.0,115535.0,115825.0,623563,2032282
2022-08-17 13:00:00,115820.0,115935.0,115490.0,115760.0,371554,1331747
2022-08-17 14:00:00,115760.0,115875.0,115490.0,115490.0,149301,498598
2022-08-18 06:00:00,115785.0,116445.0,115685.0,116075.0,652845,1756643
2022-08-18 07:00:00,116070.0,116300.0,115580.0,115765.0,1029396,3071328
2022-08-18 08:00:00,115765.0,116115.0,115560.0,115915.0,670637,2157649
2022-08-18 09:00:00,115920.0,115945.0,115600.0,115615.0,448733,1515947
2022-08-18 10:00:00,115615.0,115725.0,115295.0,115325.0,380770,1289818
2022-08-18 11:00:00,115320.0,115625.0,115305.0,115490.0,346253,1225764
2022-08-18 12:00:00,115495.0,115800.0,115465.0,115760.0,341985,1234316
2022-08-18 13:00:00,115765.0,116140.0,115720.0,115965.0,337782,1215176
2022-08-18 14:00:00,115965.0,116115.0,115885.0,116100.0,151124,506218
2022-08-19 06:00:00,114980.0,115270.0,114735.0,114890.0,549565,1303635
2022-08-19 07:00:00,114890.0,114935.0,113945.0,114015.0,988432,2869462
2022-08-19 08:00:00,114015.0,114180.0,113430.0,113630.0,718643,2411929
2022-08-19 09:00:00,113635.0,113755.0,113405.0,113635.0,427095,1508778
2022-08-19 10:00:00,113635.0,113720.0,113470.0,113645.0,299735,1047516
2022-08-19 11:00:00,113645.0,113650.0,113180.0,113445.0,458143,1673196
2022-08-19 12:00:00,113450.0,113480.0,113105.0,113155.0,411924,1451851
2022-08-19 13:00:00,113160.0,113350.0,113110.0,113315.0,341401,1250682
2022-08-19 14:00:00,113310.0,113425.0,112830.0,112850.0,207333,758782
2022-08-22 06:00:00,112150.0,112595.0,112110.0,112370.0,583637,1526405
2022-08-22 07:00:00,112365.0,112500.0,111715.0,112075.0,1009491,2868344
2022-08-22 08:00:00,112075.0,112395.0,111775.0,112200.0,830001,2585466
2022-08-22 09:00:00,112200.0,112720.0,112140.0,112585.0,503083,1626337
2022-08-22 10:00:00,112585.0,112800.0,112460.0,112635.0,432733,1394699
2022-08-22 11:00:00,112630.0,112660.0,112075.0,112215.0,449921,1491452
2022-08-22 12:00:00,112220.0,112585.0,112175.0,112570.0,388397,1353319
2022-08-22 13:00:00,112570.0,112660.0,112130.0,112450.0,462779,1571381
2022-08-22 14:00:00,112450.0,112590.0,112260.0,112390.0,193110,603413
2022-08-23 06:00:00,113060.0,113150.0,112460.0,112590.0,472739,1264586
2022-08-23 07:00:00,112595.0,113905.0,112555.0,113795.0,873794,2882243
2022-08-23 08:00:00,113800.0,114260.0,113765.0,114020.0,645461,2037525
2022-08-23 09:00:00,114015.0,114460.0,113810.0,114305.0,492178,1579526
2022-08-23 10:00:00,114310.0,114355.0,113970.0,114110.0,296589,980842
2022-08-23 11:00:00,114115.0,114225.0,113915.0,114035.0,355047,1173890
2022-08-23 12:00:00,114040.0,114515.0,114015.0,114460.0,365830,1283903
2022-08-23 13:00:00,114465.0,114815.0,114400.0,114695.0,342178,1227536
2022-08-23 14:00:00,114700.0,114940.0,114615.0,114825.0,168485,560186
2022-08-24 06:00:00,114775.0,114875.0,114275.0,114315.0,713977,1931021
2022-08-24 07:00:00,114320.0,115425.0,114305.0,115230.0,1029979,3152777
2022-08-24 08:00:00,115230.0,115670.0,115150.0,115465.0,645802,2080541
2022-08-24 09:00:00,115460.0,115625.0,115110.0,115115.0,418722,1388098
2022-08-24 10:00:00,115115.0,115195.0,114415.0,114475.0,489365,1679076
2022-08-24 11:00:00,114480.0,114800.0,114390.0,114720.0,371611,1323288
2022-08-24 12:00:00,114725.0,114860.0,114440.0,114640.0,408740,1580458
2022-08-24 13:00:00,114640.0,115010.0,114580.0,114750.0,364950,1347802
2022-08-24 14:00:00,114745.0,114870.0,114630.0,114785.0,175992,635599
2022-08-25 06:00:00,115520.0,115565.0,115120.0,115300.0,503974,1331743
2022-08-25 07:00:00,115305.0,115810.0,114960.0,115225.0,1110032,3269225
2022-08-25 08:00:00,115225.0,115460.0,114805.0,115020.0,813278,2567873
2022-08-25 09:00:00,115020.0,115025.0,114455.0,114810.0,527633,1687410
2022-08-25 10:00:00,114810.0,115045.0,114655.0,115040.0,365048,1159874
2022-08-25 11:00:00,115035.0,115270.0,114995.0,115045.0,357376,1186822
2022-08-25 12:00:00,115040.0,115095.0,114800.0,115070.0,328245,1127700
2022-08-25 13:00:00,115075.0,115330.0,115040.0,115285.0,276158,1007404
2022-08-25 14:00:00,115285.0,115325.0,115100.0,115160.0,136400,501418
2022-08-26 06:00:00,114855.0,115690.0,114855.0,115525.0,698148,1851908
2022-08-26 07:00:00,115525.0,115850.0,114905.0,115305.0,948090,3003909
2022-08-26 08:00:00,115305.0,115385.0,114230.0,114610.0,1160624,3544574
2022-08-26 09:00:00,114610.0,114635.0,113670.0,113890.0,594710,2018115
2022-08-26 10:00:00,113885.0,114010.0,113575.0,114005.0,392998,1359921
2022-08-26 11:00:00,114005.0,114215.0,113720.0,113855.0,367050,1257167
2022-08-26 12:00:00,113850.0,114030.0,113770.0,114015.0,325537,1140944
2022-08-26 13:00:00,114015.0,114165.0,113840.0,114045.0,345094,1298619
2022-08-26 14:00:00,114045.0,114145.0,113810.0,114145.0,156176,505832
2022-08-29 06:00:00,113420.0,113485.0,113130.0,113445.0,493935,1337837
2022-08-29 07:00:00,113445.0,114080.0,113265.0,113905.0,901376,2738504
2022-08-29 08:00:00,113905.0,114520.0,113870.0,114285.0,653591,2093491
2022-08-29 09:00:00,114280.0,114575.0,114175.0,114540.0,452975,1392253
2022-08-29 10:00:00,114535.0,114675.0,114300.0,114590.0,362582,1190297
2022-08-29 11:00:00,114590.0,114920.0,114590.0,114755.0,368135,1230147
2022-08-29 12:00:00,114750.0,114780.0,114465.0,114590.0,349330,1160139
2022-08-29 13:00:00,114585.0,114710.0,113890.0,113905.0,477608,1727561
2022-08-29 14:00:00,113905.0,114220.0,113890.0,114220.0,159858,563410
2022-08-30 06:00:00,114395.0,114540.0,114025.0,114105.0,509638,1409929
2022-08-30 07:00:00,114100.0,114485.0,113250.0,113340.0,1120697,3524050
2022-08-30 08:00:00,113340.0,113510.0,112720.0,113155.0,842698,2755612
2022-08-30 09:00:00,113150.0,113215.0,112525.0,112545.0,589486,1920894
2022-08-30 10:00:00,112550.0,112650.0,112025.0,112105.0,460298,1571942
2022-08-30 11:00:00,112110.0,112110.0,111660.0,111910.0,488507,1765243
2022-08-30 12:00:00,111910.0,112140.0,111865.0,111955.0,446069,1570121
2022-08-30 13:00:00,111955.0,112300.0,111805.0,111915.0,464715,1631958
2022-08-30 14:00:00,111915.0,111995.0,111685.0,111685.0,150773,532717
2022-08-31 06:00:00,111865.0,112565.0,111850.0,112380.0,733950,1869318
2022-08-31 07:00:00,112380.0,112900.0,111430.0,112390.0,1360057,3881327
2022-08-31 08:00:00,112390.0,112935.0,112175.0,112395.0,1008576,3033455
2022-08-31 09:00:00,112395.0,112725.0,112150.0,112570.0,618160,1820264
2022-08-31 10:00:00,112575.0,112665.0,112105.0,112250.0,424237,1313982
2022-08-31 11:00:00,112255.0,112455.0,112025.0,112230.0,445470,1382405
2022-08-31 12:00:00,112230.0,112375.0,111350.0,111770.0,547075,1802788
2022-08-31 13:00:00,111775.0,111875.0,111020.0,111055.0,618326,2062932
2022-08-31 14:00:00,111055.0,111765.0,111040.0,111700.0,205888,671244
2022-09-01 06:00:00,111250.0,111505.0,110825.0,111270.0,828317,2191659
2022-09-01 07:00:00,111270.0,111485.0,110180.0,110415.0,1358883,3928918
2022-09-01 08:00:00,110415.0,110515.0,109800.0,109845.0,901895,2686367
2022-09-01 09:00:00,109850.0,110375.0,109620.0,109765.0,620936,1972422
2022-09-01 10:00:00,109765.0,110210.0,109730.0,110150.0,428844,1439232
2022-09-01 11:00:00,110150.0,111060.0,110070.0,110740.0,557155,1967657
2022-09-01 12:00:00,110745.0,111585.0,110715.0,111450.0,582605,2003921
2022-09-01 13:00:00,111455.0,111850.0,111385.0,111795.0,469219,1618016
2022-09-01 14:00:00,111800.0,112125.0,111755.0,111885.0,172395,579969
2022-09-02 06:00:00,111690.0,112770.0,111435.0,112720.0,873546,2120188
2022-09-02 07:00:00,112725.0,112750.0,112155.0,112195.0,1072199,2999109
2022-09-02 08:00:00,112200.0,113805.0,112090.0,113650.0,882838,2691993
2022-09-02 09:00:00,113650.0,113735.0,113525.0,113670.0,314108,997112
2022-09-02 10:00:00,113675.0,113690.0,112665.0,112745.0,607630,1981424
2022-09-02 11:00:00,112745.0,112750.0,112135.0,112315.0,674588,2141884
2022-09-02 12:00:00,112310.0,112935.0,112290.0,112570.0,507712,1589633
2022-09-02 13:00:00,112565.0,112850.0,111930.0,112175.0,523883,1762372
2022-09-02 14:00:00,112180.0,112350.0,112130.0,112350.0,152586,484164
2022-09-05 06:00:00,112215.0,113125.0,112175.0,113120.0,598480,1542543
2022-09-05 07:00:00,113120.0,114050.0,113075.0,113975.0,728172,2083371
2022-09-05 08:00:00,113975.0,114000.0,113415.0,113665.0,633230,1900455
2022-09-05 09:00:00,113660.0,113690.0,113045.0,113385.0,499885,1592352
2022-09-05 10:00:00,113380.0,113445.0,113170.0,113305.0,351970,1088527
2022-09-05 11:00:00,113305.0,113575.0,113295.0,113450.0,287602,862965
2022-09-05 12:00:00,113455.0,113635.0,113405.0,113480.0,249396,746769
2022-09-05 13:00:00,113480.0,113750.0,113440.0,113640.0,299968,878040
2022-09-05 14:00:00,113635.0,113700.0,113515.0,113580.0,126782,337314
2022-09-06 06:00:00,113350.0,113375.0,112430.0,112460.0,727804,2020003
2022-09-06 07:00:00,112460.0,112520.0,110905.0,111010.0,1308327,3899373
2022-09-06 08:00:00,111005.0,111365.0,110660.0,111255.0,906760,2751306
2022-09-06 09:00:00,111250.0,111395.0,110705.0,111180.0,640120,1955597
2022-09-06 10:00:00,111180.0,111310.0,110945.0,111110.0,446511,1431530
2022-09-06 11:00:00,111105.0,111110.0,110580.0,110825.0,577875,1958858
2022-09-06 12:00:00,110825.0,111200.0,110730.0,110755.0,528983,1782006
2022-09-06 13:00:00,110755.0,111155.0,110725.0,111045.0,474669,1639278
2022-09-06 14:00:00,111045.0,111070.0,110605.0,110605.0,213549,679938
2022-09-08 06:00:00,111745.0,111995.0,111325.0,111470.0,966448,2395429
2022-09-08 07:00:00,111470.0,112055.0,110920.0,111925.0,1524297,4190390
2022-09-08 08:00:00,111925.0,111945.0,110980.0,111230.0,1027209,2984836
2022-09-08 09:00:00,111235.0,111400.0,110620.0,110815.0,660323,2024412
2022-09-08 10:00:00,110815.0,110900.0,109770.0,110515.0,701348,2216372
2022-09-08 11:00:00,110510.0,110975.0,110395.0,110805.0,643070,2050804
2022-09-08 12:00:00,110810.0,111530.0,110800.0,110950.0,680870,2320630
2022-09-08 13:00:00,110950.0,111190.0,110780.0,111110.0,466434,1549971
2022-09-08 14:00:00,111115.0,111330.0,111010.0,111010.0,210682,715225
2022-09-09 06:00:00,112100.0,112495.0,111985.0,112335.0,671752,1735333
2022-09-09 07:00:00,112330.0,113095.0,112265.0,112940.0,1185262,3316483
2022-09-09 08:00:00,112945.0,113495.0,112910.0,113405.0,696780,2089359
2022-09-09 09:00:00,113405.0,113610.0,113295.0,113555.0,419987,1247017
2022-09-09 10:00:00,113555.0,113775.0,113345.0,113645.0,438198,1359556
2022-09-09 11:00:00,113645.0,113735.0,113460.0,113650.0,318489,983313
2022-09-09 12:00:00,113645.0,113690.0,113310.0,113540.0,344906,1124859
2022-09-09 13:00:00,113535.0,113540.0,113325.0,113455.0,311735,1070885
2022-09-09 14:00:00,113455.0,113625.0,113440.0,113550.0,168011,459201
2022-09-12 06:00:00,114230.0,114560.0,113875.0,114420.0,633150,1669904
2022-09-12 07:00:00,114415.0,115395.0,114405.0,115350.0,981783,2952353
2022-09-12 08:00:00,115355.0,115365.0,114715.0,114760.0,638963,1912861
2022-09-12 09:00:00,114765.0,115000.0,114490.0,114815.0,577955,1746469
2022-09-12 10:00:00,114815.0,114965.0,114435.0,114660.0,447592,1427732
2022-09-12 11:00:00,114660.0,114825.0,114460.0,114820.0,378449,1213482
2022-09-12 12:00:00,114820.0,114900.0,114615.0,114880.0,387900,1274187
2022-09-12 13:00:00,114880.0,114890.0,114570.0,114670.0,297526,994799
2022-09-12 14:00:00,114670.0,114760.0,114600.0,114600.0,134592,423554
2022-09-13 06:00:00,115150.0,115365.0,112670.0,112795.0,1023206,2650948
2022-09-13 07:00:00,112795.0,113885.0,112590.0,113415.0,1185187,3420549
2022-09-13 08:00:00,113420.0,113915.0,112960.0,112995.0,999035,3000468
2022-09-13 09:00:00,113000.0,113155.0,112540.0,112585.0,576104,1826985
2022-09-13 10:00:00,112580.0,112725.0,112175.0,112570.0,431245,1422868
2022-09-13 11:00:00,112570.0,112770.0,112440.0,112555.0,437658,1426360
2022-09-13 12:00:00,112560.0,112570.0,111840.0,112000.0,512496,1685478
2022-09-13 13:00:00,112000.0,112110.0,111540.0,111800.0,431269,1480698
2022-09-13 14:00:00,111800.0,111935.0,111720.0,111770.0,162373,562850
2022-09-14 06:00:00,111620.0,112200.0,111420.0,111695.0,868198,2220294
2022-09-14 07:00:00,111695.0,112550.0,111075.0,112290.0,1308250,3732755
2022-09-14 08:00:00,112295.0,112360.0,111530.0,112100.0,955070,2860696
2022-09-14 09:00:00,112095.0,112130.0,111690.0,111865.0,629433,1935417
2022-09-14 10:00:00,111865.0,112070.0,111740.0,111900.0,390967,1235972
2022-09-14 11:00:00,111900.0,111995.0,111275.0,111445.0,529529,1791636
2022-09-14 12:00:00,111445.0,111805.0,111310.0,111495.0,502402,1726054
2022-09-14 13:00:00,111495.0,111680.0,111170.0,111625.0,477888,1668417
2022-09-14 14:00:00,111625.0,111915.0,111590.0,111860.0,156547,497484
2022-09-15 06:00:00,111460.0,111765.0,111135.0,111340.0,887979,2380845
2022-09-15 07:00:00,111340.0,112150.0,110985.0,111955.0,1187851,3448666
2022-09-15 08:00:00,111960.0,112050.0,110430.0,110460.0,990164,3088715
2022-09-15 09:00:00,110465.0,111070.0,110430.0,110785.0,555200,1777922
2022-09-15 10:00:00,110785.0,110850.0,110435.0,110760.0,435430,1382732
2022-09-15 11:00:00,110755.0,111255.0,110755.0,111005.0,519968,1677470
2022-09-15 12:00:00,111010.0,111100.0,110775.0,110930.0,455772,1529819
2022-09-15 13:00:00,110935.0,111065.0,110605.0,110905.0,500987,1740644
2022-09-15 14:00:00,110905.0,110985.0,110550.0,110610.0,160706,580694
2022-09-16 06:00:00,110110.0,110395.0,109825.0,109910.0,612176,1594161
2022-09-16 07:00:00,109910.0,110020.0,109420.0,109525.0,1038427,2966052
2022-09-16 08:00:00,109530.0,110415.0,109520.0,109870.0,1029081,3001692
2022-09-16 09:00:00,109870.0,110185.0,109620.0,109895.0,635590,2033001
2022-09-16 10:00:00,109890.0,110015.0,109445.0,109810.0,492238,1614908
2022-09-16 11:00:00,109815.0,109905.0,109515.0,109655.0,445392,1508088
2022-09-16 12:00:00,109650.0,110215.0,109605.0,110080.0,543598,1856684
2022-09-16 13:00:00,110085.0,110460.0,109745.0,110145.0,570826,1924592
2022-09-16 14:00:00,110145.0,110415.0,110075.0,110400.0,131906,443048
2022-09-19 06:00:00,109165.0,109455.0,108980.0,109360.0,545794,1437215
2022-09-19 07:00:00,109360.0,110250.0,109165.0,110080.0,1004734,3051546
2022-09-19 08:00:00,110085.0,111220.0,109870.0,111135.0,964044,3013901
2022-09-19 09:00:00,111135.0,111975.0,111110.0,111815.0,642418,2135693
2022-09-19 10:00:00,111815.0,112335.0,111665.0,112295.0,504736,1730218
2022-09-19 11:00:00,112295.0,112495.0,112205.0,112250.0,453523,1613212
2022-09-19 12:00:00,112250.0,112305.0,112130.0,112285.0,343135,1211299
2022-09-19 13:00:00,112290.0,112965.0,112285.0,112780.0,485972,1858861
2022-09-19 14:00:00,112780.0,113500.0,112765.0,113460.0,277805,968256
2022-09-20 06:00:00,112900.0,113055.0,112255.0,112520.0,769567,2042412
2022-09-20 07:00:00,112520.0,113435.0,112165.0,112625.0,1403802,3885650
2022-09-20 08:00:00,112620.0,113200.0,112510.0,112855.0,906857,2647248
2022-09-20 09:00:00,112855.0,113420.0,112655.0,113285.0,522968,1614055
2022-09-20 10:00:00,113285.0,113405.0,112735.0,112835.0,445593,1406367
2022-09-20 11:00:00,112835.0,113085.0,112565.0,112635.0,467420,1515191
2022-09-20 12:00:00,112635.0,112995.0,112500.0,112900.0,468736,1583088
2022-09-20 13:00:00,112900.0,113445.0,112800.0,113365.0,461430,1620972
2022-09-20 14:00:00,113365.0,113670.0,113210.0,113410.0,211518,647478
2022-09-21 06:00:00,113600.0,113670.0,112960.0,113350.0,701299,1874809
2022-09-21 07:00:00,113345.0,113920.0,112800.0,112820.0,1068255,3094119
2022-09-21 08:00:00,112825.0,113165.0,112450.0,112515.0,748437,2286617
2022-09-21 09:00:00,112515.0,112935.0,112365.0,112875.0,482725,1520800
2022-09-21 10:00:00,112875.0,113200.0,112715.0,113095.0,405200,1338861
2022-09-21 11:00:00,113100.0,113375.0,112600.0,112600.0,374938,1203589
2022-09-21 12:00:00,112540.0,114180.0,112035.0,113720.0,1667847,4490816
2022-09-21 13:00:00,113720.0,113795.0,112510.0,112725.0,754192,2342614
2022-09-21 14:00:00,112725.0,112815.0,112575.0,112600.0,151458,497205
2022-09-22 06:00:00,113480.0,114135.0,113265.0,114080.0,721755,1914182
2022-09-22 07:00:00,114080.0,114435.0,113090.0,113165.0,1272054,3619642
2022-09-22 08:00:00,113165.0,113405.0,112750.0,112915.0,898769,2688550
2022-09-22 09:00:00,112915.0,113075.0,112515.0,112655.0,612858,1910710
2022-09-22 10:00:00,112660.0,113215.0,112575.0,113095.0,508529,1572512
2022-09-22 11:00:00,113100.0,114210.0,112920.0,114070.0,569751,1862700
2022-09-22 12:00:00,114075.0,114285.0,113565.0,114245.0,567405,1805334
2022-09-22 13:00:00,114240.0,115210.0,114240.0,114935.0,540444,1849555
2022-09-22 14:00:00,114935.0,114980.0,114670.0,114670.0,177706,554194
2022-09-23 06:00:00,113200.0,113370.0,112610.0,112710.0,689710,1924532
2022-09-23 07:00:00,112705.0,113135.0,112075.0,112090.0,1223782,3282601
2022-09-23 08:00:00,112085.0,112260.0,111510.0,111680.0,848854,2411813
2022-09-23 09:00:00,111675.0,111895.0,111395.0,111700.0,506267,1518469
2022-09-23 10:00:00,111700.0,112280.0,111625.0,112270.0,468457,1578597
2022-09-23 11:00:00,112270.0,112370.0,111730.0,112080.0,571961,1919871
2022-09-23 12:00:00,112085.0,112095.0,111320.0,111375.0,681321,2238028
2022-09-23 13:00:00,111370.0,112525.0,111360.0,112475.0,740570,2408647
2022-09-23 14:00:00,112475.0,112590.0,112200.0,112240.0,244174,792218
2022-09-26 06:00:00,111525.0,111595.0,110865.0,111285.0,709361,1887764
2022-09-26 07:00:00,111290.0,111815.0,110920.0,111525.0,1347047,3697221
2022-09-26 08:00:00,111525.0,111715.0,110655.0,110875.0,1102603,3113347
2022-09-26 09:00:00,110875.0,110960.0,110060.0,110325.0,718579,2245937
2022-09-26 10:00:00,110320.0,110455.0,109915.0,110285.0,524545,1640653
2022-09-26 11:00:00,110290.0,110295.0,109785.0,109895.0,571724,1929487
2022-09-26 12:00:00,109900.0,110290.0,109760.0,110095.0,641623,2213388
2022-09-26 13:00:00,110095.0,110250.0,109600.0,109745.0,710868,2422564
2022-09-26 14:00:00,109745.0,109795.0,109075.0,109130.0,328428,1059885
2022-09-27 06:00:00,110350.0,111585.0,110350.0,110815.0,736484,2076046
2022-09-27 07:00:00,110815.0,110825.0,109855.0,110095.0,1338672,3857301
2022-09-27 08:00:00,110090.0,110545.0,109570.0,110225.0,1117214,3025477
2022-09-27 09:00:00,110220.0,110295.0,108930.0,108965.0,739006,2235715
2022-09-27 10:00:00,108960.0,109245.0,108630.0,109175.0,600265,1913551
2022-09-27 11:00:00,109175.0,109180.0,108645.0,109020.0,556521,1813768
2022-09-27 12:00:00,109015.0,109575.0,108810.0,109515.0,560850,1874169
2022-09-27 13:00:00,109515.0,109520.0,108660.0,109025.0,603382,2000127
2022-09-27 14:00:00,109025.0,109295.0,108800.0,109135.0,223937,723268
2022-09-28 06:00:00,108135.0,109300.0,108030.0,108895.0,869410,2459852
2022-09-28 07:00:00,108900.0,109365.0,108325.0,108870.0,1332310,3835399
2022-09-28 08:00:00,108870.0,109270.0,108495.0,109060.0,962631,2718851
2022-09-28 09:00:00,109060.0,109360.0,108470.0,108925.0,675262,2042211
2022-09-28 10:00:00,108925.0,109425.0,108760.0,109040.0,537544,1733129
2022-09-28 11:00:00,109045.0,109295.0,108865.0,108880.0,472428,1547851
2022-09-28 12:00:00,108885.0,109100.0,108710.0,108995.0,464372,1532413
2022-09-28 13:00:00,109000.0,109495.0,108805.0,108860.0,488133,1687006
2022-09-28 14:00:00,108860.0,109090.0,108670.0,108670.0,215775,721681
2022-09-29 06:00:00,108320.0,108645.0,107430.0,107510.0,767377,2101221
2022-09-29 07:00:00,107515.0,108160.0,106780.0,107120.0,1121884,3235432
2022-09-29 08:00:00,107115.0,107670.0,106530.0,107650.0,927307,2793791
2022-09-29 09:00:00,107650.0,108170.0,107325.0,107905.0,725822,2147792
2022-09-29 10:00:00,107905.0,108170.0,107550.0,107595.0,491406,1489917
2022-09-29 11:00:00,107600.0,107840.0,107375.0,107580.0,476733,1465125
2022-09-29 12:00:00,107575.0,107580.0,106825.0,107415.0,478991,1502123
2022-09-29 13:00:00,107420.0,108580.0,107405.0,108240.0,583191,1891910
2022-09-29 14:00:00,108235.0,108265.0,107910.0,108115.0,218597,701880
2022-09-30 06:00:00,108500.0,108850.0,107500.0,107845.0,765515,2019871
2022-09-30 07:00:00,107845.0,109365.0,107610.0,109195.0,1082345,3322461
2022-09-30 08:00:00,109200.0,109630.0,108910.0,109505.0,772848,2561901
2022-09-30 09:00:00,109510.0,110265.0,109395.0,109975.0,553632,1912834
2022-09-30 10:00:00,109975.0,110090.0,109640.0,109935.0,418743,1423042
2022-09-30 11:00:00,109935.0,110930.0,109855.0,110460.0,654696,2284476
2022-09-30 12:00:00,110460.0,110715.0,110115.0,110275.0,509644,1748612
2022-09-30 13:00:00,110275.0,110960.0,110215.0,110480.0,558094,1867123
2022-09-30 14:00:00,110485.0,110900.0,110385.0,110900.0,222751,683027
2022-10-03 06:00:00,114355.0,114845.0,113750.0,114210.0,655331,1693851
2022-10-03 07:00:00,114215.0,114815.0,113605.0,114610.0,1202883,3263530
2022-10-03 08:00:00,114610.0,115840.0,114575.0,115745.0,979330,3004163
2022-10-03 09:00:00,115740.0,115890.0,115205.0,115380.0,578543,1711576
2022-10-03 10:00:00,115375.0,115675.0,115220.0,115340.0,462485,1443366
2022-10-03 11:00:00,115340.0,115835.0,115325.0,115600.0,477970,1531397
2022-10-03 12:00:00,115600.0,116595.0,115555.0,116475.0,537341,1802983
2022-10-03 13:00:00,116480.0,116720.0,116270.0,116630.0,431116,1525747
2022-10-03 14:00:00,116630.0,117130.0,116620.0,116970.0,231098,721067
2022-10-04 06:00:00,118060.0,118840.0,117495.0,118755.0,882884,2501575
2022-10-04 07:00:00,118755.0,118765.0,117235.0,117485.0,1185182,3548849
2022-10-04 08:00:00,117490.0,117840.0,117035.0,117375.0,874105,2660574
2022-10-04 09:00:00,117375.0,117415.0,116830.0,117315.0,622612,1956464
2022-10-04 10:00:00,117315.0,117450.0,116515.0,116705.0,481797,1521306
2022-10-04 11:00:00,116705.0,116895.0,116180.0,116680.0,631219,2037318
2022-10-04 12:00:00,116680.0,116875.0,116250.0,116710.0,529408,1671234
2022-10-04 13:00:00,116710.0,116725.0,116100.0,116595.0,513196,1700125
2022-10-04 14:00:00,116595.0,116910.0,116505.0,116910.0,229284,661331
2022-10-05 06:00:00,116080.0,117190.0,115875.0,116785.0,861608,2376912
2022-10-05 07:00:00,116785.0,117465.0,116150.0,117260.0,1230500,3303152
2022-10-05 08:00:00,117260.0,117265.0,116425.0,116775.0,886476,2538717
2022-10-05 09:00:00,116770.0,117620.0,116650.0,117175.0,539699,1704052
2022-10-05 10:00:00,117175.0,117530.0,117040.0,117370.0,462608,1451204
2022-10-05 11:00:00,117375.0,117640.0,117205.0,117275.0,463821,1493116
2022-10-05 12:00:00,117275.0,117870.0,117220.0,117695.0,425099,1439030
2022-10-05 13:00:00,117695.0,117755.0,117335.0,117455.0,385750,1313420
2022-10-05 14:00:00,117450.0,117935.0,117445.0,117800.0,191666,686558
2022-10-06 06:00:00,117310.0,118265.0,117170.0,118235.0,685165,1893524
2022-10-06 07:00:00,118230.0,118700.0,117625.0,118610.0,1101884,3368209
2022-10-06 08:00:00,118610.0,118625.0,117755.0,118100.0,808754,2593083
2022-10-06 09:00:00,118100.0,118200.0,117645.0,117660.0,483692,1618347
2022-10-06 10:00:00,117665.0,118335.0,117600.0,118085.0,422121,1405180
2022-10-06 11:00:00,118090.0,118150.0,117700.0,117920.0,390322,1305249
2022-10-06 12:00:00,117920.0,117970.0,117510.0,117635.0,460194,1658668
2022-10-06 13:00:00,117635.0,118015.0,117375.0,117905.0,450821,1678079
2022-10-06 14:00:00,117910.0,117950.0,117215.0,117300.0,168597,591246
2022-10-07 06:00:00,117550.0,118190.0,116985.0,117410.0,868053,2206797
2022-10-07 07:00:00,117415.0,118150.0,117265.0,117740.0,1074218,3116222
2022-10-07 08:00:00,117740.0,117820.0,117090.0,117615.0,745931,2361895
2022-10-07 09:00:00,117615.0,117835.0,117425.0,117660.0,441373,1414369
2022-10-07 10:00:00,117660.0,117815.0,117390.0,117575.0,379719,1308103
2022-10-07 11:00:00,117575.0,117585.0,116555.0,116605.0,410652,1451642
2022-10-07 12:00:00,116600.0,116880.0,116355.0,116770.0,487954,1736121
2022-10-07 13:00:00,116765.0,116940.0,116050.0,116565.0,455059,1588040
2022-10-07 14:00:00,116560.0,117250.0,116490.0,117250.0,201630,630825
2022-10-10 06:00:00,116960.0,117305.0,116685.0,117295.0,614805,1617548
2022-10-10 07:00:00,117295.0,117400.0,116260.0,116270.0,1048664,2897701
2022-10-10 08:00:00,116265.0,116440.0,115795.0,116010.0,702403,2186798
2022-10-10 09:00:00,116010.0,116085.0,115730.0,115940.0,432234,1363025
2022-10-10 10:00:00,115940.0,116000.0,115555.0,115780.0,397528,1350349
2022-10-10 11:00:00,115775.0,116210.0,115615.0,116040.0,421490,1447513
2022-10-10 12:00:00,116035.0,116050.0,115375.0,115535.0,499860,1758386
2022-10-10 13:00:00,115535.0,116270.0,115520.0,116015.0,481865,1765988
2022-10-10 14:00:00,116010.0,116190.0,115945.0,116100.0,187222,609239
2022-10-11 06:00:00,115410.0,116010.0,115270.0,115400.0,638375,1792594
2022-10-11 07:00:00,115395.0,115820.0,115175.0,115215.0,1117049,3382773
2022-10-11 08:00:00,115215.0,115575.0,114805.0,115215.0,853439,2713535
2022-10-11 09:00:00,115210.0,115780.0,115160.0,115625.0,552072,1773488
2022-10-11 10:00:00,115625.0,115920.0,115360.0,115645.0,476565,1607269
2022-10-11 11:00:00,115640.0,115975.0,115530.0,115730.0,426820,1451974
2022-10-11 12:00:00,115730.0,115765.0,114810.0,114870.0,559809,2033055
2022-10-11 13:00:00,114865.0,114985.0,114315.0,114845.0,543978,1881470
2022-10-11 14:00:00,114840.0,114920.0,114430.0,114650.0,184053,578551
2022-10-13 06:00:00,117550.0,118080.0,115115.0,115385.0,765979,2023415
2022-10-13 07:00:00,115390.0,115655.0,114810.0,115505.0,858929,2575429
2022-10-13 08:00:00,115505.0,115735.0,114965.0,115555.0,695672,2296843
2022-10-13 09:00:00,115560.0,117040.0,115445.0,116985.0,722108,2515980
2022-10-13 10:00:00,116985.0,117270.0,116710.0,117165.0,439601,1572230
2022-10-13 11:00:00,117165.0,117700.0,117150.0,117465.0,354294,1325529
2022-10-13 12:00:00,117460.0,117460.0,116845.0,117170.0,357536,1379459
2022-10-13 13:00:00,117165.0,117210.0,116500.0,116520.0,394160,1559721
2022-10-13 14:00:00,116525.0,116660.0,115855.0,116030.0,234050,792166
2022-10-14 06:00:00,116525.0,116815.0,115955.0,116710.0,783271,2252220
2022-10-14 07:00:00,116710.0,116930.0,116120.0,116670.0,1048164,3420750
2022-10-14 08:00:00,116675.0,116825.0,115375.0,115855.0,1020708,3232039
2022-10-14 09:00:00,115855.0,116035.0,115160.0,115285.0,557540,1907608
2022-10-14 10:00:00,115285.0,115950.0,115010.0,115775.0,524505,1854881
2022-10-14 11:00:00,115780.0,116165.0,115350.0,116025.0,476997,1497652
2022-10-14 12:00:00,116030.0,116035.0,114685.0,114770.0,520738,1700603
2022-10-14 13:00:00,114770.0,114985.0,113675.0,113810.0,550516,1877874
2022-10-14 14:00:00,113810.0,114315.0,113700.0,113830.0,254046,763635
2022-10-17 06:00:00,115000.0,115200.0,114650.0,114800.0,559754,1628865
2022-10-17 07:00:00,114805.0,115425.0,114425.0,115215.0,976676,3084804
2022-10-17 08:00:00,115210.0,115790.0,115000.0,115735.0,721696,2330715
2022-10-17 09:00:00,115740.0,116445.0,115725.0,116395.0,467712,1578439
2022-10-17 10:00:00,116395.0,116515.0,116165.0,116235.0,369397,1261445
2022-10-17 11:00:00,116230.0,116295.0,115980.0,116055.0,388636,1359395
2022-10-17 12:00:00,116055.0,116295.0,115930.0,116245.0,364403,1320794
2022-10-17 13:00:00,116245.0,116390.0,115705.0,115810.0,378818,1443117
2022-10-17 14:00:00,115810.0,116130.0,115670.0,115910.0,184198,626800
2022-10-18 06:00:00,116945.0,117400.0,116500.0,117395.0,576066,1721480
2022-10-18 07:00:00,117395.0,117725.0,117170.0,117455.0,950933,3193177
2022-10-18 08:00:00,117455.0,117680.0,116660.0,116930.0,732771,2538466
2022-10-18 09:00:00,116930.0,117015.0,116205.0,116480.0,612094,2083689
2022-10-18 10:00:00,116475.0,116940.0,116385.0,116750.0,462937,1590535
2022-10-18 11:00:00,116745.0,117250.0,116625.0,117030.0,457383,1660559
2022-10-18 12:00:00,117025.0,117200.0,116575.0,117090.0,508677,1817556
2022-10-18 13:00:00,117090.0,117825.0,116880.0,117800.0,554595,2055147
2022-10-18 14:00:00,117805.0,118260.0,117740.0,118150.0,242180,811600
2022-10-19 06:00:00,117500.0,117855.0,117140.0,117825.0,621413,1844046
2022-10-19 07:00:00,117825.0,118170.0,117285.0,117635.0,1125878,3762106
2022-10-19 08:00:00,117635.0,118360.0,117520.0,117835.0,734182,2565606
2022-10-19 09:00:00,117835.0,118140.0,117615.0,117935.0,527936,1794050
2022-10-19 10:00:00,117940.0,118170.0,117650.0,117840.0,455182,1682333
2022-10-19 11:00:00,117840.0,117990.0,117625.0,117855.0,413687,1519235
2022-10-19 12:00:00,117855.0,118110.0,117755.0,117865.0,382782,1459349
2022-10-19 13:00:00,117865.0,118565.0,117785.0,118470.0,490383,1870485
2022-10-19 14:00:00,118470.0,118530.0,118085.0,118255.0,246519,796823
2022-10-20 06:00:00,118860.0,119680.0,118800.0,119210.0,650020,1908991
2022-10-20 07:00:00,119210.0,119350.0,118790.0,118825.0,908121,2986186
2022-10-20 08:00:00,118825.0,119445.0,118760.0,119415.0,737837,2579964
2022-10-20 09:00:00,119415.0,119415.0,118730.0,118750.0,450875,1524464
2022-10-20 10:00:00,118755.0,118925.0,118525.0,118765.0,455399,1619695
2022-10-20 11:00:00,118770.0,119080.0,118465.0,119070.0,474056,1735645
2022-10-20 12:00:00,119070.0,119275.0,118680.0,119055.0,452999,1681051
2022-10-20 13:00:00,119055.0,119320.0,118885.0,119185.0,426401,1666844
2022-10-20 14:00:00,119180.0,119360.0,118830.0,118950.0,191417,705618
2022-10-21 06:00:00,118385.0,118850.0,118280.0,118620.0,586263,1715834
2022-10-21 07:00:00,118620.0,119885.0,118610.0,119870.0,1219706,4028360
2022-10-21 08:00:00,119870.0,120425.0,119835.0,120135.0,816933,2886822
2022-10-21 09:00:00,120135.0,120375.0,119855.0,120365.0,565496,1935515
2022-10-21 10:00:00,120365.0,120785.0,120360.0,120545.0,445549,1508027
2022-10-21 11:00:00,120545.0,121340.0,120520.0,121235.0,439814,1599849
2022-10-21 12:00:00,121235.0,121775.0,121225.0,121640.0,448312,1617316
2022-10-21 13:00:00,121645.0,122825.0,121590.0,122150.0,549309,2119771
2022-10-21 14:00:00,122150.0,122585.0,122085.0,122370.0,227510,831472
2022-10-24 06:00:00,121825.0,121835.0,120275.0,120375.0,731352,1964199
2022-10-24 07:00:00,120370.0,120560.0,119215.0,119540.0,1127245,3266164
2022-10-24 08:00:00,119540.0,119565.0,118870.0,119365.0,878494,2913348
2022-10-24 09:00:00,119365.0,119460.0,118700.0,118855.0,612303,2115534
2022-10-24 10:00:00,118855.0,118950.0,118310.0,118390.0,480468,1738208
2022-10-24 11:00:00,118390.0,118430.0,117665.0,118000.0,580624,2285225
2022-10-24 12:00:00,118000.0,118240.0,117680.0,117740.0,475622,1804047
2022-10-24 13:00:00,117740.0,118280.0,117705.0,117935.0,432055,1549938
2022-10-24 14:00:00,117940.0,118140.0,117765.0,118050.0,214417,743228
2022-10-25 06:00:00,118020.0,118675.0,117320.0,117525.0,758274,2120562
2022-10-25 07:00:00,117520.0,117690.0,116470.0,117350.0,1060667,3222862
2022-10-25 08:00:00,117350.0,117975.0,117135.0,117480.0,729613,2287694
2022-10-25 09:00:00,117480.0,117995.0,117470.0,117720.0,458883,1493544
2022-10-25 10:00:00,117720.0,118080.0,117150.0,117260.0,416778,1379907
2022-10-25 11:00:00,117255.0,117460.0,117060.0,117180.0,403914,1346571
2022-10-25 12:00:00,117175.0,117295.0,116750.0,116780.0,382206,1385753
2022-10-25 13:00:00,116780.0,116975.0,116290.0,116345.0,399925,1490822
2022-10-25 14:00:00,116345.0,116400.0,116040.0,116150.0,230159,777801
2022-10-26 06:00:00,116395.0,116830.0,114975.0,115175.0,875985,2449645
2022-10-26 07:00:00,115175.0,115615.0,114640.0,114895.0,997981,2910232
2022-10-26 08:00:00,114890.0,115600.0,114885.0,115050.0,815173,2382470
2022-10-26 09:00:00,115050.0,116015.0,115045.0,115825.0,548531,1766991
2022-10-26 10:00:00,115825.0,116175.0,115065.0,115105.0,497540,1582001
2022-10-26 11:00:00,115105.0,115625.0,115020.0,115545.0,473966,1480135
2022-10-26 12:00:00,115550.0,115590.0,114525.0,114615.0,521031,1742564
2022-10-26 13:00:00,114610.0,114670.0,114240.0,114445.0,463453,1617198
2022-10-26 14:00:00,114450.0,115250.0,114195.0,115250.0,233978,777273
2022-10-27 06:00:00,114900.0,115950.0,114300.0,115145.0,1092584,2718239
2022-10-27 07:00:00,115140.0,115655.0,114620.0,115650.0,1254249,3562612
2022-10-27 08:00:00,115650.0,116035.0,114910.0,115225.0,910779,2781620
2022-10-27 09:00:00,115220.0,115750.0,115200.0,115750.0,638090,2034305
2022-10-27 10:00:00,115750.0,116125.0,115650.0,115915.0,475999,1590790
2022-10-27 11:00:00,115920.0,116425.0,115850.0,115905.0,482571,1692279
2022-10-27 12:00:00,115905.0,116200.0,115875.0,115985.0,386438,1395014
2022-10-27 13:00:00,115985.0,118215.0,115960.0,116595.0,701098,2663665
2022-10-27 14:00:00,116595.0,116935.0,114625.0,115615.0,616726,1502218
2022-10-28 06:00:00,114465.0,115495.0,114415.0,115165.0,855341,2181895
2022-10-28 07:00:00,115165.0,116250.0,115035.0,115995.0,1045837,2932384
2022-10-28 08:00:00,116000.0,116280.0,114875.0,115460.0,949008,2790268
2022-10-28 09:00:00,115465.0,116105.0,115310.0,115860.0,577792,1835492
2022-10-28 10:00:00,115855.0,116430.0,115695.0,116235.0,429030,1414328
2022-10-28 11:00:00,116235.0,116250.0,115925.0,115955.0,371319,1281869
2022-10-28 12:00:00,115955.0,116120.0,115565.0,115930.0,429896,1572666
2022-10-28 13:00:00,115930.0,115990.0,115605.0,115940.0,428811,1573295
2022-10-28 14:00:00,115940.0,117100.0,115905.0,117045.0,476947,1427925
2022-10-31 06:00:00,113000.0,114140.0,112500.0,113410.0,967012,2443323
2022-10-31 07:00:00,113410.0,118135.0,113355.0,117690.0,1301594,3910708
2022-10-31 08:00:00,117685.0,118450.0,116895.0,117295.0,920779,2788241
2022-10-31 09:00:00,117290.0,117345.0,116075.0,116130.0,616811,1902799
2022-10-31 10:00:00,116125.0,116360.0,115050.0,115315.0,612340,1980235
2022-10-31 11:00:00,115315.0,116540.0,115255.0,116315.0,718019,2255610
2022-10-31 12:00:00,116310.0,117200.0,116275.0,116740.0,611432,1977158
2022-10-31 13:00:00,116740.0,117995.0,116595.0,117845.0,585785,1982456
2022-10-31 14:00:00,117840.0,117885.0,116695.0,117440.0,399921,1132253
2022-11-01 06:00:00,118105.0,119265.0,117715.0,118910.0,971848,2299422
2022-11-01 07:00:00,118905.0,119065.0,117595.0,117790.0,1167375,2948683
2022-11-01 08:00:00,117785.0,118805.0,116995.0,118080.0,1136612,2998007
2022-11-01 09:00:00,118080.0,118775.0,117770.0,118600.0,697583,1952153
2022-11-01 10:00:00,118600.0,118955.0,118220.0,118385.0,545312,1633567
2022-11-01 11:00:00,118390.0,118835.0,118120.0,118690.0,473018,1448120
2022-11-01 12:00:00,118685.0,119580.0,118620.0,119285.0,574156,1715338
2022-11-01 13:00:00,119290.0,119920.0,118000.0,118865.0,743502,2010138
2022-11-01 14:00:00,118855.0,118910.0,116985.0,117410.0,549178,1252943
2022-11-03 06:00:00,115865.0,117190.0,115490.0,116725.0,816697,2131913
2022-11-03 07:00:00,116725.0,117495.0,115805.0,116775.0,985667,2505892
2022-11-03 08:00:00,116775.0,118035.0,116350.0,117955.0,890033,2483544
2022-11-03 09:00:00,117960.0,118190.0,117700.0,118110.0,472745,1378567
2022-11-03 10:00:00,118105.0,118675.0,117850.0,118605.0,408918,1236038
2022-11-03 11:00:00,118605.0,118750.0,118335.0,118410.0,418709,1326732
2022-11-03 12:00:00,118415.0,118940.0,118300.0,118790.0,439991,1427687
2022-11-03 13:00:00,118785.0,118970.0,118325.0,118410.0,380297,1249534
2022-11-03 14:00:00,118405.0,118850.0,118280.0,118465.0,289975,842456
2022-11-04 06:00:00,120115.0,120800.0,119620.0,120735.0,974815,2133530
2022-11-04 07:00:00,120735.0,121545.0,119520.0,120225.0,1111304,2983730
2022-11-04 08:00:00,120225.0,121385.0,119785.0,121270.0,973682,2813028
2022-11-04 09:00:00,121270.0,121605.0,120665.0,120700.0,659039,1995877
2022-11-04 10:00:00,120700.0,120885.0,120125.0,120260.0,527554,1610303
2022-11-04 11:00:00,120265.0,120480.0,119975.0,120320.0,545057,1685532
2022-11-04 12:00:00,120325.0,120420.0,119855.0,120240.0,512582,1659609
2022-11-04 13:00:00,120240.0,120240.0,119550.0,119710.0,528700,1779274
2022-11-04 14:00:00,119710.0,120090.0,118900.0,119270.0,363918,946138
2022-11-07 06:00:00,120045.0,120280.0,118455.0,118655.0,834351,1989134
2022-11-07 07:00:00,118660.0,119550.0,118540.0,119345.0,917853,2474813
2022-11-07 08:00:00,119345.0,119720.0,117150.0,117455.0,1006927,2989062
2022-11-07 09:00:00,117450.0,117930.0,116860.0,117100.0,658046,1835166
2022-11-07 10:00:00,117100.0,117605.0,116980.0,117330.0,450523,1349833
2022-11-07 11:00:00,117330.0,117595.0,116910.0,117080.0,464977,1463377
2022-11-07 12:00:00,117075.0,117755.0,116995.0,117260.0,469254,1444827
2022-11-07 13:00:00,117255.0,117430.0,116580.0,116735.0,467545,1485964
2022-11-07 14:00:00,116740.0,116945.0,116370.0,116550.0,329448,996776
2022-11-07 15:00:00,116550.0,116735.0,116465.0,116680.0,60590,179494
2022-11-08 06:00:00,116740.0,116750.0,115220.0,115830.0,859106,2244001
2022-11-08 07:00:00,115830.0,117100.0,115485.0,117005.0,1006931,2761964
2022-11-08 08:00:00,117005.0,117455.0,116680.0,116740.0,847103,2478323
2022-11-08 09:00:00,116740.0,117890.0,116620.0,117710.0,738927,2280894
2022-11-08 10:00:00,117710.0,118590.0,117590.0,118385.0,510061,1638029
2022-11-08 11:00:00,118385.0,118460.0,117735.0,117930.0,416252,1326389
2022-11-08 12:00:00,117925.0,118055.0,117105.0,117715.0,531251,1756438
2022-11-08 13:00:00,117710.0,117935.0,116650.0,117365.0,689080,2195388
2022-11-08 14:00:00,117370.0,117955.0,117170.0,117265.0,410634,1224176
2022-11-08 15:00:00,117265.0,117855.0,117160.0,117855.0,91322,246945
2022-11-09 06:00:00,116900.0,116900.0,116130.0,116490.0,790171,1979012
2022-11-09 07:00:00,116485.0,117055.0,116015.0,116770.0,958621,2486555
2022-11-09 08:00:00,116770.0,117225.0,116500.0,116890.0,823382,2269729
2022-11-09 09:00:00,116890.0,117425.0,116460.0,116630.0,676675,1933669
2022-11-09 10:00:00,116630.0,117075.0,116415.0,116795.0,426762,1279833
2022-11-09 11:00:00,116795.0,116950.0,115855.0,116130.0,467793,1506142
2022-11-09 12:00:00,116130.0,116210.0,115135.0,115330.0,569230,1806184
2022-11-09 13:00:00,115325.0,115465.0,114360.0,114490.0,468422,1572943
2022-11-09 14:00:00,114485.0,115075.0,114255.0,114795.0,454425,1509630
2022-11-09 15:00:00,114795.0,115095.0,114615.0,114855.0,70512,258787
2022-11-10 06:00:00,114155.0,114155.0,111475.0,112020.0,1032422,2285613
2022-11-10 07:00:00,112015.0,113745.0,111520.0,112920.0,1055535,2439078
2022-11-10 08:00:00,112920.0,113530.0,110655.0,111510.0,1194212,3031114
2022-11-10 09:00:00,111505.0,112220.0,110905.0,112135.0,680676,1691874
2022-11-10 10:00:00,112135.0,112245.0,111385.0,111990.0,527487,1366839
2022-11-10 11:00:00,111990.0,112055.0,110330.0,110870.0,637603,1724920
2022-11-10 12:00:00,110870.0,111200.0,109795.0,110070.0,622349,1728547
2022-11-10 13:00:00,110080.0,110550.0,109530.0,110125.0,572433,1573316
2022-11-10 14:00:00,110125.0,111055.0,109805.0,110535.0,470183,1376812
2022-11-10 15:00:00,110540.0,111100.0,110430.0,111060.0,90714,287588
2022-11-11 06:00:00,111985.0,111985.0,110175.0,110635.0,883405,2061981
2022-11-11 07:00:00,110635.0,112555.0,110325.0,112030.0,1316863,3163171
2022-11-11 08:00:00,112030.0,112330.0,111210.0,111830.0,896457,2292990
2022-11-11 09:00:00,111825.0,113865.0,111570.0,113470.0,828741,2131274
2022-11-11 10:00:00,113470.0,113645.0,112785.0,113245.0,561069,1491095
2022-11-11 11:00:00,113250.0,113590.0,112735.0,112760.0,482923,1486821
2022-11-11 12:00:00,112765.0,114265.0,112550.0,113840.0,659392,2012710
2022-11-11 13:00:00,113840.0,114060.0,113655.0,113690.0,415961,1190373
2022-11-11 14:00:00,113690.0,113705.0,112865.0,113400.0,399743,1210806
2022-11-11 15:00:00,113395.0,113635.0,113155.0,113635.0,73510,209141
2022-11-14 06:00:00,113155.0,114995.0,112760.0,114980.0,847466,2008200
2022-11-14 07:00:00,114980.0,114995.0,113395.0,113710.0,981758,2499433
2022-11-14 08:00:00,113705.0,114160.0,112965.0,113210.0,1023848,2557288
2022-11-14 09:00:00,113210.0,114495.0,113100.0,114405.0,649104,1869336
2022-11-14 10:00:00,114405.0,114515.0,113800.0,113835.0,512544,1523265
2022-11-14 11:00:00,113835.0,114300.0,113800.0,114110.0,458879,1332021
2022-11-14 12:00:00,114110.0,114480.0,113990.0,114225.0,442967,1372016
2022-11-14 13:00:00,114225.0,115460.0,114150.0,115005.0,604796,1882561
2022-11-14 14:00:00,115005.0,115330.0,113970.0,113995.0,461832,1335851
2022-11-14 15:00:00,113990.0,114305.0,113960.0,114220.0,94173,248330
2022-11-16 06:00:00,113655.0,114120.0,112990.0,114040.0,804487,1889504
2022-11-16 07:00:00,114045.0,114320.0,112815.0,113030.0,1233606,3152120
2022-11-16 08:00:00,113025.0,113205.0,112220.0,112480.0,1052832,2893993
2022-11-16 09:00:00,112480.0,112590.0,111535.0,111750.0,771970,2145239
2022-11-16 10:00:00,111745.0,111885.0,111445.0,111680.0,519247,1482773
2022-11-16 11:00:00,111680.0,111840.0,111290.0,111570.0,535157,1555530
2022-11-16 12:00:00,111575.0,111585.0,110340.0,110450.0,636996,2087975
2022-11-16 13:00:00,110445.0,111230.0,110445.0,111150.0,494935,1678772
2022-11-16 14:00:00,111150.0,111320.0,110585.0,111060.0,419831,1442589
2022-11-16 15:00:00,111055.0,111150.0,110500.0,110500.0,69958,237343
2022-11-17 06:00:00,109155.0,109420.0,108160.0,109120.0,979641,2251986
2022-11-17 07:00:00,109115.0,109595.0,108300.0,108490.0,1122087,2707742
2022-11-17 08:00:00,108490.0,109340.0,108105.0,109005.0,917095,2412603
2022-11-17 09:00:00,109005.0,109800.0,108925.0,109065.0,679668,2045860
2022-11-17 10:00:00,109070.0,109160.0,108180.0,108595.0,580318,1646360
2022-11-17 11:00:00,108590.0,109000.0,108335.0,108680.0,624274,1888026
2022-11-17 12:00:00,108680.0,109260.0,108450.0,108635.0,627497,1820196
2022-11-17 13:00:00,108640.0,109670.0,108535.0,109615.0,529506,1639860
2022-11-17 14:00:00,109610.0,110610.0,109300.0,110355.0,599958,1666806
2022-11-17 15:00:00,110350.0,110560.0,109950.0,109950.0,78916,249741
2022-11-18 06:00:00,111410.0,112250.0,110910.0,111760.0,878509,2066840
2022-11-18 07:00:00,111760.0,112455.0,111540.0,112305.0,939329,2425450
2022-11-18 08:00:00,112300.0,112485.0,110105.0,110620.0,1074048,3039512
2022-11-18 09:00:00,110615.0,111025.0,110290.0,110915.0,646055,1788403
2022-11-18 10:00:00,110910.0,110975.0,109810.0,109885.0,536974,1520043
2022-11-18 11:00:00,109890.0,110300.0,109270.0,110105.0,626620,1803732
2022-11-18 12:00:00,110110.0,110250.0,109360.0,109530.0,570865,1700955
2022-11-18 13:00:00,109530.0,110030.0,109525.0,109870.0,429546,1357995
2022-11-18 14:00:00,109865.0,110115.0,109475.0,109560.0,309148,931790
2022-11-18 15:00:00,109560.0,109695.0,109330.0,109590.0,81499,245739
2022-11-21 06:00:00,109580.0,110770.0,109550.0,110475.0,829735,2062644
2022-11-21 07:00:00,110475.0,111110.0,110250.0,110945.0,952465,2478366
2022-11-21 08:00:00,110945.0,111015.0,109605.0,109700.0,891225,2464702
2022-11-21 09:00:00,109695.0,109935.0,108715.0,108945.0,627450,1796898
2022-11-21 10:00:00,108940.0,110010.0,108740.0,109910.0,595968,1804374
2022-11-21 11:00:00,109905.0,110570.0,109900.0,110075.0,626996,1866395
2022-11-21 12:00:00,110080.0,110975.0,110050.0,110315.0,599461,1847703
2022-11-21 13:00:00,110315.0,110495.0,109865.0,110330.0,430649,1359081
2022-11-21 14:00:00,110330.0,110865.0,110310.0,110820.0,373412,1161038
2022-11-21 15:00:00,110825.0,110900.0,110550.0,110880.0,94589,247921
2022-11-22 06:00:00,110500.0,111425.0,110490.0,111050.0,871445,2030188
2022-11-22 07:00:00,111055.0,111120.0,110245.0,110715.0,1029385,2631344
2022-11-22 08:00:00,110720.0,111145.0,109705.0,110260.0,966831,2697009
2022-11-22 09:00:00,110255.0,110625.0,109940.0,109950.0,657909,1889919
2022-11-22 10:00:00,109950.0,110000.0,109135.0,109445.0,543759,1650075
2022-11-22 11:00:00,109450.0,109885.0,109390.0,109780.0,533966,1730832
2022-11-22 12:00:00,109785.0,110390.0,109760.0,109895.0,510014,1621351
2022-11-22 13:00:00,109895.0,109915.0,108560.0,108635.0,658447,2021592
2022-11-22 14:00:00,108635.0,109555.0,108620.0,109500.0,395665,1230465
2022-11-22 15:00:00,109500.0,109600.0,109300.0,109570.0,85922,206885
2022-11-23 06:00:00,109965.0,110175.0,108705.0,108915.0,732671,1798129
2022-11-23 07:00:00,108915.0,109535.0,108670.0,109035.0,923223,2601586
2022-11-23 08:00:00,109035.0,109535.0,108890.0,109260.0,837132,2542474
2022-11-23 09:00:00,109265.0,110020.0,109220.0,109385.0,709982,2158398
2022-11-23 10:00:00,109390.0,109465.0,108540.0,108745.0,568313,1805475
2022-11-23 11:00:00,108745.0,109325.0,108725.0,109060.0,558045,1769017
2022-11-23 12:00:00,109055.0,109110.0,108600.0,108760.0,474590,1581327
2022-11-23 13:00:00,108765.0,109705.0,108630.0,109530.0,658519,2229104
2022-11-23 14:00:00,109535.0,109625.0,109235.0,109460.0,348728,1188450
2022-11-23 15:00:00,109465.0,109670.0,109120.0,109120.0,74668,216919
2022-11-24 06:00:00,110380.0,110645.0,110055.0,110435.0,700947,1715149
2022-11-24 07:00:00,110440.0,111085.0,110190.0,110955.0,837785,2264031
2022-11-24 08:00:00,110955.0,112755.0,110830.0,112575.0,970978,2909807
2022-11-24 09:00:00,112570.0,113425.0,112125.0,112240.0,598131,1869910
2022-11-24 10:00:00,112245.0,112670.0,111900.0,112100.0,432531,1479507
2022-11-24 11:00:00,112100.0,112935.0,112060.0,112600.0,444035,1431882
2022-11-24 12:00:00,112605.0,112945.0,112460.0,112685.0,307550,845516
2022-11-24 13:00:00,112680.0,112735.0,112520.0,112630.0,129071,357654
2022-11-24 14:00:00,112630.0,112855.0,112555.0,112710.0,153397,360768
2022-11-24 15:00:00,112715.0,112960.0,112505.0,112960.0,65500,175851
2022-11-25 06:00:00,112280.0,113035.0,112210.0,112510.0,742432,1851223
2022-11-25 07:00:00,112510.0,112765.0,111355.0,111490.0,894010,2513516
2022-11-25 08:00:00,111490.0,111700.0,110930.0,111080.0,756521,2277368
2022-11-25 09:00:00,111085.0,111415.0,110835.0,111225.0,512330,1665886
2022-11-25 10:00:00,111225.0,111625.0,110455.0,110475.0,556530,1826934
2022-11-25 11:00:00,110475.0,110480.0,109640.0,110180.0,611006,1974320
2022-11-25 12:00:00,110170.0,110230.0,109110.0,109295.0,454167,1325423
2022-11-25 13:00:00,109295.0,109495.0,109165.0,109320.0,239895,733697
2022-11-25 14:00:00,109330.0,109865.0,109265.0,109625.0,215767,669236
2022-11-25 15:00:00,109635.0,109650.0,109320.0,109320.0,46935,166379
2022-11-28 06:00:00,108550.0,109825.0,107915.0,109590.0,830896,2038340
2022-11-28 07:00:00,109595.0,109830.0,108915.0,109470.0,993328,2637715
2022-11-28 08:00:00,109470.0,109940.0,109105.0,109730.0,782792,2336325
2022-11-28 09:00:00,109730.0,110075.0,109525.0,109765.0,498476,1560470
2022-11-28 10:00:00,109765.0,109945.0,109595.0,109680.0,296640,947757
2022-11-28 11:00:00,109680.0,109855.0,109405.0,109485.0,357615,1159068
2022-11-28 12:00:00,109490.0,109810.0,109320.0,109400.0,362372,1239677
2022-11-28 13:00:00,109405.0,109575.0,109215.0,109365.0,316724,1079396
2022-11-28 14:00:00,109365.0,109660.0,109270.0,109575.0,258652,962454
2022-11-28 15:00:00,109575.0,109595.0,109285.0,109370.0,66191,245479
2022-11-29 06:00:00,110150.0,110750.0,109890.0,110000.0,683188,1754723
2022-11-29 07:00:00,109995.0,110290.0,109755.0,110215.0,846346,2306464
2022-11-29 08:00:00,110215.0,111845.0,110075.0,111680.0,884991,2626523
2022-11-29 09:00:00,111685.0,112470.0,111510.0,112400.0,579469,1822770
2022-11-29 10:00:00,112400.0,112835.0,112175.0,112535.0,518173,1702878
2022-11-29 11:00:00,112535.0,112600.0,112220.0,112390.0,371493,1203359
2022-11-29 12:00:00,112390.0,112510.0,112195.0,112405.0,337155,1138985
2022-11-29 13:00:00,112400.0,112400.0,111525.0,111615.0,434167,1537277
2022-11-29 14:00:00,111615.0,111920.0,111325.0,111550.0,364765,1305383
2022-11-29 15:00:00,111555.0,111670.0,111465.0,111620.0,81664,227155
2022-11-30 06:00:00,112000.0,112495.0,111490.0,111525.0,743858,1876193
2022-11-30 07:00:00,111520.0,112285.0,111320.0,111925.0,958554,2545039
2022-11-30 08:00:00,111925.0,112600.0,111845.0,112470.0,830420,2452584
2022-11-30 09:00:00,112475.0,112675.0,111935.0,112060.0,676200,1991714
2022-11-30 10:00:00,112065.0,112320.0,111845.0,111920.0,447861,1350749
2022-11-30 11:00:00,111920.0,112020.0,110600.0,110985.0,619703,1938969
2022-11-30 12:00:00,110985.0,112050.0,110950.0,111795.0,874276,2501140
2022-11-30 13:00:00,111790.0,112070.0,111570.0,111840.0,589344,1680518
2022-11-30 14:00:00,111840.0,112865.0,111795.0,112550.0,474399,1469735
2022-11-30 15:00:00,112550.0,113050.0,112535.0,113050.0,93434,301851
2022-12-01 06:00:00,112500.0,112690.0,111820.0,112040.0,620591,1553523
2022-12-01 07:00:00,112040.0,112345.0,111580.0,111910.0,1017119,2659997
2022-12-01 08:00:00,111910.0,112450.0,111800.0,112340.0,759360,2195897
2022-12-01 09:00:00,112335.0,112415.0,111020.0,111405.0,773572,2273994
2022-12-01 10:00:00,111400.0,111535.0,111085.0,111240.0,462003,1438603
2022-12-01 11:00:00,111245.0,111510.0,110905.0,111295.0,501947,1572470
2022-12-01 12:00:00,111285.0,111625.0,111140.0,111590.0,480902,1566176
2022-12-01 13:00:00,111585.0,111730.0,111390.0,111540.0,420094,1360803
2022-12-01 14:00:00,111545.0,111625.0,111320.0,111500.0,248745,795502
2022-12-01 15:00:00,111500.0,111575.0,111240.0,111575.0,65238,229633
2022-12-02 06:00:00,111500.0,112020.0,111500.0,111760.0,563403,1379068
2022-12-02 07:00:00,111760.0,111945.0,110225.0,111440.0,1107508,2809910
2022-12-02 08:00:00,111450.0,114200.0,111410.0,114075.0,1144920,3464765
2022-12-02 09:00:00,114080.0,114080.0,112555.0,112635.0,644111,2097022
2022-12-02 10:00:00,112630.0,113565.0,112480.0,113215.0,496114,1594225
2022-12-02 11:00:00,113210.0,113605.0,112935.0,113180.0,392250,1293362
2022-12-02 12:00:00,113185.0,113315.0,112420.0,112495.0,396211,1352282
2022-12-02 13:00:00,112495.0,112705.0,112365.0,112580.0,261755,818122
2022-12-02 14:00:00,112585.0,112605.0,112185.0,112355.0,192002,648336
2022-12-02 15:00:00,112355.0,112450.0,112225.0,112235.0,59380,180512
2022-12-05 06:00:00,112815.0,112840.0,111675.0,111705.0,720786,1813549
2022-12-05 07:00:00,111710.0,112270.0,111335.0,111435.0,1029573,2756569
2022-12-05 08:00:00,111435.0,111500.0,110565.0,110610.0,827393,2475920
2022-12-05 09:00:00,110615.0,111075.0,110335.0,110945.0,691492,2139848
2022-12-05 10:00:00,110940.0,110955.0,110270.0,110370.0,469171,1475831
2022-12-05 11:00:00,110370.0,110575.0,110205.0,110415.0,371860,1175505
2022-12-05 12:00:00,110415.0,110440.0,110145.0,110245.0,309286,1021871
2022-12-05 13:00:00,110245.0,110290.0,109725.0,109940.0,311237,1034667
2022-12-05 14:00:00,109940.0,110035.0,109515.0,109675.0,274387,965992
2022-12-05 15:00:00,109675.0,109695.0,109480.0,109480.0,69103,214312
2022-12-06 06:00:00,109770.0,110490.0,109680.0,110465.0,737024,1902813
2022-12-06 07:00:00,110465.0,110680.0,109675.0,110290.0,1031965,2829789
2022-12-06 08:00:00,110290.0,110925.0,110000.0,110645.0,866821,2632113
2022-12-06 09:00:00,110650.0,110870.0,110145.0,110445.0,645514,1933871
2022-12-06 10:00:00,110450.0,110545.0,109950.0,109955.0,504745,1578832
2022-12-06 11:00:00,109955.0,110315.0,109885.0,110050.0,415129,1265027
2022-12-06 12:00:00,110055.0,110075.0,109405.0,109880.0,591829,1998370
2022-12-06 13:00:00,109880.0,109950.0,109510.0,109730.0,405575,1302999
2022-12-06 14:00:00,109735.0,110620.0,109685.0,110465.0,385715,1306336
2022-12-06 15:00:00,110465.0,110860.0,110365.0,110665.0,92603,275902
2022-12-07 06:00:00,109770.0,109855.0,109235.0,109830.0,732796,1933698
2022-12-07 07:00:00,109830.0,110440.0,109400.0,110180.0,982994,2781092
2022-12-07 08:00:00,110185.0,110305.0,109500.0,110070.0,893471,2647505
2022-12-07 09:00:00,110075.0,110340.0,109780.0,109945.0,744673,2199445
2022-12-07 10:00:00,109940.0,109980.0,108760.0,109480.0,656321,2152992
2022-12-07 11:00:00,109475.0,109720.0,109400.0,109595.0,443082,1479493
2022-12-07 12:00:00,109595.0,109995.0,109205.0,109345.0,530801,1805778
2022-12-07 13:00:00,109345.0,109590.0,109210.0,109430.0,412020,1388736
2022-12-07 14:00:00,109435.0,109650.0,109130.0,109230.0,347997,1204746
2022-12-07 15:00:00,109230.0,109745.0,109190.0,109640.0,103695,269678
2022-12-08 06:00:00,109440.0,109745.0,108415.0,108865.0,791896,2037061
2022-12-08 07:00:00,108865.0,109445.0,108590.0,109200.0,813008,2288974
2022-12-08 08:00:00,109200.0,109300.0,108730.0,109235.0,823240,2517809
2022-12-08 09:00:00,109230.0,109295.0,107735.0,107855.0,714210,2201804
2022-12-08 10:00:00,107855.0,108175.0,107255.0,108095.0,592626,1948545
2022-12-08 11:00:00,108095.0,108100.0,107595.0,107840.0,477979,1546104
2022-12-08 12:00:00,107840.0,107920.0,107615.0,107705.0,401677,1415631
2022-12-08 13:00:00,107705.0,108000.0,107360.0,107390.0,372275,1306937
2022-12-08 14:00:00,107390.0,107550.0,106980.0,107220.0,390473,1384313
2022-12-08 15:00:00,107215.0,107400.0,107090.0,107170.0,91146,282853
2022-12-09 06:00:00,107880.0,108225.0,107670.0,108145.0,617888,1675365
2022-12-09 07:00:00,108145.0,108245.0,107135.0,107485.0,1004352,2800185
2022-12-09 08:00:00,107480.0,108435.0,107465.0,108110.0,712214,2091026
2022-12-09 09:00:00,108110.0,108280.0,107805.0,108155.0,394156,1098627
2022-12-09 10:00:00,108155.0,108710.0,108085.0,108590.0,349713,1028801
2022-12-09 11:00:00,108590.0,108690.0,107910.0,108005.0,320601,976625
2022-12-09 12:00:00,108005.0,108210.0,107850.0,108200.0,317091,968062
2022-12-09 13:00:00,108205.0,108215.0,107865.0,107950.0,281768,940046
2022-12-09 14:00:00,107955.0,107980.0,107520.0,107550.0,239643,788067
2022-12-09 15:00:00,107550.0,107780.0,107455.0,107780.0,75618,204077
2022-12-12 06:00:00,107895.0,107895.0,106990.0,107195.0,699648,1766228
2022-12-12 07:00:00,107195.0,107615.0,105445.0,105465.0,1024915,3060321
2022-12-12 08:00:00,105470.0,105670.0,103765.0,104265.0,1006183,3106510
2022-12-12 09:00:00,104265.0,104970.0,103940.0,104205.0,575922,1836969
2022-12-12 10:00:00,104205.0,105045.0,103970.0,104625.0,429514,1566671
2022-12-12 11:00:00,104620.0,105110.0,104620.0,104990.0,402782,1396176
2022-12-12 12:00:00,104995.0,104995.0,104545.0,104695.0,376970,1305161
2022-12-12 13:00:00,104695.0,104980.0,104530.0,104960.0,324076,1082658
2022-12-12 14:00:00,104960.0,105950.0,104950.0,105630.0,442713,1560503
2022-12-12 15:00:00,105630.0,105640.0,104755.0,104765.0,143486,382663
2022-12-13 06:00:00,104980.0,105755.0,104810.0,105655.0,775640,1840851
2022-12-13 07:00:00,105655.0,107000.0,105380.0,105870.0,1115158,2790617
2022-12-13 08:00:00,105870.0,106510.0,105230.0,105855.0,918029,2587146
2022-12-13 09:00:00,105850.0,106390.0,105650.0,105780.0,637848,1824710
2022-12-13 10:00:00,105780.0,105980.0,105185.0,105510.0,485836,1511598
2022-12-13 11:00:00,105510.0,105620.0,104780.0,105250.0,555308,1759590
2022-12-13 12:00:00,105250.0,105605.0,104780.0,105040.0,471738,1530693
2022-12-13 13:00:00,105045.0,105325.0,103325.0,103920.0,824352,2407751
2022-12-13 14:00:00,103915.0,104075.0,103125.0,103220.0,401597,1180694
2022-12-13 15:00:00,103220.0,103800.0,103095.0,103615.0,102122,261788
2022-12-14 06:00:00,105140.0,105470.0,104065.0,104580.0,690974,1661174
2022-12-14 07:00:00,104575.0,105065.0,104280.0,104985.0,826914,2234324
2022-12-14 08:00:00,104985.0,105060.0,103905.0,103970.0,913026,2685786
2022-12-14 09:00:00,103970.0,104335.0,103635.0,104320.0,671797,2035732
2022-12-14 10:00:00,104325.0,104340.0,103890.0,104090.0,453695,1344169
2022-12-14 11:00:00,104090.0,105065.0,104055.0,104925.0,521266,1698068
2022-12-14 12:00:00,104930.0,105765.0,104790.0,105485.0,745703,2288694
2022-12-14 13:00:00,105480.0,105930.0,104920.0,105765.0,996849,2396611
2022-12-14 14:00:00,105770.0,106525.0,105480.0,105530.0,560697,1570599
2022-12-14 15:00:00,105530.0,106195.0,105465.0,105660.0,109516,289650
2022-12-15 06:00:00,105030.0,105330.0,104700.0,105075.0,611342,1521214
2022-12-15 07:00:00,105080.0,106650.0,104850.0,106090.0,988355,2483341
2022-12-15 08:00:00,106090.0,107630.0,105880.0,106985.0,876201,2630991
2022-12-15 09:00:00,106990.0,107020.0,105425.0,105945.0,703538,2196867
2022-12-15 10:00:00,105945.0,105970.0,105580.0,105780.0,344235,1047741
2022-12-15 11:00:00,105775.0,107220.0,105755.0,106475.0,677021,2140187
2022-12-15 12:00:00,106475.0,106590.0,105690.0,106155.0,507567,1649886
2022-12-15 13:00:00,106155.0,106350.0,105960.0,106320.0,410018,1339915
2022-12-15 14:00:00,106320.0,106495.0,105370.0,105525.0,377019,1200346
2022-12-15 15:00:00,105530.0,105850.0,105490.0,105850.0,76755,210712
2022-12-16 06:00:00,105120.0,105545.0,104850.0,105530.0,615909,1548388
2022-12-16 07:00:00,105525.0,106010.0,105095.0,105375.0,839493,2316896
2022-12-16 08:00:00,105375.0,105520.0,104500.0,105200.0,956195,2689218
2022-12-16 09:00:00,105205.0,105225.0,104125.0,104525.0,665410,1904560
2022-12-16 10:00:00,104530.0,104780.0,104345.0,104385.0,443850,1297350
2022-12-16 11:00:00,104385.0,104565.0,104110.0,104415.0,482572,1474104
2022-12-16 12:00:00,104415.0,104550.0,104280.0,104350.0,356724,1170227
2022-12-16 13:00:00,104350.0,104690.0,104240.0,104565.0,319326,1024355
2022-12-16 14:00:00,104565.0,105080.0,104370.0,104440.0,379617,1248627
2022-12-16 15:00:00,104450.0,104780.0,104350.0,104710.0,106077,277148
2022-12-19 06:00:00,105000.0,105120.0,104195.0,104970.0,652624,1649186
2022-12-19 07:00:00,104970.0,105785.0,104680.0,105230.0,875520,2474791
2022-12-19 08:00:00,105235.0,105920.0,104860.0,105345.0,864809,2450598
2022-12-19 09:00:00,105345.0,106550.0,105325.0,106130.0,689427,2016020
2022-12-19 10:00:00,106130.0,106610.0,105890.0,106405.0,456395,1378493
2022-12-19 11:00:00,106405.0,106670.0,106180.0,106535.0,414642,1262064
2022-12-19 12:00:00,106535.0,107045.0,106405.0,106705.0,490384,1523247
2022-12-19 13:00:00,106710.0,106725.0,105960.0,106100.0,422396,1368020
2022-12-19 14:00:00,106100.0,106720.0,106005.0,106630.0,344056,1090609
2022-12-19 15:00:00,106630.0,106865.0,106560.0,106785.0,83674,248550
2022-12-20 06:00:00,106705.0,106810.0,106160.0,106300.0,647454,1708572
2022-12-20 07:00:00,106300.0,108785.0,106225.0,108455.0,1248740,3688613
2022-12-20 08:00:00,108455.0,109520.0,108405.0,109265.0,1012447,3022364
2022-12-20 09:00:00,109265.0,109785.0,108820.0,109450.0,614726,1911389
2022-12-20 10:00:00,109455.0,109495.0,108795.0,108915.0,526165,1683551
2022-12-20 11:00:00,108915.0,109085.0,108505.0,108665.0,505642,1661021
2022-12-20 12:00:00,108665.0,109400.0,108615.0,109150.0,544159,1801842
2022-12-20 13:00:00,109145.0,109240.0,108685.0,108790.0,406539,1300383
2022-12-20 14:00:00,108790.0,108990.0,108555.0,108890.0,341749,1160603
2022-12-20 15:00:00,108895.0,109345.0,108830.0,109330.0,80569,244212
2022-12-21 06:00:00,109710.0,109810.0,108865.0,109210.0,835569,2112337
2022-12-21 07:00:00,109205.0,109780.0,108175.0,108275.0,1162772,3104035
2022-12-21 08:00:00,108270.0,109030.0,107760.0,108670.0,967938,2698135
2022-12-21 09:00:00,108675.0,109200.0,108460.0,108935.0,650011,1895363
2022-12-21 10:00:00,108935.0,109565.0,108585.0,108615.0,605786,1865389
2022-12-21 11:00:00,108615.0,109160.0,108585.0,108995.0,469741,1458751
2022-12-21 12:00:00,108990.0,109315.0,108695.0,109215.0,429696,1374440
2022-12-21 13:00:00,109220.0,109445.0,109100.0,109195.0,356027,1163977
2022-12-21 14:00:00,109190.0,109400.0,108930.0,109345.0,297600,996022
2022-12-21 15:00:00,109345.0,109400.0,109200.0,109350.0,71663,199902
2022-12-22 06:00:00,109000.0,109560.0,108995.0,109550.0,669179,1666427
2022-12-22 07:00:00,109555.0,109875.0,109110.0,109180.0,952315,2508553
2022-12-22 08:00:00,109180.0,110220.0,108805.0,109075.0,1027359,2833173
2022-12-22 09:00:00,109070.0,109350.0,108775.0,108895.0,619266,1754453
2022-12-22 10:00:00,108890.0,109645.0,108825.0,109370.0,458396,1363626
2022-12-22 11:00:00,109370.0,109460.0,108735.0,108785.0,427535,1270362
2022-12-22 12:00:00,108780.0,108985.0,108190.0,108315.0,589664,1791483
2022-12-22 13:00:00,108310.0,108880.0,108295.0,108830.0,436715,1301524
2022-12-22 14:00:00,108825.0,109475.0,108770.0,109400.0,361497,1128749
2022-12-22 15:00:00,109400.0,109640.0,109115.0,109390.0,92054,246849
2022-12-23 06:00:00,109560.0,110045.0,109285.0,109850.0,660394,1670515
2022-12-23 07:00:00,109850.0,111140.0,109685.0,110675.0,1119521,2781869
2022-12-23 08:00:00,110670.0,111450.0,110565.0,111090.0,831913,2139913
2022-12-23 09:00:00,111090.0,111825.0,110850.0,111300.0,558061,1630888
2022-12-23 10:00:00,111300.0,111565.0,111160.0,111385.0,353588,1052651
2022-12-23 11:00:00,111380.0,111525.0,111190.0,111320.0,298716,930273
2022-12-23 12:00:00,111325.0,111550.0,111105.0,111225.0,317824,1008181
2022-12-23 13:00:00,111230.0,111375.0,110915.0,111160.0,313751,1027524
2022-12-23 14:00:00,111155.0,111580.0,111120.0,111490.0,248644,826837
2022-12-23 15:00:00,111495.0,111645.0,111230.0,111430.0,87607,289578
2022-12-26 06:00:00,111240.0,111775.0,111145.0,111225.0,542527,1265187
2022-12-26 07:00:00,111225.0,111400.0,110075.0,110345.0,855629,2104231
2022-12-26 08:00:00,110345.0,110715.0,109940.0,110465.0,586074,1422515
2022-12-26 09:00:00,110465.0,110885.0,110200.0,110315.0,394421,971509
2022-12-26 10:00:00,110315.0,110695.0,110235.0,110370.0,273185,679454
2022-12-26 11:00:00,110375.0,110580.0,110040.0,110495.0,286222,703182
2022-12-26 12:00:00,110495.0,110560.0,110200.0,110395.0,227646,583939
2022-12-26 13:00:00,110395.0,110685.0,110305.0,110465.0,207717,532172
2022-12-26 14:00:00,110460.0,110795.0,110350.0,110570.0,196918,530730
2022-12-26 15:00:00,110565.0,110665.0,110400.0,110520.0,68370,199352
2022-12-27 06:00:00,111175.0,111370.0,110800.0,110885.0,542315,1296836
2022-12-27 07:00:00,110885.0,111095.0,108945.0,109195.0,1005091,2840046
2022-12-27 08:00:00,109195.0,109745.0,108995.0,109520.0,660522,1896897
2022-12-27 09:00:00,109520.0,110710.0,109520.0,110110.0,567229,1798560
2022-12-27 10:00:00,110110.0,110220.0,109780.0,110115.0,423002,1307064
2022-12-27 11:00:00,110120.0,110175.0,109355.0,109635.0,424887,1397644
2022-12-27 12:00:00,109640.0,110000.0,109565.0,109865.0,372698,1208765
2022-12-27 13:00:00,109870.0,109985.0,109550.0,109825.0,314903,1037967
2022-12-27 14:00:00,109830.0,110365.0,109730.0,110135.0,259436,909819
2022-12-27 15:00:00,110135.0,110400.0,110090.0,110090.0,65598,193427
2022-12-28 06:00:00,110380.0,110825.0,110200.0,110745.0,546173,1269877
2022-12-28 07:00:00,110745.0,111620.0,110325.0,111510.0,968345,2638578
2022-12-28 08:00:00,111515.0,111985.0,111220.0,111500.0,839489,2489939
2022-12-28 09:00:00,111500.0,111610.0,110910.0,111205.0,588440,1720808
2022-12-28 10:00:00,111210.0,111645.0,111155.0,111480.0,404805,1220842
2022-12-28 11:00:00,111485.0,112025.0,111285.0,111920.0,469457,1447202
2022-12-28 12:00:00,111920.0,112160.0,111730.0,111825.0,453446,1429667
2022-12-28 13:00:00,111825.0,112185.0,111775.0,111940.0,329157,1039844
2022-12-28 14:00:00,111940.0,112100.0,111830.0,112000.0,237951,749492
2022-12-28 15:00:00,112000.0,112290.0,111965.0,112235.0,86597,236471
2022-12-29 06:00:00,112080.0,112850.0,111975.0,112665.0,704062,1690471
2022-12-29 07:00:00,112665.0,112810.0,112230.0,112440.0,759115,1951547
2022-12-29 08:00:00,112445.0,112620.0,111760.0,111995.0,870981,2261215
2022-12-29 09:00:00,111995.0,112255.0,111585.0,111715.0,600910,1612064
2022-12-29 10:00:00,111715.0,112115.0,111575.0,111840.0,447674,1229905
2022-12-29 11:00:00,111840.0,111990.0,111035.0,111450.0,521883,1525536
2022-12-29 12:00:00,111450.0,111725.0,111250.0,111460.0,362838,1029811
2022-12-29 13:00:00,111455.0,111650.0,111335.0,111505.0,284595,804906
2022-12-29 14:00:00,111500.0,111680.0,111375.0,111420.0,219039,670449
2022-12-29 15:00:00,111420.0,111420.0,110880.0,111035.0,114415,336415
2023-01-02 06:00:00,110400.0,110585.0,109350.0,109465.0,480082,1103964
2023-01-02 07:00:00,109465.0,109595.0,107790.0,108000.0,784229,2035419
2023-01-02 08:00:00,108000.0,108130.0,107265.0,107770.0,583629,1532807
2023-01-02 09:00:00,107770.0,108030.0,107495.0,108000.0,280392,753028
2023-01-02 10:00:00,108005.0,108225.0,107645.0,107710.0,319356,849001
2023-01-02 11:00:00,107705.0,107960.0,107440.0,107585.0,337734,917231
2023-01-02 12:00:00,107590.0,107765.0,107320.0,107555.0,319050,871510
2023-01-02 13:00:00,107550.0,107920.0,107410.0,107780.0,297776,800993
2023-01-02 14:00:00,107785.0,107785.0,107500.0,107715.0,244330,699896
2023-01-02 15:00:00,107710.0,107770.0,107400.0,107400.0,47201,180877
2023-01-03 06:00:00,107950.0,108045.0,107005.0,107555.0,953366,2476689
2023-01-03 07:00:00,107555.0,107890.0,106505.0,107025.0,1149199,3074601
2023-01-03 08:00:00,107030.0,107780.0,106480.0,107305.0,897971,2568148
2023-01-03 09:00:00,107305.0,107465.0,106710.0,107395.0,613341,1822959
2023-01-03 10:00:00,107390.0,107525.0,106420.0,106595.0,550237,1672425
2023-01-03 11:00:00,106600.0,107145.0,106285.0,106580.0,535570,1724600
2023-01-03 12:00:00,106575.0,106865.0,106475.0,106630.0,374130,1222724
2023-01-03 13:00:00,106625.0,106680.0,105760.0,105780.0,466228,1576414
2023-01-03 14:00:00,105780.0,105885.0,105140.0,105320.0,420088,1522222
2023-01-03 15:00:00,105320.0,105480.0,104970.0,105000.0,105069,315581
2023-01-04 06:00:00,105550.0,105925.0,105425.0,105780.0,675508,1678927
2023-01-04 07:00:00,105775.0,106300.0,105455.0,105835.0,1073529,2866834
2023-01-04 08:00:00,105840.0,105975.0,105265.0,105735.0,887152,2547221
2023-01-04 09:00:00,105730.0,106175.0,105150.0,106170.0,794477,2388510
2023-01-04 10:00:00,106170.0,107070.0,106160.0,106475.0,731251,2227313
2023-01-04 11:00:00,106475.0,107020.0,106450.0,106905.0,535344,1695465
2023-01-04 12:00:00,106905.0,107050.0,106610.0,106845.0,403231,1242471
2023-01-04 13:00:00,106840.0,106970.0,106125.0,106825.0,582462,1831959
2023-01-04 14:00:00,106825.0,106840.0,106475.0,106755.0,352762,1168473
2023-01-04 15:00:00,106760.0,106880.0,106660.0,106870.0,63910,191685
2023-01-05 06:00:00,107280.0,107505.0,106980.0,107430.0,605762,1659878
2023-01-05 07:00:00,107430.0,107675.0,106650.0,106975.0,935545,2633683
2023-01-05 08:00:00,106975.0,107815.0,106875.0,107575.0,827440,2461861
2023-01-05 09:00:00,107580.0,108535.0,107225.0,108420.0,716113,2299100
2023-01-05 10:00:00,108420.0,108670.0,108285.0,108310.0,381604,1247168
2023-01-05 11:00:00,108305.0,108810.0,108170.0,108720.0,392824,1350509
2023-01-05 12:00:00,108720.0,109140.0,108605.0,108810.0,414684,1422953
2023-01-05 13:00:00,108810.0,109065.0,108755.0,108975.0,306671,1089970
2023-01-05 14:00:00,108980.0,109060.0,108850.0,108995.0,193253,720441
2023-01-05 15:00:00,108995.0,109270.0,108940.0,109200.0,59882,232682
2023-01-06 06:00:00,109050.0,109370.0,108845.0,109160.0,575563,1461452
2023-01-06 07:00:00,109165.0,110815.0,109070.0,110475.0,1112595,3038855
2023-01-06 08:00:00,110475.0,110550.0,109260.0,109350.0,782500,2362292
2023-01-06 09:00:00,109350.0,110245.0,109125.0,110145.0,636974,1935437
2023-01-06 10:00:00,110145.0,110210.0,109820.0,110095.0,395214,1248556
2023-01-06 11:00:00,110100.0,110335.0,109930.0,110105.0,370661,1166076
2023-01-06 12:00:00,110105.0,110175.0,109760.0,109905.0,335579,1096585
2023-01-06 13:00:00,109910.0,110090.0,109665.0,110060.0,302796,1063973
2023-01-06 14:00:00,110065.0,110390.0,110050.0,110350.0,222038,833825
2023-01-06 15:00:00,110350.0,110650.0,110275.0,110600.0,64791,234896
2023-01-09 06:00:00,109335.0,110080.0,108800.0,109915.0,627325,1603797
2023-01-09 07:00:00,109920.0,110515.0,109505.0,109795.0,971697,2673963
2023-01-09 08:00:00,109800.0,110260.0,109560.0,109870.0,791411,2352343
2023-01-09 09:00:00,109865.0,110815.0,109600.0,110475.0,608955,1884151
2023-01-09 10:00:00,110480.0,111285.0,110190.0,110955.0,623936,1893268
2023-01-09 11:00:00,110955.0,111135.0,110705.0,110945.0,457473,1404442
2023-01-09 12:00:00,110950.0,111295.0,110790.0,110915.0,451368,1426250
2023-01-09 13:00:00,110915.0,111030.0,110565.0,110575.0,341540,1050615
2023-01-09 14:00:00,110570.0,110700.0,109930.0,110065.0,387979,1253316
2023-01-09 15:00:00,110060.0,110375.0,110045.0,110210.0,85633,248529
2023-01-10 06:00:00,109750.0,109960.0,109415.0,109690.0,685602,1821273
2023-01-10 07:00:00,109690.0,110170.0,109375.0,109980.0,834186,2345104
2023-01-10 08:00:00,109985.0,110940.0,109965.0,110615.0,986342,2978278
2023-01-10 09:00:00,110620.0,110765.0,110180.0,110705.0,613466,1888619
2023-01-10 10:00:00,110705.0,111140.0,110635.0,111010.0,471497,1439829
2023-01-10 11:00:00,111010.0,111275.0,110890.0,111235.0,347704,1123472
2023-01-10 12:00:00,111240.0,112150.0,111170.0,112095.0,502193,1773300
2023-01-10 13:00:00,112100.0,112495.0,112070.0,112200.0,410294,1456358
2023-01-10 14:00:00,112200.0,112355.0,111960.0,112005.0,263804,1015244
2023-01-10 15:00:00,112005.0,112240.0,111890.0,111890.0,74374,257420
2023-01-11 06:00:00,111950.0,112210.0,111760.0,111845.0,634626,1751765
2023-01-11 07:00:00,111845.0,113040.0,111755.0,112225.0,1109001,3327007
2023-01-11 08:00:00,112220.0,112735.0,111960.0,112600.0,852131,2606635
2023-01-11 09:00:00,112595.0,112635.0,112030.0,112270.0,485212,1466524
2023-01-11 10:00:00,112275.0,112505.0,112220.0,112440.0,385860,1183930
2023-01-11 11:00:00,112435.0,112905.0,112305.0,112700.0,405485,1328149
2023-01-11 12:00:00,112705.0,112710.0,112305.0,112565.0,408536,1379528
2023-01-11 13:00:00,112570.0,112900.0,112470.0,112780.0,306213,1030386
2023-01-11 14:00:00,112780.0,113925.0,112765.0,113800.0,418122,1494635
2023-01-11 15:00:00,113800.0,114190.0,113755.0,113990.0,114674,340502
2023-01-12 06:00:00,113200.0,113640.0,112930.0,113210.0,663890,1708678
2023-01-12 07:00:00,113215.0,113515.0,112300.0,112885.0,1341434,3431413
2023-01-12 08:00:00,112880.0,113010.0,111940.0,112130.0,923470,2581244
2023-01-12 09:00:00,112130.0,113190.0,111695.0,113070.0,730236,2148841
2023-01-12 10:00:00,113070.0,113995.0,112985.0,113860.0,603371,1780088
2023-01-12 11:00:00,113855.0,114070.0,113430.0,113780.0,486689,1472340
2023-01-12 12:00:00,113780.0,113825.0,113320.0,113690.0,407185,1198244
2023-01-12 13:00:00,113690.0,113780.0,112935.0,113300.0,527293,1603753
2023-01-12 14:00:00,113300.0,113305.0,112640.0,113100.0,412900,1316040
2023-01-12 15:00:00,113100.0,113175.0,112900.0,112990.0,75367,251670
2023-01-13 06:00:00,112630.0,112895.0,111735.0,111850.0,712275,1977974
2023-01-13 07:00:00,111850.0,112215.0,111405.0,111965.0,949032,2734308
2023-01-13 08:00:00,111965.0,112460.0,111515.0,112160.0,777172,2264588
2023-01-13 09:00:00,112160.0,112215.0,111830.0,112120.0,508758,1503086
2023-01-13 10:00:00,112115.0,112290.0,111715.0,112230.0,441300,1396963
2023-01-13 11:00:00,112230.0,112365.0,111945.0,112110.0,352282,1164363
2023-01-13 12:00:00,112110.0,112350.0,111945.0,112095.0,301365,1005296
2023-01-13 13:00:00,112095.0,112210.0,111825.0,111880.0,294969,965348
2023-01-13 14:00:00,111875.0,112280.0,111725.0,111995.0,286302,946856
2023-01-13 15:00:00,111990.0,112220.0,111955.0,111990.0,70186,224623
2023-01-16 06:00:00,111100.0,111640.0,110930.0,111065.0,584250,1519489
2023-01-16 07:00:00,111070.0,111435.0,110700.0,110990.0,861617,2403414
2023-01-16 08:00:00,110990.0,111040.0,109975.0,110465.0,793333,2393828
2023-01-16 09:00:00,110465.0,110475.0,109855.0,110405.0,463672,1369500
2023-01-16 10:00:00,110405.0,110470.0,110190.0,110420.0,297580,862072
2023-01-16 11:00:00,110420.0,110585.0,110130.0,110400.0,307872,940718
2023-01-16 12:00:00,110400.0,110400.0,109705.0,109925.0,400096,1182647
2023-01-16 13:00:00,109925.0,110190.0,109825.0,110020.0,260025,777521
2023-01-16 14:00:00,110025.0,110170.0,109895.0,110020.0,194547,605710
2023-01-16 15:00:00,110015.0,110165.0,109955.0,109955.0,46921,177374
2023-01-17 06:00:00,110000.0,110560.0,109940.0,110490.0,660478,1757074
2023-01-17 07:00:00,110490.0,111710.0,110455.0,111240.0,906505,2621581
2023-01-17 08:00:00,111235.0,111840.0,111065.0,111690.0,793093,2383867
2023-01-17 09:00:00,111685.0,111865.0,111550.0,111780.0,488124,1543784
2023-01-17 10:00:00,111775.0,112385.0,111715.0,112260.0,423461,1399161
2023-01-17 11:00:00,112265.0,112290.0,111995.0,112150.0,247252,834916
2023-01-17 12:00:00,112145.0,112190.0,111780.0,111850.0,263638,867244
2023-01-17 13:00:00,111850.0,112390.0,111760.0,112240.0,375631,1282502
2023-01-17 14:00:00,112245.0,112660.0,112235.0,112505.0,261578,944011
2023-01-17 15:00:00,112500.0,112615.0,112375.0,112520.0,76285,248836
2023-01-18 06:00:00,112920.0,113795.0,112830.0,113675.0,720147,1957899
2023-01-18 07:00:00,113675.0,114015.0,113285.0,113710.0,1014322,2826438
2023-01-18 08:00:00,113710.0,114120.0,113500.0,113670.0,807898,2395362
2023-01-18 09:00:00,113675.0,114340.0,113545.0,113935.0,705493,2169505
2023-01-18 10:00:00,113935.0,114045.0,113450.0,113830.0,578939,1855851
2023-01-18 11:00:00,113835.0,113900.0,113100.0,113280.0,538153,1721896
2023-01-18 12:00:00,113285.0,113930.0,113155.0,113665.0,492435,1581538
2023-01-18 13:00:00,113665.0,113825.0,113445.0,113610.0,327062,1035364
2023-01-18 14:00:00,113615.0,113620.0,113140.0,113190.0,291006,945453
2023-01-18 15:00:00,113185.0,113280.0,112825.0,113000.0,92833,324596
2023-01-19 06:00:00,111750.0,112000.0,111505.0,111800.0,592830,1514084
2023-01-19 07:00:00,111795.0,113295.0,111775.0,113155.0,1055848,2962740
2023-01-19 08:00:00,113155.0,113545.0,112790.0,112910.0,734609,2159720
2023-01-19 09:00:00,112915.0,113210.0,112695.0,112875.0,558343,1669376
2023-01-19 10:00:00,112880.0,112915.0,112390.0,112695.0,511485,1515929
2023-01-19 11:00:00,112690.0,113090.0,112690.0,112930.0,374214,1115968
2023-01-19 12:00:00,112935.0,113740.0,112765.0,113635.0,586577,1790285
2023-01-19 13:00:00,113630.0,114130.0,113390.0,113935.0,413758,1294479
2023-01-19 14:00:00,113940.0,114170.0,113715.0,113775.0,273581,862393
2023-01-19 15:00:00,113770.0,113905.0,113515.0,113515.0,87353,275721
2023-01-20 06:00:00,113880.0,114010.0,113385.0,113525.0,700097,1876644
2023-01-20 07:00:00,113525.0,113735.0,112635.0,112750.0,1021324,2917482
2023-01-20 08:00:00,112755.0,113165.0,112545.0,112950.0,674703,1957572
2023-01-20 09:00:00,112955.0,113290.0,112845.0,113230.0,505124,1518875
2023-01-20 10:00:00,113230.0,113370.0,112705.0,112815.0,413074,1386201
2023-01-20 11:00:00,112810.0,113075.0,112640.0,113015.0,339818,1153491
2023-01-20 12:00:00,113010.0,113095.0,112725.0,112980.0,446094,1501843
2023-01-20 13:00:00,112975.0,113160.0,112890.0,113080.0,276943,913557
2023-01-20 14:00:00,113085.0,113185.0,112985.0,113030.0,210346,734062
2023-01-20 15:00:00,113030.0,113060.0,112790.0,113060.0,85743,249950
2023-01-23 06:00:00,113200.0,113355.0,112655.0,112905.0,708271,1762277
2023-01-23 07:00:00,112905.0,113880.0,112860.0,113485.0,1017255,2761090
2023-01-23 08:00:00,113490.0,113540.0,112615.0,113315.0,838013,2446046
2023-01-23 09:00:00,113315.0,113635.0,113155.0,113555.0,601237,1844641
2023-01-23 10:00:00,113550.0,113765.0,113090.0,113225.0,469731,1467617
2023-01-23 11:00:00,113230.0,113470.0,113060.0,113260.0,396470,1222138
2023-01-23 12:00:00,113265.0,113290.0,112895.0,113130.0,395015,1271611
2023-01-23 13:00:00,113130.0,113210.0,112550.0,112725.0,400436,1355166
2023-01-23 14:00:00,112725.0,112885.0,112375.0,112670.0,373740,1213369
2023-01-23 15:00:00,112670.0,112680.0,112275.0,112360.0,97805,296194
2023-01-24 06:00:00,112065.0,112920.0,111870.0,112795.0,598130,1661958
2023-01-24 07:00:00,112795.0,113400.0,112455.0,112865.0,874100,2622968
2023-01-24 08:00:00,112870.0,113605.0,112705.0,112725.0,832122,2605666
2023-01-24 09:00:00,112725.0,113300.0,112635.0,113105.0,549682,1713484
2023-01-24 10:00:00,113105.0,113370.0,112845.0,113190.0,415750,1281187
2023-01-24 11:00:00,113190.0,113255.0,112945.0,113055.0,271427,899987
2023-01-24 12:00:00,113055.0,113185.0,112955.0,113030.0,275654,946088
2023-01-24 13:00:00,113030.0,113800.0,112875.0,113715.0,420639,1430028
2023-01-24 14:00:00,113715.0,113870.0,113525.0,113760.0,313920,1154137
2023-01-24 15:00:00,113755.0,114000.0,113750.0,113900.0,106551,347833
2023-01-25 06:00:00,113475.0,114065.0,113200.0,113635.0,616862,1569846
2023-01-25 07:00:00,113630.0,113875.0,112685.0,113170.0,925683,2669961
2023-01-25 08:00:00,113170.0,113340.0,112670.0,112920.0,789097,2310661
2023-01-25 09:00:00,112925.0,114665.0,112585.0,114600.0,814883,2461651
2023-01-25 10:00:00,114595.0,114905.0,114275.0,114315.0,506821,1585350
2023-01-25 11:00:00,114315.0,114680.0,114285.0,114380.0,322666,1012330
2023-01-25 12:00:00,114380.0,114785.0,114275.0,114615.0,353089,1141994
2023-01-25 13:00:00,114615.0,115145.0,114535.0,115045.0,404233,1335924
2023-01-25 14:00:00,115045.0,115170.0,114920.0,115055.0,218053,732612
2023-01-25 15:00:00,115060.0,115295.0,115045.0,115295.0,61897,215721
2023-01-26 06:00:00,115045.0,115530.0,114955.0,115280.0,688895,1821243
2023-01-26 07:00:00,115280.0,115585.0,114680.0,115015.0,999847,2726476
2023-01-26 08:00:00,115015.0,115470.0,114420.0,114675.0,897891,2712766
2023-01-26 09:00:00,114675.0,114990.0,114400.0,114460.0,576100,1821087
2023-01-26 10:00:00,114460.0,114730.0,114375.0,114520.0,365865,1161774
2023-01-26 11:00:00,114525.0,114775.0,114270.0,114595.0,341805,1122055
2023-01-26 12:00:00,114595.0,115075.0,114520.0,114745.0,403539,1342216
2023-01-26 13:00:00,114745.0,114975.0,114685.0,114860.0,292310,1041880
2023-01-26 14:00:00,114855.0,115125.0,114735.0,115060.0,214527,777506
2023-01-26 15:00:00,115065.0,115105.0,114635.0,114635.0,67455,219990
2023-01-27 06:00:00,114830.0,115070.0,114430.0,114560.0,548465,1529152
2023-01-27 07:00:00,114555.0,114755.0,114120.0,114225.0,855016,2563604
2023-01-27 08:00:00,114230.0,114275.0,113095.0,113355.0,778248,2391691
2023-01-27 09:00:00,113360.0,113575.0,112625.0,112780.0,563972,1764337
2023-01-27 10:00:00,112785.0,113060.0,112655.0,112995.0,312517,950474
2023-01-27 11:00:00,112995.0,113315.0,112940.0,113235.0,327461,1000916
2023-01-27 12:00:00,113235.0,113410.0,113050.0,113180.0,318779,971876
2023-01-27 13:00:00,113175.0,113270.0,112930.0,113040.0,299559,919563
2023-01-27 14:00:00,113040.0,113325.0,112990.0,113115.0,240931,765836
2023-01-27 15:00:00,113110.0,113165.0,112825.0,112860.0,84641,251602
2023-01-30 06:00:00,112610.0,113445.0,112400.0,113400.0,612231,1633973
2023-01-30 07:00:00,113400.0,113625.0,112615.0,113200.0,996698,2786019
2023-01-30 08:00:00,113195.0,113300.0,112690.0,112715.0,787018,2293687
2023-01-30 09:00:00,112720.0,113220.0,112610.0,112870.0,573120,1753476
2023-01-30 10:00:00,112870.0,112995.0,112665.0,112825.0,349238,1080778
2023-01-30 11:00:00,112825.0,112970.0,112670.0,112865.0,364363,1137824
2023-01-30 12:00:00,112870.0,113195.0,112660.0,112835.0,408603,1306153
2023-01-30 13:00:00,112840.0,112950.0,112375.0,112540.0,326043,1076342
2023-01-30 14:00:00,112545.0,112765.0,112415.0,112725.0,260375,861459
2023-01-30 15:00:00,112725.0,113090.0,112725.0,113065.0,83999,259694
2023-01-31 06:00:00,112655.0,112995.0,112490.0,112815.0,474720,1280596
2023-01-31 07:00:00,112820.0,113505.0,112725.0,113425.0,1045211,2953295
2023-01-31 08:00:00,113420.0,114095.0,113420.0,113835.0,743099,2229472
2023-01-31 09:00:00,113840.0,114050.0,113570.0,113915.0,453906,1329441
2023-01-31 10:00:00,113920.0,113965.0,113535.0,113745.0,341570,1029778
2023-01-31 11:00:00,113745.0,113940.0,113725.0,113760.0,280619,868238
2023-01-31 12:00:00,113765.0,114015.0,113705.0,113870.0,281638,862978
2023-01-31 13:00:00,113875.0,114170.0,113850.0,114035.0,303855,945953
2023-01-31 14:00:00,114040.0,114265.0,114005.0,114240.0,216258,713273
2023-01-31 15:00:00,114240.0,114260.0,113920.0,113980.0,84952,256609
2023-02-01 06:00:00,113860.0,114080.0,113640.0,113775.0,531799,1427909
2023-02-01 07:00:00,113775.0,114110.0,113000.0,113050.0,1007907,2848926
2023-02-01 08:00:00,113055.0,113170.0,112475.0,112555.0,751520,2174418
2023-02-01 09:00:00,112560.0,112580.0,112050.0,112190.0,563443,1682451
2023-02-01 10:00:00,112185.0,112465.0,112065.0,112115.0,336164,1068209
2023-02-01 11:00:00,112110.0,112225.0,111155.0,111450.0,557539,1850569
2023-02-01 12:00:00,111455.0,111900.0,111365.0,111790.0,396097,1306621
2023-02-01 13:00:00,111790.0,112545.0,111415.0,112280.0,860527,2510049
2023-02-01 14:00:00,112280.0,113040.0,112240.0,112480.0,574371,1807128
2023-02-01 15:00:00,112480.0,112800.0,112275.0,112730.0,123355,367062
2023-02-02 06:00:00,112100.0,112160.0,110995.0,111540.0,732412,1870098
2023-02-02 07:00:00,111545.0,113445.0,111510.0,112975.0,1085194,3000567
2023-02-02 08:00:00,112980.0,113120.0,111675.0,111825.0,838061,2512165
2023-02-02 09:00:00,111825.0,111910.0,110865.0,111620.0,778375,2434552
2023-02-02 10:00:00,111620.0,111755.0,111285.0,111675.0,421062,1301999
2023-02-02 11:00:00,111675.0,111875.0,111555.0,111750.0,379653,1267169
2023-02-02 12:00:00,111750.0,111825.0,111195.0,111275.0,357396,1163176
2023-02-02 13:00:00,111275.0,111550.0,110365.0,110515.0,586174,1890294
2023-02-02 14:00:00,110520.0,110560.0,110100.0,110455.0,392120,1260781
2023-02-02 15:00:00,110455.0,110575.0,110220.0,110365.0,87285,278304
2023-02-03 06:00:00,109850.0,110150.0,109405.0,109970.0,699858,1898491
2023-02-03 07:00:00,109975.0,110420.0,109375.0,110095.0,1094677,2854924
2023-02-03 08:00:00,110095.0,110965.0,110040.0,110520.0,864505,2562491
2023-02-03 09:00:00,110510.0,110770.0,109945.0,110160.0,689025,2032377
2023-02-03 10:00:00,110160.0,110320.0,109835.0,109890.0,450677,1337630
2023-02-03 11:00:00,109885.0,110180.0,109730.0,109820.0,389210,1209784
2023-02-03 12:00:00,109825.0,109840.0,109170.0,109455.0,522961,1601703
2023-02-03 13:00:00,109460.0,109525.0,108625.0,108715.0,438209,1390755
2023-02-03 14:00:00,108715.0,109080.0,108465.0,108920.0,319438,1069845
2023-02-03 15:00:00,108920.0,108975.0,108705.0,108830.0,77663,257167
2023-02-06 06:00:00,108350.0,108550.0,108115.0,108395.0,576217,1459125
2023-02-06 07:00:00,108395.0,108840.0,107995.0,108290.0,1057969,2998171
2023-02-06 08:00:00,108285.0,108575.0,107795.0,108105.0,959377,2846757
2023-02-06 09:00:00,108105.0,108270.0,107700.0,108225.0,661444,2003091
2023-02-06 10:00:00,108225.0,108625.0,108130.0,108300.0,509104,1571169
2023-02-06 11:00:00,108295.0,108480.0,108195.0,108300.0,408615,1261871
2023-02-06 12:00:00,108300.0,108765.0,108105.0,108705.0,554333,1785492
2023-02-06 13:00:00,108705.0,109015.0,108630.0,108825.0,417027,1395563
2023-02-06 14:00:00,108820.0,109140.0,108555.0,108960.0,400272,1318635
2023-02-06 15:00:00,108960.0,109260.0,108830.0,109000.0,96416,306401
2023-02-07 06:00:00,109355.0,109695.0,109075.0,109145.0,689926,1810574
2023-02-07 07:00:00,109145.0,109260.0,108280.0,108900.0,1196569,3301329
2023-02-07 08:00:00,108895.0,109105.0,108220.0,108585.0,887700,2594130
2023-02-07 09:00:00,108585.0,108615.0,107850.0,108095.0,615633,1877977
2023-02-07 10:00:00,108090.0,108300.0,107955.0,108040.0,402274,1243557
2023-02-07 11:00:00,108035.0,108755.0,107725.0,108575.0,683793,1984591
2023-02-07 12:00:00,108575.0,108640.0,107435.0,107845.0,862353,2367831
2023-02-07 13:00:00,107840.0,108440.0,107825.0,108075.0,490695,1429103
2023-02-07 14:00:00,108075.0,108345.0,107970.0,108155.0,350787,1025539
2023-02-07 15:00:00,108150.0,108165.0,107835.0,108100.0,96038,251463
2023-02-08 06:00:00,108500.0,109275.0,108450.0,108960.0,664489,1807849
2023-02-08 07:00:00,108955.0,109155.0,108615.0,108885.0,945797,2805052
2023-02-08 08:00:00,108890.0,109555.0,108530.0,109275.0,956120,2940366
2023-02-08 09:00:00,109275.0,109510.0,108820.0,109090.0,626589,1848746
2023-02-08 10:00:00,109090.0,109480.0,108650.0,109160.0,587329,1804225
2023-02-08 11:00:00,109165.0,109365.0,108865.0,109180.0,415421,1246563
2023-02-08 12:00:00,109180.0,110035.0,109165.0,109835.0,620035,1975325
2023-02-08 13:00:00,109830.0,110485.0,109755.0,110265.0,468424,1518293
2023-02-08 14:00:00,110265.0,110295.0,109880.0,110030.0,288489,939562
2023-02-08 15:00:00,110030.0,110440.0,110000.0,110440.0,90218,309168
2023-02-09 06:00:00,110845.0,110870.0,110040.0,110165.0,602445,1604120
2023-02-09 07:00:00,110170.0,110175.0,109555.0,110160.0,880229,2481502
2023-02-09 08:00:00,110155.0,110215.0,108720.0,108755.0,1028802,2994923
2023-02-09 09:00:00,108755.0,109185.0,108665.0,109000.0,553235,1658477
2023-02-09 10:00:00,109000.0,109115.0,108540.0,108870.0,465986,1459253
2023-02-09 11:00:00,108870.0,109455.0,108825.0,109060.0,479537,1545318
2023-02-09 12:00:00,109060.0,109075.0,108360.0,108545.0,546476,1752260
2023-02-09 13:00:00,108545.0,108655.0,108250.0,108325.0,481401,1564329
2023-02-09 14:00:00,108330.0,108405.0,107920.0,108340.0,407437,1398114
2023-02-09 15:00:00,108340.0,108460.0,107975.0,108095.0,98558,300017
2023-02-10 06:00:00,107650.0,107770.0,107120.0,107425.0,671538,1826609
2023-02-10 07:00:00,107425.0,108800.0,107380.0,108575.0,1014805,3028668
2023-02-10 08:00:00,108575.0,108675.0,107895.0,108120.0,737555,2307581
2023-02-10 09:00:00,108115.0,108300.0,107815.0,107915.0,574347,1811427
2023-02-10 10:00:00,107915.0,108130.0,107720.0,107890.0,362624,1133202
2023-02-10 11:00:00,107890.0,108060.0,107770.0,107995.0,352230,1156869
2023-02-10 12:00:00,107990.0,108260.0,107850.0,107985.0,405389,1368150
2023-02-10 13:00:00,107985.0,108285.0,107910.0,108275.0,282851,972701
2023-02-10 14:00:00,108270.0,108500.0,108125.0,108200.0,282293,987210
2023-02-10 15:00:00,108200.0,108345.0,108055.0,108055.0,62764,204230
2023-02-13 06:00:00,108175.0,108205.0,107730.0,107915.0,541973,1458168
2023-02-13 07:00:00,107915.0,108050.0,107470.0,107725.0,867187,2503341
2023-02-13 08:00:00,107730.0,109250.0,107510.0,109180.0,979339,3158619
2023-02-13 09:00:00,109180.0,109290.0,108860.0,108895.0,465138,1491017
2023-02-13 10:00:00,108900.0,109135.0,108750.0,109120.0,287770,910848
2023-02-13 11:00:00,109120.0,109350.0,108940.0,108995.0,367271,1238062
2023-02-13 12:00:00,109000.0,109095.0,108780.0,108970.0,322306,1100017
2023-02-13 13:00:00,108975.0,109075.0,108695.0,108840.0,278283,954889
2023-02-13 14:00:00,108840.0,108995.0,108745.0,108920.0,218683,770284
2023-02-13 15:00:00,108915.0,109150.0,108905.0,109150.0,70484,266364
2023-02-14 06:00:00,109350.0,109745.0,109260.0,109410.0,557534,1504387
2023-02-14 07:00:00,109405.0,109700.0,108550.0,108945.0,1244254,3580447
2023-02-14 08:00:00,108950.0,109295.0,108455.0,109275.0,894721,2761225
2023-02-14 09:00:00,109270.0,109345.0,108055.0,108135.0,659449,2186228
2023-02-14 10:00:00,108135.0,108330.0,107885.0,108150.0,456389,1431154
2023-02-14 11:00:00,108145.0,108215.0,107730.0,107935.0,429534,1421522
2023-02-14 12:00:00,107935.0,108250.0,107860.0,107865.0,422243,1455394
2023-02-14 13:00:00,107870.0,108020.0,107560.0,107665.0,379362,1351152
2023-02-14 14:00:00,107670.0,108130.0,107550.0,107875.0,309402,1111918
2023-02-14 15:00:00,107875.0,107915.0,107680.0,107770.0,83979,243658
2023-02-15 06:00:00,109800.0,109920.0,109145.0,109225.0,460026,1342942
2023-02-15 07:00:00,109225.0,110365.0,109005.0,109710.0,888059,2830032
2023-02-15 08:00:00,109715.0,110850.0,109645.0,110480.0,665904,2105667
2023-02-15 09:00:00,110485.0,110980.0,110370.0,110855.0,440705,1400191
2023-02-15 10:00:00,110855.0,110915.0,110570.0,110725.0,297352,1006715
2023-02-15 11:00:00,110725.0,111430.0,110620.0,111420.0,404769,1410519
2023-02-15 12:00:00,111420.0,112050.0,111335.0,111855.0,474021,1726604
2023-02-15 13:00:00,111860.0,112100.0,111465.0,111490.0,316143,1190832
2023-02-15 14:00:00,111490.0,111535.0,111060.0,111450.0,296666,1123195
2023-02-15 15:00:00,111455.0,111645.0,111405.0,111465.0,66922,244638
2023-02-16 06:00:00,111540.0,111785.0,110670.0,110760.0,575021,1582918
2023-02-16 07:00:00,110760.0,110995.0,110410.0,110985.0,921071,2670328
2023-02-16 08:00:00,110985.0,111180.0,110075.0,110300.0,748277,2429271
2023-02-16 09:00:00,110300.0,110700.0,110075.0,110495.0,545241,1787066
2023-02-16 10:00:00,110500.0,110835.0,110355.0,110585.0,392901,1301165
2023-02-16 11:00:00,110585.0,110895.0,110460.0,110825.0,402456,1400025
2023-02-16 12:00:00,110830.0,111590.0,110825.0,111410.0,566922,2086379
2023-02-16 13:00:00,111415.0,112255.0,111195.0,112090.0,549174,2027562
2023-02-16 14:00:00,112085.0,112135.0,111480.0,111770.0,402741,1554362
2023-02-16 15:00:00,111770.0,112200.0,111600.0,112185.0,87252,362336
2023-02-17 06:00:00,111245.0,111320.0,110940.0,111220.0,490420,1403557
2023-02-17 07:00:00,111220.0,111370.0,110690.0,111285.0,857243,2477632
2023-02-17 08:00:00,111285.0,111440.0,110675.0,111005.0,826283,2589983
2023-02-17 09:00:00,111010.0,111635.0,110980.0,111050.0,694056,2180011
2023-02-17 10:00:00,111050.0,111275.0,110930.0,111235.0,375324,1228504
2023-02-17 11:00:00,111230.0,111525.0,111175.0,111255.0,378099,1261619
2023-02-17 12:00:00,111260.0,111375.0,111040.0,111165.0,319599,1078092
2023-02-17 13:00:00,111165.0,111330.0,111085.0,111330.0,250874,888388
2023-02-17 14:00:00,111325.0,111385.0,110855.0,110865.0,245606,907821
2023-02-17 15:00:00,110860.0,110995.0,110695.0,110695.0,57360,210036
2023-02-22 10:00:00,109885.0,109915.0,108275.0,108735.0,715956,2208367
2023-02-22 11:00:00,108735.0,109135.0,108560.0,108870.0,522448,1746743
2023-02-22 12:00:00,108865.0,109040.0,108645.0,108740.0,390799,1317795
2023-02-22 13:00:00,108735.0,108920.0,108290.0,108420.0,604386,2014150
2023-02-22 14:00:00,108420.0,108795.0,108390.0,108770.0,296032,1023915
2023-02-22 15:00:00,108775.0,108830.0,108495.0,108495.0,65725,229675
2023-02-23 06:00:00,109110.0,109270.0,108725.0,108745.0,529164,1453899
2023-02-23 07:00:00,108745.0,109680.0,108655.0,109520.0,905989,2780004
2023-02-23 08:00:00,109520.0,110365.0,109490.0,110170.0,675280,2307756
2023-02-23 09:00:00,110165.0,110205.0,109100.0,109260.0,513947,1862856
2023-02-23 10:00:00,109255.0,109365.0,108330.0,108460.0,544103,1940043
2023-02-23 11:00:00,108465.0,108655.0,108210.0,108595.0,376166,1305458
2023-02-23 12:00:00,108590.0,108700.0,108370.0,108665.0,295239,1130888
2023-02-23 13:00:00,108665.0,109220.0,108630.0,109060.0,356919,1421013
2023-02-23 14:00:00,109060.0,109460.0,109060.0,109230.0,242977,965051
2023-02-23 15:00:00,109230.0,109340.0,109175.0,109175.0,41894,166489
2023-02-24 06:00:00,108600.0,109080.0,108490.0,108860.0,454930,1335295
2023-02-24 07:00:00,108865.0,109100.0,108520.0,108760.0,851139,2717994
2023-02-24 08:00:00,108760.0,108870.0,107765.0,107920.0,704281,2411933
2023-02-24 09:00:00,107920.0,108040.0,107275.0,107350.0,511992,1812405
2023-02-24 10:00:00,107345.0,107710.0,107310.0,107645.0,296612,1107139
2023-02-24 11:00:00,107645.0,107665.0,107045.0,107125.0,328443,1214272
2023-02-24 12:00:00,107130.0,107170.0,106805.0,107030.0,336022,1276728
2023-02-24 13:00:00,107030.0,107430.0,106965.0,107400.0,257720,999191
2023-02-24 14:00:00,107395.0,107440.0,107235.0,107420.0,214477,821332
2023-02-24 15:00:00,107420.0,107490.0,107205.0,107490.0,63695,232197
2023-02-27 06:00:00,107955.0,108045.0,107510.0,107580.0,527211,1430387
2023-02-27 07:00:00,107575.0,107780.0,107050.0,107265.0,934026,2779479
2023-02-27 08:00:00,107265.0,107410.0,106880.0,107330.0,714051,2232165
2023-02-27 09:00:00,107330.0,107820.0,106660.0,106945.0,633645,2088944
2023-02-27 10:00:00,106950.0,107455.0,106910.0,107390.0,428491,1435413
2023-02-27 11:00:00,107395.0,107545.0,107225.0,107280.0,404913,1391238
2023-02-27 12:00:00,107285.0,107950.0,107230.0,107605.0,517828,1757432
2023-02-27 13:00:00,107600.0,107680.0,107105.0,107410.0,360112,1156934
2023-02-27 14:00:00,107410.0,107645.0,107040.0,107150.0,358935,1228251
2023-02-27 15:00:00,107150.0,107225.0,106925.0,106925.0,103635,419886
2023-02-28 06:00:00,107100.0,107380.0,106880.0,107195.0,537363,1412576
2023-02-28 07:00:00,107195.0,108265.0,107005.0,108065.0,969010,2791593
2023-02-28 08:00:00,108060.0,108190.0,106910.0,107100.0,856302,2636060
2023-02-28 09:00:00,107100.0,107360.0,106690.0,106715.0,610283,1935793
2023-02-28 10:00:00,106715.0,107155.0,106405.0,106880.0,621426,1986620
2023-02-28 11:00:00,106885.0,107485.0,106880.0,107370.0,477964,1592578
2023-02-28 12:00:00,107375.0,107410.0,106935.0,107145.0,358809,1205240
2023-02-28 13:00:00,107150.0,107500.0,106920.0,106930.0,364231,1236290
2023-02-28 14:00:00,106925.0,107095.0,106255.0,106255.0,400882,1422659
2023-02-28 15:00:00,106260.0,106350.0,105720.0,105745.0,117915,441005
2023-03-01 06:00:00,106360.0,106685.0,106235.0,106315.0,550863,1586591
2023-03-01 07:00:00,106310.0,106695.0,105465.0,105955.0,1068976,3307114
2023-03-01 08:00:00,105950.0,106230.0,105050.0,105155.0,911404,2933129
2023-03-01 09:00:00,105160.0,105305.0,104800.0,104945.0,656985,2191508
2023-03-01 10:00:00,104940.0,105080.0,104375.0,104700.0,541439,1849946
2023-03-01 11:00:00,104700.0,105035.0,104495.0,104795.0,497590,1663598
2023-03-01 12:00:00,104800.0,105130.0,104705.0,104805.0,396088,1298800
2023-03-01 13:00:00,104805.0,105520.0,104750.0,105490.0,404393,1436051
2023-03-01 14:00:00,105485.0,105855.0,105155.0,105765.0,380078,1358321
2023-03-01 15:00:00,105765.0,105985.0,105640.0,105800.0,72631,267176
2023-03-02 06:00:00,106110.0,106145.0,105355.0,105610.0,538406,1569264
2023-03-02 07:00:00,105610.0,106260.0,105400.0,106060.0,1024335,3125412
2023-03-02 08:00:00,106060.0,106260.0,105010.0,105450.0,933684,3035088
2023-03-02 09:00:00,105450.0,105680.0,105065.0,105625.0,556935,1822704
2023-03-02 10:00:00,105625.0,105765.0,105365.0,105410.0,472606,1570849
2023-03-02 11:00:00,105405.0,105710.0,105210.0,105630.0,364429,1227889
2023-03-02 12:00:00,105630.0,105795.0,105310.0,105460.0,419793,1480212
2023-03-02 13:00:00,105455.0,105595.0,105035.0,105395.0,446473,1550517
2023-03-02 14:00:00,105400.0,105440.0,104500.0,104535.0,391990,1362653
2023-03-02 15:00:00,104535.0,104700.0,104430.0,104500.0,97251,327876
2023-03-03 06:00:00,104820.0,105025.0,104555.0,104960.0,498705,1468582
2023-03-03 07:00:00,104965.0,105290.0,104810.0,105015.0,871017,2807234
2023-03-03 08:00:00,105020.0,105650.0,104810.0,105595.0,851387,2904759
2023-03-03 09:00:00,105600.0,105775.0,105180.0,105445.0,550910,1887078
2023-03-03 10:00:00,105450.0,105650.0,105355.0,105395.0,324110,1159967
2023-03-03 11:00:00,105395.0,105480.0,105215.0,105470.0,335622,1260051
2023-03-03 12:00:00,105470.0,105525.0,104870.0,104940.0,355961,1286951
2023-03-03 13:00:00,104940.0,105315.0,104855.0,105185.0,297602,1113502
2023-03-03 14:00:00,105185.0,105270.0,104830.0,104980.0,267922,1014453
2023-03-03 15:00:00,104980.0,105095.0,104915.0,104940.0,60566,203398
2023-03-06 06:00:00,104800.0,105520.0,104770.0,105320.0,447568,1299308
2023-03-06 07:00:00,105320.0,105410.0,104520.0,104555.0,932886,2906494
2023-03-06 08:00:00,104560.0,104970.0,104310.0,104800.0,740751,2341264
2023-03-06 09:00:00,104810.0,106450.0,104625.0,106140.0,805876,2767661
2023-03-06 10:00:00,106145.0,106225.0,106040.0,106130.0,294295,1132490
2023-03-06 11:00:00,106135.0,106210.0,105910.0,106005.0,289872,1113423
2023-03-06 12:00:00,106005.0,106095.0,105730.0,105925.0,366320,1374083
2023-03-06 13:00:00,105930.0,106295.0,105860.0,105985.0,349281,1274184
2023-03-06 14:00:00,105990.0,106270.0,105975.0,106140.0,256224,932497
2023-03-06 15:00:00,106140.0,106165.0,105860.0,105980.0,84723,290666
2023-03-07 06:00:00,106055.0,106175.0,105595.0,105805.0,477156,1409687
2023-03-07 07:00:00,105805.0,106350.0,105360.0,106010.0,1004982,3155231
2023-03-07 08:00:00,106010.0,106095.0,105575.0,105605.0,683216,2208494
2023-03-07 09:00:00,105605.0,105630.0,104755.0,104780.0,900161,2963006
2023-03-07 10:00:00,104780.0,105180.0,104720.0,104945.0,350999,1138237
2023-03-07 11:00:00,104945.0,105285.0,104815.0,104860.0,366466,1164987
2023-03-07 12:00:00,104860.0,104950.0,104615.0,104835.0,386850,1297897
2023-03-07 13:00:00,104830.0,105250.0,104800.0,105045.0,345900,1192100
2023-03-07 14:00:00,105045.0,105565.0,105045.0,105395.0,324267,1149275
2023-03-07 15:00:00,105390.0,105595.0,105330.0,105595.0,52677,179749
2023-03-08 06:00:00,105740.0,105835.0,105425.0,105620.0,489708,1427030
2023-03-08 07:00:00,105615.0,106790.0,105595.0,106460.0,995078,3009409
2023-03-08 08:00:00,106460.0,107380.0,106340.0,107235.0,753886,2430911
2023-03-08 09:00:00,107240.0,107960.0,107045.0,107585.0,671230,2268843
2023-03-08 10:00:00,107585.0,107665.0,107335.0,107470.0,307424,1111552
2023-03-08 11:00:00,107470.0,107535.0,107165.0,107200.0,298347,1127269
2023-03-08 12:00:00,107200.0,107320.0,107040.0,107165.0,293418,1138227
2023-03-08 13:00:00,107165.0,107440.0,107135.0,107390.0,266106,1099355
2023-03-08 14:00:00,107390.0,107770.0,107355.0,107720.0,298364,1307408
2023-03-08 15:00:00,107720.0,108000.0,107710.0,108000.0,87794,341902
2023-03-09 06:00:00,107650.0,107970.0,107260.0,107275.0,475412,1379553
2023-03-09 07:00:00,107280.0,107545.0,107055.0,107505.0,920776,2886651
2023-03-09 08:00:00,107505.0,107830.0,107220.0,107225.0,842084,2770825
2023-03-09 09:00:00,107230.0,107565.0,106760.0,107315.0,641686,2299549
2023-03-09 10:00:00,107315.0,107490.0,107080.0,107195.0,399767,1458781
2023-03-09 11:00:00,107195.0,107240.0,106910.0,107050.0,380708,1377088
2023-03-09 12:00:00,107045.0,107365.0,106835.0,107340.0,456191,1655541
2023-03-09 13:00:00,107340.0,107815.0,107185.0,107230.0,478308,1733340
2023-03-09 14:00:00,107235.0,107265.0,106170.0,106370.0,492827,1814025
2023-03-09 15:00:00,106370.0,106390.0,105850.0,105905.0,112297,389059
2023-03-10 06:00:00,106025.0,106150.0,105605.0,105640.0,579880,1661908
2023-03-10 07:00:00,105645.0,106035.0,105025.0,105055.0,1124931,3180325
2023-03-10 08:00:00,105055.0,105430.0,104630.0,105330.0,995598,3108136
2023-03-10 09:00:00,105330.0,105720.0,105150.0,105590.0,718176,2280223
2023-03-10 10:00:00,105590.0,106015.0,104940.0,105010.0,631030,2079085
2023-03-10 11:00:00,105015.0,105270.0,104885.0,105030.0,436331,1444228
2023-03-10 12:00:00,105030.0,105165.0,104155.0,104390.0,507198,1858291
2023-03-10 13:00:00,104385.0,104830.0,104330.0,104745.0,407103,1440385
2023-03-10 14:00:00,104745.0,104800.0,104420.0,104455.0,301816,1180267
2023-03-10 15:00:00,104455.0,104750.0,104425.0,104750.0,83564,279887
2023-03-13 06:00:00,104550.0,104890.0,103200.0,103515.0,1013563,2945099
2023-03-13 07:00:00,103515.0,104085.0,103135.0,103900.0,1173326,3486352
2023-03-13 08:00:00,103905.0,104835.0,103720.0,104810.0,1147143,3435044
2023-03-13 09:00:00,104815.0,104850.0,104225.0,104395.0,734570,2240358
2023-03-13 10:00:00,104390.0,104720.0,104110.0,104375.0,578756,1838392
2023-03-13 11:00:00,104375.0,104925.0,104120.0,104785.0,603816,2025457
2023-03-13 12:00:00,104790.0,104810.0,104175.0,104335.0,527631,1683814
2023-03-13 13:00:00,104335.0,104420.0,103805.0,103910.0,512362,1693889
2023-03-13 14:00:00,103910.0,104230.0,103855.0,104230.0,251273,786137
2023-03-14 06:00:00,104650.0,104770.0,103750.0,104135.0,933091,2694451
2023-03-14 07:00:00,104135.0,104700.0,104000.0,104640.0,1000607,3058442
2023-03-14 08:00:00,104640.0,105145.0,104285.0,104305.0,818490,2685184
2023-03-14 09:00:00,104305.0,104725.0,104260.0,104320.0,479814,1547856
2023-03-14 10:00:00,104325.0,104555.0,104145.0,104370.0,396262,1368345
2023-03-14 11:00:00,104370.0,104485.0,103860.0,104080.0,550237,1859579
2023-03-14 12:00:00,104080.0,104205.0,103700.0,103895.0,496069,1597835
2023-03-14 13:00:00,103890.0,103950.0,103385.0,103820.0,517365,1799711
2023-03-14 14:00:00,103820.0,104080.0,103715.0,103940.0,179534,569554
2023-03-15 06:00:00,102700.0,102900.0,102065.0,102360.0,779162,2220992
2023-03-15 07:00:00,102365.0,102595.0,101800.0,101935.0,1150417,3332150
2023-03-15 08:00:00,101940.0,102300.0,101485.0,101865.0,936835,2830643
2023-03-15 09:00:00,101870.0,102510.0,101760.0,102270.0,599615,1913622
2023-03-15 10:00:00,102275.0,102460.0,101985.0,102400.0,508106,1625355
2023-03-15 11:00:00,102405.0,103265.0,102395.0,103245.0,707248,2271404
2023-03-15 12:00:00,103245.0,103935.0,102970.0,103645.0,685652,2238012
2023-03-15 13:00:00,103645.0,103770.0,103220.0,103605.0,507153,1652073
2023-03-15 14:00:00,103610.0,103890.0,103490.0,103650.0,164363,547801
2023-03-16 06:00:00,103590.0,103870.0,103420.0,103635.0,587873,1665304
2023-03-16 07:00:00,103635.0,104275.0,103285.0,104190.0,1145322,3244480
2023-03-16 08:00:00,104190.0,104300.0,103220.0,103920.0,866041,2687479
2023-03-16 09:00:00,103920.0,104165.0,103565.0,104085.0,583555,1894128
2023-03-16 10:00:00,104080.0,104245.0,103705.0,104090.0,407341,1333159
2023-03-16 11:00:00,104095.0,104735.0,104095.0,104655.0,449201,1502349
2023-03-16 12:00:00,104655.0,104775.0,104335.0,104475.0,357625,1211882
2023-03-16 13:00:00,104470.0,104535.0,104205.0,104305.0,331753,1190869
2023-03-16 14:00:00,104305.0,104590.0,104165.0,104380.0,210341,705580
2023-03-17 06:00:00,104275.0,104335.0,103600.0,103685.0,462661,1396735
2023-03-17 07:00:00,103690.0,103710.0,102775.0,102945.0,751587,2377665
2023-03-17 08:00:00,102940.0,103085.0,102335.0,102620.0,576179,1911089
2023-03-17 09:00:00,102615.0,102990.0,102470.0,102910.0,384580,1339208
2023-03-17 10:00:00,102915.0,103290.0,102855.0,102990.0,400892,1438119
2023-03-17 11:00:00,102995.0,103055.0,102735.0,102985.0,312979,1180791
2023-03-17 12:00:00,102990.0,103190.0,102730.0,103105.0,365699,1342578
2023-03-17 13:00:00,103100.0,103155.0,102905.0,103015.0,324313,1177937
2023-03-17 14:00:00,103015.0,103115.0,102630.0,102630.0,194449,713720
2023-03-20 06:00:00,102760.0,103080.0,102605.0,102735.0,559097,1642672
2023-03-20 07:00:00,102735.0,103070.0,101880.0,102245.0,1014923,3236313
2023-03-20 08:00:00,102245.0,102575.0,101730.0,102415.0,700563,2217160
2023-03-20 09:00:00,102415.0,102475.0,101515.0,101545.0,523265,1805094
2023-03-20 10:00:00,101545.0,101720.0,101360.0,101695.0,293243,1108362
2023-03-20 11:00:00,101690.0,101775.0,101315.0,101545.0,316382,1145975
2023-03-20 12:00:00,101540.0,101920.0,101445.0,101855.0,331956,1317216
2023-03-20 13:00:00,101850.0,102040.0,101635.0,101695.0,330203,1244454
2023-03-20 14:00:00,101700.0,101885.0,101595.0,101640.0,157982,576056
2023-03-21 06:00:00,102430.0,102500.0,101800.0,101840.0,516866,1623059
2023-03-21 07:00:00,101845.0,102345.0,101730.0,102165.0,841811,2627312
2023-03-21 08:00:00,102175.0,102230.0,101535.0,102020.0,717731,2319015
2023-03-21 09:00:00,102020.0,102150.0,101705.0,101805.0,368415,1200222
2023-03-21 10:00:00,101805.0,101990.0,101760.0,101940.0,199628,713694
2023-03-21 11:00:00,101940.0,102040.0,101770.0,101890.0,248596,884808
2023-03-21 12:00:00,101895.0,101935.0,101675.0,101895.0,297340,1110233
2023-03-21 13:00:00,101895.0,101985.0,101630.0,101760.0,310722,1222354
2023-03-21 14:00:00,101760.0,102005.0,101710.0,101840.0,157768,574456
2023-03-22 06:00:00,101750.0,101890.0,101450.0,101585.0,448567,1402360
2023-03-22 07:00:00,101585.0,101640.0,100950.0,101220.0,783684,2503482
2023-03-22 08:00:00,101220.0,101545.0,101170.0,101495.0,531433,1702010
2023-03-22 09:00:00,101500.0,101800.0,101415.0,101705.0,363340,1222842
2023-03-22 10:00:00,101705.0,101765.0,101405.0,101410.0,235331,821139
2023-03-22 11:00:00,101410.0,101445.0,101170.0,101330.0,302728,1051937
2023-03-22 12:00:00,101335.0,102650.0,101050.0,101925.0,1021281,3174462
2023-03-22 13:00:00,101930.0,101955.0,100675.0,100745.0,741099,2499991
2023-03-22 14:00:00,100740.0,100985.0,100675.0,100675.0,189332,652387
2023-03-23 06:00:00,100755.0,101290.0,100540.0,101245.0,589944,1764261
2023-03-23 07:00:00,101240.0,101780.0,100995.0,101140.0,865260,2736446
2023-03-23 08:00:00,101140.0,101185.0,100065.0,100395.0,743192,2399621
2023-03-23 09:00:00,100400.0,100510.0,100050.0,100275.0,339664,1134325
2023-03-23 10:00:00,100280.0,100280.0,99740.0,99780.0,395653,1388516
2023-03-23 11:00:00,99780.0,99790.0,98725.0,98755.0,595246,2102294
2023-03-23 12:00:00,98755.0,98980.0,97440.0,97875.0,715158,2411389
2023-03-23 13:00:00,97870.0,98480.0,97600.0,98395.0,597441,2006043
2023-03-23 14:00:00,98400.0,98510.0,97555.0,97555.0,210812,749728
2023-03-24 06:00:00,97350.0,98620.0,97250.0,98610.0,708123,2074259
2023-03-24 07:00:00,98610.0,99000.0,98275.0,98715.0,989182,3094564
2023-03-24 08:00:00,98720.0,99025.0,98215.0,98745.0,707686,2392835
2023-03-24 09:00:00,98750.0,99705.0,98385.0,99585.0,566418,2082792
2023-03-24 10:00:00,99585.0,99650.0,99265.0,99325.0,345666,1318885
2023-03-24 11:00:00,99325.0,99870.0,99320.0,99420.0,387792,1479616
2023-03-24 12:00:00,99420.0,99660.0,99235.0,99260.0,337231,1271527
2023-03-24 13:00:00,99260.0,99620.0,99245.0,99465.0,318139,1248019
2023-03-24 14:00:00,99465.0,99710.0,99410.0,99540.0,194132,687648
2023-03-27 06:00:00,99955.0,100395.0,99570.0,100280.0,550742,1575637
2023-03-27 07:00:00,100275.0,100350.0,99525.0,99760.0,858723,2658396
2023-03-27 08:00:00,99760.0,100525.0,99745.0,99975.0,696940,2209622
2023-03-27 09:00:00,99975.0,100095.0,99710.0,99950.0,410870,1365189
2023-03-27 10:00:00,99955.0,100320.0,99900.0,100100.0,425872,1481691
2023-03-27 11:00:00,100105.0,100220.0,99945.0,100070.0,242432,804021
2023-03-27 12:00:00,100075.0,100525.0,100060.0,100300.0,345353,1207913
2023-03-27 13:00:00,100305.0,100350.0,100095.0,100105.0,262663,881160
2023-03-27 14:00:00,100110.0,100435.0,100080.0,100400.0,172113,585164
2023-03-28 06:00:00,100100.0,100455.0,99925.0,99930.0,472546,1440210
2023-03-28 07:00:00,99940.0,101280.0,99770.0,100970.0,964560,3130343
2023-03-28 08:00:00,100970.0,101740.0,100960.0,101445.0,634329,2218678
2023-03-28 09:00:00,101450.0,101920.0,101440.0,101630.0,363937,1289444
2023-03-28 10:00:00,101625.0,102065.0,101620.0,102030.0,277587,1029102
2023-03-28 11:00:00,102035.0,102055.0,101610.0,101635.0,239918,899914
2023-03-28 12:00:00,101635.0,101735.0,101510.0,101665.0,258997,967210
2023-03-28 13:00:00,101665.0,101760.0,101480.0,101575.0,231004,884621
2023-03-28 14:00:00,101575.0,102020.0,101550.0,101900.0,175798,709406
2023-03-29 06:00:00,102250.0,102450.0,102050.0,102295.0,555091,1613866
2023-03-29 07:00:00,102295.0,102385.0,101235.0,101715.0,1014149,3184833
2023-03-29 08:00:00,101720.0,102110.0,101540.0,101770.0,620781,1986202
2023-03-29 09:00:00,101770.0,102125.0,101705.0,101790.0,382920,1324178
2023-03-29 10:00:00,101790.0,101855.0,101280.0,101360.0,348765,1233347
2023-03-29 11:00:00,101365.0,101500.0,100990.0,101435.0,374009,1367420
2023-03-29 12:00:00,101440.0,101485.0,100560.0,101220.0,539896,1967240
2023-03-29 13:00:00,101220.0,102675.0,101100.0,102155.0,531144,2066110
2023-03-29 14:00:00,102155.0,102620.0,102130.0,102385.0,205118,704074
2023-03-30 06:00:00,103680.0,104200.0,103560.0,103705.0,668309,1839213
2023-03-30 07:00:00,103705.0,104535.0,103455.0,104070.0,885272,2714252
2023-03-30 08:00:00,104070.0,104125.0,103030.0,103590.0,958959,3135651
2023-03-30 09:00:00,103590.0,103965.0,103535.0,103695.0,418953,1371223
2023-03-30 10:00:00,103695.0,104000.0,103590.0,103685.0,313597,1010721
2023-03-30 11:00:00,103680.0,103885.0,103300.0,103625.0,350040,1186716
2023-03-30 12:00:00,103620.0,103735.0,103510.0,103670.0,283181,975608
2023-03-30 13:00:00,103670.0,104200.0,103645.0,104120.0,381157,1305318
2023-03-30 14:00:00,104120.0,104475.0,104050.0,104450.0,215531,690950
2023-03-31 06:00:00,104000.0,104675.0,103900.0,104120.0,706972,2021098
2023-03-31 07:00:00,104125.0,104465.0,103720.0,103835.0,970962,2907801
2023-03-31 08:00:00,103835.0,104045.0,103375.0,103415.0,662053,2115745
2023-03-31 09:00:00,103415.0,103430.0,102800.0,103000.0,481956,1655019
2023-03-31 10:00:00,103005.0,103100.0,102550.0,102685.0,298813,1037245
2023-03-31 11:00:00,102690.0,102690.0,101760.0,102045.0,498903,1866384
2023-03-31 12:00:00,102045.0,102460.0,101875.0,102250.0,369471,1338485
2023-03-31 13:00:00,102250.0,102755.0,102120.0,102315.0,440710,1665329
2023-03-31 14:00:00,102320.0,102325.0,101670.0,101895.0,271823,843865
2023-04-03 06:00:00,102240.0,102500.0,102175.0,102465.0,509277,1460274
2023-04-03 07:00:00,102460.0,102470.0,100970.0,101050.0,1048218,3295451
2023-04-03 08:00:00,101055.0,101460.0,100860.0,101245.0,684946,2299085
2023-04-03 09:00:00,101245.0,101530.0,101135.0,101370.0,409638,1468314
2023-04-03 10:00:00,101375.0,101510.0,101215.0,101405.0,279305,1068878
2023-04-03 11:00:00,101405.0,101650.0,101185.0,101265.0,352314,1313500
2023-04-03 12:00:00,101270.0,101480.0,101195.0,101385.0,286018,1090245
2023-04-03 13:00:00,101380.0,101860.0,101330.0,101700.0,408430,1563404
2023-04-03 14:00:00,101700.0,101925.0,101660.0,101780.0,209602,725135
2023-04-04 06:00:00,102185.0,102430.0,101780.0,102330.0,556601,1683858
2023-04-04 07:00:00,102330.0,102665.0,101940.0,102270.0,874122,2876014
2023-04-04 08:00:00,102270.0,103320.0,102270.0,102415.0,821898,2912416
2023-04-04 09:00:00,102410.0,102575.0,101920.0,102265.0,545199,1945384
2023-04-04 10:00:00,102265.0,102495.0,102135.0,102435.0,321340,1236230
2023-04-04 11:00:00,102435.0,102580.0,102325.0,102375.0,276899,1048517
2023-04-04 12:00:00,102375.0,102485.0,102040.0,102265.0,325322,1208205
2023-04-04 13:00:00,102260.0,102560.0,102030.0,102275.0,370787,1397799
2023-04-04 14:00:00,102270.0,102335.0,102100.0,102305.0,172627,593562
2023-04-05 06:00:00,102155.0,102355.0,101685.0,102110.0,707919,2098965
2023-04-05 07:00:00,102115.0,102285.0,101210.0,101240.0,989674,3215346
2023-04-05 08:00:00,101240.0,101470.0,100055.0,100330.0,965284,3355672
2023-04-05 09:00:00,100330.0,100955.0,100190.0,100940.0,408020,1463504
2023-04-05 10:00:00,100935.0,101040.0,100580.0,100750.0,378544,1381849
2023-04-05 11:00:00,100745.0,100930.0,100680.0,100920.0,302872,1154877
2023-04-05 12:00:00,100915.0,101370.0,100810.0,100910.0,487445,1880885
2023-04-05 13:00:00,100910.0,101310.0,100795.0,101140.0,354833,1391740
2023-04-05 14:00:00,101140.0,101170.0,100860.0,100880.0,203629,776253
2023-04-06 06:00:00,101000.0,101140.0,100680.0,100800.0,529231,1529203
2023-04-06 07:00:00,100800.0,101720.0,100660.0,100725.0,1008955,3282366
2023-04-06 08:00:00,100730.0,101235.0,100715.0,100925.0,684298,2214661
2023-04-06 09:00:00,100930.0,100990.0,100505.0,100960.0,445006,1497358
2023-04-06 10:00:00,100955.0,101185.0,100845.0,100940.0,324198,1126775
2023-04-06 11:00:00,100945.0,101080.0,100790.0,100945.0,258793,912903
2023-04-06 12:00:00,100945.0,101230.0,100810.0,101160.0,285149,1012522
2023-04-06 13:00:00,101160.0,101160.0,100880.0,100965.0,226667,863879
2023-04-06 14:00:00,100965.0,101330.0,100925.0,101330.0,161869,605870
2023-04-10 06:00:00,101130.0,101445.0,100845.0,101400.0,517793,1681751
2023-04-10 07:00:00,101400.0,102350.0,101400.0,101910.0,920966,3048890
2023-04-10 08:00:00,101910.0,102020.0,101665.0,101825.0,574805,1926596
2023-04-10 09:00:00,101825.0,102265.0,101800.0,101995.0,387986,1355895
2023-04-10 10:00:00,101990.0,102055.0,101825.0,101860.0,255269,925387
2023-04-10 11:00:00,101855.0,101965.0,101775.0,101845.0,249299,901162
2023-04-10 12:00:00,101845.0,102025.0,101785.0,101865.0,277885,1017331
2023-04-10 13:00:00,101865.0,102005.0,101725.0,101995.0,278368,1062614
2023-04-10 14:00:00,101990.0,102120.0,101910.0,102115.0,166847,594932
2023-04-11 06:00:00,102500.0,103575.0,102440.0,103450.0,794108,2276667
2023-04-11 07:00:00,103450.0,105280.0,103415.0,104815.0,1114182,3536133
2023-04-11 08:00:00,104815.0,105725.0,104780.0,105245.0,727445,2468704
2023-04-11 09:00:00,105245.0,105485.0,105135.0,105370.0,369908,1209266
2023-04-11 10:00:00,105375.0,105595.0,105260.0,105485.0,250919,907861
2023-04-11 11:00:00,105480.0,106580.0,105460.0,106155.0,610602,2247539
2023-04-11 12:00:00,106160.0,106400.0,105980.0,106145.0,374980,1381531
2023-04-11 13:00:00,106145.0,106575.0,106115.0,106195.0,373662,1401224
2023-04-11 14:00:00,106195.0,106910.0,106190.0,106670.0,385036,1139808
2023-04-12 06:00:00,108505.0,109555.0,108185.0,108775.0,872622,2319911
2023-04-12 07:00:00,108770.0,109875.0,108560.0,108995.0,1019432,3089321
2023-04-12 08:00:00,108990.0,109270.0,108425.0,108650.0,649265,2051758
2023-04-12 09:00:00,108650.0,109180.0,108380.0,109010.0,436771,1406521
2023-04-12 10:00:00,109005.0,109715.0,108990.0,109700.0,343837,1179890
2023-04-12 11:00:00,109700.0,110480.0,109675.0,109900.0,522817,1831017
2023-04-12 12:00:00,109910.0,110215.0,109705.0,109935.0,449401,1499136
2023-04-12 13:00:00,109930.0,109995.0,108940.0,109080.0,436394,1570524
2023-04-12 14:00:00,109085.0,109115.0,108705.0,108900.0,204780,682253
2023-04-13 06:00:00,109000.0,109400.0,108760.0,109075.0,636608,1708806
2023-04-13 07:00:00,109070.0,109285.0,108285.0,108880.0,1191569,3611365
2023-04-13 08:00:00,108880.0,109040.0,108455.0,108525.0,703331,2326963
2023-04-13 09:00:00,108530.0,108720.0,108335.0,108650.0,384764,1298996
2023-04-13 10:00:00,108650.0,108660.0,108215.0,108455.0,316495,1074908
2023-04-13 11:00:00,108455.0,108925.0,108405.0,108800.0,356513,1249798
2023-04-13 12:00:00,108800.0,108815.0,108535.0,108595.0,300305,1061958
2023-04-13 13:00:00,108600.0,108645.0,108340.0,108570.0,285776,1015762
2023-04-13 14:00:00,108575.0,108680.0,108325.0,108350.0,174231,565277
2023-04-14 06:00:00,108250.0,108850.0,108090.0,108190.0,724085,1919915
2023-04-14 07:00:00,108190.0,108365.0,106765.0,108255.0,1125675,3483051
2023-04-14 08:00:00,108255.0,108290.0,107640.0,107925.0,742863,2355494
2023-04-14 09:00:00,107925.0,108130.0,107735.0,108075.0,380785,1274734
2023-04-14 10:00:00,108080.0,108495.0,107965.0,108465.0,402627,1342811
2023-04-14 11:00:00,108460.0,108755.0,108145.0,108155.0,353842,1262815
2023-04-14 12:00:00,108150.0,108385.0,108145.0,108200.0,269166,1005253
2023-04-14 13:00:00,108200.0,108330.0,107805.0,108295.0,337490,1277276
2023-04-14 14:00:00,108300.0,108935.0,108290.0,108800.0,243171,837525
2023-04-17 06:00:00,108880.0,108900.0,108170.0,108345.0,651901,1899278
2023-04-17 07:00:00,108340.0,108830.0,107925.0,108535.0,1032315,3304427
2023-04-17 08:00:00,108535.0,108570.0,107800.0,108015.0,601723,2034780
2023-04-17 09:00:00,108010.0,108070.0,107740.0,107875.0,372945,1289021
2023-04-17 10:00:00,107875.0,107970.0,107610.0,107670.0,328650,1207701
2023-04-17 11:00:00,107665.0,107920.0,107545.0,107835.0,291184,1109656
2023-04-17 12:00:00,107835.0,107880.0,107615.0,107660.0,307353,1211175
2023-04-17 13:00:00,107655.0,108070.0,107635.0,108050.0,268116,1022275
2023-04-17 14:00:00,108050.0,108200.0,107830.0,107930.0,193740,731689
2023-04-18 06:00:00,108420.0,109375.0,108400.0,108625.0,693333,2010334
2023-04-18 07:00:00,108620.0,108635.0,106925.0,107885.0,1127263,3791416
2023-04-18 08:00:00,107885.0,108350.0,107525.0,108215.0,644251,2335765
2023-04-18 09:00:00,108210.0,108250.0,107785.0,107915.0,386878,1409643
2023-04-18 10:00:00,107910.0,108110.0,107790.0,107815.0,272541,1086878
2023-04-18 11:00:00,107815.0,108130.0,107680.0,107700.0,282326,1109695
2023-04-18 12:00:00,107705.0,107935.0,107490.0,107885.0,393032,1572505
2023-04-18 13:00:00,107880.0,108350.0,107825.0,108080.0,389955,1485903
2023-04-18 14:00:00,108085.0,108160.0,107800.0,107800.0,142825,549816
2023-04-19 06:00:00,106930.0,107150.0,106375.0,106775.0,724463,2193920
2023-04-19 07:00:00,106775.0,107015.0,105745.0,105930.0,1025853,3239100
2023-04-19 08:00:00,105935.0,106515.0,105885.0,106390.0,616387,2016331
2023-04-19 09:00:00,106390.0,106420.0,105935.0,105975.0,363581,1178552
2023-04-19 10:00:00,105975.0,106185.0,105880.0,106140.0,282456,970668
2023-04-19 11:00:00,106140.0,106250.0,105880.0,105995.0,298024,1038245
2023-04-19 12:00:00,105995.0,106120.0,105315.0,105580.0,466038,1750745
2023-04-19 13:00:00,105575.0,105855.0,105535.0,105580.0,335203,1302148
2023-04-19 14:00:00,105575.0,105980.0,105500.0,105850.0,182144,632389
2023-04-20 06:00:00,105500.0,106420.0,105320.0,106170.0,671702,1987753
2023-04-20 07:00:00,106175.0,106195.0,104735.0,105475.0,1171707,3649727
2023-04-20 08:00:00,105480.0,106320.0,105425.0,105950.0,689323,2352815
2023-04-20 09:00:00,105955.0,106075.0,105660.0,105945.0,345106,1201201
2023-04-20 10:00:00,105950.0,106145.0,105850.0,106080.0,254254,952679
2023-04-20 11:00:00,106080.0,106380.0,106005.0,106190.0,304061,1170582
2023-04-20 12:00:00,106190.0,106190.0,105745.0,106030.0,346287,1327473
2023-04-20 13:00:00,106035.0,106155.0,105850.0,106060.0,270095,996415
2023-04-20 14:00:00,106060.0,106215.0,105975.0,106140.0,157174,550356
2023-04-24 06:00:00,105650.0,105840.0,105050.0,105515.0,573074,1733597
2023-04-24 07:00:00,105520.0,105945.0,104855.0,105835.0,1065762,3390406
2023-04-24 08:00:00,105835.0,106585.0,105755.0,105785.0,717873,2402441
2023-04-24 09:00:00,105785.0,106050.0,105625.0,105865.0,384051,1297809
2023-04-24 10:00:00,105865.0,105910.0,105565.0,105675.0,284371,983653
2023-04-24 11:00:00,105675.0,105835.0,105595.0,105625.0,281113,1073733
2023-04-24 12:00:00,105630.0,105735.0,105520.0,105560.0,243446,927612
2023-04-24 13:00:00,105560.0,105725.0,105475.0,105680.0,216585,864605
2023-04-24 14:00:00,105675.0,105795.0,105610.0,105785.0,108040,383305
2023-04-25 06:00:00,105375.0,105490.0,105005.0,105270.0,682452,2028037
2023-04-25 07:00:00,105270.0,105275.0,104265.0,104485.0,1082963,3344612
2023-04-25 08:00:00,104485.0,104720.0,104175.0,104355.0,584726,1957160
2023-04-25 09:00:00,104355.0,104810.0,104265.0,104665.0,425238,1481487
2023-04-25 10:00:00,104660.0,104865.0,104520.0,104710.0,242961,897146
2023-04-25 11:00:00,104705.0,104920.0,104220.0,104470.0,456583,1689898
2023-04-25 12:00:00,104475.0,104600.0,104380.0,104570.0,230291,800770
2023-04-25 13:00:00,104570.0,104880.0,104530.0,104700.0,295470,1034612
2023-04-25 14:00:00,104695.0,105510.0,104675.0,105510.0,201043,700104
2023-04-26 06:00:00,105165.0,105865.0,104655.0,104875.0,656848,1968308
2023-04-26 07:00:00,104870.0,105250.0,104345.0,104395.0,830425,2709923
2023-04-26 08:00:00,104395.0,104590.0,104060.0,104470.0,620738,2176530
2023-04-26 09:00:00,104470.0,104615.0,104335.0,104430.0,306529,1120875
2023-04-26 10:00:00,104435.0,104630.0,104305.0,104560.0,276890,1040680
2023-04-26 11:00:00,104555.0,104605.0,103920.0,103945.0,299922,1142409
2023-04-26 12:00:00,103950.0,104165.0,103750.0,104105.0,358054,1366280
2023-04-26 13:00:00,104105.0,104250.0,103885.0,103940.0,264571,948325
2023-04-26 14:00:00,103940.0,104260.0,103860.0,104220.0,170566,544109
2023-04-27 06:00:00,104455.0,104510.0,103425.0,103615.0,700801,2040108
2023-04-27 07:00:00,103615.0,104330.0,103480.0,104200.0,912092,2926764
2023-04-27 08:00:00,104200.0,104700.0,104100.0,104180.0,606397,2027958
2023-04-27 09:00:00,104175.0,104380.0,103800.0,103825.0,359735,1227657
2023-04-27 10:00:00,103820.0,104065.0,103625.0,104050.0,334854,1203669
2023-04-27 11:00:00,104055.0,104430.0,103840.0,104315.0,393714,1450155
2023-04-27 12:00:00,104320.0,104440.0,104010.0,104020.0,281743,974602
2023-04-27 13:00:00,104015.0,104485.0,104010.0,104420.0,294824,1042910
2023-04-27 14:00:00,104420.0,104675.0,104360.0,104455.0,168563,574925
2023-04-28 06:00:00,104200.0,104915.0,104000.0,104790.0,565659,1628849
2023-04-28 07:00:00,104790.0,105045.0,103875.0,104220.0,920714,2974870
2023-04-28 08:00:00,104220.0,105655.0,104080.0,104885.0,780829,2707312
2023-04-28 09:00:00,104885.0,105635.0,104590.0,105390.0,485861,1746204
2023-04-28 10:00:00,105390.0,105970.0,105375.0,105920.0,321528,1157429
2023-04-28 11:00:00,105920.0,105935.0,105635.0,105710.0,255612,930740
2023-04-28 12:00:00,105705.0,105770.0,105360.0,105495.0,270394,981215
2023-04-28 13:00:00,105500.0,105780.0,105385.0,105780.0,265684,994318
2023-04-28 14:00:00,105780.0,105915.0,105250.0,105250.0,176126,680657
2023-05-02 06:00:00,105175.0,105435.0,104875.0,105260.0,558216,1543733
2023-05-02 07:00:00,105260.0,105575.0,103680.0,103800.0,1166838,3551938
2023-05-02 08:00:00,103805.0,103890.0,103175.0,103390.0,744538,2611760
2023-05-02 09:00:00,103390.0,103495.0,102915.0,103335.0,405166,1493611
2023-05-02 10:00:00,103335.0,103465.0,103220.0,103330.0,256557,969824
2023-05-02 11:00:00,103330.0,103420.0,103100.0,103330.0,238692,948935
2023-05-02 12:00:00,103325.0,103355.0,103160.0,103290.0,227113,886891
2023-05-02 13:00:00,103295.0,103420.0,103150.0,103165.0,229930,976357
2023-05-02 14:00:00,103165.0,103315.0,102900.0,102900.0,203321,760140
2023-05-03 06:00:00,103190.0,103610.0,103050.0,103395.0,689749,1913526
2023-05-03 07:00:00,103395.0,103765.0,102770.0,102870.0,1148035,3663422
2023-05-03 08:00:00,102870.0,103250.0,102725.0,103195.0,655900,2303515
2023-05-03 09:00:00,103190.0,103320.0,102915.0,103170.0,426425,1489409
2023-05-03 10:00:00,103165.0,103300.0,102990.0,103115.0,241561,860510
2023-05-03 11:00:00,103115.0,103590.0,103045.0,103355.0,271125,970956
2023-05-03 12:00:00,103370.0,103735.0,103210.0,103500.0,674186,2239639
2023-05-03 13:00:00,103495.0,103670.0,102980.0,103190.0,444351,1556832
2023-05-03 14:00:00,103185.0,103430.0,103080.0,103100.0,129819,512569
2023-05-04 06:00:00,103150.0,104315.0,103025.0,104035.0,738308,2203839
2023-05-04 07:00:00,104040.0,104800.0,103365.0,103525.0,996729,3199125
2023-05-04 08:00:00,103525.0,103560.0,102750.0,102880.0,856153,2875184
2023-05-04 09:00:00,102885.0,103115.0,102320.0,102525.0,490631,1716483
2023-05-04 10:00:00,102520.0,103080.0,102475.0,103070.0,298612,1059173
2023-05-04 11:00:00,103070.0,104470.0,102910.0,104035.0,601850,2346535
2023-05-04 12:00:00,104040.0,104055.0,103460.0,103765.0,372391,1450606
2023-05-04 13:00:00,103765.0,103945.0,103330.0,103535.0,378900,1472553
2023-05-04 14:00:00,103530.0,104355.0,103485.0,104355.0,159418,601333
2023-05-05 06:00:00,104100.0,104550.0,103755.0,104200.0,679111,1827663
2023-05-05 07:00:00,104195.0,104775.0,103970.0,104210.0,1022795,3192122
2023-05-05 08:00:00,104210.0,104570.0,103975.0,104490.0,589283,1971305
2023-05-05 09:00:00,104485.0,105155.0,104350.0,105095.0,465131,1611537
2023-05-05 10:00:00,105090.0,105875.0,105035.0,105755.0,430778,1604664
2023-05-05 11:00:00,105755.0,106380.0,105625.0,106345.0,407844,1608960
2023-05-05 12:00:00,106345.0,106645.0,106120.0,106425.0,419605,1615223
2023-05-05 13:00:00,106425.0,106565.0,106250.0,106535.0,293158,1143699
2023-05-05 14:00:00,106530.0,106945.0,106470.0,106580.0,216749,755267
2023-05-08 06:00:00,107100.0,107725.0,106545.0,107460.0,693232,2034028
2023-05-08 07:00:00,107460.0,107830.0,107040.0,107350.0,1005803,3319662
2023-05-08 08:00:00,107355.0,107795.0,107085.0,107780.0,587945,2048317
2023-05-08 09:00:00,107780.0,107940.0,107060.0,107810.0,624928,2289475
2023-05-08 10:00:00,107810.0,108035.0,107545.0,107675.0,352532,1338284
2023-05-08 11:00:00,107680.0,107775.0,107325.0,107510.0,310136,1169160
2023-05-08 12:00:00,107505.0,107540.0,106960.0,107405.0,367464,1354912
2023-05-08 13:00:00,107405.0,107540.0,107190.0,107390.0,275535,1013727
2023-05-08 14:00:00,107390.0,107470.0,107020.0,107020.0,188598,650254
2023-05-09 06:00:00,106800.0,106935.0,106570.0,106695.0,519883,1535139
2023-05-09 07:00:00,106690.0,107895.0,106670.0,107875.0,924744,3222040
2023-05-09 08:00:00,107870.0,108335.0,107805.0,108120.0,687314,2434229
2023-05-09 09:00:00,108120.0,108665.0,108115.0,108510.0,497730,1805290
2023-05-09 10:00:00,108510.0,109055.0,108440.0,108660.0,410166,1535497
2023-05-09 11:00:00,108655.0,108670.0,108460.0,108555.0,235577,968148
2023-05-09 12:00:00,108555.0,108640.0,108160.0,108240.0,331755,1326711
2023-05-09 13:00:00,108240.0,108415.0,108190.0,108380.0,247078,1060302
2023-05-09 14:00:00,108380.0,108845.0,108370.0,108700.0,232209,799705
2023-05-10 06:00:00,108250.0,108820.0,108060.0,108285.0,760523,2095993
2023-05-10 07:00:00,108285.0,108740.0,107590.0,108265.0,1011953,3310633
2023-05-10 08:00:00,108260.0,108555.0,108015.0,108130.0,681004,2427569
2023-05-10 09:00:00,108135.0,108540.0,108105.0,108360.0,368602,1361243
2023-05-10 10:00:00,108365.0,108515.0,108225.0,108400.0,215727,818872
2023-05-10 11:00:00,108405.0,108570.0,108090.0,108360.0,363994,1381546
2023-05-10 12:00:00,108355.0,108815.0,108350.0,108635.0,346297,1307534
2023-05-10 13:00:00,108635.0,109000.0,108590.0,108755.0,283688,1109824
2023-05-10 14:00:00,108750.0,108890.0,108595.0,108885.0,168843,629824
2023-05-11 06:00:00,108315.0,108460.0,107745.0,107815.0,560275,1680934
2023-05-11 07:00:00,107825.0,108325.0,107465.0,108245.0,908808,3118775
2023-05-11 08:00:00,108240.0,108650.0,107960.0,108290.0,695331,2519571
2023-05-11 09:00:00,108295.0,108680.0,108250.0,108400.0,394726,1471183
2023-05-11 10:00:00,108400.0,108425.0,108150.0,108380.0,269280,979032
2023-05-11 11:00:00,108380.0,109195.0,108375.0,108990.0,455915,1805258
2023-05-11 12:00:00,108995.0,109930.0,108855.0,109280.0,531683,2151538
2023-05-11 13:00:00,109275.0,109425.0,109155.0,109410.0,271654,1108603
2023-05-11 14:00:00,109410.0,109670.0,109300.0,109300.0,163703,611880
2023-05-12 06:00:00,109300.0,109300.0,108625.0,108845.0,506810,1535564
2023-05-12 07:00:00,108845.0,109800.0,108435.0,109725.0,1006181,3455147
2023-05-12 08:00:00,109725.0,109880.0,109350.0,109660.0,650899,2276202
2023-05-12 09:00:00,109660.0,109900.0,109435.0,109520.0,365611,1287694
2023-05-12 10:00:00,109520.0,109580.0,109245.0,109440.0,295285,1116292
2023-05-12 11:00:00,109445.0,109465.0,109155.0,109375.0,306507,1139637
2023-05-12 12:00:00,109380.0,109680.0,109190.0,109505.0,343491,1272600
2023-05-12 13:00:00,109500.0,109665.0,109350.0,109660.0,267492,1011948
2023-05-12 14:00:00,109660.0,109750.0,109555.0,109650.0,121094,439897
2023-05-15 06:00:00,110100.0,110150.0,109690.0,109950.0,512528,1426546
2023-05-15 07:00:00,109955.0,110190.0,109345.0,109810.0,980058,3178418
2023-05-15 08:00:00,109815.0,109930.0,109510.0,109670.0,556303,1870622
2023-05-15 09:00:00,109670.0,109805.0,109540.0,109700.0,281703,995835
2023-05-15 10:00:00,109700.0,110045.0,109615.0,109820.0,333142,1198258
2023-05-15 11:00:00,109820.0,109875.0,109670.0,109840.0,213689,788992
2023-05-15 12:00:00,109840.0,110375.0,109840.0,110095.0,396434,1443034
2023-05-15 13:00:00,110100.0,110235.0,109860.0,110125.0,333028,1257254
2023-05-15 14:00:00,110125.0,110245.0,110075.0,110125.0,162886,618042
2023-05-16 06:00:00,109850.0,110145.0,109655.0,110115.0,544512,1675984
2023-05-16 07:00:00,110115.0,111250.0,110085.0,111210.0,991706,3505354
2023-05-16 08:00:00,111215.0,111230.0,110005.0,110120.0,716380,2644471
2023-05-16 09:00:00,110125.0,110425.0,110045.0,110275.0,379386,1410892
2023-05-16 10:00:00,110270.0,110345.0,109960.0,110300.0,345588,1372828
2023-05-16 11:00:00,110300.0,110320.0,110080.0,110140.0,271836,1110199
2023-05-16 12:00:00,110140.0,110250.0,109820.0,109880.0,292276,1231571
2023-05-16 13:00:00,109880.0,109975.0,108885.0,108910.0,533829,2225262
2023-05-16 14:00:00,108910.0,109220.0,108770.0,109050.0,236043,865829
2023-05-17 06:00:00,109400.0,109870.0,109150.0,109760.0,657158,1893394
2023-05-17 07:00:00,109755.0,110795.0,109735.0,110150.0,1142504,3879509
2023-05-17 08:00:00,110150.0,110415.0,109980.0,110080.0,609915,2154315
2023-05-17 09:00:00,110085.0,110285.0,109905.0,110080.0,421892,1505083
2023-05-17 10:00:00,110085.0,110630.0,110075.0,110445.0,372371,1378381
2023-05-17 11:00:00,110445.0,110495.0,110225.0,110375.0,348658,1320148
2023-05-17 12:00:00,110380.0,110425.0,110200.0,110315.0,320594,1254861
2023-05-17 13:00:00,110310.0,110580.0,110270.0,110550.0,342255,1346115
2023-05-17 14:00:00,110550.0,110815.0,110445.0,110695.0,191891,684950
2023-05-18 06:00:00,110450.0,110565.0,109550.0,109825.0,680179,2019982
2023-05-18 07:00:00,109835.0,110415.0,109805.0,109995.0,949609,3268361
2023-05-18 08:00:00,109995.0,110490.0,109710.0,109985.0,705643,2605031
2023-05-18 09:00:00,109990.0,110335.0,109960.0,110265.0,358579,1375426
2023-05-18 10:00:00,110270.0,110385.0,110145.0,110230.0,277610,1095827
2023-05-18 11:00:00,110235.0,110495.0,110220.0,110470.0,279599,1137049
2023-05-18 12:00:00,110465.0,110980.0,110465.0,110840.0,434971,1695380
2023-05-18 13:00:00,110840.0,111200.0,110690.0,111115.0,323762,1297662
2023-05-18 14:00:00,111120.0,111270.0,110995.0,111140.0,183379,679752
2023-05-19 06:00:00,111080.0,111945.0,111000.0,111830.0,649041,2090715
2023-05-19 07:00:00,111830.0,111850.0,110585.0,111200.0,923082,3363243
2023-05-19 08:00:00,111205.0,111640.0,110940.0,111580.0,510737,1939872
2023-05-19 09:00:00,111575.0,111950.0,111405.0,111560.0,533150,2035827
2023-05-19 10:00:00,111560.0,111825.0,111410.0,111740.0,282636,1038158
2023-05-19 11:00:00,111740.0,112125.0,111695.0,111785.0,318351,1194857
2023-05-19 12:00:00,111780.0,111855.0,111310.0,111520.0,370057,1486728
2023-05-19 13:00:00,111525.0,111715.0,111365.0,111650.0,280487,1139242
2023-05-19 14:00:00,111645.0,111710.0,111420.0,111450.0,174876,611371
2023-05-22 06:00:00,111250.0,111620.0,111235.0,111440.0,469690,1330306
2023-05-22 07:00:00,111440.0,112550.0,111000.0,111260.0,1268589,3992588
2023-05-22 08:00:00,111260.0,111570.0,111090.0,111420.0,620809,2167431
2023-05-22 09:00:00,111415.0,111685.0,111260.0,111425.0,423590,1545008
2023-05-22 10:00:00,111425.0,111470.0,111230.0,111380.0,361691,1514519
2023-05-22 11:00:00,111375.0,111760.0,111320.0,111575.0,356129,1329812
2023-05-22 12:00:00,111580.0,111600.0,111400.0,111460.0,228002,854833
2023-05-22 13:00:00,111455.0,111475.0,110955.0,111085.0,312751,1135947
2023-05-22 14:00:00,111085.0,111255.0,110835.0,111255.0,219839,676561
2023-05-23 06:00:00,110870.0,110995.0,110555.0,110870.0,535132,1503609
2023-05-23 07:00:00,110870.0,111570.0,110655.0,111350.0,1002019,3396042
2023-05-23 08:00:00,111345.0,111860.0,111200.0,111765.0,652265,2338621
2023-05-23 09:00:00,111765.0,112150.0,111725.0,111900.0,399947,1537461
2023-05-23 10:00:00,111900.0,111905.0,111390.0,111695.0,447624,1820976
2023-05-23 11:00:00,111695.0,112050.0,111615.0,111685.0,349102,1377873
2023-05-23 12:00:00,111685.0,111740.0,110430.0,110720.0,615659,2500759
2023-05-23 13:00:00,110715.0,110955.0,110620.0,110645.0,347170,1400646
2023-05-23 14:00:00,110645.0,111115.0,110640.0,111095.0,187713,643470
2023-05-24 06:00:00,110665.0,111075.0,110035.0,110130.0,627017,1913938
2023-05-24 07:00:00,110130.0,110260.0,109355.0,109645.0,981895,3522787
2023-05-24 08:00:00,109645.0,110200.0,109615.0,109990.0,519126,1990999
2023-05-24 09:00:00,109985.0,110400.0,109920.0,109980.0,381889,1461059
2023-05-24 10:00:00,109980.0,109990.0,109160.0,109465.0,477273,1849095
2023-05-24 11:00:00,109470.0,109770.0,109370.0,109550.0,288376,1058823
2023-05-24 12:00:00,109545.0,109850.0,109490.0,109520.0,295382,1046749
2023-05-24 13:00:00,109520.0,109810.0,109400.0,109520.0,322818,1277867
2023-05-24 14:00:00,109515.0,109930.0,109460.0,109930.0,204133,679908
2023-05-25 06:00:00,110295.0,111480.0,110200.0,111135.0,827369,2388756
2023-05-25 07:00:00,111140.0,111880.0,110595.0,111005.0,1141536,3750427
2023-05-25 08:00:00,111005.0,111235.0,110440.0,111230.0,658777,2319082
2023-05-25 09:00:00,111230.0,111385.0,110260.0,110665.0,531913,2010085
2023-05-25 10:00:00,110665.0,111150.0,110635.0,110920.0,314889,1118253
2023-05-25 11:00:00,110915.0,111240.0,110785.0,110890.0,331306,1228184
2023-05-25 12:00:00,110890.0,111090.0,110500.0,110750.0,472537,1840316
2023-05-25 13:00:00,110750.0,110950.0,110505.0,110765.0,308921,1168215
2023-05-25 14:00:00,110770.0,110965.0,110575.0,110655.0,166076,547159
2023-05-26 06:00:00,111300.0,112300.0,111210.0,112275.0,773955,2339806
2023-05-26 07:00:00,112275.0,112405.0,111710.0,112160.0,847067,2884429
2023-05-26 08:00:00,112160.0,112340.0,111600.0,111655.0,626870,2273129
2023-05-26 09:00:00,111650.0,111775.0,110390.0,111065.0,657949,2517763
2023-05-26 10:00:00,111065.0,111900.0,110940.0,111880.0,365086,1456245
2023-05-26 11:00:00,111875.0,112220.0,111775.0,111940.0,446111,1673286
2023-05-26 12:00:00,111935.0,111950.0,111440.0,111505.0,292746,1157153
2023-05-26 13:00:00,111510.0,111840.0,111295.0,111570.0,362024,1426530
2023-05-26 14:00:00,111570.0,111795.0,111400.0,111520.0,181508,550886
2023-05-29 06:00:00,111800.0,111925.0,111355.0,111555.0,379860,1055096
2023-05-29 07:00:00,111555.0,111790.0,110730.0,111005.0,884321,2756613
2023-05-29 08:00:00,111005.0,111240.0,110810.0,111235.0,394500,1286251
2023-05-29 09:00:00,111235.0,111400.0,110995.0,111100.0,366409,1266950
2023-05-29 10:00:00,111105.0,111155.0,110780.0,111045.0,330113,1131968
2023-05-29 11:00:00,111045.0,111050.0,110650.0,110850.0,270496,908583
2023-05-29 12:00:00,110845.0,111370.0,110765.0,111080.0,318065,1037928
2023-05-29 13:00:00,111085.0,111365.0,110930.0,111085.0,240404,819823
2023-05-29 14:00:00,111085.0,111145.0,110815.0,110865.0,175998,562166
2023-05-30 06:00:00,111175.0,111885.0,111105.0,111815.0,579154,1768431
2023-05-30 07:00:00,111815.0,111980.0,109980.0,110130.0,1210318,3988377
2023-05-30 08:00:00,110130.0,110245.0,109375.0,109490.0,688227,2480128
2023-05-30 09:00:00,109495.0,109645.0,109055.0,109205.0,531274,1917281
2023-05-30 10:00:00,109205.0,109400.0,109060.0,109235.0,342792,1235194
2023-05-30 11:00:00,109240.0,109555.0,109175.0,109445.0,304472,1087486
2023-05-30 12:00:00,109440.0,109760.0,109400.0,109590.0,319582,1153023
2023-05-30 13:00:00,109585.0,109835.0,109505.0,109670.0,287093,1073795
2023-05-30 14:00:00,109665.0,109680.0,109295.0,109320.0,217202,723640
2023-05-31 06:00:00,108930.0,109265.0,108825.0,109170.0,615738,1766575
2023-05-31 07:00:00,109170.0,109535.0,108675.0,109155.0,1000380,3344616
2023-05-31 08:00:00,109150.0,109445.0,108870.0,109020.0,694844,2499952
2023-05-31 09:00:00,109020.0,109210.0,108840.0,108910.0,329774,1178737
2023-05-31 10:00:00,108915.0,109120.0,108700.0,108965.0,347914,1284997
2023-05-31 11:00:00,108965.0,109665.0,108870.0,109395.0,443824,1728870
2023-05-31 12:00:00,109390.0,109545.0,109205.0,109285.0,305349,1181150
2023-05-31 13:00:00,109285.0,109425.0,109050.0,109140.0,368554,1466268
2023-05-31 14:00:00,109135.0,109205.0,108745.0,108805.0,270431,896299
2023-06-01 06:00:00,109540.0,109955.0,109155.0,109210.0,607591,1704341
2023-06-01 07:00:00,109210.0,109470.0,108715.0,109095.0,909364,2933775
2023-06-01 08:00:00,109085.0,109830.0,108860.0,109760.0,659576,2377401
2023-06-01 09:00:00,109765.0,110865.0,109510.0,110785.0,724532,2704652
2023-06-01 10:00:00,110790.0,110880.0,110640.0,110715.0,309822,1158189
2023-06-01 11:00:00,110715.0,111045.0,110650.0,110845.0,353960,1331549
2023-06-01 12:00:00,110840.0,111080.0,110745.0,110905.0,295385,1079484
2023-06-01 13:00:00,110900.0,111270.0,110810.0,111180.0,387627,1541782
2023-06-01 14:00:00,111185.0,111580.0,111080.0,111575.0,240749,855429
2023-06-02 06:00:00,111880.0,112885.0,111805.0,112880.0,778329,2023624
2023-06-02 07:00:00,112880.0,113475.0,112760.0,113060.0,882088,3039105
2023-06-02 08:00:00,113060.0,113200.0,112780.0,113065.0,489334,1747550
2023-06-02 09:00:00,113070.0,113420.0,112960.0,113340.0,323893,1181283
2023-06-02 10:00:00,113340.0,113345.0,112815.0,112965.0,307827,1166051
2023-06-02 11:00:00,112965.0,112985.0,112570.0,112700.0,310490,1221029
2023-06-02 12:00:00,112695.0,113240.0,112520.0,113115.0,376591,1503087
2023-06-02 13:00:00,113115.0,113265.0,112855.0,113185.0,321220,1289101
2023-06-02 14:00:00,113180.0,113295.0,112985.0,113200.0,196644,655270
2023-06-05 06:00:00,112950.0,113255.0,112820.0,113135.0,516536,1544037
2023-06-05 07:00:00,113140.0,113500.0,112805.0,112835.0,809714,2633076
2023-06-05 08:00:00,112835.0,113025.0,112005.0,112705.0,784327,2798610
2023-06-05 09:00:00,112705.0,112830.0,112570.0,112755.0,288470,1051878
2023-06-05 10:00:00,112760.0,112900.0,112635.0,112750.0,190758,694401
2023-06-05 11:00:00,112745.0,112885.0,112610.0,112875.0,230668,908466
2023-06-05 12:00:00,112880.0,113110.0,112640.0,112910.0,342455,1337429
2023-06-05 13:00:00,112910.0,113360.0,112855.0,113115.0,319881,1240024
2023-06-05 14:00:00,113120.0,113240.0,112995.0,113030.0,133499,457340
2023-06-06 06:00:00,112815.0,113575.0,112800.0,113480.0,574297,1650182
2023-06-06 07:00:00,113485.0,113940.0,113260.0,113810.0,989392,3198669
2023-06-06 08:00:00,113805.0,114370.0,113805.0,114315.0,639944,2276168
2023-06-06 09:00:00,114315.0,114915.0,114185.0,114700.0,542188,2082819
2023-06-06 10:00:00,114700.0,115000.0,114590.0,114870.0,356401,1345615
2023-06-06 11:00:00,114875.0,115160.0,114725.0,114990.0,374447,1438540
2023-06-06 12:00:00,114995.0,115005.0,114615.0,114760.0,351887,1400857
2023-06-06 13:00:00,114760.0,115135.0,114670.0,115015.0,334509,1298338
2023-06-06 14:00:00,115015.0,115300.0,114925.0,115300.0,203223,699776
2023-06-07 06:00:00,115600.0,116130.0,115550.0,116010.0,657359,1869879
2023-06-07 07:00:00,116010.0,116270.0,115635.0,116040.0,932598,3082614
2023-06-07 08:00:00,116040.0,116230.0,115360.0,115545.0,656227,2322887
2023-06-07 09:00:00,115550.0,115990.0,115450.0,115485.0,471735,1691569
2023-06-07 10:00:00,115485.0,115650.0,115330.0,115415.0,302315,1097050
2023-06-07 11:00:00,115420.0,115475.0,114870.0,115180.0,436557,1623995
2023-06-07 12:00:00,115180.0,115800.0,115180.0,115595.0,417327,1578323
2023-06-07 13:00:00,115595.0,115850.0,115510.0,115810.0,296307,1158149
2023-06-07 14:00:00,115810.0,116180.0,115750.0,116085.0,164001,583652
2023-06-09 06:00:00,116360.0,117145.0,116340.0,116805.0,590848,1853051
2023-06-09 07:00:00,116800.0,116965.0,116545.0,116850.0,677553,2260962
2023-06-09 08:00:00,116850.0,117840.0,116820.0,117525.0,727827,2687183
2023-06-09 09:00:00,117525.0,117720.0,117370.0,117585.0,355218,1292333
2023-06-09 10:00:00,117580.0,117830.0,117450.0,117515.0,296049,1050657
2023-06-09 11:00:00,117515.0,117645.0,117255.0,117340.0,290844,1091560
2023-06-09 12:00:00,117340.0,117430.0,116935.0,117145.0,315690,1180338
2023-06-09 13:00:00,117140.0,117360.0,116990.0,117340.0,286549,1066017
2023-06-09 14:00:00,117340.0,117360.0,116965.0,117145.0,179074,581059
2023-06-12 06:00:00,117450.0,118040.0,117260.0,117585.0,623054,1922641
2023-06-12 07:00:00,117585.0,117595.0,116815.0,117115.0,895861,3033995
2023-06-12 08:00:00,117120.0,117645.0,117070.0,117580.0,569605,2043582
2023-06-12 09:00:00,117580.0,117940.0,117485.0,117575.0,446521,1613995
2023-06-12 10:00:00,117575.0,117590.0,117345.0,117455.0,268734,956089
2023-06-12 11:00:00,117450.0,117525.0,117285.0,117395.0,272779,1001535
2023-06-12 12:00:00,117390.0,117615.0,117320.0,117485.0,305382,1161152
2023-06-12 13:00:00,117480.0,117740.0,117455.0,117585.0,287019,1088185
2023-06-12 14:00:00,117590.0,117825.0,117395.0,117790.0,217110,769985
2023-06-13 06:00:00,117950.0,118170.0,117430.0,118145.0,713788,1987646
2023-06-13 07:00:00,118150.0,118215.0,117440.0,117500.0,809410,2644827
2023-06-13 08:00:00,117500.0,117755.0,117055.0,117640.0,654691,2226107
2023-06-13 09:00:00,117635.0,117690.0,117120.0,117150.0,436733,1537374
2023-06-13 10:00:00,117150.0,117310.0,116870.0,117050.0,325756,1208554
2023-06-13 11:00:00,117050.0,117260.0,116705.0,117005.0,375872,1385683
2023-06-13 12:00:00,117005.0,117275.0,116425.0,116700.0,468556,1706388
2023-06-13 13:00:00,116695.0,116880.0,116595.0,116845.0,284240,1099930
2023-06-13 14:00:00,116850.0,117200.0,116750.0,117180.0,170311,571485
2023-06-14 06:00:00,119900.0,120210.0,119645.0,119680.0,541638,1586375
2023-06-14 07:00:00,119685.0,120895.0,119685.0,120735.0,844808,2672951
2023-06-14 08:00:00,120740.0,120985.0,120555.0,120895.0,551088,1879394
2023-06-14 09:00:00,120895.0,121235.0,120825.0,120940.0,423418,1504585
2023-06-14 10:00:00,120945.0,121470.0,120800.0,121275.0,424422,1543932
2023-06-14 11:00:00,121275.0,121660.0,120910.0,120930.0,482161,1757413
2023-06-14 12:00:00,120930.0,121000.0,119865.0,120650.0,975308,2989966
2023-06-14 13:00:00,120650.0,121745.0,120280.0,121375.0,718790,2489685
2023-06-14 14:00:00,121375.0,121750.0,121275.0,121330.0,230479,790705
2023-06-15 06:00:00,120850.0,121480.0,120830.0,121335.0,630731,1754624
2023-06-15 07:00:00,121335.0,122125.0,121140.0,121675.0,960928,2845551
2023-06-15 08:00:00,121675.0,122255.0,121620.0,121950.0,521363,1717079
2023-06-15 09:00:00,121945.0,122090.0,121385.0,121680.0,507423,1758523
2023-06-15 10:00:00,121680.0,121810.0,121415.0,121540.0,380683,1257194
2023-06-15 11:00:00,121535.0,121670.0,121195.0,121570.0,380604,1303941
2023-06-15 12:00:00,121570.0,122165.0,121485.0,121980.0,399068,1395782
2023-06-15 13:00:00,121980.0,122035.0,121715.0,121935.0,305181,1090314
2023-06-15 14:00:00,121935.0,121945.0,121630.0,121855.0,200455,691080
2023-06-16 06:00:00,121850.0,121920.0,121020.0,121110.0,557869,1573563
2023-06-16 07:00:00,121115.0,121600.0,120760.0,121580.0,879346,2732413
2023-06-16 08:00:00,121590.0,122065.0,121525.0,121725.0,663302,2214093
2023-06-16 09:00:00,121730.0,121780.0,121375.0,121410.0,392456,1322373
2023-06-16 10:00:00,121410.0,121790.0,121300.0,121745.0,280457,968589
2023-06-16 11:00:00,121750.0,121780.0,121480.0,121505.0,243505,887693
2023-06-16 12:00:00,121505.0,121595.0,121250.0,121500.0,318744,1190133
2023-06-16 13:00:00,121505.0,121515.0,121050.0,121095.0,339460,1307655
2023-06-16 14:00:00,121095.0,121280.0,121035.0,121075.0,196238,672838
2023-06-19 06:00:00,121040.0,121300.0,120830.0,121120.0,449785,1248859
2023-06-19 07:00:00,121125.0,121720.0,120845.0,121505.0,894287,2813157
2023-06-19 08:00:00,121500.0,122060.0,121465.0,122005.0,632596,2109330
2023-06-19 09:00:00,122005.0,122270.0,121900.0,122190.0,378024,1273099
2023-06-19 10:00:00,122190.0,122190.0,122035.0,122095.0,225645,753412
2023-06-19 11:00:00,122095.0,122450.0,122000.0,122120.0,308261,969677
2023-06-19 12:00:00,122120.0,122335.0,122090.0,122175.0,246699,765377
2023-06-19 13:00:00,122175.0,122350.0,122100.0,122280.0,223869,683836
2023-06-19 14:00:00,122280.0,122485.0,122230.0,122480.0,228209,732795
2023-06-20 06:00:00,122060.0,122080.0,121570.0,121620.0,563846,1573230
2023-06-20 07:00:00,121620.0,121860.0,121250.0,121565.0,1001551,3113090
2023-06-20 08:00:00,121565.0,121645.0,120720.0,120935.0,774849,2551589
2023-06-20 09:00:00,120935.0,121335.0,120920.0,121300.0,424327,1397301
2023-06-20 10:00:00,121295.0,121785.0,121210.0,121685.0,382516,1308665
2023-06-20 11:00:00,121685.0,121865.0,121555.0,121715.0,377223,1281970
2023-06-20 12:00:00,121710.0,121935.0,121530.0,121770.0,378655,1341388
2023-06-20 13:00:00,121770.0,122000.0,121650.0,121845.0,297358,1040618
2023-06-20 14:00:00,121840.0,122100.0,121805.0,122000.0,166973,574671
2023-06-21 06:00:00,121950.0,122230.0,121650.0,121805.0,537698,1507696
2023-06-21 07:00:00,121805.0,122295.0,121600.0,121885.0,1101602,3424602
2023-06-21 08:00:00,121880.0,122255.0,121540.0,122035.0,742201,2369188
2023-06-21 09:00:00,122035.0,122340.0,121860.0,122330.0,506459,1709517
2023-06-21 10:00:00,122325.0,122730.0,122240.0,122580.0,377807,1259497
2023-06-21 11:00:00,122580.0,122795.0,122455.0,122660.0,308567,1077248
2023-06-21 12:00:00,122660.0,122870.0,122610.0,122665.0,315759,1133430
2023-06-21 13:00:00,122665.0,122835.0,122515.0,122655.0,339486,1241792
2023-06-21 14:00:00,122655.0,122780.0,122590.0,122725.0,159448,564713
2023-06-22 06:00:00,121795.0,122135.0,121665.0,121820.0,575242,1501682
2023-06-22 07:00:00,121825.0,122315.0,120795.0,121095.0,1192695,3541582
2023-06-22 08:00:00,121095.0,121250.0,120675.0,120775.0,655931,2146968
2023-06-22 09:00:00,120775.0,120815.0,120190.0,120650.0,535773,1852335
2023-06-22 10:00:00,120650.0,120715.0,120360.0,120460.0,306518,1128132
2023-06-22 11:00:00,120460.0,120820.0,120180.0,120550.0,462179,1663114
2023-06-22 12:00:00,120555.0,121130.0,120475.0,121000.0,455133,1621040
2023-06-22 13:00:00,121005.0,121275.0,120825.0,121165.0,378492,1375543
2023-06-22 14:00:00,121165.0,121510.0,121065.0,121510.0,196142,651866
2023-06-23 06:00:00,120900.0,121350.0,120570.0,121025.0,645210,1839356
2023-06-23 07:00:00,121025.0,121115.0,120415.0,120695.0,933421,2834761
2023-06-23 08:00:00,120690.0,120985.0,120310.0,120855.0,742278,2464026
2023-06-23 09:00:00,120850.0,121535.0,120805.0,121300.0,568433,1899126
2023-06-23 10:00:00,121300.0,121595.0,121130.0,121255.0,357403,1255828
2023-06-23 11:00:00,121255.0,121415.0,121120.0,121250.0,270668,967699
2023-06-23 12:00:00,121245.0,121260.0,120735.0,121000.0,440447,1614170
2023-06-23 13:00:00,120995.0,121190.0,120875.0,121165.0,338035,1206731
2023-06-23 14:00:00,121160.0,121330.0,121075.0,121215.0,140781,502221
2023-06-26 06:00:00,120960.0,121155.0,120780.0,120845.0,415173,1145207
2023-06-26 07:00:00,120845.0,121135.0,120260.0,120815.0,1062105,3247626
2023-06-26 08:00:00,120810.0,120855.0,119905.0,120055.0,746787,2414494
2023-06-26 09:00:00,120060.0,120140.0,119750.0,120085.0,407426,1403066
2023-06-26 10:00:00,120090.0,120150.0,119500.0,119905.0,389795,1350072
2023-06-26 11:00:00,119900.0,120120.0,119870.0,120095.0,274814,991860
2023-06-26 12:00:00,120095.0,120625.0,120010.0,120465.0,381359,1369682
2023-06-26 13:00:00,120470.0,120635.0,120250.0,120390.0,322160,1174233
2023-06-26 14:00:00,120390.0,120450.0,119950.0,119950.0,169866,625410
2023-06-27 06:00:00,120635.0,121400.0,120615.0,121105.0,682283,1880303
2023-06-27 07:00:00,121105.0,121245.0,119560.0,119695.0,1364182,4124408
2023-06-27 08:00:00,119690.0,119885.0,118920.0,119030.0,841231,2702776
2023-06-27 09:00:00,119030.0,119070.0,118545.0,118665.0,527566,1788256
2023-06-27 10:00:00,118665.0,119115.0,118565.0,119030.0,405714,1394300
2023-06-27 11:00:00,119025.0,119395.0,118900.0,119240.0,350553,1258750
2023-06-27 12:00:00,119240.0,119265.0,118970.0,119115.0,301712,1079250
2023-06-27 13:00:00,119115.0,119725.0,119110.0,119665.0,417531,1494248
2023-06-27 14:00:00,119665.0,119720.0,119435.0,119435.0,176124,623668
2023-06-28 06:00:00,119650.0,119765.0,118930.0,119335.0,692309,2023777
2023-06-28 07:00:00,119335.0,119895.0,118950.0,119360.0,1196875,3630586
2023-06-28 08:00:00,119360.0,119535.0,119110.0,119410.0,632575,2002865
2023-06-28 09:00:00,119415.0,119950.0,119285.0,119515.0,543055,1814995
2023-06-28 10:00:00,119520.0,119685.0,119315.0,119405.0,337392,1158516
2023-06-28 11:00:00,119400.0,119505.0,118670.0,118750.0,501228,1681795
2023-06-28 12:00:00,118755.0,119090.0,118650.0,118985.0,326196,1156530
2023-06-28 13:00:00,118985.0,119130.0,118450.0,118745.0,433495,1623786
2023-06-28 14:00:00,118745.0,118915.0,118530.0,118570.0,200040,668640
2023-06-29 06:00:00,119115.0,119210.0,118375.0,119070.0,832085,2358396
2023-06-29 07:00:00,119070.0,119785.0,118770.0,119600.0,849946,2689567
2023-06-29 08:00:00,119600.0,119685.0,119190.0,119495.0,559476,1825265
2023-06-29 09:00:00,119490.0,120250.0,119490.0,120245.0,531357,1774146
2023-06-29 10:00:00,120250.0,120265.0,119985.0,120045.0,259365,870523
2023-06-29 11:00:00,120045.0,120050.0,119830.0,120030.0,307964,1034683
2023-06-29 12:00:00,120030.0,120260.0,119840.0,119955.0,367904,1270124
2023-06-29 13:00:00,119950.0,120640.0,119950.0,120600.0,461515,1693026
2023-06-29 14:00:00,120600.0,120780.0,120365.0,120765.0,233479,773044
2023-06-30 06:00:00,120860.0,121550.0,120575.0,121350.0,746256,2038822
2023-06-30 07:00:00,121355.0,121510.0,120685.0,121030.0,944085,2776312
2023-06-30 08:00:00,121025.0,121370.0,120595.0,120970.0,753278,2450486
2023-06-30 09:00:00,120965.0,121120.0,120540.0,120955.0,508336,1755923
2023-06-30 10:00:00,120955.0,121115.0,120765.0,120970.0,343670,1206741
2023-06-30 11:00:00,120975.0,120990.0,120050.0,120450.0,487078,1726823
2023-06-30 12:00:00,120445.0,120885.0,120335.0,120775.0,359449,1289909
2023-06-30 13:00:00,120775.0,120780.0,119965.0,120000.0,394942,1457598
2023-06-30 14:00:00,120005.0,120055.0,119450.0,119500.0,245544,813242
2023-07-03 06:00:00,119985.0,120665.0,119900.0,120505.0,553796,1509426
2023-07-03 07:00:00,120500.0,121440.0,120270.0,121140.0,994710,3186814
2023-07-03 08:00:00,121135.0,121575.0,121105.0,121430.0,655025,2153097
2023-07-03 09:00:00,121425.0,121660.0,121270.0,121515.0,400215,1386957
2023-07-03 10:00:00,121510.0,121610.0,121390.0,121570.0,304160,1064564
2023-07-03 11:00:00,121565.0,121740.0,121280.0,121295.0,350854,1138424
2023-07-03 12:00:00,121295.0,121550.0,121285.0,121480.0,248246,777158
2023-07-03 13:00:00,121480.0,121640.0,121375.0,121605.0,259056,821476
2023-07-03 14:00:00,121605.0,121720.0,121500.0,121640.0,190447,582532
2023-07-04 06:00:00,121440.0,121590.0,121080.0,121095.0,482855,1309089
2023-07-04 07:00:00,121095.0,121255.0,120715.0,121010.0,822962,2573874
2023-07-04 08:00:00,121005.0,121445.0,120755.0,120945.0,802672,2662912
2023-07-04 09:00:00,120945.0,121335.0,120940.0,121165.0,340090,1183389
2023-07-04 10:00:00,121165.0,121330.0,121060.0,121210.0,273682,938298
2023-07-04 11:00:00,121215.0,121260.0,120655.0,120740.0,333731,1062584
2023-07-04 12:00:00,120740.0,120960.0,120485.0,120895.0,411974,1301358
2023-07-04 13:00:00,120895.0,121110.0,120785.0,120845.0,240981,807008
2023-07-04 14:00:00,120840.0,120895.0,120605.0,120895.0,182257,571589
2023-07-05 06:00:00,120370.0,120695.0,119730.0,120180.0,823162,2216282
2023-07-05 07:00:00,120180.0,120965.0,120095.0,120725.0,1053878,3319077
2023-07-05 08:00:00,120725.0,121525.0,120655.0,121045.0,743672,2592827
2023-07-05 09:00:00,121045.0,121175.0,120790.0,121070.0,367219,1285290
2023-07-05 10:00:00,121070.0,121545.0,120930.0,121430.0,498342,1733270
2023-07-05 11:00:00,121430.0,121810.0,121365.0,121750.0,449489,1606522
2023-07-05 12:00:00,121755.0,121985.0,121350.0,121435.0,418293,1551770
2023-07-05 13:00:00,121430.0,121620.0,121200.0,121380.0,315827,1191600
2023-07-05 14:00:00,121380.0,121490.0,121155.0,121170.0,193857,687485
2023-07-06 06:00:00,121000.0,121005.0,120000.0,120195.0,774839,2036318
2023-07-06 07:00:00,120195.0,120505.0,119505.0,119525.0,1183610,3655557
2023-07-06 08:00:00,119525.0,119585.0,118775.0,118815.0,795642,2655438
2023-07-06 09:00:00,118815.0,119090.0,118710.0,118890.0,505324,1720020
2023-07-06 10:00:00,118895.0,119250.0,118650.0,119050.0,440809,1506119
2023-07-06 11:00:00,119055.0,119290.0,119045.0,119145.0,307383,1059630
2023-07-06 12:00:00,119145.0,119435.0,119125.0,119240.0,368922,1336084
2023-07-06 13:00:00,119235.0,119280.0,119000.0,119045.0,333273,1213633
2023-07-06 14:00:00,119045.0,119185.0,118865.0,119150.0,228871,789996
2023-07-07 06:00:00,119585.0,120215.0,119210.0,119430.0,929846,2435623
2023-07-07 07:00:00,119430.0,120630.0,119200.0,120260.0,1039579,3263036
2023-07-07 08:00:00,120260.0,120950.0,120130.0,120295.0,653699,2176835
2023-07-07 09:00:00,120295.0,120700.0,120255.0,120680.0,344148,1156571
2023-07-07 10:00:00,120680.0,120985.0,120570.0,120855.0,328984,1151268
2023-07-07 11:00:00,120860.0,121115.0,120810.0,120975.0,341089,1196748
2023-07-07 12:00:00,120975.0,121215.0,120915.0,121025.0,299623,1058318
2023-07-07 13:00:00,121020.0,121075.0,120435.0,120500.0,379236,1421488
2023-07-07 14:00:00,120500.0,120545.0,120120.0,120120.0,203772,730655
2023-07-10 06:00:00,119930.0,120190.0,119615.0,119920.0,601135,1694579
2023-07-10 07:00:00,119920.0,120175.0,119560.0,119895.0,1008759,3183084
2023-07-10 08:00:00,119895.0,120275.0,119790.0,120000.0,648451,2114444
2023-07-10 09:00:00,120005.0,120300.0,119640.0,120230.0,407650,1361048
2023-07-10 10:00:00,120225.0,120280.0,119545.0,119735.0,394175,1341599
2023-07-10 11:00:00,119740.0,119785.0,119525.0,119675.0,348614,1239577
2023-07-10 12:00:00,119680.0,119750.0,119345.0,119615.0,378028,1411947
2023-07-10 13:00:00,119615.0,119675.0,119335.0,119570.0,313084,1135416
2023-07-10 14:00:00,119570.0,119575.0,119015.0,119105.0,238703,828950
2023-07-11 06:00:00,119720.0,119800.0,118680.0,118875.0,773139,2189572
2023-07-11 07:00:00,118875.0,119055.0,117030.0,117495.0,1316696,4231163
2023-07-11 08:00:00,117495.0,117935.0,117420.0,117790.0,517666,1761878
2023-07-11 09:00:00,117790.0,118480.0,117500.0,118225.0,576427,2046190
2023-07-11 10:00:00,118225.0,118950.0,118190.0,118905.0,401767,1402047
2023-07-11 11:00:00,118905.0,119070.0,118815.0,118935.0,325762,1124594
2023-07-11 12:00:00,118935.0,118980.0,118680.0,118920.0,308483,1073561
2023-07-11 13:00:00,118915.0,119190.0,118895.0,118955.0,358370,1268556
2023-07-11 14:00:00,118955.0,119200.0,118780.0,119200.0,202675,735597
2023-07-12 06:00:00,119505.0,120355.0,119140.0,119930.0,1049383,2648255
2023-07-12 07:00:00,119935.0,120475.0,119690.0,120210.0,1021690,3043134
2023-07-12 08:00:00,120210.0,120370.0,120000.0,120285.0,542850,1704791
2023-07-12 09:00:00,120285.0,120405.0,119465.0,119885.0,584909,1956673
2023-07-12 10:00:00,119890.0,119945.0,119640.0,119680.0,283552,904545
2023-07-12 11:00:00,119680.0,119720.0,119125.0,119440.0,476574,1631785
2023-07-12 12:00:00,119440.0,119580.0,119345.0,119465.0,292394,972004
2023-07-12 13:00:00,119460.0,119560.0,118785.0,118850.0,478813,1673278
2023-07-12 14:00:00,118845.0,119020.0,118675.0,118800.0,240638,788111
2023-07-13 06:00:00,119395.0,119910.0,119310.0,119420.0,801611,2109437
2023-07-13 07:00:00,119420.0,121070.0,119315.0,120985.0,1262409,3680143
2023-07-13 08:00:00,120980.0,121125.0,120810.0,120955.0,511315,1578724
2023-07-13 09:00:00,120955.0,120970.0,120555.0,120870.0,383157,1169499
2023-07-13 10:00:00,120865.0,121175.0,120835.0,121050.0,323034,1052704
2023-07-13 11:00:00,121055.0,121115.0,120710.0,120885.0,326717,1047699
2023-07-13 12:00:00,120890.0,120975.0,120530.0,120665.0,373264,1260151
2023-07-13 13:00:00,120665.0,120795.0,120565.0,120590.0,284600,1021840
2023-07-13 14:00:00,120590.0,120765.0,120470.0,120470.0,196877,688892
2023-07-14 06:00:00,120730.0,120965.0,120345.0,120380.0,625025,1648863
2023-07-14 07:00:00,120380.0,120555.0,119615.0,120040.0,988895,3097904
2023-07-14 08:00:00,120035.0,120320.0,119285.0,119660.0,747081,2410005
2023-07-14 09:00:00,119660.0,119895.0,119590.0,119710.0,313681,1008802
2023-07-14 10:00:00,119710.0,119720.0,119115.0,119320.0,444091,1508941
2023-07-14 11:00:00,119320.0,119500.0,119050.0,119075.0,346137,1158435
2023-07-14 12:00:00,119070.0,119185.0,118825.0,118905.0,408452,1376054
2023-07-14 13:00:00,118910.0,119155.0,118800.0,119015.0,338116,1164776
2023-07-14 14:00:00,119015.0,119055.0,118760.0,118960.0,190379,660138
2023-07-17 06:00:00,118700.0,118885.0,118415.0,118560.0,606865,1600624
2023-07-17 07:00:00,118560.0,119040.0,117810.0,118740.0,1246695,3916236
2023-07-17 08:00:00,118740.0,118950.0,118360.0,118555.0,595160,1978183
2023-07-17 09:00:00,118560.0,118875.0,118495.0,118710.0,382630,1267502
2023-07-17 10:00:00,118715.0,119120.0,118670.0,119030.0,351243,1167132
2023-07-17 11:00:00,119030.0,119585.0,118900.0,119425.0,418259,1383625
2023-07-17 12:00:00,119420.0,119430.0,119125.0,119165.0,258279,853811
2023-07-17 13:00:00,119160.0,119540.0,119070.0,119525.0,323896,1093505
2023-07-17 14:00:00,119525.0,119695.0,119465.0,119575.0,198998,659757
2023-07-18 06:00:00,119500.0,119680.0,119045.0,119275.0,769396,2090407
2023-07-18 07:00:00,119270.0,119960.0,118770.0,119905.0,1263005,3771763
2023-07-18 08:00:00,119905.0,119935.0,119340.0,119590.0,698565,2193135
2023-07-18 09:00:00,119590.0,119675.0,119160.0,119510.0,407130,1359531
2023-07-18 10:00:00,119510.0,119585.0,118645.0,118670.0,431045,1540872
2023-07-18 11:00:00,118675.0,119225.0,118400.0,119085.0,524796,1975881
2023-07-18 12:00:00,119090.0,119280.0,118960.0,119005.0,315383,1125566
2023-07-18 13:00:00,119000.0,119250.0,118805.0,119185.0,398509,1413309
2023-07-18 14:00:00,119180.0,119210.0,118685.0,118970.0,231456,797818
2023-07-19 06:00:00,119150.0,119260.0,118280.0,118515.0,756256,2066772
2023-07-19 07:00:00,118515.0,119060.0,118105.0,119015.0,1120712,3405840
2023-07-19 08:00:00,119020.0,119055.0,118260.0,118285.0,642068,2064130
2023-07-19 09:00:00,118285.0,118295.0,117685.0,117720.0,574556,1949386
2023-07-19 10:00:00,117725.0,118105.0,117690.0,118085.0,317042,1100313
2023-07-19 11:00:00,118090.0,118345.0,117955.0,118215.0,319683,1099020
2023-07-19 12:00:00,118215.0,119200.0,118165.0,118890.0,555884,2088083
2023-07-19 13:00:00,118890.0,119035.0,118600.0,118740.0,328187,1213555
2023-07-19 14:00:00,118745.0,118775.0,118555.0,118650.0,155056,548073
2023-07-20 06:00:00,118950.0,119485.0,118625.0,119230.0,766098,2046795
2023-07-20 07:00:00,119230.0,119305.0,118440.0,119045.0,1092744,3366762
2023-07-20 08:00:00,119040.0,119155.0,118550.0,119045.0,744067,2478581
2023-07-20 09:00:00,119045.0,119395.0,118755.0,119040.0,505097,1797412
2023-07-20 10:00:00,119040.0,119095.0,118740.0,118840.0,336534,1146837
2023-07-20 11:00:00,118835.0,119025.0,118810.0,118930.0,267149,940772
2023-07-20 12:00:00,118935.0,119110.0,118765.0,118950.0,354518,1291127
2023-07-20 13:00:00,118950.0,119295.0,118855.0,119165.0,347041,1241886
2023-07-20 14:00:00,119160.0,119345.0,119060.0,119345.0,167731,567409
2023-07-21 06:00:00,119100.0,119440.0,118835.0,119305.0,759869,2062275
2023-07-21 07:00:00,119305.0,120920.0,119140.0,120900.0,1246776,4010361
2023-07-21 08:00:00,120900.0,121495.0,120805.0,121075.0,627134,2192329
2023-07-21 09:00:00,121075.0,121480.0,121075.0,121290.0,402848,1508400
2023-07-21 10:00:00,121290.0,121350.0,121125.0,121255.0,243945,902469
2023-07-21 11:00:00,121250.0,121295.0,120845.0,120880.0,340736,1243032
2023-07-21 12:00:00,120880.0,121455.0,120850.0,121215.0,410527,1563671
2023-07-21 13:00:00,121220.0,121435.0,121040.0,121315.0,358989,1374766
2023-07-21 14:00:00,121315.0,121530.0,121265.0,121530.0,226941,802149
2023-07-24 06:00:00,121220.0,121600.0,121085.0,121295.0,741305,1941953
2023-07-24 07:00:00,121300.0,121720.0,121000.0,121350.0,1122554,3354873
2023-07-24 08:00:00,121350.0,122665.0,121045.0,122365.0,828891,2713638
2023-07-24 09:00:00,122365.0,122810.0,122260.0,122635.0,492828,1668598
2023-07-24 10:00:00,122635.0,122655.0,122410.0,122505.0,209308,714452
2023-07-24 11:00:00,122505.0,122575.0,121930.0,121960.0,417423,1470802
2023-07-24 12:00:00,121965.0,122425.0,121950.0,122180.0,384604,1353509
2023-07-24 13:00:00,122175.0,122410.0,122025.0,122410.0,328134,1162639
2023-07-24 14:00:00,122410.0,122755.0,122375.0,122715.0,218714,753499
2023-07-25 06:00:00,123155.0,124160.0,123100.0,124140.0,835245,2211979
2023-07-25 07:00:00,124140.0,124260.0,123280.0,123655.0,1088842,3496778
2023-07-25 08:00:00,123655.0,123820.0,122830.0,122875.0,641511,2243470
2023-07-25 09:00:00,122875.0,123200.0,122755.0,123135.0,439453,1499026
2023-07-25 10:00:00,123130.0,123165.0,122810.0,122885.0,325846,1097001
2023-07-25 11:00:00,122885.0,123280.0,122815.0,123220.0,320862,1062090
2023-07-25 12:00:00,123220.0,123475.0,123150.0,123255.0,382176,1338455
2023-07-25 13:00:00,123260.0,123345.0,122920.0,123040.0,364935,1309370
2023-07-25 14:00:00,123045.0,123095.0,122850.0,122850.0,197003,657568
2023-07-26 06:00:00,122650.0,123245.0,122385.0,122495.0,852721,2300539
2023-07-26 07:00:00,122495.0,123175.0,122425.0,122810.0,929218,2810514
2023-07-26 08:00:00,122815.0,122825.0,122220.0,122695.0,628610,1981157
2023-07-26 09:00:00,122700.0,122700.0,122300.0,122550.0,355881,1154233
2023-07-26 10:00:00,122545.0,122910.0,122440.0,122720.0,314774,1058613
2023-07-26 11:00:00,122720.0,122810.0,122340.0,122550.0,346834,1090222
2023-07-26 12:00:00,122550.0,123670.0,122425.0,123130.0,750957,2372679
2023-07-26 13:00:00,123135.0,123650.0,122860.0,123615.0,532738,1869244
2023-07-26 14:00:00,123615.0,123695.0,123175.0,123175.0,187530,600716
2023-07-27 06:00:00,123655.0,123875.0,123265.0,123350.0,669768,1645644
2023-07-27 07:00:00,123350.0,123515.0,121990.0,122170.0,1100429,3514257
2023-07-27 08:00:00,122165.0,122170.0,121540.0,121970.0,683201,2381049
2023-07-27 09:00:00,121970.0,122190.0,121940.0,122075.0,320490,1137878
2023-07-27 10:00:00,122070.0,122140.0,121910.0,121945.0,255206,875174
2023-07-27 11:00:00,121945.0,121975.0,121665.0,121800.0,428250,1453730
2023-07-27 12:00:00,121795.0,121800.0,121200.0,121280.0,529112,1877021
2023-07-27 13:00:00,121275.0,121295.0,120550.0,120605.0,596861,2253059
2023-07-27 14:00:00,120610.0,120795.0,120090.0,120220.0,272709,911105
2023-07-28 06:00:00,120810.0,121765.0,120780.0,121220.0,724560,1964441
2023-07-28 07:00:00,121220.0,121490.0,120405.0,120780.0,1033841,3320844
2023-07-28 08:00:00,120775.0,120990.0,120450.0,120700.0,591049,2021957
2023-07-28 09:00:00,120705.0,120985.0,120630.0,120970.0,349507,1212907
2023-07-28 10:00:00,120965.0,121090.0,120780.0,120845.0,294333,1001852
2023-07-28 11:00:00,120845.0,120860.0,120520.0,120730.0,339859,1163630
2023-07-28 12:00:00,120730.0,120815.0,120610.0,120745.0,268114,912170
2023-07-28 13:00:00,120750.0,121070.0,120710.0,120970.0,311016,1120896
2023-07-28 14:00:00,120965.0,121035.0,120500.0,120720.0,194757,645946
2023-07-31 06:00:00,121390.0,121990.0,121205.0,121715.0,519581,1412252
2023-07-31 07:00:00,121715.0,122810.0,121580.0,122480.0,1092280,3569600
2023-07-31 08:00:00,122480.0,122735.0,122290.0,122515.0,482103,1654830
2023-07-31 09:00:00,122520.0,122875.0,122500.0,122675.0,435248,1483624
2023-07-31 10:00:00,122680.0,122700.0,122495.0,122535.0,243999,796849
2023-07-31 11:00:00,122530.0,122725.0,122145.0,122610.0,404887,1360595
2023-07-31 12:00:00,122615.0,122775.0,122465.0,122545.0,372049,1243678
2023-07-31 13:00:00,122550.0,122725.0,122295.0,122720.0,401897,1414582
2023-07-31 14:00:00,122720.0,122745.0,122520.0,122655.0,185342,604992
2023-08-01 06:00:00,122225.0,122240.0,121385.0,121520.0,608690,1745386
2023-08-01 07:00:00,121520.0,122215.0,121005.0,122010.0,1220622,4010349
2023-08-01 08:00:00,122005.0,122225.0,121220.0,121325.0,736378,2547709
2023-08-01 09:00:00,121325.0,121600.0,121170.0,121215.0,450240,1562683
2023-08-01 10:00:00,121215.0,121315.0,120725.0,121230.0,421673,1522109
2023-08-01 11:00:00,121230.0,121805.0,121195.0,121580.0,372698,1349066
2023-08-01 12:00:00,121585.0,121770.0,121460.0,121650.0,337765,1220870
2023-08-01 13:00:00,121650.0,122155.0,121540.0,121825.0,398237,1484620
2023-08-01 14:00:00,121830.0,121950.0,121620.0,121620.0,143415,515054
2023-08-02 06:00:00,121030.0,121445.0,120895.0,121315.0,714084,1970065
2023-08-02 07:00:00,121315.0,121515.0,120860.0,121365.0,1034360,3264183
2023-08-02 08:00:00,121365.0,121430.0,120265.0,120420.0,885075,3075792
2023-08-02 09:00:00,120420.0,121060.0,120415.0,120875.0,419086,1468269
2023-08-02 10:00:00,120880.0,120960.0,120575.0,120780.0,358377,1213210
2023-08-02 11:00:00,120780.0,121080.0,120755.0,120910.0,347358,1182748
2023-08-02 12:00:00,120910.0,121345.0,120885.0,121180.0,398286,1429572
2023-08-02 13:00:00,121180.0,121850.0,121160.0,121205.0,556936,2156999
2023-08-02 14:00:00,121205.0,121590.0,121110.0,121145.0,226552,810772
2023-08-03 06:00:00,122240.0,122900.0,121980.0,122335.0,895217,2262990
2023-08-03 07:00:00,122335.0,123165.0,121460.0,121480.0,1450163,4722538
2023-08-03 08:00:00,121480.0,121990.0,121080.0,121575.0,919245,3245541
2023-08-03 09:00:00,121580.0,122140.0,121540.0,121895.0,451107,1598936
2023-08-03 10:00:00,121890.0,121910.0,121355.0,121425.0,397205,1387562
2023-08-03 11:00:00,121425.0,122000.0,121155.0,121735.0,492639,1821538
2023-08-03 12:00:00,121730.0,121760.0,121440.0,121485.0,349433,1206498
2023-08-03 13:00:00,121490.0,121525.0,120760.0,120775.0,539797,2078403
2023-08-03 14:00:00,120775.0,121230.0,120600.0,120705.0,276978,958393
2023-08-04 06:00:00,120680.0,120690.0,119650.0,120345.0,1122243,2986185
2023-08-04 07:00:00,120345.0,120970.0,120070.0,120075.0,1232493,4050197
2023-08-04 08:00:00,120080.0,121485.0,120040.0,121480.0,819565,2902842
2023-08-04 09:00:00,121480.0,121935.0,121290.0,121745.0,492492,1797216
2023-08-04 10:00:00,121745.0,121845.0,121530.0,121575.0,304110,1106645
2023-08-04 11:00:00,121575.0,121590.0,121050.0,121120.0,384997,1401613
2023-08-04 12:00:00,121120.0,121155.0,119955.0,120120.0,780288,3049063
2023-08-04 13:00:00,120125.0,120165.0,119540.0,119565.0,536118,2142662
2023-08-04 14:00:00,119565.0,119990.0,119560.0,119880.0,207520,742977
2023-08-07 06:00:00,120160.0,120185.0,119700.0,119960.0,694114,1852921
2023-08-07 07:00:00,119960.0,120495.0,119340.0,119670.0,1324565,4192550
2023-08-07 08:00:00,119670.0,119865.0,119275.0,119400.0,700035,2273957
2023-08-07 09:00:00,119395.0,119660.0,119230.0,119570.0,493135,1699618
2023-08-07 10:00:00,119575.0,119760.0,119500.0,119725.0,253111,848121
2023-08-07 11:00:00,119720.0,119950.0,119510.0,119945.0,382287,1262903
2023-08-07 12:00:00,119940.0,120100.0,119740.0,119865.0,387349,1342005
2023-08-07 13:00:00,119865.0,119895.0,119670.0,119790.0,357956,1233178
2023-08-07 14:00:00,119790.0,119860.0,119400.0,119530.0,211447,745521
2023-08-08 06:00:00,118675.0,118680.0,117615.0,117980.0,872072,2483322
2023-08-08 07:00:00,117985.0,118495.0,117825.0,118445.0,1145404,3579285
2023-08-08 08:00:00,118450.0,119140.0,118315.0,118760.0,829222,2672543
2023-08-08 09:00:00,118755.0,119470.0,118725.0,119385.0,482423,1603925
2023-08-08 10:00:00,119380.0,119485.0,119160.0,119300.0,373437,1195287
2023-08-08 11:00:00,119300.0,119885.0,119280.0,119760.0,565315,2013336
2023-08-08 12:00:00,119760.0,119770.0,119305.0,119520.0,369856,1300622
2023-08-08 13:00:00,119515.0,119585.0,119240.0,119340.0,341807,1225816
2023-08-08 14:00:00,119340.0,119470.0,119225.0,119250.0,168428,581282
2023-08-09 06:00:00,119740.0,119740.0,118910.0,118965.0,796931,2291708
2023-08-09 07:00:00,118960.0,119075.0,118300.0,118975.0,1247193,4127893
2023-08-09 08:00:00,118975.0,119020.0,118445.0,118470.0,824565,2901728
2023-08-09 09:00:00,118470.0,118625.0,118095.0,118260.0,570002,2032292
2023-08-09 10:00:00,118260.0,118515.0,118150.0,118370.0,394676,1408897
2023-08-09 11:00:00,118365.0,118610.0,118360.0,118490.0,335492,1163629
2023-08-09 12:00:00,118485.0,118665.0,118385.0,118410.0,379968,1380878
2023-08-09 13:00:00,118410.0,118640.0,118345.0,118570.0,372167,1481532
2023-08-09 14:00:00,118565.0,118700.0,118525.0,118620.0,149937,563043
2023-08-10 06:00:00,119100.0,119525.0,118780.0,119285.0,849873,2351563
2023-08-10 07:00:00,119285.0,119695.0,118850.0,119665.0,1074888,3528415
2023-08-10 08:00:00,119660.0,119695.0,118905.0,119195.0,679019,2334547
2023-08-10 09:00:00,119195.0,119210.0,118755.0,119120.0,492009,1739711
2023-08-10 10:00:00,119115.0,119140.0,118675.0,118960.0,433923,1537857
2023-08-10 11:00:00,118965.0,119020.0,118640.0,118670.0,419894,1491551
2023-08-10 12:00:00,118670.0,118945.0,118650.0,118900.0,311615,1091952
2023-08-10 13:00:00,118905.0,118915.0,118270.0,118480.0,447412,1683457
2023-08-10 14:00:00,118480.0,118585.0,118090.0,118090.0,203862,742150
2023-08-11 06:00:00,118350.0,119010.0,118030.0,118470.0,850334,2433487
2023-08-11 07:00:00,118465.0,119260.0,118410.0,118860.0,949371,3093361
2023-08-11 08:00:00,118855.0,119220.0,118720.0,118835.0,644449,2269416
2023-08-11 09:00:00,118835.0,119025.0,118515.0,118690.0,423517,1546777
2023-08-11 10:00:00,118695.0,119025.0,118280.0,118300.0,431382,1556120
2023-08-11 11:00:00,118300.0,118455.0,117635.0,117810.0,559842,2132670
2023-08-11 12:00:00,117815.0,117930.0,117550.0,117875.0,429179,1591898
2023-08-11 13:00:00,117875.0,118180.0,117780.0,118100.0,346603,1365421
2023-08-11 14:00:00,118100.0,118310.0,118090.0,118290.0,158130,551852
2023-08-14 06:00:00,118170.0,118230.0,117315.0,117790.0,763915,2162267
2023-08-14 07:00:00,117795.0,117990.0,116710.0,117130.0,1226943,4009235
2023-08-14 08:00:00,117130.0,117400.0,116950.0,117005.0,559001,1948112
2023-08-14 09:00:00,117000.0,117340.0,116815.0,117235.0,425232,1479778
2023-08-14 10:00:00,117240.0,117445.0,117180.0,117225.0,313797,1069079
2023-08-14 11:00:00,117230.0,117555.0,117065.0,117155.0,384201,1335039
2023-08-14 12:00:00,117155.0,117200.0,116750.0,116850.0,435811,1650232
2023-08-14 13:00:00,116850.0,117030.0,116645.0,116980.0,400875,1546179
2023-08-14 14:00:00,116975.0,117005.0,116705.0,116710.0,194500,691653
2023-08-15 06:00:00,116070.0,117325.0,115810.0,117155.0,1003399,2924065
2023-08-15 07:00:00,117155.0,117700.0,116750.0,117260.0,1137253,3749244
2023-08-15 08:00:00,117255.0,117265.0,116270.0,116335.0,815664,2801478
2023-08-15 09:00:00,116335.0,117090.0,116320.0,116745.0,476518,1684425
2023-08-15 10:00:00,116745.0,116845.0,116320.0,116585.0,422197,1466126
2023-08-15 11:00:00,116585.0,116830.0,116495.0,116805.0,348974,1254246
2023-08-15 12:00:00,116805.0,116845.0,116505.0,116570.0,319430,1112373
2023-08-15 13:00:00,116575.0,116670.0,115980.0,116065.0,486543,1837207
2023-08-15 14:00:00,116065.0,116165.0,115665.0,115765.0,266771,914770
2023-08-16 06:00:00,118440.0,118835.0,118175.0,118405.0,630798,1802256
2023-08-16 07:00:00,118405.0,119035.0,118135.0,118755.0,1121208,3618754
2023-08-16 08:00:00,118755.0,119660.0,118635.0,119450.0,741428,2693238
2023-08-16 09:00:00,119455.0,119485.0,119045.0,119220.0,367257,1330060
2023-08-16 10:00:00,119225.0,119245.0,118650.0,118825.0,396510,1405000
2023-08-16 11:00:00,118825.0,118875.0,118545.0,118835.0,366761,1285247
2023-08-16 12:00:00,118835.0,118990.0,118425.0,118565.0,490264,1709564
2023-08-16 13:00:00,118570.0,118650.0,117555.0,117665.0,586130,2189747
2023-08-16 14:00:00,117670.0,117880.0,117620.0,117820.0,176230,583102
2023-08-17 06:00:00,118560.0,118810.0,118355.0,118665.0,619710,1803619
2023-08-17 07:00:00,118660.0,118860.0,118235.0,118295.0,1094835,3459790
2023-08-17 08:00:00,118300.0,118530.0,117650.0,117680.0,779226,2643203
2023-08-17 09:00:00,117680.0,117775.0,117320.0,117560.0,519712,1865244
2023-08-17 10:00:00,117565.0,117915.0,117405.0,117850.0,363483,1301645
2023-08-17 11:00:00,117855.0,117880.0,117375.0,117525.0,394371,1412402
2023-08-17 12:00:00,117520.0,117530.0,117135.0,117280.0,472934,1721786
2023-08-17 13:00:00,117280.0,117325.0,116985.0,117095.0,444654,1695842
2023-08-17 14:00:00,117095.0,117260.0,117045.0,117250.0,156353,620302
2023-08-18 06:00:00,116990.0,117185.0,116780.0,116885.0,647536,1841285
2023-08-18 07:00:00,116890.0,117465.0,116585.0,117300.0,1242041,4134357
2023-08-18 08:00:00,117300.0,117635.0,117085.0,117510.0,709672,2504935
2023-08-18 09:00:00,117510.0,117900.0,117475.0,117705.0,456992,1633815
2023-08-18 10:00:00,117705.0,117875.0,117640.0,117700.0,273881,958171
2023-08-18 11:00:00,117695.0,117760.0,117215.0,117435.0,435439,1578416
2023-08-18 12:00:00,117440.0,117540.0,117140.0,117465.0,371466,1345355
2023-08-18 13:00:00,117465.0,117720.0,117285.0,117455.0,372081,1365386
2023-08-18 14:00:00,117455.0,117610.0,117255.0,117265.0,210496,746665
2023-08-21 06:00:00,117845.0,117855.0,117310.0,117355.0,468511,1409312
2023-08-21 07:00:00,117350.0,117510.0,116615.0,117025.0,1143607,3686848
2023-08-21 08:00:00,117020.0,117135.0,116275.0,116630.0,894291,3102177
2023-08-21 09:00:00,116635.0,116800.0,116310.0,116510.0,522260,1763553
2023-08-21 10:00:00,116510.0,116540.0,116180.0,116455.0,378401,1371216
2023-08-21 11:00:00,116450.0,116475.0,116100.0,116200.0,388507,1386604
2023-08-21 12:00:00,116205.0,116555.0,116200.0,116450.0,387758,1422608
2023-08-21 13:00:00,116455.0,116615.0,116365.0,116400.0,364022,1367239
2023-08-21 14:00:00,116400.0,116460.0,116120.0,116120.0,165262,643504
2023-08-22 06:00:00,116800.0,117400.0,116600.0,117260.0,676298,2147381
2023-08-22 07:00:00,117265.0,117800.0,117065.0,117420.0,1196717,3958624
2023-08-22 08:00:00,117415.0,117720.0,117215.0,117580.0,602847,2044508
2023-08-22 09:00:00,117580.0,117660.0,117385.0,117435.0,339573,1172746
2023-08-22 10:00:00,117435.0,117565.0,117280.0,117470.0,307918,1069225
2023-08-22 11:00:00,117475.0,117660.0,117205.0,117635.0,376974,1343526
2023-08-22 12:00:00,117640.0,118040.0,117555.0,117950.0,439074,1656307
2023-08-22 13:00:00,117945.0,118390.0,117945.0,118185.0,409668,1626865
2023-08-22 14:00:00,118180.0,118340.0,118090.0,118340.0,172339,717797
2023-08-23 06:00:00,118810.0,118860.0,118260.0,118425.0,623246,1857827
2023-08-23 07:00:00,118430.0,119355.0,118350.0,119300.0,1103368,3778486
2023-08-23 08:00:00,119300.0,119525.0,119140.0,119475.0,518547,1873495
2023-08-23 09:00:00,119475.0,119750.0,119415.0,119705.0,329806,1169545
2023-08-23 10:00:00,119705.0,119970.0,119655.0,119885.0,295386,1020109
2023-08-23 11:00:00,119890.0,119970.0,119750.0,119805.0,284649,1035413
2023-08-23 12:00:00,119805.0,119880.0,119625.0,119825.0,296317,1104930
2023-08-23 13:00:00,119825.0,120030.0,119810.0,119860.0,325746,1299425
2023-08-23 14:00:00,119860.0,120500.0,119815.0,120440.0,253522,1075379
2023-08-24 06:00:00,120095.0,120200.0,119575.0,119615.0,483170,1571825
2023-08-24 07:00:00,119610.0,120105.0,119360.0,120100.0,984271,3419691
2023-08-24 08:00:00,120100.0,120125.0,119205.0,119300.0,707832,2551686
2023-08-24 09:00:00,119300.0,119345.0,118720.0,118795.0,449963,1753038
2023-08-24 10:00:00,118795.0,119360.0,118775.0,119180.0,480966,1718711
2023-08-24 11:00:00,119180.0,119260.0,118955.0,119240.0,362532,1268885
2023-08-24 12:00:00,119240.0,119325.0,118930.0,119120.0,369188,1370738
2023-08-24 13:00:00,119125.0,119195.0,118795.0,118905.0,375174,1362857
2023-08-24 14:00:00,118910.0,119120.0,118855.0,119120.0,135921,488600
2023-08-25 06:00:00,119025.0,119210.0,118540.0,119105.0,685416,1970854
2023-08-25 07:00:00,119100.0,119175.0,118100.0,118285.0,1034465,3307683
2023-08-25 08:00:00,118285.0,118495.0,117440.0,117510.0,1022949,3189803
2023-08-25 09:00:00,117515.0,117870.0,117290.0,117375.0,596324,1928925
2023-08-25 10:00:00,117375.0,117805.0,117320.0,117750.0,375070,1228933
2023-08-25 11:00:00,117745.0,117815.0,117250.0,117565.0,432388,1468271
2023-08-25 12:00:00,117560.0,118020.0,117545.0,117955.0,389284,1404772
2023-08-25 13:00:00,117955.0,118065.0,117635.0,117660.0,389931,1370779
2023-08-25 14:00:00,117660.0,117765.0,117480.0,117700.0,152053,528041
2023-08-28 06:00:00,117995.0,118200.0,117800.0,118075.0,562893,1595046
2023-08-28 07:00:00,118080.0,118180.0,117560.0,118010.0,1125892,3506081
2023-08-28 08:00:00,118010.0,118245.0,117710.0,117900.0,612036,2080418
2023-08-28 09:00:00,117905.0,118320.0,117875.0,118205.0,398460,1419403
2023-08-28 10:00:00,118200.0,118385.0,118075.0,118185.0,342301,1200657
2023-08-28 11:00:00,118185.0,118315.0,117875.0,118000.0,344155,1230723
2023-08-28 12:00:00,118000.0,118480.0,117870.0,118425.0,443494,1610583
2023-08-28 13:00:00,118425.0,119140.0,118380.0,119110.0,499751,1944843
2023-08-28 14:00:00,119110.0,119185.0,118945.0,119040.0,177092,669653
2023-08-29 06:00:00,118920.0,119795.0,118825.0,119730.0,637148,1882902
2023-08-29 07:00:00,119735.0,119930.0,119155.0,119350.0,825156,2635270
2023-08-29 08:00:00,119345.0,120360.0,119320.0,120055.0,828977,2891374
2023-08-29 09:00:00,120055.0,120155.0,119875.0,119890.0,387176,1269358
2023-08-29 10:00:00,119890.0,119960.0,119410.0,119675.0,422169,1431927
2023-08-29 11:00:00,119675.0,119960.0,119650.0,119920.0,317196,1120745
2023-08-29 12:00:00,119920.0,120155.0,119810.0,120135.0,341337,1203239
2023-08-29 13:00:00,120135.0,120310.0,119965.0,120260.0,379800,1348756
2023-08-29 14:00:00,120265.0,120340.0,120075.0,120075.0,167068,592259
2023-08-30 06:00:00,119915.0,120485.0,119860.0,120430.0,678612,1878577
2023-08-30 07:00:00,120435.0,120595.0,119995.0,120060.0,873887,2764639
2023-08-30 08:00:00,120060.0,120260.0,119660.0,119835.0,767645,2623552
2023-08-30 09:00:00,119840.0,120130.0,119810.0,119960.0,327433,1113189
2023-08-30 10:00:00,119960.0,120060.0,119780.0,119940.0,299944,1029773
2023-08-30 11:00:00,119945.0,120000.0,119710.0,119825.0,305016,1052816
2023-08-30 12:00:00,119825.0,119850.0,119180.0,119435.0,512525,1846167
2023-08-30 13:00:00,119440.0,119500.0,119200.0,119315.0,311129,1088482
2023-08-30 14:00:00,119315.0,119400.0,119090.0,119230.0,175643,632617
2023-08-31 06:00:00,119300.0,119575.0,119010.0,119385.0,710825,2031510
2023-08-31 07:00:00,119380.0,119420.0,118325.0,118585.0,1048886,3243507
2023-08-31 08:00:00,118585.0,118590.0,117770.0,118170.0,689055,2438803
2023-08-31 09:00:00,118170.0,118805.0,118015.0,118615.0,479511,1679227
2023-08-31 10:00:00,118615.0,118715.0,118335.0,118440.0,303990,1034625
2023-08-31 11:00:00,118440.0,118465.0,117910.0,118085.0,353998,1233956
2023-08-31 12:00:00,118085.0,118310.0,117690.0,117790.0,394038,1409799
2023-08-31 13:00:00,117790.0,117895.0,117430.0,117440.0,376421,1427234
2023-08-31 14:00:00,117445.0,117745.0,117380.0,117740.0,202165,755252
2023-09-01 06:00:00,118400.0,118530.0,117800.0,118455.0,733197,2039708
2023-09-01 07:00:00,118455.0,119270.0,118140.0,119060.0,958750,3069942
2023-09-01 08:00:00,119060.0,119550.0,118760.0,119235.0,683061,2252572
2023-09-01 09:00:00,119240.0,119275.0,118965.0,119160.0,332653,1102271
2023-09-01 10:00:00,119160.0,119270.0,118805.0,118935.0,341021,1120196
2023-09-01 11:00:00,118940.0,119415.0,118930.0,119385.0,283596,909504
2023-09-01 12:00:00,119390.0,119500.0,119260.0,119365.0,287132,976902
2023-09-01 13:00:00,119365.0,119615.0,119265.0,119340.0,327934,1155031
2023-09-01 14:00:00,119335.0,119495.0,119065.0,119065.0,159627,539686
2023-09-04 06:00:00,119300.0,119515.0,119075.0,119085.0,461329,1249643
2023-09-04 07:00:00,119085.0,120070.0,119045.0,120005.0,997753,3027552
2023-09-04 08:00:00,120005.0,120135.0,119820.0,119865.0,514516,1600666
2023-09-04 09:00:00,119870.0,119935.0,119675.0,119710.0,302884,952681
2023-09-04 10:00:00,119705.0,119735.0,119530.0,119635.0,291597,935453
2023-09-04 11:00:00,119635.0,119835.0,119260.0,119285.0,355307,1143249
2023-09-04 12:00:00,119280.0,119380.0,119130.0,119235.0,276292,924948
2023-09-04 13:00:00,119240.0,119490.0,119170.0,119420.0,269216,882012
2023-09-04 14:00:00,119415.0,119470.0,119300.0,119435.0,142930,468363
2023-09-05 06:00:00,119055.0,119350.0,118310.0,118475.0,747478,2182061
2023-09-05 07:00:00,118475.0,118880.0,118065.0,118835.0,1221309,4004819
2023-09-05 08:00:00,118840.0,119250.0,118765.0,119115.0,733919,2594880
2023-09-05 09:00:00,119110.0,119475.0,119070.0,119220.0,437954,1534202
2023-09-05 10:00:00,119220.0,119450.0,119180.0,119250.0,318309,1089639
2023-09-05 11:00:00,119245.0,119250.0,118845.0,119080.0,382620,1389003
2023-09-05 12:00:00,119080.0,119260.0,118905.0,119010.0,409395,1519801
2023-09-05 13:00:00,119015.0,119090.0,118720.0,118850.0,432480,1582866
2023-09-05 14:00:00,118850.0,119050.0,118650.0,119050.0,214504,777171
2023-09-06 06:00:00,118900.0,119000.0,118580.0,118870.0,589569,1703444
2023-09-06 07:00:00,118870.0,119400.0,118660.0,119320.0,1072018,3571853
2023-09-06 08:00:00,119315.0,119325.0,117975.0,118085.0,903259,3102174
2023-09-06 09:00:00,118090.0,118165.0,117880.0,117990.0,424285,1523900
2023-09-06 10:00:00,117990.0,118030.0,117600.0,117680.0,406045,1443556
2023-09-06 11:00:00,117680.0,117955.0,117620.0,117920.0,292061,1069091
2023-09-06 12:00:00,117920.0,117965.0,117510.0,117540.0,374355,1407950
2023-09-06 13:00:00,117540.0,117695.0,117380.0,117455.0,320928,1263034
2023-09-06 14:00:00,117460.0,117460.0,117240.0,117360.0,175813,680454
2023-09-08 06:00:00,116320.0,116580.0,116030.0,116550.0,491342,1344009
2023-09-08 07:00:00,116550.0,116745.0,116145.0,116425.0,819925,2643863
2023-09-08 08:00:00,116425.0,116895.0,116410.0,116580.0,604519,2038327
2023-09-08 09:00:00,116585.0,116735.0,116470.0,116710.0,325427,1124196
2023-09-08 10:00:00,116715.0,116795.0,116480.0,116690.0,333892,1191326
2023-09-08 11:00:00,116690.0,116965.0,116610.0,116750.0,343809,1253053
2023-09-08 12:00:00,116755.0,116775.0,116515.0,116690.0,303695,1147770
2023-09-08 13:00:00,116695.0,116745.0,116445.0,116670.0,286035,1089057
2023-09-08 14:00:00,116670.0,116810.0,116570.0,116600.0,158782,590828
2023-09-11 06:00:00,117415.0,117800.0,117065.0,117580.0,540045,1600657
2023-09-11 07:00:00,117585.0,117615.0,117070.0,117125.0,896592,2932405
2023-09-11 08:00:00,117125.0,117680.0,117115.0,117365.0,634153,2185729
2023-09-11 09:00:00,117360.0,117365.0,116945.0,117175.0,466419,1652171
2023-09-11 10:00:00,117170.0,117515.0,117170.0,117500.0,293870,1072272
2023-09-11 11:00:00,117500.0,118015.0,117450.0,117860.0,454608,1707155
2023-09-11 12:00:00,117865.0,118445.0,117830.0,118420.0,455689,1754270
2023-09-11 13:00:00,118420.0,118545.0,118295.0,118325.0,330387,1315448
2023-09-11 14:00:00,118330.0,118540.0,118260.0,118540.0,199989,755385
2023-09-12 06:00:00,118540.0,118800.0,118355.0,118480.0,667823,1915680
2023-09-12 07:00:00,118480.0,119200.0,118290.0,119165.0,1030560,3524676
2023-09-12 08:00:00,119165.0,119395.0,119080.0,119280.0,557254,2035130
2023-09-12 09:00:00,119275.0,119460.0,119150.0,119225.0,382639,1408368
2023-09-12 10:00:00,119225.0,119295.0,119055.0,119165.0,325403,1234859
2023-09-12 11:00:00,119165.0,119490.0,119130.0,119250.0,380593,1467661
2023-09-12 12:00:00,119245.0,119415.0,119105.0,119120.0,365034,1384758
2023-09-12 13:00:00,119125.0,119265.0,119065.0,119180.0,274009,1120757
2023-09-12 14:00:00,119175.0,119345.0,119035.0,119035.0,195275,787621
2023-09-13 06:00:00,118955.0,119430.0,118760.0,119330.0,756582,2210108
2023-09-13 07:00:00,119335.0,120185.0,118865.0,120135.0,1068264,3582116
2023-09-13 08:00:00,120130.0,120625.0,119700.0,120525.0,752118,2771612
2023-09-13 09:00:00,120525.0,120655.0,120175.0,120225.0,354626,1346726
2023-09-13 10:00:00,120230.0,120350.0,120055.0,120200.0,269216,953975
2023-09-13 11:00:00,120205.0,120415.0,120170.0,120205.0,323654,1133895
2023-09-13 12:00:00,120205.0,120235.0,119545.0,119745.0,473102,1784047
2023-09-13 13:00:00,119740.0,119780.0,119395.0,119570.0,347174,1323187
2023-09-13 14:00:00,119570.0,119580.0,119360.0,119495.0,145224,556599
2023-09-14 06:00:00,120100.0,120520.0,120015.0,120310.0,751591,2202635
2023-09-14 07:00:00,120310.0,120595.0,120005.0,120270.0,941877,3204190
2023-09-14 08:00:00,120270.0,120655.0,119920.0,120530.0,687422,2470637
2023-09-14 09:00:00,120535.0,120550.0,120205.0,120290.0,338454,1241362
2023-09-14 10:00:00,120285.0,120450.0,120255.0,120425.0,258942,967399
2023-09-14 11:00:00,120425.0,120930.0,120405.0,120800.0,415613,1620844
2023-09-14 12:00:00,120800.0,120900.0,120570.0,120715.0,387893,1568746
2023-09-14 13:00:00,120720.0,120945.0,120545.0,120605.0,390881,1505300
2023-09-14 14:00:00,120600.0,120615.0,120380.0,120380.0,156965,582780
2023-09-15 06:00:00,120750.0,120980.0,120625.0,120765.0,554234,1647222
2023-09-15 07:00:00,120770.0,120915.0,120110.0,120235.0,856644,2990403
2023-09-15 08:00:00,120235.0,120690.0,120220.0,120440.0,687558,2550629
2023-09-15 09:00:00,120435.0,120490.0,120100.0,120205.0,349788,1324029
2023-09-15 10:00:00,120210.0,120400.0,120130.0,120200.0,256970,941421
2023-09-15 11:00:00,120200.0,120330.0,119875.0,120245.0,346612,1334116
2023-09-15 12:00:00,120245.0,120255.0,119960.0,120185.0,321443,1269400
2023-09-15 13:00:00,120185.0,120195.0,119755.0,119905.0,354554,1415368
2023-09-15 14:00:00,119910.0,120075.0,119765.0,119985.0,176728,664619
2023-09-18 06:00:00,119750.0,120240.0,119725.0,120210.0,468488,1389805
2023-09-18 07:00:00,120210.0,120585.0,119430.0,119610.0,1017311,3555501
2023-09-18 08:00:00,119610.0,120535.0,119470.0,120340.0,745371,2708665
2023-09-18 09:00:00,120335.0,120485.0,120195.0,120240.0,348904,1256429
2023-09-18 10:00:00,120240.0,120265.0,119800.0,119950.0,364441,1375304
2023-09-18 11:00:00,119950.0,120095.0,119865.0,119995.0,263543,964403
2023-09-18 12:00:00,120000.0,120015.0,119510.0,119550.0,349781,1274874
2023-09-18 13:00:00,119555.0,119555.0,119160.0,119430.0,385191,1541425
2023-09-18 14:00:00,119435.0,119590.0,119310.0,119590.0,167512,635758
2023-09-19 06:00:00,119680.0,119715.0,119280.0,119315.0,649131,1997401
2023-09-19 07:00:00,119315.0,119490.0,118950.0,119075.0,1060849,3632777
2023-09-19 08:00:00,119075.0,119385.0,118920.0,119165.0,552564,2042424
2023-09-19 09:00:00,119170.0,119225.0,118925.0,118985.0,429858,1649749
2023-09-19 10:00:00,118985.0,119205.0,118955.0,119165.0,355533,1417665
2023-09-19 11:00:00,119160.0,119540.0,118980.0,119440.0,440019,1804752
2023-09-19 12:00:00,119445.0,119550.0,118960.0,118980.0,425836,1817096
2023-09-19 13:00:00,118980.0,119015.0,118620.0,118825.0,416320,1773237
2023-09-19 14:00:00,118825.0,118940.0,118645.0,118850.0,141751,570959
2023-09-20 06:00:00,119035.0,119295.0,118970.0,119100.0,488285,1500039
2023-09-20 07:00:00,119100.0,119875.0,119090.0,119805.0,827540,2968128
2023-09-20 08:00:00,119805.0,120275.0,119765.0,120180.0,630096,2420950
2023-09-20 09:00:00,120180.0,120415.0,120125.0,120195.0,396639,1580756
2023-09-20 10:00:00,120200.0,120460.0,120175.0,120405.0,253159,966710
2023-09-20 11:00:00,120410.0,120495.0,120055.0,120320.0,422873,1595183
2023-09-20 12:00:00,120320.0,120700.0,120000.0,120250.0,779231,2942390
2023-09-20 13:00:00,120250.0,120315.0,119730.0,119820.0,484845,2052211
2023-09-20 14:00:00,119820.0,119820.0,119435.0,119530.0,246307,984817
2023-09-21 06:00:00,118700.0,118715.0,117735.0,117915.0,821647,2451936
2023-09-21 07:00:00,117915.0,117955.0,117065.0,117090.0,1107951,3766856
2023-09-21 08:00:00,117085.0,117765.0,117045.0,117485.0,692903,2458222
2023-09-21 09:00:00,117485.0,117840.0,117450.0,117530.0,455693,1661703
2023-09-21 10:00:00,117530.0,117760.0,117440.0,117565.0,398332,1465224
2023-09-21 11:00:00,117565.0,117870.0,117510.0,117700.0,377907,1380030
2023-09-21 12:00:00,117705.0,117790.0,117265.0,117415.0,487641,1867801
2023-09-21 13:00:00,117415.0,117450.0,116860.0,116890.0,473755,1979733
2023-09-21 14:00:00,116890.0,117130.0,116805.0,116885.0,190876,755688
2023-09-22 06:00:00,117460.0,117995.0,117370.0,117775.0,513921,1663470
2023-09-22 07:00:00,117775.0,117840.0,117135.0,117430.0,955134,3266981
2023-09-22 08:00:00,117435.0,117665.0,117215.0,117495.0,662274,2365138
2023-09-22 09:00:00,117495.0,117500.0,117225.0,117340.0,350970,1326474
2023-09-22 10:00:00,117335.0,117530.0,117255.0,117400.0,258045,995598
2023-09-22 11:00:00,117400.0,117455.0,116820.0,116860.0,463595,1863770
2023-09-22 12:00:00,116855.0,116880.0,116635.0,116825.0,353588,1439259
2023-09-22 13:00:00,116820.0,117205.0,116760.0,116860.0,396988,1785221
2023-09-22 14:00:00,116855.0,117135.0,116820.0,117110.0,165627,679116
2023-09-25 06:00:00,116400.0,116620.0,116175.0,116445.0,498182,1515915
2023-09-25 07:00:00,116445.0,116785.0,116215.0,116740.0,823012,2758017
2023-09-25 08:00:00,116740.0,116805.0,116385.0,116390.0,566335,1949093
2023-09-25 09:00:00,116395.0,116770.0,116330.0,116610.0,390365,1388661
2023-09-25 10:00:00,116610.0,116780.0,116340.0,116380.0,330294,1246251
2023-09-25 11:00:00,116375.0,116685.0,116355.0,116635.0,291882,1118911
2023-09-25 12:00:00,116635.0,116740.0,116480.0,116520.0,325562,1333483
2023-09-25 13:00:00,116525.0,116800.0,116445.0,116780.0,325796,1322917
2023-09-25 14:00:00,116780.0,117130.0,116700.0,117005.0,224098,905502
2023-09-26 06:00:00,116550.0,116745.0,115865.0,115990.0,616132,1967054
2023-09-26 07:00:00,115995.0,116150.0,115665.0,115965.0,924746,3245081
2023-09-26 08:00:00,115965.0,116085.0,115520.0,116015.0,740848,2678507
2023-09-26 09:00:00,116015.0,116020.0,115535.0,115635.0,441009,1678926
2023-09-26 10:00:00,115635.0,115740.0,115520.0,115565.0,308598,1193709
2023-09-26 11:00:00,115565.0,115575.0,115015.0,115365.0,547746,2294659
2023-09-26 12:00:00,115365.0,115420.0,115090.0,115175.0,340918,1371738
2023-09-26 13:00:00,115175.0,115235.0,114830.0,114970.0,413609,1741190
2023-09-26 14:00:00,114975.0,115030.0,114685.0,114805.0,201472,845786
2023-09-27 06:00:00,115400.0,115585.0,115240.0,115580.0,463251,1497384
2023-09-27 07:00:00,115575.0,115995.0,115465.0,115530.0,889694,3185045
2023-09-27 08:00:00,115525.0,115610.0,115025.0,115170.0,675310,2522259
2023-09-27 09:00:00,115175.0,115320.0,114915.0,114955.0,438720,1572172
2023-09-27 10:00:00,114955.0,115055.0,114765.0,114810.0,360625,1298119
2023-09-27 11:00:00,114810.0,114885.0,114065.0,114195.0,619344,2385711
2023-09-27 12:00:00,114195.0,114770.0,113985.0,114565.0,597610,2291247
2023-09-27 13:00:00,114565.0,114955.0,114425.0,114805.0,460450,1783984
2023-09-27 14:00:00,114805.0,114985.0,114715.0,114970.0,196256,714363
2023-09-28 06:00:00,115000.0,115470.0,114695.0,114835.0,830828,2548390
2023-09-28 07:00:00,114840.0,115335.0,114730.0,115320.0,980129,3112293
2023-09-28 08:00:00,115320.0,115920.0,115250.0,115905.0,873203,3083845
2023-09-28 09:00:00,115900.0,116140.0,115645.0,116090.0,536580,1947055
2023-09-28 10:00:00,116095.0,116295.0,115930.0,116075.0,403382,1449173
2023-09-28 11:00:00,116075.0,116145.0,115815.0,116060.0,372703,1307110
2023-09-28 12:00:00,116055.0,116135.0,115890.0,116030.0,355939,1282969
2023-09-28 13:00:00,116035.0,116620.0,116025.0,116390.0,498582,1993810
2023-09-28 14:00:00,116385.0,116570.0,116300.0,116570.0,170133,646167
2023-09-29 06:00:00,116965.0,117730.0,116925.0,117655.0,751627,2285553
2023-09-29 07:00:00,117655.0,117665.0,117030.0,117345.0,788717,2773221
2023-09-29 08:00:00,117340.0,117370.0,116940.0,117125.0,709657,2555306
2023-09-29 09:00:00,117130.0,117265.0,116755.0,116850.0,479239,1751611
2023-09-29 10:00:00,116845.0,116970.0,116635.0,116710.0,360672,1342329
2023-09-29 11:00:00,116705.0,116775.0,116410.0,116440.0,442189,1592427
2023-09-29 12:00:00,116445.0,116860.0,116425.0,116840.0,406338,1485611
2023-09-29 13:00:00,116840.0,117235.0,116730.0,117130.0,461245,1706868
2023-09-29 14:00:00,117130.0,117390.0,117120.0,117225.0,202921,749139
2023-10-02 06:00:00,117000.0,117195.0,116775.0,117030.0,494680,1520428
2023-10-02 07:00:00,117025.0,117295.0,116120.0,116260.0,1035720,3661514
2023-10-02 08:00:00,116260.0,116450.0,115595.0,115725.0,831997,3085643
2023-10-02 09:00:00,115720.0,115895.0,115525.0,115650.0,463111,1702045
2023-10-02 10:00:00,115655.0,115900.0,115555.0,115735.0,358495,1295634
2023-10-02 11:00:00,115730.0,115835.0,115550.0,115660.0,291717,1100322
2023-10-02 12:00:00,115660.0,115790.0,115230.0,115345.0,438837,1739893
2023-10-02 13:00:00,115355.0,115665.0,115345.0,115555.0,378703,1489999
2023-10-02 14:00:00,115560.0,115680.0,115530.0,115580.0,162104,643461
2023-10-03 06:00:00,115000.0,115005.0,114455.0,114790.0,655042,2076117
2023-10-03 07:00:00,114790.0,115525.0,114765.0,115365.0,917277,3214958
2023-10-03 08:00:00,115365.0,115370.0,114665.0,114700.0,1065625,3798602
2023-10-03 09:00:00,114700.0,114910.0,114455.0,114525.0,576763,2081333
2023-10-03 10:00:00,114525.0,114865.0,114490.0,114625.0,404686,1473589
2023-10-03 11:00:00,114625.0,114710.0,114070.0,114150.0,478188,1823163
2023-10-03 12:00:00,114150.0,114295.0,113670.0,113750.0,519984,2066108
2023-10-03 13:00:00,113750.0,113845.0,113580.0,113805.0,413190,1520381
2023-10-03 14:00:00,113805.0,113950.0,113555.0,113620.0,211674,833649
2023-10-04 06:00:00,114290.0,114530.0,113920.0,113995.0,744328,2252574
2023-10-04 07:00:00,113995.0,114235.0,113535.0,113695.0,973900,3328982
2023-10-04 08:00:00,113700.0,114025.0,113420.0,113900.0,865320,2954997
2023-10-04 09:00:00,113900.0,114260.0,113745.0,114210.0,628175,2268496
2023-10-04 10:00:00,114205.0,114580.0,114080.0,114330.0,434857,1587809
2023-10-04 11:00:00,114335.0,114360.0,113925.0,114050.0,415813,1559922
2023-10-04 12:00:00,114050.0,114105.0,113810.0,113940.0,359068,1349378
2023-10-04 13:00:00,113945.0,114285.0,113915.0,114010.0,375352,1459992
2023-10-04 14:00:00,114015.0,114150.0,113780.0,113780.0,171441,650273
2023-10-05 06:00:00,114000.0,114020.0,113505.0,113910.0,686266,2043870
2023-10-05 07:00:00,113910.0,114720.0,113850.0,114625.0,944095,3217340
2023-10-05 08:00:00,114630.0,114640.0,113295.0,113340.0,958730,3369241
2023-10-05 09:00:00,113340.0,113430.0,113075.0,113210.0,564208,2047055
2023-10-05 10:00:00,113210.0,113435.0,113120.0,113210.0,345113,1214460
2023-10-05 11:00:00,113215.0,113310.0,113030.0,113300.0,366363,1312523
2023-10-05 12:00:00,113300.0,113720.0,113205.0,113700.0,408768,1570732
2023-10-05 13:00:00,113700.0,113785.0,113520.0,113700.0,342931,1331355
2023-10-05 14:00:00,113695.0,113815.0,113580.0,113750.0,151202,584536
2023-10-06 06:00:00,113800.0,113910.0,112305.0,112635.0,1061002,3099084
2023-10-06 07:00:00,112635.0,112995.0,112175.0,112220.0,1227944,3871227
2023-10-06 08:00:00,112225.0,112775.0,111860.0,112685.0,983114,3263159
2023-10-06 09:00:00,112690.0,114055.0,112650.0,113930.0,850541,3135940
2023-10-06 10:00:00,113935.0,114180.0,113715.0,114000.0,529239,1900446
2023-10-06 11:00:00,114005.0,114615.0,113990.0,114555.0,442552,1630478
2023-10-06 12:00:00,114550.0,114795.0,114450.0,114675.0,372997,1354238
2023-10-06 13:00:00,114680.0,114755.0,114395.0,114460.0,379071,1454510
2023-10-06 14:00:00,114460.0,114745.0,114420.0,114700.0,174306,614555
2023-10-09 06:00:00,113620.0,114085.0,113440.0,113735.0,577405,1739247
2023-10-09 07:00:00,113735.0,114185.0,113730.0,113905.0,978404,3312840
2023-10-09 08:00:00,113910.0,114175.0,113670.0,114015.0,668840,2357362
2023-10-09 09:00:00,114010.0,114235.0,113890.0,114030.0,435728,1533575
2023-10-09 10:00:00,114030.0,114210.0,113940.0,114130.0,348004,1219730
2023-10-09 11:00:00,114135.0,115440.0,114065.0,115405.0,665245,2632596
2023-10-09 12:00:00,115405.0,115495.0,115160.0,115285.0,473916,1875549
2023-10-09 13:00:00,115285.0,115470.0,115020.0,115465.0,397579,1481935
2023-10-09 14:00:00,115465.0,115695.0,115400.0,115690.0,181555,700692
2023-10-10 06:00:00,115900.0,116340.0,115775.0,115915.0,673516,1904859
2023-10-10 07:00:00,115910.0,116580.0,115745.0,116575.0,996233,3266745
2023-10-10 08:00:00,116570.0,117040.0,116565.0,116790.0,656827,2471433
2023-10-10 09:00:00,116790.0,116980.0,116635.0,116850.0,442198,1675803
2023-10-10 10:00:00,116850.0,116945.0,116750.0,116800.0,298357,1153091
2023-10-10 11:00:00,116800.0,116945.0,116580.0,116900.0,426934,1640530
2023-10-10 12:00:00,116900.0,117095.0,116805.0,116915.0,396717,1621123
2023-10-10 13:00:00,116920.0,117180.0,116855.0,117010.0,369764,1542924
2023-10-10 14:00:00,117015.0,117045.0,116760.0,116760.0,174577,705365
2023-10-11 06:00:00,117295.0,117695.0,117035.0,117065.0,688693,2025818
2023-10-11 07:00:00,117060.0,117220.0,116675.0,116690.0,969396,3326213
2023-10-11 08:00:00,116690.0,117130.0,116655.0,116820.0,691493,2492092
2023-10-11 09:00:00,116815.0,116840.0,116485.0,116620.0,445367,1597144
2023-10-11 10:00:00,116615.0,116690.0,116385.0,116610.0,410119,1546534
2023-10-11 11:00:00,116610.0,116710.0,116425.0,116640.0,327891,1233079
2023-10-11 12:00:00,116640.0,117075.0,116625.0,116900.0,448794,1703479
2023-10-11 13:00:00,116900.0,117340.0,116860.0,117210.0,363961,1492817
2023-10-11 14:00:00,117215.0,117465.0,117175.0,117405.0,171892,664823
2023-10-13 06:00:00,116300.0,116910.0,116215.0,116875.0,608706,1784815
2023-10-13 07:00:00,116875.0,117185.0,116405.0,117145.0,959065,3215867
2023-10-13 08:00:00,117145.0,117145.0,116585.0,116750.0,701359,2372567
2023-10-13 09:00:00,116745.0,116830.0,116225.0,116300.0,492882,1703940
2023-10-13 10:00:00,116300.0,116830.0,116240.0,116645.0,378941,1403915
2023-10-13 11:00:00,116645.0,116725.0,115710.0,116035.0,551126,2132306
2023-10-13 12:00:00,116040.0,116160.0,115760.0,115970.0,384731,1434381
2023-10-13 13:00:00,115975.0,116280.0,115825.0,115865.0,383259,1445790
2023-10-13 14:00:00,115865.0,115980.0,115685.0,115875.0,173945,611478
2023-10-16 06:00:00,116400.0,116835.0,116350.0,116745.0,648134,1929404
2023-10-16 07:00:00,116745.0,116775.0,116100.0,116415.0,1097873,3679979
2023-10-16 08:00:00,116420.0,117035.0,116095.0,116705.0,769563,2697413
2023-10-16 09:00:00,116705.0,116805.0,116425.0,116630.0,362738,1288425
2023-10-16 10:00:00,116635.0,116770.0,116515.0,116755.0,263735,916326
2023-10-16 11:00:00,116755.0,116885.0,116260.0,116710.0,479001,1788923
2023-10-16 12:00:00,116705.0,116720.0,116475.0,116640.0,370078,1409087
2023-10-16 13:00:00,116640.0,117000.0,116600.0,116710.0,381733,1504785
2023-10-16 14:00:00,116715.0,116745.0,116420.0,116420.0,188794,751327
2023-10-17 06:00:00,116140.0,116575.0,115700.0,115705.0,767214,2305038
2023-10-17 07:00:00,115710.0,115870.0,115560.0,115815.0,891265,3036115
2023-10-17 08:00:00,115810.0,116755.0,115745.0,116715.0,828013,3127387
2023-10-17 09:00:00,116715.0,116950.0,116610.0,116910.0,460205,1693448
2023-10-17 10:00:00,116905.0,116970.0,116685.0,116710.0,326111,1230283
2023-10-17 11:00:00,116710.0,116745.0,116020.0,116095.0,526556,2018201
2023-10-17 12:00:00,116100.0,116210.0,115635.0,115705.0,550798,2126986
2023-10-17 13:00:00,115700.0,116035.0,115685.0,115965.0,352688,1402925
2023-10-17 14:00:00,115965.0,115985.0,115720.0,115720.0,171336,597812
2023-10-18 06:00:00,117150.0,117400.0,116820.0,117070.0,666738,2012900
2023-10-18 07:00:00,117065.0,117170.0,116655.0,116755.0,801263,2782627
2023-10-18 08:00:00,116755.0,116965.0,116195.0,116285.0,687642,2534486
2023-10-18 09:00:00,116280.0,116730.0,116260.0,116550.0,457215,1796185
2023-10-18 10:00:00,116550.0,116670.0,116240.0,116385.0,422924,1626921
2023-10-18 11:00:00,116385.0,117065.0,116300.0,116570.0,647826,2565164
2023-10-18 12:00:00,116570.0,116605.0,115845.0,115960.0,522342,2051381
2023-10-18 13:00:00,115960.0,116020.0,115700.0,115810.0,447103,1786474
2023-10-18 14:00:00,115810.0,115895.0,115730.0,115750.0,155000,622036
2023-10-19 06:00:00,115650.0,115955.0,115555.0,115725.0,681388,2076716
2023-10-19 07:00:00,115725.0,116150.0,115580.0,116090.0,1000085,3402459
2023-10-19 08:00:00,116090.0,116290.0,115810.0,115930.0,700522,2466803
2023-10-19 09:00:00,115925.0,116595.0,115845.0,116340.0,601983,2229730
2023-10-19 10:00:00,116340.0,116920.0,116020.0,116625.0,1013773,3786429
2023-10-19 11:00:00,116625.0,116915.0,116355.0,116410.0,628575,2322793
2023-10-19 12:00:00,116405.0,116595.0,115855.0,116160.0,547656,2155784
2023-10-19 13:00:00,116165.0,116300.0,115780.0,115830.0,430517,1815544
2023-10-19 14:00:00,115830.0,115885.0,115555.0,115675.0,173110,728237
2023-10-20 06:00:00,115470.0,115575.0,114840.0,115020.0,601967,1943288
2023-10-20 07:00:00,115025.0,115825.0,115025.0,115350.0,1067326,3997872
2023-10-20 08:00:00,115350.0,115395.0,114190.0,114405.0,885322,3407824
2023-10-20 09:00:00,114405.0,114690.0,114380.0,114645.0,501278,1880392
2023-10-20 10:00:00,114650.0,114785.0,114290.0,114720.0,454755,1789194
2023-10-20 11:00:00,114725.0,115300.0,114615.0,115205.0,577021,2285777
2023-10-20 12:00:00,115210.0,115360.0,114760.0,114905.0,494919,1960778
2023-10-20 13:00:00,114910.0,114990.0,114730.0,114825.0,339562,1377915
2023-10-20 14:00:00,114820.0,114875.0,114525.0,114770.0,167318,688438
2023-10-23 06:00:00,114290.0,114315.0,113850.0,113985.0,574960,1802877
2023-10-23 07:00:00,113990.0,114520.0,113785.0,114475.0,1132604,4050886
2023-10-23 08:00:00,114475.0,114870.0,114340.0,114755.0,813452,2946848
2023-10-23 09:00:00,114760.0,115270.0,114735.0,115170.0,539129,2010377
2023-10-23 10:00:00,115165.0,115365.0,114830.0,115335.0,420645,1525457
2023-10-23 11:00:00,115340.0,115375.0,114780.0,114865.0,507608,1838021
2023-10-23 12:00:00,114870.0,115010.0,114650.0,114800.0,518603,1844062
2023-10-23 13:00:00,114800.0,114875.0,114305.0,114390.0,540598,2022555
2023-10-23 14:00:00,114385.0,114775.0,114375.0,114615.0,218936,778475
2023-10-24 06:00:00,115395.0,115555.0,115030.0,115510.0,651864,2053050
2023-10-24 07:00:00,115515.0,115765.0,115020.0,115720.0,1045326,3581531
2023-10-24 08:00:00,115725.0,115860.0,115330.0,115425.0,901769,3118643
2023-10-24 09:00:00,115430.0,115500.0,114925.0,115155.0,624340,2313625
2023-10-24 10:00:00,115150.0,115195.0,114355.0,114535.0,564040,2113859
2023-10-24 11:00:00,114535.0,115070.0,114400.0,114960.0,503266,1877536
2023-10-24 12:00:00,114955.0,115180.0,114885.0,115025.0,376366,1415412
2023-10-24 13:00:00,115020.0,115830.0,114985.0,115510.0,584568,2380295
2023-10-24 14:00:00,115510.0,115735.0,115405.0,115450.0,281993,1112594
2023-10-25 06:00:00,115400.0,115525.0,115135.0,115470.0,556648,1631084
2023-10-25 07:00:00,115465.0,115695.0,114730.0,115085.0,1054258,3583084
2023-10-25 08:00:00,115090.0,115095.0,114535.0,114950.0,834703,2882712
2023-10-25 09:00:00,114945.0,115255.0,114925.0,115030.0,614811,2222320
2023-10-25 10:00:00,115035.0,115070.0,114520.0,114545.0,464271,1642965
2023-10-25 11:00:00,114545.0,114615.0,114225.0,114440.0,601632,2214328
2023-10-25 12:00:00,114440.0,114445.0,114180.0,114380.0,476136,1791637
2023-10-25 13:00:00,114380.0,114615.0,114255.0,114445.0,437369,1640583
2023-10-25 14:00:00,114450.0,114545.0,114310.0,114310.0,187538,663983
2023-10-26 06:00:00,113820.0,114740.0,113680.0,114720.0,761760,2218951
2023-10-26 07:00:00,114715.0,115215.0,114510.0,115005.0,1060265,3349860
2023-10-26 08:00:00,115010.0,115520.0,114800.0,115475.0,900542,3021611
2023-10-26 09:00:00,115470.0,115495.0,115115.0,115205.0,476080,1669048
2023-10-26 10:00:00,115210.0,115220.0,114860.0,115080.0,478455,1666385
2023-10-26 11:00:00,115080.0,115455.0,114910.0,115300.0,674878,2416928
2023-10-26 12:00:00,115300.0,116070.0,115295.0,116045.0,626919,2358207
2023-10-26 13:00:00,116045.0,116755.0,116035.0,116360.0,682328,2591101
2023-10-26 14:00:00,116355.0,116720.0,116335.0,116720.0,279804,1004909
2023-10-27 06:00:00,116665.0,116780.0,116410.0,116430.0,607364,1855158
2023-10-27 07:00:00,116435.0,116860.0,116135.0,116300.0,1062503,3690590
2023-10-27 08:00:00,116300.0,116555.0,116065.0,116200.0,823076,2879903
2023-10-27 09:00:00,116195.0,116620.0,116180.0,116420.0,511659,1871121
2023-10-27 10:00:00,116420.0,116420.0,115425.0,115495.0,546316,2111322
2023-10-27 11:00:00,115490.0,115610.0,114660.0,114785.0,767149,2994854
2023-10-27 12:00:00,114780.0,114835.0,114340.0,114500.0,650694,2493804
2023-10-27 13:00:00,114505.0,114875.0,114460.0,114755.0,481195,1798675
2023-10-27 14:00:00,114755.0,114980.0,114630.0,114960.0,210895,800465
2023-10-30 06:00:00,115550.0,115910.0,115380.0,115495.0,570117,1855734
2023-10-30 07:00:00,115495.0,115630.0,115175.0,115355.0,850266,2936330
2023-10-30 08:00:00,115355.0,115420.0,114455.0,115000.0,940886,3625504
2023-10-30 09:00:00,115000.0,115250.0,113775.0,114295.0,782048,3012778
2023-10-30 10:00:00,114295.0,114395.0,113645.0,113915.0,497366,1746850
2023-10-30 11:00:00,113915.0,114160.0,113880.0,114105.0,350369,1226172
2023-10-30 12:00:00,114110.0,114205.0,113770.0,113935.0,425034,1515617
2023-10-30 13:00:00,113940.0,114165.0,113600.0,113770.0,483052,1818921
2023-10-30 14:00:00,113770.0,113945.0,113650.0,113800.0,221670,818501
2023-10-31 06:00:00,114250.0,114570.0,114025.0,114195.0,733470,2268453
2023-10-31 07:00:00,114190.0,114245.0,113415.0,114120.0,1102425,3830491
2023-10-31 08:00:00,114120.0,114925.0,113970.0,114580.0,905800,3408217
2023-10-31 09:00:00,114585.0,114980.0,114555.0,114955.0,608359,2221585
2023-10-31 10:00:00,114960.0,114960.0,114575.0,114595.0,472594,1718400
2023-10-31 11:00:00,114595.0,114745.0,114265.0,114560.0,486679,1895204
2023-10-31 12:00:00,114555.0,114595.0,114100.0,114465.0,501184,1970806
2023-10-31 13:00:00,114465.0,114735.0,114230.0,114725.0,426307,1672955
2023-10-31 14:00:00,114720.0,114800.0,114380.0,114670.0,226442,851892
2023-11-01 06:00:00,114530.0,115185.0,114220.0,115135.0,796312,2465206
2023-11-01 07:00:00,115130.0,115820.0,114930.0,115640.0,887110,3118422
2023-11-01 08:00:00,115640.0,116335.0,115630.0,116100.0,777019,2741270
2023-11-01 09:00:00,116100.0,116230.0,115855.0,116005.0,526150,1839602
2023-11-01 10:00:00,116005.0,116060.0,115655.0,115990.0,392031,1452545
2023-11-01 11:00:00,115985.0,116500.0,115835.0,116380.0,496595,1797383
2023-11-01 12:00:00,116380.0,116635.0,115820.0,116380.0,840495,3049089
2023-11-01 13:00:00,116375.0,116830.0,116330.0,116655.0,560249,2184094
2023-11-01 14:00:00,116655.0,116905.0,116465.0,116905.0,250870,956945
2023-11-03 06:00:00,117765.0,118960.0,117715.0,118930.0,844894,2557129
2023-11-03 07:00:00,118925.0,119455.0,118320.0,119295.0,908574,3275037
2023-11-03 08:00:00,119290.0,119540.0,118510.0,119015.0,729552,2620569
2023-11-03 09:00:00,119015.0,119370.0,118865.0,119090.0,412877,1514578
2023-11-03 10:00:00,119090.0,119695.0,119075.0,119480.0,453133,1746726
2023-11-03 11:00:00,119480.0,119685.0,119265.0,119520.0,383846,1427018
2023-11-03 12:00:00,119520.0,119875.0,119500.0,119740.0,395245,1510268
2023-11-03 13:00:00,119740.0,119815.0,119500.0,119665.0,284277,1168964
2023-11-03 14:00:00,119660.0,119845.0,119625.0,119785.0,166671,735971
2023-11-06 06:00:00,119650.0,120125.0,119650.0,119960.0,500851,1532242
2023-11-06 07:00:00,119960.0,120125.0,119490.0,119745.0,747339,2566236
2023-11-06 08:00:00,119740.0,119910.0,119455.0,119615.0,757109,2816427
2023-11-06 09:00:00,119615.0,120035.0,119290.0,120010.0,587126,2198235
2023-11-06 10:00:00,120010.0,120020.0,119510.0,119725.0,362854,1386644
2023-11-06 11:00:00,119725.0,119870.0,119595.0,119730.0,359326,1427099
2023-11-06 12:00:00,119730.0,119735.0,119385.0,119615.0,396274,1566413
2023-11-06 13:00:00,119615.0,119870.0,119450.0,119860.0,362044,1499029
2023-11-06 14:00:00,119865.0,119895.0,119710.0,119825.0,219353,870536
2023-11-06 15:00:00,119830.0,119860.0,119700.0,119860.0,44685,208304
2023-11-07 06:00:00,119350.0,119420.0,118995.0,119265.0,542091,1629684
2023-11-07 07:00:00,119270.0,120265.0,119250.0,120205.0,876755,3172791
2023-11-07 08:00:00,120205.0,120495.0,119815.0,120310.0,812204,3168856
2023-11-07 09:00:00,120310.0,120355.0,120120.0,120290.0,417711,1574506
2023-11-07 10:00:00,120285.0,120475.0,120100.0,120355.0,433795,1631310
2023-11-07 11:00:00,120350.0,120410.0,120160.0,120335.0,350308,1368130
2023-11-07 12:00:00,120330.0,120850.0,120305.0,120790.0,463131,1885027
2023-11-07 13:00:00,120785.0,120875.0,120560.0,120595.0,338903,1412891
2023-11-07 14:00:00,120595.0,120725.0,120450.0,120615.0,294896,1279826
2023-11-07 15:00:00,120620.0,120620.0,120405.0,120445.0,52469,236507
2023-11-08 06:00:00,120210.0,120705.0,120100.0,120635.0,557879,1722452
2023-11-08 07:00:00,120630.0,120955.0,120380.0,120890.0,865415,3284624
2023-11-08 08:00:00,120890.0,121240.0,120605.0,120635.0,739804,2849588
2023-11-08 09:00:00,120640.0,120700.0,120260.0,120275.0,555551,2218364
2023-11-08 10:00:00,120275.0,120535.0,120025.0,120110.0,461569,1827077
2023-11-08 11:00:00,120110.0,120160.0,119665.0,119770.0,501215,2050531
2023-11-08 12:00:00,119770.0,120425.0,119725.0,120240.0,517725,2160036
2023-11-08 13:00:00,120240.0,120480.0,120155.0,120295.0,332302,1359185
2023-11-08 14:00:00,120295.0,120465.0,120270.0,120330.0,223828,906663
2023-11-08 15:00:00,120330.0,120360.0,120250.0,120355.0,43286,182424
2023-11-09 06:00:00,120545.0,120935.0,120300.0,120865.0,527080,1654679
2023-11-09 07:00:00,120865.0,120910.0,120435.0,120605.0,859504,3133648
2023-11-09 08:00:00,120605.0,121465.0,120590.0,121410.0,778919,2923888
2023-11-09 09:00:00,121415.0,121425.0,121040.0,121085.0,552560,2091174
2023-11-09 10:00:00,121085.0,121320.0,120970.0,121130.0,343806,1300603
2023-11-09 11:00:00,121135.0,121205.0,120725.0,120825.0,409976,1638170
2023-11-09 12:00:00,120825.0,120870.0,119930.0,120615.0,704637,2973076
2023-11-09 13:00:00,120620.0,120620.0,119670.0,119805.0,616074,2525519
2023-11-09 14:00:00,119805.0,120315.0,119525.0,120160.0,367488,1493722
2023-11-09 15:00:00,120160.0,120295.0,120050.0,120295.0,38140,163420
2023-11-10 06:00:00,120545.0,121030.0,120310.0,120905.0,591817,1825329
2023-11-10 07:00:00,120905.0,121335.0,120700.0,121160.0,893417,3081341
2023-11-10 08:00:00,121160.0,121480.0,121045.0,121315.0,672294,2483207
2023-11-10 09:00:00,121315.0,121640.0,121100.0,121615.0,586512,2134727
2023-11-10 10:00:00,121615.0,121840.0,121510.0,121640.0,387215,1440521
2023-11-10 11:00:00,121640.0,122010.0,121630.0,121810.0,422505,1623389
2023-11-10 12:00:00,121810.0,121880.0,121540.0,121740.0,383777,1497995
2023-11-10 13:00:00,121745.0,121840.0,121475.0,121575.0,309978,1255101
2023-11-10 14:00:00,121575.0,121880.0,121495.0,121805.0,238836,945720
2023-11-10 15:00:00,121810.0,121910.0,121715.0,121850.0,53934,207712
2023-11-13 06:00:00,121555.0,121620.0,121260.0,121365.0,390864,1264900
2023-11-13 07:00:00,121365.0,121520.0,121060.0,121320.0,842939,2966294
2023-11-13 08:00:00,121315.0,121440.0,120900.0,120935.0,694780,2579257
2023-11-13 09:00:00,120940.0,121510.0,120865.0,121445.0,494553,1865335
2023-11-13 10:00:00,121440.0,121625.0,121285.0,121435.0,404892,1593567
2023-11-13 11:00:00,121435.0,121465.0,121115.0,121260.0,390871,1643691
2023-11-13 12:00:00,121260.0,121615.0,121115.0,121360.0,353457,1397619
2023-11-13 13:00:00,121365.0,121585.0,121255.0,121490.0,276907,1217585
2023-11-13 14:00:00,121490.0,121615.0,121430.0,121520.0,146443,682332
2023-11-13 15:00:00,121520.0,121660.0,121460.0,121615.0,49545,192790
2023-11-14 06:00:00,121575.0,121945.0,121550.0,121930.0,464436,1423685
2023-11-14 07:00:00,121925.0,124790.0,121890.0,123470.0,1115831,3514434
2023-11-14 08:00:00,123465.0,124415.0,123350.0,124245.0,707434,2616243
2023-11-14 09:00:00,124240.0,124295.0,123885.0,124110.0,483851,1770591
2023-11-14 10:00:00,124115.0,124390.0,124055.0,124070.0,344849,1332153
2023-11-14 11:00:00,124075.0,124170.0,123900.0,124135.0,348590,1322889
2023-11-14 12:00:00,124130.0,124365.0,124130.0,124300.0,315189,1232547
2023-11-14 13:00:00,124300.0,124345.0,124110.0,124295.0,262172,1008882
2023-11-14 14:00:00,124295.0,124465.0,124265.0,124420.0,253085,994521
2023-11-14 15:00:00,124425.0,124700.0,124325.0,124615.0,75392,297625
2023-11-16 06:00:00,124475.0,124720.0,124125.0,124165.0,494504,1527620
2023-11-16 07:00:00,124165.0,125145.0,124155.0,125120.0,917124,3112496
2023-11-16 08:00:00,125120.0,125235.0,124750.0,124780.0,773407,2848971
2023-11-16 09:00:00,124775.0,125095.0,124670.0,125065.0,563149,2030067
2023-11-16 10:00:00,125065.0,125110.0,124510.0,124750.0,479702,1825623
2023-11-16 11:00:00,124755.0,125345.0,124735.0,125195.0,457765,1786111
2023-11-16 12:00:00,125200.0,125555.0,125125.0,125455.0,451924,1784201
2023-11-16 13:00:00,125450.0,125780.0,125425.0,125680.0,342621,1373364
2023-11-16 14:00:00,125685.0,125780.0,125555.0,125765.0,240929,1000880
2023-11-16 15:00:00,125770.0,125830.0,125625.0,125830.0,58494,283409
2023-11-17 06:00:00,125835.0,125975.0,125465.0,125960.0,586977,1853814
2023-11-17 07:00:00,125955.0,126150.0,125585.0,125735.0,773378,2612881
2023-11-17 08:00:00,125735.0,125960.0,125530.0,125865.0,662593,2338895
2023-11-17 09:00:00,125870.0,126240.0,125825.0,125950.0,480691,1757510
2023-11-17 10:00:00,125950.0,125995.0,125765.0,125965.0,353187,1230161
2023-11-17 11:00:00,125965.0,126365.0,125960.0,126280.0,346638,1297265
2023-11-17 12:00:00,126280.0,126440.0,126110.0,126130.0,306812,1176010
2023-11-17 13:00:00,126130.0,126245.0,125815.0,125960.0,326566,1294066
2023-11-17 14:00:00,125955.0,126120.0,125710.0,125775.0,280576,1108495
2023-11-17 15:00:00,125770.0,125945.0,125730.0,125895.0,50831,177773
2023-11-20 06:00:00,126165.0,126315.0,125895.0,126265.0,436595,1355997
2023-11-20 07:00:00,126265.0,126395.0,125845.0,126195.0,623172,2143380
2023-11-20 08:00:00,126195.0,126600.0,126010.0,126515.0,692891,2504119
2023-11-20 09:00:00,126515.0,126730.0,126400.0,126480.0,405216,1419695
2023-11-20 10:00:00,126485.0,126590.0,126345.0,126415.0,276640,1006242
2023-11-20 11:00:00,126415.0,126760.0,126395.0,126710.0,278127,1065121
2023-11-20 12:00:00,126710.0,127105.0,126705.0,127025.0,365854,1430255
2023-11-20 13:00:00,127025.0,127070.0,126620.0,126875.0,419293,1696605
2023-11-20 14:00:00,126880.0,127070.0,126820.0,126950.0,217499,840577
2023-11-20 15:00:00,126950.0,127115.0,126865.0,127100.0,57716,238899
2023-11-21 06:00:00,126790.0,126990.0,126410.0,126510.0,431698,1329396
2023-11-21 07:00:00,126515.0,126720.0,126160.0,126490.0,799800,2790854
2023-11-21 08:00:00,126490.0,126810.0,126380.0,126495.0,752915,2743732
2023-11-21 09:00:00,126500.0,126570.0,125980.0,126325.0,588282,2171008
2023-11-21 10:00:00,126325.0,126395.0,126170.0,126335.0,290091,1108270
2023-11-21 11:00:00,126340.0,126720.0,126305.0,126580.0,381077,1485648
2023-11-21 12:00:00,126585.0,126605.0,125870.0,126075.0,446518,1768181
2023-11-21 13:00:00,126075.0,126385.0,125925.0,126340.0,323313,1217009
2023-11-21 14:00:00,126335.0,126645.0,126295.0,126590.0,222922,862487
2023-11-21 15:00:00,126595.0,126600.0,126450.0,126525.0,57960,249372
2023-11-22 06:00:00,126620.0,127195.0,126620.0,127115.0,471944,1507574
2023-11-22 07:00:00,127115.0,127590.0,126785.0,127545.0,920711,3197619
2023-11-22 08:00:00,127545.0,127730.0,127195.0,127370.0,726998,2617525
2023-11-22 09:00:00,127375.0,127375.0,127030.0,127040.0,557748,1906628
2023-11-22 10:00:00,127040.0,127400.0,126940.0,127385.0,392015,1378013
2023-11-22 11:00:00,127385.0,127445.0,126430.0,126675.0,585521,2353121
2023-11-22 12:00:00,126680.0,127100.0,126660.0,126945.0,382473,1470764
2023-11-22 13:00:00,126945.0,126960.0,126245.0,126540.0,421229,1690903
2023-11-22 14:00:00,126545.0,126800.0,126530.0,126775.0,228240,922936
2023-11-22 15:00:00,126780.0,126885.0,126710.0,126855.0,44341,207613
2023-11-23 06:00:00,126600.0,126845.0,126390.0,126750.0,408362,1230486
2023-11-23 07:00:00,126755.0,127090.0,126470.0,126965.0,738150,2495598
2023-11-23 08:00:00,126965.0,127480.0,126910.0,127430.0,487175,1734841
2023-11-23 09:00:00,127435.0,127545.0,127335.0,127365.0,229762,807642
2023-11-23 10:00:00,127360.0,127400.0,127230.0,127300.0,201770,705914
2023-11-23 11:00:00,127305.0,127345.0,127175.0,127310.0,187991,654034
2023-11-23 12:00:00,127310.0,127395.0,127120.0,127255.0,189249,726580
2023-11-23 13:00:00,127255.0,127435.0,127215.0,127235.0,157666,596353
2023-11-23 14:00:00,127235.0,127420.0,127160.0,127375.0,136887,547057
2023-11-23 15:00:00,127380.0,127495.0,127330.0,127495.0,28283,148493
2023-11-24 06:00:00,127350.0,127360.0,126785.0,126855.0,461235,1301421
2023-11-24 07:00:00,126855.0,126940.0,126315.0,126370.0,624347,2174719
2023-11-24 08:00:00,126375.0,126770.0,126270.0,126725.0,590025,2153361
2023-11-24 09:00:00,126720.0,126915.0,126645.0,126740.0,431046,1590392
2023-11-24 10:00:00,126740.0,126750.0,126225.0,126255.0,337076,1292243
2023-11-24 11:00:00,126255.0,126430.0,126085.0,126325.0,363626,1449029
2023-11-24 12:00:00,126325.0,126420.0,126130.0,126140.0,233181,894802
2023-11-24 13:00:00,126135.0,126300.0,126040.0,126300.0,200478,803358
2023-11-24 14:00:00,126300.0,126365.0,126110.0,126230.0,144963,593980
2023-11-24 15:00:00,126230.0,126340.0,126130.0,126340.0,42938,190788
2023-11-27 06:00:00,126095.0,126605.0,126060.0,126515.0,453490,1431029
2023-11-27 07:00:00,126520.0,126645.0,126055.0,126130.0,897678,3211963
2023-11-27 08:00:00,126125.0,126245.0,125895.0,126165.0,747789,2702196
2023-11-27 09:00:00,126165.0,126235.0,125605.0,125710.0,507839,1817842
2023-11-27 10:00:00,125710.0,125825.0,125485.0,125755.0,336856,1175554
2023-11-27 11:00:00,125750.0,126080.0,125670.0,126015.0,323852,1159883
2023-11-27 12:00:00,126015.0,126470.0,125945.0,126300.0,376150,1471223
2023-11-27 13:00:00,126300.0,126445.0,126150.0,126260.0,282664,1137702
2023-11-27 14:00:00,126265.0,126405.0,126125.0,126385.0,217477,913193
2023-11-27 15:00:00,126385.0,126480.0,126355.0,126480.0,46200,218964
2023-11-28 06:00:00,126115.0,126435.0,125995.0,126095.0,553710,1687650
2023-11-28 07:00:00,126095.0,126720.0,126010.0,126255.0,826761,3047186
2023-11-28 08:00:00,126260.0,126955.0,125960.0,126885.0,758610,2951432
2023-11-28 09:00:00,126880.0,127360.0,126835.0,127330.0,467943,1903250
2023-11-28 10:00:00,127330.0,127495.0,127195.0,127455.0,303445,1243314
2023-11-28 11:00:00,127455.0,127525.0,127250.0,127380.0,294348,1222033
2023-11-28 12:00:00,127380.0,127395.0,127055.0,127095.0,327678,1353605
2023-11-28 13:00:00,127095.0,127260.0,126870.0,127210.0,302576,1290370
2023-11-28 14:00:00,127210.0,127300.0,127065.0,127085.0,194636,802104
2023-11-28 15:00:00,127085.0,127250.0,127060.0,127200.0,53318,240841
2023-11-29 06:00:00,127400.0,127700.0,127215.0,127615.0,404395,1326934
2023-11-29 07:00:00,127620.0,127885.0,126975.0,126995.0,750352,2804532
2023-11-29 08:00:00,127000.0,127260.0,126845.0,127125.0,610035,2371916
2023-11-29 09:00:00,127120.0,127385.0,126805.0,127370.0,541170,2165601
2023-11-29 10:00:00,127365.0,127375.0,126685.0,127100.0,444448,1878834
2023-11-29 11:00:00,127100.0,127330.0,126975.0,127230.0,313780,1290252
2023-11-29 12:00:00,127235.0,127295.0,126995.0,127225.0,342736,1428559
2023-11-29 13:00:00,127220.0,127325.0,126830.0,126955.0,305397,1291475
2023-11-29 14:00:00,126955.0,126965.0,126465.0,126515.0,265020,1127871
2023-11-29 15:00:00,126515.0,126695.0,126490.0,126695.0,52556,233668
2023-11-30 06:00:00,127000.0,127335.0,126825.0,127310.0,439934,1458541
2023-11-30 07:00:00,127315.0,127755.0,127140.0,127525.0,725157,2629593
2023-11-30 08:00:00,127530.0,127540.0,126750.0,126995.0,700211,2562629
2023-11-30 09:00:00,126995.0,127135.0,126625.0,127110.0,547762,1988587
2023-11-30 10:00:00,127115.0,127245.0,126995.0,127115.0,359859,1317509
2023-11-30 11:00:00,127115.0,127565.0,127035.0,127540.0,325105,1288398
2023-11-30 12:00:00,127535.0,127670.0,127410.0,127575.0,321465,1335005
2023-11-30 13:00:00,127575.0,127915.0,127515.0,127710.0,303770,1295233
2023-11-30 14:00:00,127710.0,127895.0,127585.0,127870.0,228907,975152
2023-11-30 15:00:00,127870.0,127965.0,127785.0,127815.0,65331,306224
2023-12-01 06:00:00,128090.0,128250.0,127805.0,127805.0,451598,1375604
2023-12-01 07:00:00,127805.0,127960.0,127360.0,127375.0,728946,2479118
2023-12-01 08:00:00,127380.0,127475.0,127070.0,127375.0,643261,2305191
2023-12-01 09:00:00,127380.0,127865.0,127275.0,127625.0,624969,2339761
2023-12-01 10:00:00,127625.0,128310.0,127440.0,128260.0,670463,2551506
2023-12-01 11:00:00,128255.0,128560.0,128215.0,128525.0,371194,1385408
2023-12-01 12:00:00,128520.0,128590.0,128265.0,128335.0,299909,1110786
2023-12-01 13:00:00,128335.0,128615.0,128300.0,128415.0,272706,1053672
2023-12-01 14:00:00,128415.0,128650.0,128330.0,128500.0,226720,920956
2023-12-01 15:00:00,128505.0,128645.0,128465.0,128465.0,57729,226824
2023-12-04 06:00:00,127935.0,128010.0,127655.0,127760.0,341289,935262
2023-12-04 07:00:00,127755.0,127965.0,127595.0,127880.0,671798,2238968
2023-12-04 08:00:00,127875.0,128195.0,127715.0,127790.0,671408,2317585
2023-12-04 09:00:00,127790.0,127915.0,127240.0,127335.0,582915,2135764
2023-12-04 10:00:00,127330.0,127575.0,127285.0,127565.0,350100,1310919
2023-12-04 11:00:00,127560.0,127595.0,127185.0,127495.0,399262,1517425
2023-12-04 12:00:00,127490.0,127500.0,127090.0,127125.0,385306,1460086
2023-12-04 13:00:00,127125.0,127290.0,127010.0,127250.0,301331,1203034
2023-12-04 14:00:00,127250.0,127330.0,127080.0,127235.0,235505,922004
2023-12-04 15:00:00,127235.0,127310.0,127165.0,127310.0,54000,197366
2023-12-05 06:00:00,127100.0,127295.0,126825.0,127290.0,543004,1503790
2023-12-05 07:00:00,127285.0,127860.0,127025.0,127655.0,846505,2984130
2023-12-05 08:00:00,127655.0,127705.0,126825.0,127245.0,765816,2847137
2023-12-05 09:00:00,127245.0,127790.0,126780.0,127195.0,768934,2829407
2023-12-05 10:00:00,127200.0,127345.0,126840.0,127130.0,455884,1704293
2023-12-05 11:00:00,127130.0,127465.0,126920.0,127365.0,458034,1766308
2023-12-05 12:00:00,127365.0,127725.0,127215.0,127485.0,396873,1592613
2023-12-05 13:00:00,127485.0,127800.0,127430.0,127540.0,288500,1155351
2023-12-05 14:00:00,127545.0,127635.0,127150.0,127165.0,236297,913957
2023-12-05 15:00:00,127165.0,127235.0,127070.0,127100.0,86053,325170
2023-12-06 06:00:00,127495.0,127825.0,127480.0,127725.0,419094,1225183
2023-12-06 07:00:00,127725.0,127880.0,127115.0,127160.0,857496,2861634
2023-12-06 08:00:00,127160.0,127415.0,126880.0,126940.0,721432,2504183
2023-12-06 09:00:00,126945.0,127025.0,126655.0,126675.0,534797,1828782
2023-12-06 10:00:00,126680.0,126710.0,126265.0,126350.0,470298,1797854
2023-12-06 11:00:00,126355.0,126375.0,126070.0,126150.0,384587,1464944
2023-12-06 12:00:00,126150.0,126375.0,126080.0,126325.0,320288,1254508
2023-12-06 13:00:00,126325.0,126415.0,126005.0,126160.0,395720,1681636
2023-12-06 14:00:00,126160.0,126205.0,125890.0,125990.0,299654,1239144
2023-12-06 15:00:00,125990.0,126010.0,125735.0,125735.0,76746,342183
2023-12-07 06:00:00,125935.0,126335.0,125830.0,126325.0,414955,1221880
2023-12-07 07:00:00,126330.0,126770.0,126200.0,126725.0,664266,2415007
2023-12-07 08:00:00,126720.0,126835.0,126285.0,126330.0,675989,2481326
2023-12-07 09:00:00,126325.0,126545.0,126030.0,126130.0,521966,1904247
2023-12-07 10:00:00,126135.0,126290.0,125755.0,126265.0,453907,1788390
2023-12-07 11:00:00,126260.0,126320.0,126075.0,126265.0,371848,1407809
2023-12-07 12:00:00,126270.0,126435.0,126035.0,126075.0,410056,1619047
2023-12-07 13:00:00,126070.0,126350.0,126050.0,126070.0,333778,1329220
2023-12-07 14:00:00,126070.0,126280.0,125940.0,126110.0,270459,1044081
2023-12-07 15:00:00,126115.0,126305.0,126100.0,126295.0,70899,236819
2023-12-08 06:00:00,126415.0,126555.0,126105.0,126465.0,462971,1415261
2023-12-08 07:00:00,126465.0,126700.0,125855.0,126050.0,977158,3332741
2023-12-08 08:00:00,126045.0,127000.0,125670.0,126820.0,847798,3325946
2023-12-08 09:00:00,126825.0,127400.0,126820.0,127075.0,515047,1901654
2023-12-08 10:00:00,127070.0,127100.0,126515.0,126665.0,452870,1646570
2023-12-08 11:00:00,126665.0,126720.0,125945.0,126615.0,488908,1775549
2023-12-08 12:00:00,126610.0,126825.0,126555.0,126640.0,301334,1041783
2023-12-08 13:00:00,126640.0,127435.0,126590.0,127375.0,417547,1620840
2023-12-08 14:00:00,127380.0,127495.0,127255.0,127360.0,215240,880803
2023-12-08 15:00:00,127360.0,127375.0,127105.0,127240.0,52355,238642
2023-12-11 06:00:00,127125.0,127300.0,126610.0,126720.0,381123,1199700
2023-12-11 07:00:00,126720.0,127140.0,126565.0,127125.0,719102,2698289
2023-12-11 08:00:00,127125.0,127235.0,126855.0,126990.0,666937,2539920
2023-12-11 09:00:00,126995.0,127190.0,126735.0,127120.0,450435,1757162
2023-12-11 10:00:00,127120.0,127220.0,126885.0,126940.0,329551,1289354
2023-12-11 11:00:00,126940.0,126965.0,126660.0,126775.0,360613,1516989
2023-12-11 12:00:00,126775.0,127065.0,126720.0,126915.0,377304,1614575
2023-12-11 13:00:00,126915.0,127070.0,126780.0,127055.0,267004,1180200
2023-12-11 14:00:00,127055.0,127145.0,126975.0,127070.0,199415,798667
2023-12-11 15:00:00,127070.0,127185.0,127035.0,127165.0,36180,156182
2023-12-12 06:00:00,127410.0,127590.0,127200.0,127250.0,390990,1191072
2023-12-12 07:00:00,127245.0,127445.0,126710.0,126780.0,775590,2479502
2023-12-12 08:00:00,126780.0,127005.0,126170.0,126285.0,649395,2440366
2023-12-12 09:00:00,126285.0,126630.0,126155.0,126590.0,371418,1402017
2023-12-12 10:00:00,126590.0,126645.0,126320.0,126370.0,291534,1083664
2023-12-12 11:00:00,126365.0,126385.0,126010.0,126090.0,355347,1403460
2023-12-12 12:00:00,126095.0,126365.0,126070.0,126360.0,274259,1041625
2023-12-12 13:00:00,126355.0,126600.0,126265.0,126550.0,262338,965860
2023-12-12 14:00:00,126545.0,126565.0,126340.0,126530.0,258069,877343
2023-12-12 15:00:00,126530.0,126615.0,126430.0,126525.0,78436,205629
2023-12-13 06:00:00,128690.0,128750.0,128315.0,128500.0,392727,1106688
2023-12-13 07:00:00,128495.0,129230.0,128390.0,129185.0,701475,2410786
2023-12-13 08:00:00,129180.0,129310.0,128820.0,128905.0,522857,1852745
2023-12-13 09:00:00,128900.0,128965.0,128570.0,128800.0,400352,1459190
2023-12-13 10:00:00,128795.0,128820.0,128505.0,128690.0,317332,1176100
2023-12-13 11:00:00,128690.0,128895.0,128615.0,128735.0,294671,1114414
2023-12-13 12:00:00,128730.0,129135.0,128640.0,129035.0,297453,1151589
2023-12-13 13:00:00,129040.0,130930.0,129035.0,130840.0,897332,3515899
2023-12-13 14:00:00,130840.0,131985.0,130780.0,131910.0,600120,2291706
2023-12-13 15:00:00,131910.0,132325.0,131750.0,132210.0,83066,368697
2023-12-14 06:00:00,132625.0,133010.0,132405.0,132925.0,498436,1455455
2023-12-14 07:00:00,132920.0,133350.0,132705.0,132980.0,794501,2764247
2023-12-14 08:00:00,132985.0,133320.0,132680.0,132955.0,635410,2369001
2023-12-14 09:00:00,132950.0,133100.0,132765.0,132840.0,439292,1693661
2023-12-14 10:00:00,132845.0,133010.0,132650.0,132935.0,340667,1241096
2023-12-14 11:00:00,132935.0,133055.0,132825.0,133015.0,291733,1105541
2023-12-14 12:00:00,133020.0,133040.0,132455.0,132570.0,353570,1407571
2023-12-14 13:00:00,132575.0,132810.0,132545.0,132655.0,327366,1312255
2023-12-14 14:00:00,132655.0,133050.0,132525.0,132980.0,271582,1140839
2023-12-14 15:00:00,132980.0,133030.0,132850.0,132910.0,50882,200682
2023-12-15 06:00:00,133100.0,133400.0,133070.0,133345.0,377532,1006666
2023-12-15 07:00:00,133350.0,133760.0,132905.0,133260.0,796745,2841687
2023-12-15 08:00:00,133255.0,133280.0,132290.0,132385.0,618550,2263659
2023-12-15 09:00:00,132385.0,132565.0,132165.0,132525.0,390751,1449522
2023-12-15 10:00:00,132525.0,132615.0,132320.0,132430.0,303338,1074870
2023-12-15 11:00:00,132430.0,132665.0,132320.0,132330.0,273339,986015
2023-12-15 12:00:00,132325.0,132535.0,132035.0,132130.0,352173,1315739
2023-12-15 13:00:00,132130.0,132345.0,131930.0,132330.0,298803,1176756
2023-12-15 14:00:00,132330.0,132540.0,132160.0,132215.0,270299,1025638
2023-12-15 15:00:00,132220.0,132400.0,132215.0,132320.0,62610,213929
2023-12-18 06:00:00,132450.0,132915.0,132445.0,132895.0,294119,903658
2023-12-18 07:00:00,132900.0,133040.0,132705.0,132805.0,575473,2033652
2023-12-18 08:00:00,132805.0,132985.0,132530.0,132810.0,612148,2249865
2023-12-18 09:00:00,132810.0,133135.0,132735.0,132890.0,411068,1502058
2023-12-18 10:00:00,132890.0,133110.0,132870.0,133090.0,232413,827882
2023-12-18 11:00:00,133090.0,133490.0,133090.0,133415.0,310574,1259218
2023-12-18 12:00:00,133410.0,133475.0,133310.0,133415.0,219415,857185
2023-12-18 13:00:00,133415.0,133495.0,133245.0,133325.0,226336,902996
2023-12-18 14:00:00,133325.0,133330.0,133145.0,133285.0,209035,802374
2023-12-18 15:00:00,133285.0,133290.0,133115.0,133115.0,62538,235646
2023-12-19 06:00:00,133150.0,133560.0,133010.0,133515.0,436748,1366510
2023-12-19 07:00:00,133515.0,133975.0,133505.0,133885.0,467831,1751053
2023-12-19 08:00:00,133885.0,134045.0,133745.0,133930.0,411757,1491705
2023-12-19 09:00:00,133925.0,133955.0,133620.0,133820.0,427222,1669297
2023-12-19 10:00:00,133825.0,133825.0,133340.0,133415.0,375726,1494095
2023-12-19 11:00:00,133410.0,133510.0,133320.0,133475.0,262526,1075943
2023-12-19 12:00:00,133470.0,134020.0,133220.0,133730.0,478789,2058438
2023-12-19 13:00:00,133735.0,134015.0,133660.0,133780.0,292604,1227396
2023-12-19 14:00:00,133785.0,133950.0,133705.0,133935.0,193322,784891
2023-12-19 15:00:00,133930.0,134020.0,133850.0,133990.0,66744,259157
2023-12-20 06:00:00,133610.0,133905.0,133540.0,133665.0,404468,1200454
2023-12-20 07:00:00,133670.0,134325.0,133570.0,134275.0,659800,2341699
2023-12-20 08:00:00,134280.0,134295.0,133405.0,133550.0,593879,2177099
2023-12-20 09:00:00,133545.0,133615.0,133355.0,133500.0,365780,1334290
2023-12-20 10:00:00,133500.0,133855.0,133435.0,133695.0,380068,1413709
2023-12-20 11:00:00,133695.0,133940.0,133505.0,133900.0,355754,1321739
2023-12-20 12:00:00,133905.0,133950.0,133610.0,133635.0,277883,1020828
2023-12-20 13:00:00,133635.0,133745.0,132720.0,132940.0,495058,1951871
2023-12-20 14:00:00,132945.0,133070.0,132530.0,132705.0,493745,1952295
2023-12-20 15:00:00,132705.0,132770.0,132575.0,132730.0,92178,333646
2023-12-21 06:00:00,133375.0,133700.0,133270.0,133675.0,309397,936206
2023-12-21 07:00:00,133680.0,133945.0,133455.0,133730.0,720847,2368906
2023-12-21 08:00:00,133725.0,134185.0,133470.0,133650.0,670241,2300928
2023-12-21 09:00:00,133655.0,133860.0,133415.0,133810.0,491533,1719760
2023-12-21 10:00:00,133805.0,134100.0,133705.0,133765.0,390497,1388340
2023-12-21 11:00:00,133760.0,133880.0,133490.0,133585.0,434768,1556052
2023-12-21 12:00:00,133580.0,133725.0,133320.0,133675.0,399603,1425866
2023-12-21 13:00:00,133675.0,133865.0,133505.0,133680.0,301214,1117740
2023-12-21 14:00:00,133675.0,134080.0,133595.0,134035.0,245522,930425
2023-12-21 15:00:00,134035.0,134240.0,134030.0,134240.0,52911,195398
2023-12-22 06:00:00,134100.0,134360.0,134025.0,134340.0,309992,951136
2023-12-22 07:00:00,134345.0,134495.0,134040.0,134280.0,641321,2341487
2023-12-22 08:00:00,134275.0,134360.0,133940.0,133980.0,487882,1819389
2023-12-22 09:00:00,133980.0,134480.0,133910.0,134345.0,421992,1611332
2023-12-22 10:00:00,134350.0,134780.0,134290.0,134650.0,305375,1201067
2023-12-22 11:00:00,134650.0,134920.0,134615.0,134895.0,259373,1065805
2023-12-22 12:00:00,134890.0,134890.0,134545.0,134620.0,200476,863037
2023-12-22 13:00:00,134615.0,134680.0,134280.0,134630.0,317119,1362586
2023-12-22 14:00:00,134635.0,134675.0,134360.0,134505.0,178809,779312
2023-12-22 15:00:00,134510.0,134725.0,134495.0,134495.0,52476,207160
2023-12-26 06:00:00,134760.0,134940.0,134520.0,134915.0,310152,880134
2023-12-26 07:00:00,134915.0,135320.0,134845.0,135235.0,399993,1409818
2023-12-26 08:00:00,135240.0,135265.0,134950.0,135245.0,428706,1415553
2023-12-26 09:00:00,135240.0,135460.0,135205.0,135350.0,256914,866721
2023-12-26 10:00:00,135345.0,135400.0,135275.0,135380.0,118407,429103
2023-12-26 11:00:00,135375.0,135500.0,135245.0,135260.0,199703,727969
2023-12-26 12:00:00,135260.0,135380.0,135210.0,135240.0,203573,758239
2023-12-26 13:00:00,135235.0,135340.0,135120.0,135295.0,220081,864698
2023-12-26 14:00:00,135295.0,135435.0,135205.0,135390.0,193942,751988
2023-12-26 15:00:00,135395.0,135550.0,135355.0,135480.0,47277,202648
2023-12-27 06:00:00,135400.0,135655.0,135120.0,135145.0,350635,1089117
2023-12-27 07:00:00,135145.0,135360.0,135070.0,135295.0,390823,1406483
2023-12-27 08:00:00,135295.0,135550.0,135185.0,135430.0,534922,1977544
2023-12-27 09:00:00,135425.0,135850.0,135415.0,135825.0,334757,1294724
2023-12-27 10:00:00,135825.0,135940.0,135755.0,135820.0,203199,806059
2023-12-27 11:00:00,135820.0,135865.0,135725.0,135760.0,161952,650555
2023-12-27 12:00:00,135760.0,135900.0,135620.0,135630.0,271567,1130705
2023-12-27 13:00:00,135630.0,135795.0,135530.0,135680.0,286014,1166129
2023-12-27 14:00:00,135680.0,135955.0,135640.0,135930.0,177201,732754
2023-12-27 15:00:00,135935.0,136100.0,135915.0,136070.0,49005,204144
2023-12-28 06:00:00,135780.0,135960.0,135425.0,135555.0,355893,1128151
2023-12-28 07:00:00,135555.0,135895.0,135490.0,135615.0,480162,1635741
2023-12-28 08:00:00,135620.0,135830.0,135455.0,135695.0,484914,1686039
2023-12-28 09:00:00,135690.0,136085.0,135615.0,136060.0,322176,1203439
2023-12-28 10:00:00,136055.0,136085.0,135775.0,135800.0,222532,879506
2023-12-28 11:00:00,135795.0,135945.0,135720.0,135855.0,237141,952870
2023-12-28 12:00:00,135855.0,136005.0,135645.0,135900.0,279890,1126904
2023-12-28 13:00:00,135895.0,135960.0,135725.0,135795.0,186652,748125
2023-12-28 14:00:00,135790.0,135910.0,135625.0,135795.0,170452,718763
2023-12-28 15:00:00,135795.0,135935.0,135725.0,135850.0,44906,188070
2024-01-02 06:00:00,135250.0,135265.0,134755.0,135090.0,320526,1034893
2024-01-02 07:00:00,135095.0,135205.0,134595.0,134870.0,596987,2093131
2024-01-02 08:00:00,134875.0,135350.0,134820.0,135270.0,609162,2132242
2024-01-02 09:00:00,135270.0,135295.0,134440.0,134510.0,475556,1695720
2024-01-02 10:00:00,134505.0,134785.0,134340.0,134665.0,319306,1163592
2024-01-02 11:00:00,134665.0,134960.0,134630.0,134640.0,272602,1042569
2024-01-02 12:00:00,134640.0,134660.0,133815.0,133845.0,406363,1693569
2024-01-02 13:00:00,133845.0,133880.0,133550.0,133735.0,282057,1229266
2024-01-02 14:00:00,133735.0,134295.0,133730.0,134225.0,230341,984775
2024-01-02 15:00:00,134225.0,134305.0,134155.0,134230.0,55554,235270
2024-01-03 06:00:00,133925.0,134095.0,133620.0,133945.0,418760,1268504
2024-01-03 07:00:00,133945.0,134340.0,133690.0,133775.0,599409,2187867
2024-01-03 08:00:00,133775.0,134585.0,133760.0,134140.0,653269,2447787
2024-01-03 09:00:00,134145.0,134745.0,134065.0,134495.0,660314,2395907
2024-01-03 10:00:00,134495.0,134695.0,134365.0,134530.0,316362,1148994
2024-01-03 11:00:00,134530.0,134975.0,134310.0,134950.0,354887,1361590
2024-01-03 12:00:00,134945.0,135150.0,134690.0,134795.0,340793,1348405
2024-01-03 13:00:00,134795.0,135110.0,134555.0,134635.0,437993,1648028
2024-01-03 14:00:00,134635.0,134740.0,134370.0,134460.0,271729,1059323
2024-01-03 15:00:00,134460.0,134600.0,134330.0,134600.0,54474,206967
2024-01-04 06:00:00,134650.0,134715.0,134105.0,134195.0,329532,1056305
2024-01-04 07:00:00,134195.0,134215.0,133465.0,133575.0,535393,2026675
2024-01-04 08:00:00,133575.0,133595.0,132655.0,133180.0,725623,2875551
2024-01-04 09:00:00,133180.0,133470.0,133105.0,133300.0,414506,1572132
2024-01-04 10:00:00,133300.0,133450.0,132920.0,133030.0,406673,1522630
2024-01-04 11:00:00,133030.0,133060.0,132520.0,132615.0,408910,1672464
2024-01-04 12:00:00,132625.0,132865.0,132480.0,132740.0,321476,1333388
2024-01-04 13:00:00,132740.0,132800.0,132390.0,132760.0,386534,1670516
2024-01-04 14:00:00,132755.0,132850.0,132465.0,132585.0,302049,1253128
2024-01-04 15:00:00,132590.0,132710.0,132510.0,132530.0,75781,310790
2024-01-05 06:00:00,132310.0,132475.0,132115.0,132150.0,383476,1128174
2024-01-05 07:00:00,132150.0,133030.0,131840.0,133020.0,945988,3287205
2024-01-05 08:00:00,133015.0,133280.0,132670.0,133170.0,652629,2472425
2024-01-05 09:00:00,133170.0,134040.0,133165.0,133685.0,578672,2249733
2024-01-05 10:00:00,133685.0,133700.0,133305.0,133320.0,354236,1318812
2024-01-05 11:00:00,133320.0,133355.0,132880.0,132980.0,413012,1628981
2024-01-05 12:00:00,132985.0,133430.0,132820.0,133330.0,407453,1571017
2024-01-05 13:00:00,133330.0,133485.0,132900.0,133010.0,377927,1458625
2024-01-05 14:00:00,133010.0,133465.0,132935.0,133420.0,264341,994793
2024-01-05 15:00:00,133420.0,133535.0,133350.0,133520.0,48325,196419
2024-01-08 06:00:00,132840.0,132890.0,132420.0,132750.0,451171,1315720
2024-01-08 07:00:00,132750.0,132820.0,132305.0,132580.0,674125,2234389
2024-01-08 08:00:00,132580.0,133035.0,132520.0,132950.0,743420,2594399
2024-01-08 09:00:00,132955.0,133490.0,132765.0,133405.0,532232,1949200
2024-01-08 10:00:00,133405.0,133600.0,133235.0,133310.0,406636,1503677
2024-01-08 11:00:00,133305.0,133500.0,133250.0,133410.0,286045,1123478
2024-01-08 12:00:00,133405.0,133540.0,133215.0,133365.0,318009,1312665
2024-01-08 13:00:00,133365.0,133865.0,133340.0,133645.0,341146,1398315
2024-01-08 14:00:00,133650.0,133860.0,133510.0,133755.0,264754,1065688
2024-01-08 15:00:00,133760.0,134050.0,133675.0,134050.0,67329,260670
2024-01-09 06:00:00,133490.0,133495.0,132955.0,133105.0,447017,1368852
2024-01-09 07:00:00,133105.0,133105.0,132610.0,133010.0,741786,2588400
2024-01-09 08:00:00,133010.0,133075.0,132360.0,132580.0,809629,2962783
2024-01-09 09:00:00,132585.0,132815.0,132410.0,132775.0,463429,1695580
2024-01-09 10:00:00,132775.0,132890.0,132695.0,132745.0,324249,1225220
2024-01-09 11:00:00,132750.0,132930.0,132585.0,132780.0,392072,1562824
2024-01-09 12:00:00,132785.0,133025.0,132615.0,132830.0,405748,1628353
2024-01-09 13:00:00,132835.0,132985.0,132605.0,132740.0,322777,1318419
2024-01-09 14:00:00,132745.0,132855.0,132630.0,132685.0,248758,985646
2024-01-09 15:00:00,132685.0,132785.0,132560.0,132560.0,58895,240288
2024-01-10 06:00:00,132700.0,133060.0,132485.0,132630.0,475923,1520562
2024-01-10 07:00:00,132630.0,132835.0,132290.0,132410.0,794113,2846336
2024-01-10 08:00:00,132415.0,132465.0,131880.0,132010.0,665657,2464653
2024-01-10 09:00:00,132005.0,132040.0,131595.0,131845.0,445946,1633848
2024-01-10 10:00:00,131840.0,131885.0,131665.0,131810.0,299160,1130990
2024-01-10 11:00:00,131805.0,132065.0,131660.0,131975.0,282428,1104402
2024-01-10 12:00:00,131970.0,131990.0,131640.0,131845.0,348814,1346727
2024-01-10 13:00:00,131845.0,132145.0,131835.0,132140.0,302131,1206207
2024-01-10 14:00:00,132140.0,132225.0,131820.0,131920.0,294901,1217413
2024-01-10 15:00:00,131920.0,132040.0,131885.0,131910.0,44138,189474
2024-01-11 06:00:00,132050.0,132050.0,131570.0,131840.0,490564,1443620
2024-01-11 07:00:00,131840.0,132245.0,131355.0,131630.0,1078351,3387239
2024-01-11 08:00:00,131635.0,132430.0,131555.0,131785.0,946823,3266648
2024-01-11 09:00:00,131785.0,131840.0,130950.0,131410.0,695148,2386125
2024-01-11 10:00:00,131410.0,131555.0,131165.0,131375.0,428402,1414313
2024-01-11 11:00:00,131375.0,131605.0,131250.0,131470.0,366272,1211758
2024-01-11 12:00:00,131475.0,131910.0,131375.0,131885.0,417003,1459952
2024-01-11 13:00:00,131885.0,132040.0,131790.0,131940.0,312324,1117470
2024-01-11 14:00:00,131935.0,131965.0,131750.0,131865.0,228118,850686
2024-01-11 15:00:00,131870.0,131900.0,131675.0,131730.0,41221,190355
2024-01-12 06:00:00,131580.0,131840.0,131380.0,131835.0,409337,1338564
2024-01-12 07:00:00,131830.0,132455.0,131460.0,132395.0,910255,3276831
2024-01-12 08:00:00,132395.0,133040.0,132250.0,132520.0,624685,2326829
2024-01-12 09:00:00,132515.0,132685.0,131790.0,132005.0,526857,1846009
2024-01-12 10:00:00,132005.0,132245.0,131885.0,132110.0,334335,1168686
2024-01-12 11:00:00,132115.0,132470.0,132030.0,132390.0,339868,1218524
2024-01-12 12:00:00,132395.0,132405.0,132150.0,132255.0,220974,828266
2024-01-12 13:00:00,132250.0,132395.0,132105.0,132145.0,236977,895017
2024-01-12 14:00:00,132140.0,132225.0,131950.0,132105.0,224872,856323
2024-01-12 15:00:00,132105.0,132245.0,132005.0,132005.0,48952,194638
2024-01-15 06:00:00,131695.0,131985.0,131455.0,131500.0,363110,1198527
2024-01-15 07:00:00,131500.0,131805.0,131260.0,131685.0,558365,2052297
2024-01-15 08:00:00,131680.0,131895.0,131530.0,131745.0,398027,1526652
2024-01-15 09:00:00,131745.0,131850.0,131455.0,131830.0,306283,1169418
2024-01-15 10:00:00,131830.0,132230.0,131790.0,132170.0,308224,1258639
2024-01-15 11:00:00,132175.0,132440.0,132085.0,132400.0,284162,1195080
2024-01-15 12:00:00,132400.0,132460.0,132175.0,132290.0,209777,819973
2024-01-15 13:00:00,132295.0,132645.0,132200.0,132495.0,217219,895381
2024-01-15 14:00:00,132495.0,132700.0,132435.0,132675.0,172854,686547
2024-01-15 15:00:00,132680.0,132830.0,132605.0,132665.0,55612,226138
2024-01-16 06:00:00,131945.0,132010.0,131380.0,131710.0,497834,1590934
2024-01-16 07:00:00,131710.0,131855.0,131100.0,131275.0,835488,3101256
2024-01-16 08:00:00,131270.0,131565.0,130710.0,130780.0,735417,2786678
2024-01-16 09:00:00,130780.0,130980.0,130510.0,130815.0,511552,2036065
2024-01-16 10:00:00,130815.0,130845.0,130305.0,130560.0,576413,2135285
2024-01-16 11:00:00,130560.0,130590.0,130055.0,130230.0,455521,1748254
2024-01-16 12:00:00,130230.0,130470.0,130025.0,130245.0,343753,1358619
2024-01-16 13:00:00,130245.0,130585.0,130040.0,130545.0,313784,1252266
2024-01-16 14:00:00,130540.0,130590.0,130180.0,130255.0,275738,1115092
2024-01-16 15:00:00,130250.0,130290.0,130015.0,130070.0,63017,246311
2024-01-17 06:00:00,129600.0,129960.0,128980.0,129660.0,663440,2137486
2024-01-17 07:00:00,129665.0,130165.0,129475.0,129660.0,780991,2752122
2024-01-17 08:00:00,129660.0,129945.0,129525.0,129800.0,574992,2156640
2024-01-17 09:00:00,129800.0,130010.0,129425.0,129475.0,504626,1866723
2024-01-17 10:00:00,129470.0,129700.0,129350.0,129480.0,321536,1194353
2024-01-17 11:00:00,129480.0,129580.0,129175.0,129480.0,336590,1327823
2024-01-17 12:00:00,129485.0,129545.0,129140.0,129385.0,296823,1171082
2024-01-17 13:00:00,129385.0,129730.0,129250.0,129500.0,297995,1210885
2024-01-17 14:00:00,129495.0,129605.0,129365.0,129520.0,201323,808780
2024-01-17 15:00:00,129525.0,129525.0,129150.0,129170.0,62033,258487
2024-01-18 06:00:00,129730.0,130200.0,129695.0,130115.0,544545,1764507
2024-01-18 07:00:00,130115.0,130125.0,129025.0,129100.0,706433,2757781
2024-01-18 08:00:00,129100.0,129355.0,128575.0,128870.0,671269,2719167
2024-01-18 09:00:00,128865.0,128870.0,128355.0,128425.0,489975,1993817
2024-01-18 10:00:00,128425.0,128635.0,128235.0,128360.0,354508,1417242
2024-01-18 11:00:00,128365.0,128395.0,128130.0,128230.0,336361,1319011
2024-01-18 12:00:00,128225.0,128485.0,128155.0,128345.0,312071,1237852
2024-01-18 13:00:00,128345.0,128590.0,128325.0,128505.0,270281,1193104
2024-01-18 14:00:00,128510.0,128580.0,128140.0,128155.0,221365,948109
2024-01-18 15:00:00,128150.0,128220.0,128040.0,128050.0,68967,287863
2024-01-19 06:00:00,128690.0,128890.0,128390.0,128540.0,466306,1495374
2024-01-19 07:00:00,128535.0,128585.0,128080.0,128295.0,737717,2776350
2024-01-19 08:00:00,128295.0,128305.0,127435.0,127680.0,635839,2519276
2024-01-19 09:00:00,127685.0,127800.0,127355.0,127615.0,460176,1780219
2024-01-19 10:00:00,127615.0,127670.0,127295.0,127515.0,318634,1309824
2024-01-19 11:00:00,127510.0,127925.0,127410.0,127820.0,328189,1404454
2024-01-19 12:00:00,127820.0,128255.0,127765.0,128030.0,299902,1324217
2024-01-19 13:00:00,128035.0,128565.0,128015.0,128545.0,315763,1408296
2024-01-19 14:00:00,128550.0,128600.0,128355.0,128485.0,200565,887830
2024-01-19 15:00:00,128485.0,128570.0,128230.0,128250.0,55307,244083
2024-01-22 06:00:00,128450.0,128470.0,128110.0,128430.0,419064,1377963
2024-01-22 07:00:00,128430.0,128615.0,127875.0,128420.0,745243,2834678
2024-01-22 08:00:00,128415.0,128540.0,127680.0,128510.0,703267,2733512
2024-01-22 09:00:00,128510.0,128645.0,127855.0,127985.0,526139,2038067
2024-01-22 10:00:00,127985.0,127995.0,127330.0,127595.0,433190,1731449
2024-01-22 11:00:00,127595.0,127775.0,127445.0,127525.0,305889,1276495
2024-01-22 12:00:00,127525.0,127530.0,126835.0,127115.0,423727,1783385
2024-01-22 13:00:00,127115.0,127170.0,126580.0,127135.0,311560,1279720
2024-01-22 14:00:00,127130.0,127445.0,127130.0,127400.0,198033,853836
2024-01-22 15:00:00,127400.0,127405.0,127070.0,127250.0,55262,240186
2024-01-23 06:00:00,127600.0,128180.0,127480.0,128160.0,501521,1741614
2024-01-23 07:00:00,128160.0,128300.0,127660.0,128275.0,725231,2764549
2024-01-23 08:00:00,128275.0,128370.0,127775.0,128055.0,776553,2987146
2024-01-23 09:00:00,128050.0,128570.0,127750.0,127975.0,563000,2149721
2024-01-23 10:00:00,127975.0,128500.0,127935.0,128480.0,381146,1468813
2024-01-23 11:00:00,128480.0,128830.0,128465.0,128790.0,353167,1439506
2024-01-23 12:00:00,128785.0,128960.0,128670.0,128845.0,295423,1241130
2024-01-23 13:00:00,128845.0,128935.0,128550.0,128890.0,300909,1288530
2024-01-23 14:00:00,128895.0,129045.0,128760.0,129035.0,223667,918182
2024-01-23 15:00:00,129030.0,129155.0,128945.0,129030.0,55443,238961
2024-01-24 06:00:00,129760.0,130215.0,129755.0,130040.0,460359,1640735
2024-01-24 07:00:00,130045.0,130045.0,129585.0,129975.0,608741,2347606
2024-01-24 08:00:00,129975.0,130115.0,129225.0,129235.0,652584,2583052
2024-01-24 09:00:00,129230.0,129315.0,128935.0,129105.0,529539,2135671
2024-01-24 10:00:00,129105.0,129230.0,128865.0,129170.0,381172,1511558
2024-01-24 11:00:00,129170.0,129485.0,128920.0,129445.0,376889,1572742
2024-01-24 12:00:00,129450.0,129530.0,128600.0,128710.0,467994,2002368
2024-01-24 13:00:00,128710.0,128730.0,128310.0,128515.0,404830,1758639
2024-01-24 14:00:00,128510.0,128595.0,128300.0,128395.0,277474,1186079
2024-01-24 15:00:00,128395.0,128450.0,128250.0,128315.0,58666,241583
2024-01-25 06:00:00,128740.0,128965.0,128520.0,128795.0,392683,1352590
2024-01-25 07:00:00,128790.0,129230.0,128440.0,128850.0,738827,2796159
2024-01-25 08:00:00,128845.0,129265.0,128620.0,129255.0,608476,2282183
2024-01-25 09:00:00,129260.0,129315.0,128570.0,128770.0,534411,2040660
2024-01-25 10:00:00,128775.0,128925.0,128525.0,128875.0,351452,1335404
2024-01-25 11:00:00,128875.0,129055.0,128640.0,128895.0,355724,1413644
2024-01-25 12:00:00,128895.0,129210.0,128755.0,128875.0,351154,1387788
2024-01-25 13:00:00,128880.0,129220.0,128735.0,128850.0,313194,1295823
2024-01-25 14:00:00,128855.0,128880.0,128400.0,128755.0,276908,1160523
2024-01-25 15:00:00,128755.0,128830.0,128580.0,128670.0,56738,247022
2024-01-26 06:00:00,129125.0,129725.0,128785.0,128795.0,394811,1211540
2024-01-26 07:00:00,128795.0,129075.0,128370.0,128780.0,781927,2752366
2024-01-26 08:00:00,128780.0,129520.0,128410.0,129110.0,785700,2940420
2024-01-26 09:00:00,129105.0,129535.0,128735.0,129060.0,490672,1837924
2024-01-26 10:00:00,129055.0,129660.0,128920.0,129630.0,326713,1277817
2024-01-26 11:00:00,129635.0,129755.0,129295.0,129375.0,352039,1389560
2024-01-26 12:00:00,129370.0,129705.0,129325.0,129620.0,313177,1201971
2024-01-26 13:00:00,129620.0,129805.0,129395.0,129760.0,288471,1117559
2024-01-26 14:00:00,129765.0,129775.0,129365.0,129450.0,235763,892326
2024-01-26 15:00:00,129445.0,129530.0,129325.0,129325.0,56240,215741
2024-01-29 06:00:00,129630.0,129655.0,129200.0,129240.0,387117,1275837
2024-01-29 07:00:00,129235.0,129580.0,128955.0,129395.0,650216,2380447
2024-01-29 08:00:00,129390.0,129470.0,128565.0,128810.0,719803,2625360
2024-01-29 09:00:00,128810.0,128990.0,128500.0,128690.0,494230,1805612
2024-01-29 10:00:00,128685.0,128900.0,128560.0,128705.0,363579,1333858
2024-01-29 11:00:00,128705.0,128730.0,128450.0,128600.0,340962,1312838
2024-01-29 12:00:00,128600.0,128645.0,128320.0,128610.0,373712,1440303
2024-01-29 13:00:00,128605.0,128760.0,128550.0,128635.0,318054,1344417
2024-01-29 14:00:00,128640.0,129120.0,128635.0,129075.0,364937,1493427
2024-01-29 15:00:00,129080.0,129100.0,128885.0,129100.0,59605,240332
2024-01-30 06:00:00,128820.0,129260.0,128710.0,128750.0,546983,1885580
2024-01-30 07:00:00,128750.0,128835.0,128105.0,128210.0,740769,2845871
2024-01-30 08:00:00,128205.0,128300.0,127870.0,128150.0,584958,2300482
2024-01-30 09:00:00,128155.0,128190.0,127495.0,127785.0,638292,2541208
2024-01-30 10:00:00,127785.0,128100.0,127655.0,128090.0,400291,1598720
2024-01-30 11:00:00,128095.0,128150.0,127735.0,127840.0,416653,1726079
2024-01-30 12:00:00,127845.0,128005.0,127725.0,127895.0,338690,1440903
2024-01-30 13:00:00,127895.0,128105.0,127820.0,127940.0,311051,1283287
2024-01-30 14:00:00,127940.0,128055.0,127785.0,127920.0,228068,918379
2024-01-30 15:00:00,127920.0,127925.0,127660.0,127660.0,72793,304337
2024-01-31 06:00:00,127595.0,128085.0,127530.0,127955.0,475211,1683100
2024-01-31 07:00:00,127955.0,128825.0,127830.0,128770.0,803875,3064886
2024-01-31 08:00:00,128770.0,129340.0,128655.0,129030.0,652046,2618553
2024-01-31 09:00:00,129030.0,129310.0,129000.0,129225.0,421101,1629562
2024-01-31 10:00:00,129220.0,129285.0,128865.0,129055.0,328371,1301052
2024-01-31 11:00:00,129060.0,129195.0,128970.0,129125.0,265113,1084222
2024-01-31 12:00:00,129125.0,129480.0,128965.0,129415.0,316788,1329879
2024-01-31 13:00:00,129415.0,130060.0,129020.0,129540.0,884411,3448565
2024-01-31 14:00:00,129535.0,129560.0,128215.0,128350.0,689714,2917096
2024-01-31 15:00:00,128345.0,128365.0,127900.0,127990.0,79647,338194
2024-02-01 06:00:00,128485.0,128510.0,128050.0,128415.0,436275,1461449
2024-02-01 07:00:00,128415.0,128565.0,128150.0,128300.0,658082,2524075
2024-02-01 08:00:00,128300.0,128725.0,128090.0,128340.0,732179,2815616
2024-02-01 09:00:00,128345.0,128425.0,127845.0,127910.0,624128,2427313
2024-02-01 10:00:00,127905.0,128300.0,127545.0,128245.0,426434,1715116
2024-02-01 11:00:00,128240.0,128715.0,128010.0,128220.0,504058,1977865
2024-02-01 12:00:00,128220.0,128545.0,127940.0,128485.0,402438,1618089
2024-02-01 13:00:00,128485.0,128645.0,128190.0,128485.0,329202,1282112
2024-02-01 14:00:00,128480.0,128715.0,128345.0,128695.0,225190,861741
2024-02-01 15:00:00,128700.0,128950.0,128660.0,128790.0,61363,263845
2024-02-02 06:00:00,129035.0,129075.0,128605.0,128800.0,370083,1229530
2024-02-02 07:00:00,128800.0,129280.0,127440.0,127545.0,980808,3703473
2024-02-02 08:00:00,127545.0,127765.0,127155.0,127315.0,723085,2882685
2024-02-02 09:00:00,127310.0,127385.0,126910.0,127100.0,482559,1940918
2024-02-02 10:00:00,127105.0,127135.0,126910.0,127025.0,253730,963478
2024-02-02 11:00:00,127030.0,127240.0,126860.0,127110.0,348594,1368713
2024-02-02 12:00:00,127110.0,127460.0,127075.0,127440.0,336614,1379873
2024-02-02 13:00:00,127445.0,127795.0,127350.0,127735.0,352439,1486269
2024-02-02 14:00:00,127735.0,127745.0,127400.0,127485.0,292852,1234372
2024-02-02 15:00:00,127485.0,127595.0,127380.0,127580.0,56106,222803
2024-02-05 06:00:00,127320.0,127540.0,127185.0,127355.0,456794,1460553
2024-02-05 07:00:00,127355.0,128015.0,127320.0,127995.0,622299,2346124
2024-02-05 08:00:00,127990.0,128075.0,127435.0,127520.0,614408,2367452
2024-02-05 09:00:00,127530.0,127535.0,126620.0,126750.0,614163,2465788
2024-02-05 10:00:00,126750.0,127010.0,126610.0,126955.0,283781,1147147
2024-02-05 11:00:00,126950.0,127470.0,126950.0,127410.0,366739,1578016
2024-02-05 12:00:00,127410.0,127695.0,127275.0,127640.0,392612,1696232
2024-02-05 13:00:00,127640.0,128070.0,127585.0,127960.0,337807,1465862
2024-02-05 14:00:00,127960.0,128045.0,127735.0,127840.0,292972,1175347
2024-02-05 15:00:00,127840.0,127965.0,127760.0,127800.0,62014,255812
2024-02-06 06:00:00,127995.0,128340.0,127870.0,128095.0,456210,1487869
2024-02-06 07:00:00,128095.0,129735.0,128035.0,129685.0,904649,3441922
2024-02-06 08:00:00,129685.0,129970.0,129305.0,129910.0,628290,2497591
2024-02-06 09:00:00,129910.0,130390.0,129730.0,130150.0,490031,1935039
2024-02-06 10:00:00,130155.0,130335.0,130075.0,130110.0,290479,1124713
2024-02-06 11:00:00,130110.0,130240.0,130055.0,130130.0,274306,1148066
2024-02-06 12:00:00,130130.0,130520.0,130085.0,130455.0,354752,1604209
2024-02-06 13:00:00,130455.0,130505.0,130250.0,130395.0,299470,1307783
2024-02-06 14:00:00,130390.0,130830.0,130335.0,130790.0,287200,1201864
2024-02-06 15:00:00,130800.0,131110.0,130715.0,131110.0,117173,471610
2024-02-07 06:00:00,130650.0,130650.0,130140.0,130235.0,523721,1796882
2024-02-07 07:00:00,130235.0,130450.0,129910.0,129930.0,680956,2609943
2024-02-07 08:00:00,129925.0,130205.0,129645.0,130035.0,746033,2900757
2024-02-07 09:00:00,130040.0,130190.0,129900.0,130015.0,440669,1678010
2024-02-07 10:00:00,130015.0,130090.0,129705.0,129775.0,358085,1358135
2024-02-07 11:00:00,129775.0,129875.0,129555.0,129790.0,404334,1667279
2024-02-07 12:00:00,129795.0,129995.0,129630.0,129875.0,434437,1802961
2024-02-07 13:00:00,129870.0,130185.0,129805.0,130155.0,286446,1164442
2024-02-07 14:00:00,130160.0,130300.0,130015.0,130190.0,254542,999623
2024-02-07 15:00:00,130190.0,130200.0,129945.0,130045.0,58048,236911
2024-02-08 06:00:00,129835.0,129880.0,129475.0,129820.0,521292,1746909
2024-02-08 07:00:00,129820.0,130195.0,129555.0,129850.0,720231,2653494
2024-02-08 08:00:00,129845.0,129880.0,128800.0,128865.0,672306,2553312
2024-02-08 09:00:00,128865.0,128885.0,128635.0,128775.0,388076,1517197
2024-02-08 10:00:00,128775.0,128810.0,128150.0,128225.0,429618,1778666
2024-02-08 11:00:00,128220.0,128310.0,127955.0,128055.0,378728,1597577
2024-02-08 12:00:00,128055.0,128475.0,128015.0,128450.0,427160,1749940
2024-02-08 13:00:00,128450.0,128540.0,128255.0,128360.0,342175,1386826
2024-02-08 14:00:00,128365.0,128495.0,128110.0,128165.0,257139,1018864
2024-02-08 15:00:00,128170.0,128400.0,128100.0,128280.0,80633,307748
2024-02-09 06:00:00,128600.0,128635.0,128175.0,128210.0,430983,1495935
2024-02-09 07:00:00,128210.0,129020.0,128070.0,128805.0,915852,3452861
2024-02-09 08:00:00,128800.0,128830.0,127770.0,128405.0,774378,3036914
2024-02-09 09:00:00,128405.0,128410.0,127810.0,127840.0,474736,1850964
2024-02-09 10:00:00,127840.0,128010.0,127575.0,127810.0,375239,1469897
2024-02-09 11:00:00,127815.0,128145.0,127765.0,128120.0,318151,1278335
2024-02-09 12:00:00,128115.0,128390.0,128110.0,128305.0,330358,1334496
2024-02-09 13:00:00,128305.0,128455.0,128095.0,128190.0,277933,1109143
2024-02-09 14:00:00,128190.0,128225.0,127915.0,128030.0,229808,855022
2024-02-09 15:00:00,128035.0,128270.0,127915.0,128060.0,80700,280522
2024-02-14 10:00:00,129420.0,129770.0,129150.0,129400.0,616550,2122251
2024-02-14 11:00:00,129395.0,129410.0,129005.0,129115.0,474631,1785675
2024-02-14 12:00:00,129110.0,129215.0,128765.0,128930.0,473120,1872396
2024-02-14 13:00:00,128930.0,129170.0,128810.0,128915.0,322087,1274698
2024-02-14 14:00:00,128915.0,129175.0,128900.0,129090.0,247790,969269
2024-02-14 15:00:00,129090.0,129225.0,129050.0,129200.0,49158,197567
2024-02-15 06:00:00,129465.0,129745.0,129365.0,129670.0,419816,1404568
2024-02-15 07:00:00,129665.0,129705.0,129125.0,129280.0,784786,2920360
2024-02-15 08:00:00,129280.0,129615.0,128985.0,129355.0,725717,2654807
2024-02-15 09:00:00,129355.0,129625.0,129160.0,129505.0,500079,1892077
2024-02-15 10:00:00,129500.0,129520.0,129215.0,129350.0,390785,1447285
2024-02-15 11:00:00,129355.0,129765.0,129335.0,129550.0,352472,1348563
2024-02-15 12:00:00,129545.0,129870.0,129525.0,129740.0,359524,1372167
2024-02-15 13:00:00,129740.0,129925.0,129615.0,129820.0,331848,1259120
2024-02-15 14:00:00,129820.0,129910.0,129740.0,129860.0,208259,819807
2024-02-15 15:00:00,129860.0,129900.0,129735.0,129900.0,42793,199603
2024-02-16 06:00:00,130180.0,130485.0,130085.0,130400.0,428730,1498404
2024-02-16 07:00:00,130400.0,130860.0,129690.0,130050.0,972245,3873050
2024-02-16 08:00:00,130045.0,130380.0,129975.0,130085.0,676909,2603710
2024-02-16 09:00:00,130085.0,130850.0,130050.0,130610.0,484150,1851066
2024-02-16 10:00:00,130610.0,130675.0,130335.0,130380.0,292724,1100775
2024-02-16 11:00:00,130385.0,130755.0,130300.0,130750.0,298555,1140046
2024-02-16 12:00:00,130750.0,131045.0,130610.0,130965.0,370579,1483633
2024-02-16 13:00:00,130965.0,131165.0,130870.0,130970.0,301047,1197223
2024-02-16 14:00:00,130970.0,131040.0,130770.0,130805.0,252533,981040
2024-02-16 15:00:00,130810.0,130865.0,130750.0,130830.0,47907,219951
2024-02-19 06:00:00,130465.0,130575.0,130300.0,130320.0,288522,959076
2024-02-19 07:00:00,130320.0,130445.0,130085.0,130255.0,494302,1874682
2024-02-19 08:00:00,130255.0,130540.0,130120.0,130445.0,560148,2137843
2024-02-19 09:00:00,130445.0,130595.0,130355.0,130485.0,367580,1459358
2024-02-19 10:00:00,130490.0,130725.0,130465.0,130715.0,255280,1015438
2024-02-19 11:00:00,130710.0,130775.0,130530.0,130745.0,208132,822250
2024-02-19 12:00:00,130740.0,130800.0,130620.0,130670.0,170393,666846
2024-02-19 13:00:00,130665.0,130775.0,130640.0,130740.0,148760,551676
2024-02-19 14:00:00,130740.0,130970.0,130685.0,130915.0,151299,577693
2024-02-19 15:00:00,130920.0,131065.0,130920.0,131035.0,44492,229117
2024-02-20 06:00:00,130395.0,130440.0,130085.0,130220.0,417781,1519820
2024-02-20 07:00:00,130220.0,131285.0,130140.0,131125.0,906319,3463266
2024-02-20 08:00:00,131125.0,131730.0,131080.0,131630.0,626573,2598010
2024-02-20 09:00:00,131630.0,131845.0,131580.0,131790.0,388458,1604549
2024-02-20 10:00:00,131790.0,131805.0,131490.0,131505.0,284417,1146678
2024-02-20 11:00:00,131510.0,131775.0,131440.0,131765.0,387322,1573361
2024-02-20 12:00:00,131770.0,131810.0,131540.0,131650.0,334599,1339420
2024-02-20 13:00:00,131650.0,131735.0,131490.0,131685.0,285820,1240150
2024-02-20 14:00:00,131685.0,131885.0,131585.0,131870.0,266836,1108430
2024-02-20 15:00:00,131875.0,132070.0,131845.0,132070.0,72973,336897
2024-02-21 06:00:00,131520.0,131675.0,131460.0,131545.0,368917,1186673
2024-02-21 07:00:00,131545.0,131895.0,131475.0,131585.0,807652,2969623
2024-02-21 08:00:00,131590.0,131985.0,131535.0,131715.0,672770,2591045
2024-02-21 09:00:00,131715.0,131820.0,131455.0,131615.0,407456,1513227
2024-02-21 10:00:00,131620.0,131855.0,131495.0,131790.0,370782,1408400
2024-02-21 11:00:00,131790.0,131865.0,131300.0,131330.0,441291,1711501
2024-02-21 12:00:00,131325.0,131700.0,131215.0,131625.0,416007,1580667
2024-02-21 13:00:00,131630.0,131920.0,131460.0,131825.0,440815,1728275
2024-02-21 14:00:00,131825.0,132010.0,131610.0,131990.0,264870,997562
2024-02-21 15:00:00,131995.0,132245.0,131885.0,132245.0,56701,269015
2024-02-22 06:00:00,132950.0,133000.0,132515.0,132530.0,395291,1332110
2024-02-22 07:00:00,132535.0,132730.0,132315.0,132430.0,630938,2210851
2024-02-22 08:00:00,132430.0,132540.0,132070.0,132190.0,667278,2611920
2024-02-22 09:00:00,132190.0,132245.0,131870.0,132015.0,495631,1934243
2024-02-22 10:00:00,132015.0,132180.0,131965.0,132115.0,306564,1157234
2024-02-22 11:00:00,132115.0,132240.0,131910.0,131920.0,307971,1181974
2024-02-22 12:00:00,131920.0,132355.0,131820.0,132340.0,377784,1529968
2024-02-22 13:00:00,132335.0,132605.0,132290.0,132325.0,350240,1505988
2024-02-22 14:00:00,132330.0,132375.0,131910.0,131965.0,345814,1489513
2024-02-22 15:00:00,131965.0,132105.0,131950.0,132055.0,59103,247920
2024-02-23 06:00:00,132260.0,132445.0,132085.0,132390.0,339462,1179907
2024-02-23 07:00:00,132390.0,132480.0,132035.0,132080.0,692526,2617947
2024-02-23 08:00:00,132085.0,132085.0,131455.0,131575.0,565722,2411039
2024-02-23 09:00:00,131570.0,131655.0,131315.0,131365.0,346915,1398768
2024-02-23 10:00:00,131360.0,131370.0,130860.0,131210.0,445376,1916877
2024-02-23 11:00:00,131205.0,131475.0,131200.0,131450.0,325781,1356800
2024-02-23 12:00:00,131445.0,131520.0,131140.0,131190.0,319112,1344723
2024-02-23 13:00:00,131190.0,131230.0,130960.0,131160.0,306628,1301210
2024-02-23 14:00:00,131160.0,131275.0,131065.0,131185.0,222142,939910
2024-02-23 15:00:00,131180.0,131515.0,131145.0,131515.0,55108,225728
2024-02-26 06:00:00,131235.0,131320.0,130880.0,130900.0,336006,1070859
2024-02-26 07:00:00,130900.0,131785.0,130860.0,131735.0,646913,2458053
2024-02-26 08:00:00,131730.0,131755.0,131240.0,131545.0,531579,1996600
2024-02-26 09:00:00,131545.0,131720.0,131015.0,131080.0,431735,1637335
2024-02-26 10:00:00,131075.0,131140.0,130920.0,131060.0,282167,1195048
2024-02-26 11:00:00,131065.0,131625.0,131010.0,131520.0,356157,1491371
2024-02-26 12:00:00,131520.0,131555.0,131355.0,131540.0,272031,1141866
2024-02-26 13:00:00,131540.0,131585.0,131325.0,131455.0,243408,1011353
2024-02-26 14:00:00,131455.0,131585.0,131360.0,131425.0,214559,914265
2024-02-26 15:00:00,131415.0,131530.0,131285.0,131285.0,54084,219574
2024-02-27 06:00:00,131850.0,132475.0,131830.0,132390.0,398911,1368386
2024-02-27 07:00:00,132385.0,132940.0,132360.0,132735.0,612713,2373525
2024-02-27 08:00:00,132735.0,133030.0,132630.0,132975.0,560008,2116460
2024-02-27 09:00:00,132970.0,133155.0,132965.0,133065.0,325195,1258044
2024-02-27 10:00:00,133065.0,133265.0,133000.0,133175.0,282778,1136562
2024-02-27 11:00:00,133180.0,133230.0,133060.0,133120.0,232069,913376
2024-02-27 12:00:00,133115.0,133480.0,133075.0,133405.0,355579,1541216
2024-02-27 13:00:00,133400.0,133495.0,133295.0,133380.0,236796,967959
2024-02-27 14:00:00,133385.0,133585.0,133285.0,133535.0,246843,1052419
2024-02-27 15:00:00,133540.0,133600.0,133375.0,133375.0,74595,306073
2024-02-28 06:00:00,132900.0,132920.0,132640.0,132790.0,381337,1200698
2024-02-28 07:00:00,132790.0,133080.0,132665.0,132815.0,679665,2499617
2024-02-28 08:00:00,132815.0,132850.0,132380.0,132510.0,647111,2494420
2024-02-28 09:00:00,132510.0,132795.0,132435.0,132700.0,405205,1538785
2024-02-28 10:00:00,132700.0,132780.0,132300.0,132440.0,427077,1637956
2024-02-28 11:00:00,132435.0,132485.0,131880.0,131985.0,399579,1588505
2024-02-28 12:00:00,131980.0,132120.0,131625.0,131645.0,457348,1852154
2024-02-28 13:00:00,131640.0,131855.0,131420.0,131730.0,413519,1739454
2024-02-28 14:00:00,131730.0,131945.0,131710.0,131835.0,244505,985107
2024-02-28 15:00:00,131835.0,131885.0,131670.0,131825.0,73716,266338
2024-02-29 06:00:00,132200.0,132270.0,131285.0,131295.0,430854,1499290
2024-02-29 07:00:00,131290.0,131520.0,130910.0,131020.0,785638,3077488
2024-02-29 08:00:00,131025.0,131120.0,130545.0,130830.0,677053,2717482
2024-02-29 09:00:00,130830.0,131070.0,130465.0,130675.0,530965,2041346
2024-02-29 10:00:00,130675.0,130795.0,130535.0,130730.0,348365,1369417
2024-02-29 11:00:00,130730.0,130785.0,130510.0,130730.0,292098,1132405
2024-02-29 12:00:00,130730.0,130770.0,130550.0,130630.0,237196,952499
2024-02-29 13:00:00,130635.0,130725.0,130270.0,130450.0,341747,1424915
2024-02-29 14:00:00,130450.0,130770.0,130340.0,130600.0,276021,1155853
2024-02-29 15:00:00,130595.0,130895.0,130550.0,130800.0,79109,311776
2024-03-01 06:00:00,130970.0,131315.0,130620.0,131020.0,425872,1376518
2024-03-01 07:00:00,131015.0,131035.0,130570.0,130780.0,635381,2412878
2024-03-01 08:00:00,130780.0,131020.0,130230.0,130275.0,569681,2213675
2024-03-01 09:00:00,130275.0,131295.0,130270.0,131255.0,592860,2366325
2024-03-01 10:00:00,131255.0,131290.0,130970.0,131085.0,278558,1088345
2024-03-01 11:00:00,131085.0,131155.0,130670.0,130730.0,304342,1214295
2024-03-01 12:00:00,130735.0,130930.0,130655.0,130655.0,342107,1295954
2024-03-01 13:00:00,130660.0,130900.0,130565.0,130875.0,292838,1096011
2024-03-01 14:00:00,130870.0,130895.0,130720.0,130815.0,198212,742760
2024-03-01 15:00:00,130815.0,130860.0,130500.0,130500.0,58908,233404
2024-03-04 06:00:00,130680.0,130875.0,130570.0,130610.0,361998,1113435
2024-03-04 07:00:00,130615.0,130825.0,130410.0,130595.0,658965,2390450
2024-03-04 08:00:00,130590.0,130630.0,129865.0,129990.0,577041,2153050
2024-03-04 09:00:00,129985.0,129995.0,129740.0,129865.0,311500,1181080
2024-03-04 10:00:00,129865.0,130285.0,129845.0,130170.0,302037,1261618
2024-03-04 11:00:00,130175.0,130220.0,129930.0,129985.0,283975,1152120
2024-03-04 12:00:00,129985.0,130055.0,129865.0,129990.0,232777,932793
2024-03-04 13:00:00,129990.0,130045.0,129845.0,129945.0,223416,897928
2024-03-04 14:00:00,129945.0,130030.0,129820.0,129890.0,204618,855331
2024-03-04 15:00:00,129890.0,129930.0,129815.0,129815.0,57633,209050
2024-03-05 06:00:00,129700.0,130080.0,129625.0,129895.0,434837,1407533
2024-03-05 07:00:00,129900.0,130070.0,129670.0,129845.0,697703,2579489
2024-03-05 08:00:00,129845.0,130160.0,129755.0,129845.0,597790,2341812
2024-03-05 09:00:00,129850.0,130520.0,129845.0,130230.0,637576,2517470
2024-03-05 10:00:00,130230.0,130250.0,129555.0,129880.0,396724,1567871
2024-03-05 11:00:00,129880.0,130065.0,129670.0,129700.0,303975,1204094
2024-03-05 12:00:00,129700.0,129875.0,129660.0,129715.0,288791,1141943
2024-03-05 13:00:00,129715.0,129795.0,129270.0,129415.0,387662,1602173
2024-03-05 14:00:00,129410.0,129660.0,129370.0,129645.0,251061,1053275
2024-03-05 15:00:00,129645.0,129750.0,129530.0,129750.0,62374,232787
2024-03-06 06:00:00,130175.0,130485.0,130115.0,130235.0,388051,1242726
2024-03-06 07:00:00,130235.0,130640.0,129880.0,130495.0,795296,2867294
2024-03-06 08:00:00,130495.0,130560.0,130240.0,130300.0,576751,2159019
2024-03-06 09:00:00,130300.0,130535.0,129965.0,130115.0,545879,2057151
2024-03-06 10:00:00,130120.0,130745.0,129945.0,130680.0,415619,1661193
2024-03-06 11:00:00,130680.0,130775.0,130550.0,130605.0,329189,1332437
2024-03-06 12:00:00,130605.0,130660.0,130365.0,130405.0,382824,1615431
2024-03-06 13:00:00,130405.0,130425.0,130120.0,130325.0,457411,2051304
2024-03-06 14:00:00,130325.0,130465.0,130205.0,130310.0,291624,1212243
2024-03-06 15:00:00,130315.0,130405.0,130220.0,130265.0,62545,225588
2024-03-07 06:00:00,130580.0,130615.0,130160.0,130240.0,373533,1207012
2024-03-07 07:00:00,130245.0,130540.0,130110.0,130145.0,676543,2431266
2024-03-07 08:00:00,130140.0,130185.0,129475.0,129555.0,672330,2664766
2024-03-07 09:00:00,129555.0,129755.0,129425.0,129725.0,389855,1531912
2024-03-07 10:00:00,129730.0,129800.0,129505.0,129610.0,347213,1437264
2024-03-07 11:00:00,129605.0,129660.0,129370.0,129605.0,361100,1603303
2024-03-07 12:00:00,129600.0,129815.0,129530.0,129735.0,279187,1188838
2024-03-07 13:00:00,129740.0,129740.0,129570.0,129620.0,275011,1190388
2024-03-07 14:00:00,129620.0,129785.0,129550.0,129750.0,178204,781903
2024-03-07 15:00:00,129750.0,129795.0,129610.0,129685.0,56201,223297
2024-03-08 06:00:00,127500.0,127550.0,127220.0,127345.0,400522,1344816
2024-03-08 07:00:00,127350.0,128085.0,127100.0,127760.0,907741,3149252
2024-03-08 08:00:00,127765.0,128050.0,127635.0,127880.0,722028,2746504
2024-03-08 09:00:00,127880.0,128765.0,127870.0,128640.0,586137,2383614
2024-03-08 10:00:00,128635.0,128660.0,128245.0,128350.0,474022,1885367
2024-03-08 11:00:00,128350.0,128880.0,128325.0,128480.0,518781,2077385
2024-03-08 12:00:00,128480.0,128800.0,128375.0,128480.0,440439,1879893
2024-03-08 13:00:00,128485.0,128815.0,128460.0,128510.0,346303,1454314
2024-03-08 14:00:00,128510.0,128535.0,128075.0,128405.0,368927,1500001
2024-03-08 15:00:00,128405.0,128480.0,128230.0,128305.0,81974,290048
2024-03-11 06:00:00,127695.0,127835.0,127235.0,127320.0,454487,1525467
2024-03-11 07:00:00,127325.0,127725.0,127245.0,127525.0,870234,3256440
2024-03-11 08:00:00,127525.0,128240.0,127460.0,128130.0,790158,3052368
2024-03-11 09:00:00,128130.0,128135.0,127585.0,127760.0,393017,1513721
2024-03-11 10:00:00,127760.0,127825.0,127620.0,127680.0,257090,1016666
2024-03-11 11:00:00,127680.0,127970.0,127610.0,127680.0,375041,1522114
2024-03-11 12:00:00,127680.0,127770.0,127535.0,127750.0,314672,1323179
2024-03-11 13:00:00,127750.0,128070.0,127305.0,127520.0,531998,2204237
2024-03-11 14:00:00,127525.0,127600.0,127340.0,127575.0,171425,675114
2024-03-11 15:00:00,127575.0,127595.0,127470.0,127560.0,48213,108584
2024-03-12 06:00:00,127870.0,128845.0,127855.0,128560.0,791708,2610917
2024-03-12 07:00:00,128560.0,128780.0,128040.0,128100.0,935387,3456650
2024-03-12 08:00:00,128100.0,128425.0,127805.0,128240.0,656777,2398941
2024-03-12 09:00:00,128235.0,128720.0,128175.0,128710.0,449496,1651737
2024-03-12 10:00:00,128705.0,128960.0,128590.0,128835.0,387919,1407347
2024-03-12 11:00:00,128840.0,128900.0,128675.0,128845.0,378880,1378191
2024-03-12 12:00:00,128845.0,129325.0,128780.0,129170.0,457511,1846883
2024-03-12 13:00:00,129170.0,129275.0,128925.0,128995.0,343234,1441494
2024-03-12 14:00:00,128990.0,129075.0,128850.0,128945.0,197645,775304
2024-03-12 15:00:00,128935.0,129040.0,128905.0,128905.0,30485,98634
2024-03-13 06:00:00,128940.0,128955.0,128480.0,128600.0,475263,1631862
2024-03-13 07:00:00,128600.0,129470.0,128550.0,129430.0,1022623,3826161
2024-03-13 08:00:00,129425.0,129510.0,129065.0,129075.0,511648,1895165
2024-03-13 09:00:00,129075.0,129360.0,129065.0,129325.0,349571,1285681
2024-03-13 10:00:00,129330.0,129400.0,129105.0,129165.0,287412,1090069
2024-03-13 11:00:00,129165.0,129740.0,129085.0,129710.0,438087,1694355
2024-03-13 12:00:00,129710.0,129740.0,129310.0,129330.0,312088,1324635
2024-03-13 13:00:00,129325.0,129420.0,129050.0,129390.0,364643,1613260
2024-03-13 14:00:00,129390.0,129435.0,129235.0,129330.0,176990,777119
2024-03-13 15:00:00,129325.0,129480.0,129295.0,129325.0,49565,120687
2024-03-14 06:00:00,129550.0,129580.0,129065.0,129170.0,598028,1996917
2024-03-14 07:00:00,129170.0,129415.0,128595.0,128665.0,970389,3614712
2024-03-14 08:00:00,128665.0,129290.0,128625.0,129005.0,650404,2608098
2024-03-14 09:00:00,129010.0,129120.0,128825.0,128865.0,414132,1666720
2024-03-14 10:00:00,128865.0,128925.0,128630.0,128705.0,316936,1301330
2024-03-14 11:00:00,128705.0,128735.0,128270.0,128705.0,415654,1764422
2024-03-14 12:00:00,128710.0,128955.0,128685.0,128860.0,342425,1484043
2024-03-14 13:00:00,128865.0,128880.0,128415.0,128820.0,411472,1691018
2024-03-14 14:00:00,128820.0,129020.0,128760.0,128930.0,208648,849531
2024-03-14 15:00:00,128930.0,129025.0,128915.0,129000.0,41878,105110
2024-03-15 06:00:00,128930.0,129020.0,128615.0,128760.0,553220,1786806
2024-03-15 07:00:00,128760.0,129060.0,128210.0,128330.0,889952,3511300
2024-03-15 08:00:00,128330.0,128370.0,127870.0,127950.0,631284,2592965
2024-03-15 09:00:00,127950.0,128040.0,127825.0,127840.0,284428,1158553
2024-03-15 10:00:00,127840.0,127855.0,127515.0,127560.0,354158,1542069
2024-03-15 11:00:00,127560.0,127725.0,127535.0,127690.0,271321,1155115
2024-03-15 12:00:00,127690.0,127755.0,127595.0,127700.0,242437,1053268
2024-03-15 13:00:00,127695.0,127775.0,127555.0,127735.0,286323,1230301
2024-03-15 14:00:00,127735.0,127835.0,127645.0,127690.0,185296,730177
2024-03-15 15:00:00,127680.0,127695.0,127460.0,127490.0,79020,168018
2024-03-18 06:00:00,128200.0,128570.0,128095.0,128270.0,472638,1631971
2024-03-18 07:00:00,128265.0,128580.0,127775.0,127795.0,890097,3348438
2024-03-18 08:00:00,127795.0,127980.0,127270.0,127335.0,619140,2577839
2024-03-18 09:00:00,127335.0,127525.0,127290.0,127470.0,278479,1201036
2024-03-18 10:00:00,127470.0,127645.0,127425.0,127595.0,268686,1126144
2024-03-18 11:00:00,127595.0,127690.0,127430.0,127670.0,299527,1373813
2024-03-18 12:00:00,127670.0,127940.0,127600.0,127830.0,306141,1372117
2024-03-18 13:00:00,127825.0,127895.0,127660.0,127875.0,275606,1223628
2024-03-18 14:00:00,127880.0,128005.0,127790.0,127810.0,171399,686275
2024-03-18 15:00:00,127810.0,127890.0,127735.0,127805.0,56944,127266
2024-03-19 06:00:00,127845.0,128265.0,127600.0,128250.0,539648,1878105
2024-03-19 07:00:00,128250.0,128515.0,128130.0,128270.0,845125,3269971
2024-03-19 08:00:00,128270.0,128745.0,128085.0,128665.0,622773,2480935
2024-03-19 09:00:00,128660.0,128680.0,128395.0,128535.0,378971,1576279
2024-03-19 10:00:00,128540.0,128680.0,128430.0,128660.0,276836,1158878
2024-03-19 11:00:00,128660.0,128950.0,128610.0,128875.0,371338,1692813
2024-03-19 12:00:00,128875.0,128975.0,128550.0,128685.0,373816,1722117
2024-03-19 13:00:00,128685.0,128745.0,128320.0,128485.0,437276,2061488
2024-03-19 14:00:00,128490.0,128625.0,128430.0,128490.0,142986,593517
2024-03-19 15:00:00,128485.0,128640.0,128485.0,128585.0,54309,127623
2024-03-20 06:00:00,128460.0,128655.0,128170.0,128600.0,529674,1787462
2024-03-20 07:00:00,128595.0,128940.0,128430.0,128785.0,906869,3398296
2024-03-20 08:00:00,128790.0,128810.0,128230.0,128440.0,576393,2238593
2024-03-20 09:00:00,128435.0,128660.0,128380.0,128635.0,301479,1213780
2024-03-20 10:00:00,128640.0,128985.0,128620.0,128950.0,327312,1370583
2024-03-20 11:00:00,128945.0,129245.0,128930.0,129070.0,394990,1677694
2024-03-20 12:00:00,129065.0,130030.0,129050.0,129940.0,1103039,4242991
2024-03-20 13:00:00,129940.0,130170.0,129835.0,130125.0,463792,1880559
2024-03-20 14:00:00,130125.0,130410.0,130015.0,130330.0,198005,808512
2024-03-20 15:00:00,130325.0,130655.0,130310.0,130405.0,83404,183864
2024-03-21 06:00:00,130330.0,130510.0,130005.0,130075.0,399097,1343892
2024-03-21 07:00:00,130080.0,130350.0,129435.0,129460.0,800634,3244575
2024-03-21 08:00:00,129460.0,129465.0,129205.0,129315.0,437142,1818465
2024-03-21 09:00:00,129315.0,129345.0,129160.0,129270.0,233057,965107
2024-03-21 10:00:00,129265.0,129280.0,129030.0,129205.0,243812,1048435
2024-03-21 11:00:00,129205.0,129315.0,129125.0,129185.0,239539,1029724
2024-03-21 12:00:00,129185.0,129290.0,128980.0,129250.0,294078,1289045
2024-03-21 13:00:00,129255.0,129275.0,128980.0,129020.0,297817,1312436
2024-03-21 14:00:00,129015.0,129155.0,128865.0,128910.0,163488,714534
2024-03-21 15:00:00,128910.0,128945.0,128830.0,128885.0,49019,129554
2024-03-22 06:00:00,128835.0,128860.0,128275.0,128485.0,537086,1763157
2024-03-22 07:00:00,128480.0,128745.0,128175.0,128400.0,899993,3284630
2024-03-22 08:00:00,128395.0,128540.0,128000.0,128230.0,611465,2436066
2024-03-22 09:00:00,128225.0,128435.0,128045.0,128150.0,391852,1635786
2024-03-22 10:00:00,128150.0,128200.0,127875.0,128045.0,311988,1324786
2024-03-22 11:00:00,128045.0,128080.0,127730.0,127780.0,308841,1300908
2024-03-22 12:00:00,127780.0,127915.0,127645.0,127900.0,306583,1288868
2024-03-22 13:00:00,127905.0,127920.0,127625.0,127745.0,295129,1251809
2024-03-22 14:00:00,127740.0,127850.0,127710.0,127785.0,125783,514272
2024-03-22 15:00:00,127790.0,127790.0,127640.0,127640.0,34429,98152
2024-03-25 06:00:00,127750.0,127800.0,127295.0,127690.0,509918,1588267
2024-03-25 07:00:00,127690.0,127920.0,127460.0,127745.0,898075,3159804
2024-03-25 08:00:00,127740.0,127960.0,127565.0,127685.0,520350,1979511
2024-03-25 09:00:00,127685.0,127900.0,127605.0,127840.0,243205,1009589
2024-03-25 10:00:00,127845.0,127915.0,127705.0,127740.0,210900,855793
2024-03-25 11:00:00,127740.0,127785.0,127480.0,127505.0,262668,1107900
2024-03-25 12:00:00,127510.0,127840.0,127450.0,127730.0,264540,1111372
2024-03-25 13:00:00,127725.0,127775.0,127565.0,127600.0,263500,1113825
2024-03-25 14:00:00,127600.0,127740.0,127575.0,127600.0,127220,486550
2024-03-25 15:00:00,127605.0,127655.0,127555.0,127565.0,47743,105973
2024-03-26 06:00:00,127650.0,127655.0,127105.0,127210.0,483592,1597715
2024-03-26 07:00:00,127210.0,127650.0,127170.0,127645.0,813931,2876397
2024-03-26 08:00:00,127645.0,127885.0,127505.0,127600.0,635299,2410130
2024-03-26 09:00:00,127600.0,127835.0,127525.0,127770.0,376081,1462229
2024-03-26 10:00:00,127770.0,127865.0,127675.0,127695.0,225035,926208
2024-03-26 11:00:00,127700.0,127940.0,127690.0,127790.0,314067,1274905
2024-03-26 12:00:00,127795.0,127925.0,127720.0,127780.0,243768,1027688
2024-03-26 13:00:00,127780.0,127785.0,127585.0,127645.0,256438,1045779
2024-03-26 14:00:00,127645.0,127695.0,127605.0,127630.0,101255,414068
2024-03-26 15:00:00,127630.0,127660.0,127585.0,127635.0,39094,96921
2024-03-27 06:00:00,127800.0,127840.0,127330.0,127425.0,396537,1308741
2024-03-27 07:00:00,127430.0,127440.0,127120.0,127250.0,716313,2699502
2024-03-27 08:00:00,127250.0,127480.0,126830.0,127425.0,638399,2617407
2024-03-27 09:00:00,127420.0,127765.0,127390.0,127675.0,316858,1415668
2024-03-27 10:00:00,127675.0,127745.0,127605.0,127725.0,206063,1019353
2024-03-27 11:00:00,127725.0,127815.0,127600.0,127650.0,255956,1249305
2024-03-27 12:00:00,127645.0,128230.0,127640.0,128090.0,340956,1545836
2024-03-27 13:00:00,128090.0,128480.0,128085.0,128440.0,368143,1738939
2024-03-27 14:00:00,128440.0,128440.0,128025.0,128210.0,196253,940042
2024-03-27 15:00:00,128210.0,128280.0,128020.0,128020.0,30398,107185
2024-03-28 06:00:00,127945.0,128090.0,127815.0,127965.0,440307,1486677
2024-03-28 07:00:00,127965.0,128590.0,127855.0,128535.0,758499,2939526
2024-03-28 08:00:00,128535.0,128785.0,128505.0,128735.0,386016,1576995
2024-03-28 09:00:00,128730.0,129015.0,128625.0,128870.0,312378,1373831
2024-03-28 10:00:00,128870.0,128885.0,128640.0,128720.0,251891,1125311
2024-03-28 11:00:00,128725.0,128735.0,128475.0,128660.0,281152,1205128
2024-03-28 12:00:00,128665.0,128810.0,128530.0,128645.0,288987,1185344
2024-03-28 13:00:00,128650.0,128960.0,128595.0,128865.0,287516,1147657
2024-03-28 14:00:00,128865.0,128890.0,128645.0,128770.0,175259,668920
2024-03-28 15:00:00,128765.0,128840.0,128705.0,128740.0,55392,129657
2024-04-01 06:00:00,128890.0,129070.0,128740.0,128965.0,396221,1305977
2024-04-01 07:00:00,128970.0,129260.0,128380.0,128565.0,746447,2902394
2024-04-01 08:00:00,128570.0,128580.0,127950.0,128045.0,513653,2102480
2024-04-01 09:00:00,128050.0,128060.0,127655.0,127700.0,339872,1519408
2024-04-01 10:00:00,127700.0,127825.0,127670.0,127695.0,204538,898018
2024-04-01 11:00:00,127700.0,127700.0,127380.0,127510.0,330817,1470655
2024-04-01 12:00:00,127515.0,127590.0,127330.0,127375.0,255771,1136745
2024-04-01 13:00:00,127370.0,127625.0,127305.0,127570.0,299992,1336164
2024-04-01 14:00:00,127575.0,127585.0,127435.0,127485.0,166051,703404
2024-04-01 15:00:00,127490.0,127540.0,127405.0,127500.0,69613,151534
2024-04-02 06:00:00,127650.0,127860.0,127130.0,127350.0,611630,2201121
2024-04-02 07:00:00,127350.0,127710.0,127200.0,127595.0,783398,3105942
2024-04-02 08:00:00,127595.0,127820.0,127085.0,127385.0,816553,3108875
2024-04-02 09:00:00,127390.0,127545.0,127155.0,127225.0,359477,1499726
2024-04-02 10:00:00,127230.0,127410.0,127130.0,127395.0,239635,1019142
2024-04-02 11:00:00,127395.0,127735.0,127170.0,127665.0,408733,1795486
2024-04-02 12:00:00,127670.0,127925.0,127585.0,127845.0,302572,1320492
2024-04-02 13:00:00,127845.0,128160.0,127845.0,128055.0,290048,1329154
2024-04-02 14:00:00,128055.0,128085.0,127950.0,127990.0,123791,556879
2024-04-02 15:00:00,127995.0,128000.0,127760.0,127760.0,28435,103089
2024-04-03 06:00:00,127585.0,127820.0,127425.0,127675.0,518697,1822235
2024-04-03 07:00:00,127675.0,127935.0,126770.0,126850.0,1007880,3982964
2024-04-03 08:00:00,126855.0,127115.0,126590.0,126935.0,612766,2676325
2024-04-03 09:00:00,126935.0,127125.0,126795.0,126970.0,376577,1666865
2024-04-03 10:00:00,126970.0,127395.0,126855.0,127385.0,378589,1652247
2024-04-03 11:00:00,127385.0,128210.0,127340.0,127995.0,459062,2152820
2024-04-03 12:00:00,127995.0,128010.0,127750.0,127765.0,277408,1289907
2024-04-03 13:00:00,127765.0,127850.0,127520.0,127775.0,339169,1502755
2024-04-03 14:00:00,127775.0,127840.0,127650.0,127665.0,130654,531961
2024-04-03 15:00:00,127665.0,127740.0,127660.0,127710.0,39720,83241
2024-04-04 06:00:00,127940.0,128150.0,127740.0,128140.0,544523,1863498
2024-04-04 07:00:00,128145.0,129565.0,128130.0,129440.0,1007954,4316289
2024-04-04 08:00:00,129435.0,129780.0,128780.0,128785.0,829824,3683949
2024-04-04 09:00:00,128785.0,129935.0,128745.0,129865.0,632133,2635731
2024-04-04 10:00:00,129860.0,130115.0,129640.0,129665.0,336411,1327344
2024-04-04 11:00:00,129665.0,129790.0,129185.0,129210.0,334706,1319142
2024-04-04 12:00:00,129210.0,129415.0,128240.0,128335.0,702402,2898870
2024-04-04 13:00:00,128340.0,128340.0,127555.0,127870.0,615914,2653531
2024-04-04 14:00:00,127875.0,127995.0,127600.0,127795.0,185378,749441
2024-04-04 15:00:00,127785.0,127845.0,127585.0,127660.0,70306,154866
2024-04-05 06:00:00,127885.0,128400.0,127600.0,127930.0,933134,2951932
2024-04-05 07:00:00,127925.0,127950.0,127145.0,127430.0,1022634,3745298
2024-04-05 08:00:00,127430.0,127525.0,126755.0,127180.0,720327,3017712
2024-04-05 09:00:00,127185.0,127375.0,126735.0,127355.0,620914,2590983
2024-04-05 10:00:00,127360.0,127650.0,127195.0,127575.0,417931,1772630
2024-04-05 11:00:00,127575.0,127580.0,126810.0,126895.0,447741,1950942
2024-04-05 12:00:00,126890.0,127140.0,126750.0,127110.0,387191,1748608
2024-04-05 13:00:00,127110.0,127340.0,126955.0,127150.0,304889,1379217
2024-04-05 14:00:00,127150.0,127180.0,126770.0,127060.0,231752,1006617
2024-04-05 15:00:00,127060.0,127175.0,126890.0,127175.0,70047,148190
2024-04-08 06:00:00,127350.0,127545.0,127020.0,127545.0,499697,1522480
2024-04-08 07:00:00,127540.0,128690.0,127400.0,128480.0,972090,3639643
2024-04-08 08:00:00,128475.0,128740.0,128230.0,128675.0,533709,2137850
2024-04-08 09:00:00,128675.0,129005.0,128655.0,128935.0,383356,1645039
2024-04-08 10:00:00,128930.0,129050.0,128805.0,128900.0,278033,1149131
2024-04-08 11:00:00,128900.0,129175.0,128880.0,129065.0,288271,1214924
2024-04-08 12:00:00,129060.0,129140.0,128795.0,128980.0,364198,1470301
2024-04-08 13:00:00,128980.0,129565.0,128950.0,129275.0,503231,2188804
2024-04-08 14:00:00,129275.0,129465.0,129160.0,129300.0,245452,1002792
2024-04-08 15:00:00,129300.0,129385.0,128990.0,128990.0,92536,215270
2024-04-09 06:00:00,129350.0,129905.0,129235.0,129810.0,687679,2244257
2024-04-09 07:00:00,129810.0,130150.0,129575.0,129845.0,925525,3550287
2024-04-09 08:00:00,129845.0,130315.0,129485.0,129850.0,785424,3284024
2024-04-09 09:00:00,129850.0,130010.0,129700.0,129820.0,480778,2001371
2024-04-09 10:00:00,129820.0,129985.0,129640.0,129655.0,335211,1406741
2024-04-09 11:00:00,129650.0,129970.0,129485.0,129910.0,424471,1754031
2024-04-09 12:00:00,129905.0,130090.0,129820.0,129880.0,388132,1573505
2024-04-09 13:00:00,129885.0,130280.0,129670.0,130270.0,467511,1898068
2024-04-09 14:00:00,130265.0,130350.0,130110.0,130205.0,228362,894244
2024-04-09 15:00:00,130205.0,130385.0,130185.0,130280.0,62649,139524
2024-04-10 06:00:00,130600.0,131380.0,129425.0,129905.0,1273379,3976934
2024-04-10 07:00:00,129910.0,129915.0,129025.0,129345.0,1146420,4158783
2024-04-10 08:00:00,129340.0,129420.0,128895.0,129100.0,768579,2873231
2024-04-10 09:00:00,129100.0,129165.0,128340.0,128435.0,489915,2064857
2024-04-10 10:00:00,128435.0,128660.0,128410.0,128575.0,304126,1270737
2024-04-10 11:00:00,128570.0,128815.0,128115.0,128330.0,712164,3050462
2024-04-10 12:00:00,128330.0,128525.0,128045.0,128050.0,472293,1925556
2024-04-10 13:00:00,128050.0,128335.0,127915.0,128205.0,427364,1832042
2024-04-10 14:00:00,128205.0,128285.0,128045.0,128260.0,163441,705771
2024-04-10 15:00:00,128260.0,128325.0,128115.0,128325.0,48012,115953
2024-04-11 06:00:00,127950.0,128325.0,127330.0,127970.0,893448,3011571
2024-04-11 07:00:00,127970.0,128125.0,127550.0,127640.0,828255,2964389
2024-04-11 08:00:00,127645.0,127675.0,127200.0,127505.0,651036,2625958
2024-04-11 09:00:00,127510.0,127765.0,127380.0,127740.0,408127,1676423
2024-04-11 10:00:00,127740.0,127785.0,127250.0,127350.0,439131,1905391
2024-04-11 11:00:00,127345.0,127755.0,127160.0,127725.0,434856,1874172
2024-04-11 12:00:00,127725.0,128035.0,127460.0,127470.0,441982,1942917
2024-04-11 13:00:00,127465.0,127755.0,127400.0,127510.0,360629,1584846
2024-04-11 14:00:00,127510.0,127620.0,127410.0,127520.0,155473,661241
2024-04-11 15:00:00,127525.0,127620.0,127440.0,127440.0,44921,98084
2024-04-12 06:00:00,127750.0,127870.0,127410.0,127600.0,724468,2330336
2024-04-12 07:00:00,127595.0,127780.0,127230.0,127550.0,1021294,3716885
2024-04-12 08:00:00,127555.0,127775.0,126900.0,126920.0,779101,3120930
2024-04-12 09:00:00,126920.0,127215.0,126835.0,127105.0,453729,1779050
2024-04-12 10:00:00,127105.0,127320.0,126560.0,126615.0,476366,1829776
2024-04-12 11:00:00,126615.0,126720.0,126175.0,126280.0,458172,1939815
2024-04-12 12:00:00,126285.0,126370.0,125815.0,125835.0,474971,2004884
2024-04-12 13:00:00,125840.0,126190.0,125725.0,125980.0,417630,1813262
2024-04-12 14:00:00,125975.0,126150.0,125915.0,126070.0,163285,684758
2024-04-12 15:00:00,126070.0,126090.0,125950.0,125970.0,41816,97786
2024-04-15 06:00:00,126565.0,126785.0,125925.0,126030.0,700366,2329747
2024-04-15 07:00:00,126025.0,126330.0,125645.0,126240.0,1049438,3858658
2024-04-15 08:00:00,126240.0,126350.0,125860.0,126000.0,881980,3332020
2024-04-15 09:00:00,126000.0,126295.0,125885.0,126160.0,445454,1707457
2024-04-15 10:00:00,126165.0,126170.0,125705.0,125865.0,403434,1613386
2024-04-15 11:00:00,125860.0,125930.0,125075.0,125495.0,664245,2806853
2024-04-15 12:00:00,125500.0,125625.0,125110.0,125400.0,493800,2004715
2024-04-15 13:00:00,125400.0,125605.0,125165.0,125555.0,422605,1613948
2024-04-15 14:00:00,125550.0,125565.0,125160.0,125290.0,232780,944122
2024-04-15 15:00:00,125290.0,125340.0,125165.0,125180.0,75114,154070
2024-04-16 06:00:00,125180.0,125190.0,124165.0,124240.0,747647,2585356
2024-04-16 07:00:00,124235.0,124440.0,123755.0,124135.0,999499,3807875
2024-04-16 08:00:00,124135.0,124770.0,124055.0,124495.0,830778,3385666
2024-04-16 09:00:00,124490.0,125205.0,124475.0,125060.0,580637,2296070
2024-04-16 10:00:00,125055.0,125065.0,124670.0,124825.0,459276,1772339
2024-04-16 11:00:00,124820.0,124860.0,124265.0,124640.0,788254,3116547
2024-04-16 12:00:00,124640.0,125175.0,124405.0,124875.0,688100,2900848
2024-04-16 13:00:00,124880.0,124950.0,124405.0,124445.0,401344,1609235
2024-04-16 14:00:00,124445.0,124515.0,124110.0,124235.0,193670,740876
2024-04-16 15:00:00,124235.0,124250.0,124015.0,124015.0,24585,85925
2024-04-17 06:00:00,126690.0,127175.0,126485.0,126705.0,629445,1997615
2024-04-17 07:00:00,126710.0,127060.0,126000.0,126135.0,1002710,3604953
2024-04-17 08:00:00,126135.0,126240.0,125785.0,125925.0,674314,2503105
2024-04-17 09:00:00,125915.0,126340.0,125765.0,126110.0,550919,2122780
2024-04-17 10:00:00,126110.0,126125.0,125280.0,125680.0,581860,2323132
2024-04-17 11:00:00,125680.0,126205.0,125570.0,126010.0,538524,2112890
2024-04-17 12:00:00,126010.0,126135.0,125645.0,125735.0,444810,1749411
2024-04-17 13:00:00,125735.0,125985.0,125565.0,125940.0,398765,1546908
2024-04-17 14:00:00,125935.0,125965.0,125660.0,125705.0,153639,586515
2024-04-17 15:00:00,125700.0,126010.0,125695.0,125930.0,59779,128424
2024-04-18 06:00:00,126370.0,126380.0,125340.0,126170.0,810281,2741530
2024-04-18 07:00:00,126170.0,126645.0,126010.0,126575.0,1112318,4089261
2024-04-18 08:00:00,126570.0,126820.0,126180.0,126275.0,686092,2559331
2024-04-18 09:00:00,126275.0,126400.0,125720.0,125770.0,575457,2203745
2024-04-18 10:00:00,125765.0,125800.0,125185.0,125295.0,491251,2014378
2024-04-18 11:00:00,125295.0,125435.0,124990.0,125405.0,493539,2025068
2024-04-18 12:00:00,125405.0,125630.0,125260.0,125395.0,433072,1779856
2024-04-18 13:00:00,125395.0,125910.0,125385.0,125695.0,378215,1598930
2024-04-18 14:00:00,125695.0,125865.0,125620.0,125780.0,158515,628182
2024-04-18 15:00:00,125775.0,125865.0,125710.0,125840.0,50241,116567
2024-04-19 06:00:00,125385.0,126250.0,125350.0,125925.0,707344,2314247
2024-04-19 07:00:00,125925.0,126835.0,125820.0,126730.0,946154,3540573
2024-04-19 08:00:00,126735.0,127170.0,126430.0,126995.0,799437,3151332
2024-04-19 09:00:00,127000.0,127135.0,126780.0,126845.0,381556,1416397
2024-04-19 10:00:00,126845.0,126920.0,126580.0,126835.0,373642,1451927
2024-04-19 11:00:00,126840.0,126910.0,126625.0,126775.0,391385,1558902
2024-04-19 12:00:00,126775.0,126785.0,126355.0,126615.0,477911,1923109
2024-04-19 13:00:00,126610.0,126925.0,126530.0,126895.0,375742,1505076
2024-04-19 14:00:00,126895.0,126900.0,126630.0,126720.0,163704,674422
2024-04-19 15:00:00,126720.0,126865.0,126675.0,126800.0,45181,111934
2024-04-22 06:00:00,127295.0,127315.0,126580.0,126890.0,677375,2213030
2024-04-22 07:00:00,126890.0,126975.0,126125.0,126370.0,906074,3403890
2024-04-22 08:00:00,126375.0,126875.0,126300.0,126670.0,756456,2956338
2024-04-22 09:00:00,126670.0,126860.0,126585.0,126855.0,338293,1258422
2024-04-22 10:00:00,126855.0,127625.0,126740.0,127615.0,489471,1900789
2024-04-22 11:00:00,127610.0,127655.0,127120.0,127185.0,408189,1689273
2024-04-22 12:00:00,127185.0,127380.0,127110.0,127330.0,308519,1281005
2024-04-22 13:00:00,127330.0,127400.0,126990.0,127165.0,346293,1456267
2024-04-22 14:00:00,127160.0,127275.0,127010.0,127110.0,165745,699367
2024-04-22 15:00:00,127110.0,127480.0,127090.0,127385.0,45326,110719
2024-04-23 06:00:00,127025.0,127040.0,126170.0,126320.0,672685,2190353
2024-04-23 07:00:00,126325.0,126350.0,125760.0,126270.0,1206627,4503650
2024-04-23 08:00:00,126265.0,126485.0,126045.0,126140.0,836879,2983297
2024-04-23 09:00:00,126135.0,126590.0,126075.0,126490.0,478982,1793433
2024-04-23 10:00:00,126490.0,127220.0,126425.0,127115.0,426694,1770514
2024-04-23 11:00:00,127115.0,127435.0,127040.0,127090.0,370904,1526252
2024-04-23 12:00:00,127090.0,127235.0,126915.0,127225.0,326352,1346094
2024-04-23 13:00:00,127230.0,127230.0,126685.0,126775.0,383627,1598311
2024-04-23 14:00:00,126770.0,126770.0,126515.0,126670.0,178757,739254
2024-04-23 15:00:00,126675.0,126750.0,126570.0,126570.0,37576,95910
2024-04-24 06:00:00,127040.0,127300.0,126710.0,126715.0,673747,2092556
2024-04-24 07:00:00,126715.0,126940.0,126375.0,126485.0,949066,3324700
2024-04-24 08:00:00,126485.0,126740.0,126255.0,126435.0,767789,2918022
2024-04-24 09:00:00,126430.0,126485.0,126005.0,126145.0,469314,1772142
2024-04-24 10:00:00,126140.0,126450.0,126095.0,126415.0,324376,1260222
2024-04-24 11:00:00,126415.0,126580.0,126305.0,126470.0,425031,1717553
2024-04-24 12:00:00,126470.0,126520.0,126250.0,126385.0,376712,1533839
2024-04-24 13:00:00,126380.0,126560.0,126280.0,126435.0,302612,1258803
2024-04-24 14:00:00,126430.0,126450.0,126110.0,126250.0,220512,900636
2024-04-24 15:00:00,126250.0,126265.0,126145.0,126215.0,37181,114741
2024-04-25 06:00:00,125915.0,127255.0,125755.0,125950.0,1023178,3333122
2024-04-25 07:00:00,125950.0,125970.0,125040.0,125260.0,1055211,3823246
2024-04-25 08:00:00,125260.0,125840.0,125215.0,125720.0,773901,2860807
2024-04-25 09:00:00,125720.0,126185.0,125720.0,126165.0,477395,1836839
2024-04-25 10:00:00,126165.0,126190.0,125750.0,125855.0,389332,1489577
2024-04-25 11:00:00,125855.0,126015.0,125655.0,125880.0,458891,1824400
2024-04-25 12:00:00,125875.0,126045.0,125765.0,125905.0,376774,1479634
2024-04-25 13:00:00,125900.0,126165.0,125815.0,125975.0,355134,1388826
2024-04-25 14:00:00,125970.0,126125.0,125815.0,125885.0,214858,847440
2024-04-25 15:00:00,125885.0,125975.0,125870.0,125890.0,35292,85258
2024-04-26 06:00:00,126750.0,127170.0,126250.0,126990.0,949473,2877373
2024-04-26 07:00:00,126990.0,127920.0,126730.0,127710.0,984944,3363270
2024-04-26 08:00:00,127705.0,127865.0,127540.0,127720.0,518734,1948846
2024-04-26 09:00:00,127725.0,128010.0,127615.0,127970.0,337041,1253965
2024-04-26 10:00:00,127970.0,128110.0,127850.0,127955.0,283005,1095497
2024-04-26 11:00:00,127955.0,128105.0,127815.0,128015.0,272447,1072477
2024-04-26 12:00:00,128015.0,128250.0,127965.0,128175.0,274243,1153041
2024-04-26 13:00:00,128175.0,128240.0,127850.0,127875.0,256544,1056107
2024-04-26 14:00:00,127875.0,127980.0,127785.0,127940.0,143145,632687
2024-04-26 15:00:00,127945.0,128185.0,127880.0,128000.0,73027,193803
2024-04-29 06:00:00,127990.0,128135.0,127720.0,127865.0,590966,1922000
2024-04-29 07:00:00,127865.0,128370.0,127845.0,128220.0,915895,3320611
2024-04-29 08:00:00,128220.0,128405.0,128025.0,128325.0,662988,2428342
2024-04-29 09:00:00,128330.0,128465.0,128050.0,128145.0,458570,1673871
2024-04-29 10:00:00,128140.0,128485.0,128090.0,128470.0,342983,1236014
2024-04-29 11:00:00,128470.0,128590.0,128440.0,128545.0,281179,1042688
2024-04-29 12:00:00,128545.0,128690.0,128370.0,128535.0,403471,1571155
2024-04-29 13:00:00,128535.0,128615.0,128260.0,128565.0,470761,1727390
2024-04-29 14:00:00,128565.0,128730.0,128540.0,128635.0,189454,746687
2024-04-29 15:00:00,128640.0,128775.0,128620.0,128690.0,49881,116732
2024-04-30 06:00:00,128320.0,128620.0,127980.0,128255.0,768959,2627833
2024-04-30 07:00:00,128250.0,128375.0,127815.0,127865.0,933577,3518213
2024-04-30 08:00:00,127860.0,128010.0,127430.0,127455.0,679060,2546454
2024-04-30 09:00:00,127460.0,127550.0,127155.0,127285.0,417244,1602255
2024-04-30 10:00:00,127290.0,127390.0,127115.0,127155.0,336138,1258433
2024-04-30 11:00:00,127160.0,127410.0,127150.0,127390.0,328800,1270769
2024-04-30 12:00:00,127395.0,127485.0,127225.0,127280.0,341515,1318328
2024-04-30 13:00:00,127275.0,127555.0,127200.0,127365.0,370123,1490469
2024-04-30 14:00:00,127365.0,127475.0,127250.0,127440.0,246506,964861
2024-04-30 15:00:00,127445.0,127450.0,127350.0,127350.0,46770,115546
2024-05-02 06:00:00,128175.0,128740.0,128100.0,128655.0,552615,1801762
2024-05-02 07:00:00,128655.0,128835.0,128225.0,128315.0,910367,3432981
2024-05-02 08:00:00,128320.0,128435.0,127880.0,128345.0,794512,3238380
2024-05-02 09:00:00,128350.0,128410.0,128200.0,128280.0,349910,1365038
2024-05-02 10:00:00,128275.0,128515.0,128015.0,128335.0,430864,1645919
2024-05-02 11:00:00,128335.0,128665.0,128330.0,128565.0,388135,1515192
2024-05-02 12:00:00,128565.0,128905.0,128370.0,128905.0,410765,1702024
2024-05-02 13:00:00,128900.0,129035.0,128510.0,128580.0,387762,1678554
2024-05-02 14:00:00,128580.0,128590.0,128350.0,128470.0,187077,824215
2024-05-02 15:00:00,128465.0,128490.0,128270.0,128270.0,52261,137404
2024-05-03 06:00:00,128450.0,130125.0,127845.0,130060.0,1160249,3844132
2024-05-03 07:00:00,130055.0,130315.0,129640.0,129705.0,904467,3248839
2024-05-03 08:00:00,129705.0,130070.0,129550.0,129815.0,928504,3374383
2024-05-03 09:00:00,129820.0,129960.0,129705.0,129770.0,351527,1347218
2024-05-03 10:00:00,129775.0,130020.0,129645.0,129645.0,308908,1167701
2024-05-03 11:00:00,129650.0,129930.0,129570.0,129895.0,305762,1254751
2024-05-03 12:00:00,129895.0,130025.0,129855.0,129935.0,264610,1060703
2024-05-03 13:00:00,129935.0,130015.0,129855.0,129930.0,243942,990083
2024-05-03 14:00:00,129935.0,130165.0,129875.0,130080.0,187309,831923
2024-05-03 15:00:00,130080.0,130290.0,130040.0,130175.0,50251,178539
2024-05-06 06:00:00,130415.0,130485.0,129515.0,129580.0,559304,1812290
2024-05-06 07:00:00,129575.0,130330.0,129480.0,130310.0,916800,3389588
2024-05-06 08:00:00,130315.0,130450.0,130170.0,130280.0,553914,2083814
2024-05-06 09:00:00,130280.0,130365.0,130110.0,130315.0,374042,1443242
2024-05-06 10:00:00,130315.0,130340.0,130010.0,130035.0,337943,1346285
2024-05-06 11:00:00,130040.0,130105.0,129735.0,129820.0,387147,1639425
2024-05-06 12:00:00,129820.0,129935.0,129775.0,129830.0,298320,1246527
2024-05-06 13:00:00,129835.0,129845.0,129665.0,129800.0,273066,1155549
2024-05-06 14:00:00,129800.0,129910.0,129675.0,129820.0,160633,672536
2024-05-06 15:00:00,129825.0,129860.0,129670.0,129670.0,51308,133424
2024-05-07 06:00:00,129670.0,130300.0,129600.0,130280.0,701911,2439203
2024-05-07 07:00:00,130275.0,130660.0,130240.0,130370.0,888642,3402595
2024-05-07 08:00:00,130370.0,130910.0,130260.0,130840.0,633170,2550226
2024-05-07 09:00:00,130845.0,130975.0,130665.0,130685.0,381072,1480511
2024-05-07 10:00:00,130680.0,130825.0,130590.0,130785.0,286061,1150011
2024-05-07 11:00:00,130785.0,130795.0,130555.0,130590.0,273723,1066743
2024-05-07 12:00:00,130590.0,130660.0,130260.0,130355.0,329520,1403579
2024-05-07 13:00:00,130360.0,130445.0,130270.0,130340.0,253867,1053204
2024-05-07 14:00:00,130335.0,130445.0,130330.0,130400.0,127920,553565
2024-05-07 15:00:00,130400.0,130490.0,130330.0,130355.0,42460,117225
2024-05-08 06:00:00,129900.0,130040.0,129255.0,129320.0,658410,2252515
2024-05-08 07:00:00,129325.0,130200.0,129150.0,130195.0,937301,3698608
2024-05-08 08:00:00,130195.0,130400.0,130100.0,130130.0,550337,2231160
2024-05-08 09:00:00,130135.0,130565.0,130085.0,130405.0,417753,1751767
2024-05-08 10:00:00,130410.0,130485.0,130305.0,130410.0,241470,1015504
2024-05-08 11:00:00,130415.0,130420.0,130235.0,130285.0,299079,1259513
2024-05-08 12:00:00,130290.0,130545.0,130185.0,130460.0,312094,1334262
2024-05-08 13:00:00,130465.0,130695.0,130420.0,130470.0,355677,1591378
2024-05-08 14:00:00,130470.0,130695.0,130430.0,130605.0,167962,752991
2024-05-08 15:00:00,130615.0,131515.0,130605.0,130925.0,91585,256267
2024-05-09 06:00:00,129600.0,129625.0,129075.0,129200.0,900248,3036048
2024-05-09 07:00:00,129205.0,129240.0,128450.0,128475.0,1011297,3778848
2024-05-09 08:00:00,128475.0,128825.0,128385.0,128770.0,688129,2485916
2024-05-09 09:00:00,128765.0,129005.0,128645.0,128715.0,465732,1740354
2024-05-09 10:00:00,128710.0,128860.0,128620.0,128740.0,330817,1225840
2024-05-09 11:00:00,128740.0,128995.0,128610.0,128975.0,382068,1412395
2024-05-09 12:00:00,128975.0,129500.0,128925.0,129450.0,497454,1949253
2024-05-09 13:00:00,129445.0,129545.0,129220.0,129320.0,324327,1318618
2024-05-09 14:00:00,129325.0,129585.0,129235.0,129445.0,191654,835838
2024-05-09 15:00:00,129435.0,129670.0,129435.0,129650.0,50962,166134
2024-05-10 06:00:00,129600.0,129910.0,129310.0,129345.0,758663,2486293
2024-05-10 07:00:00,129340.0,130025.0,129290.0,129395.0,990410,3600859
2024-05-10 08:00:00,129400.0,129475.0,128850.0,128930.0,756241,2916060
2024-05-10 09:00:00,128925.0,128995.0,128525.0,128585.0,422059,1690201
2024-05-10 10:00:00,128590.0,128985.0,128580.0,128915.0,337800,1362954
2024-05-10 11:00:00,128920.0,129065.0,128705.0,129025.0,299732,1205299
2024-05-10 12:00:00,129020.0,129020.0,128805.0,128830.0,267456,1119222
2024-05-10 13:00:00,128825.0,128900.0,128585.0,128615.0,272805,1155013
2024-05-10 14:00:00,128620.0,128835.0,128565.0,128770.0,147444,645849
2024-05-10 15:00:00,128770.0,128820.0,128675.0,128730.0,41398,134426
2024-05-13 06:00:00,129270.0,129335.0,128650.0,128915.0,636776,2167928
2024-05-13 07:00:00,128915.0,129700.0,128905.0,129670.0,862227,3086850
2024-05-13 08:00:00,129675.0,129720.0,129270.0,129270.0,533065,1927528
2024-05-13 09:00:00,129275.0,129290.0,128930.0,129095.0,473464,1841670
2024-05-13 10:00:00,129095.0,129310.0,128930.0,129030.0,339501,1269146
2024-05-13 11:00:00,129030.0,129150.0,128825.0,128975.0,421678,1659954
2024-05-13 12:00:00,128975.0,129350.0,128935.0,129230.0,359379,1450113
2024-05-13 13:00:00,129230.0,129340.0,129140.0,129295.0,268351,1075001
2024-05-13 14:00:00,129300.0,129365.0,129090.0,129290.0,157576,661764
2024-05-13 15:00:00,129295.0,129360.0,129245.0,129300.0,34414,109388
2024-05-14 06:00:00,128715.0,129335.0,128510.0,129010.0,1037027,3468060
2024-05-14 07:00:00,129005.0,129540.0,128820.0,129485.0,1036325,3740835
2024-05-14 08:00:00,129490.0,129965.0,129415.0,129885.0,750646,2969016
2024-05-14 09:00:00,129880.0,129890.0,129535.0,129615.0,384023,1555187
2024-05-14 10:00:00,129620.0,129650.0,129320.0,129610.0,350124,1440764
2024-05-14 11:00:00,129615.0,129655.0,129240.0,129260.0,339750,1362296
2024-05-14 12:00:00,129255.0,129595.0,129225.0,129450.0,380484,1614562
2024-05-14 13:00:00,129450.0,129580.0,129380.0,129545.0,213873,944858
2024-05-14 14:00:00,129545.0,129635.0,129450.0,129585.0,117167,544084
2024-05-14 15:00:00,129595.0,129740.0,129565.0,129735.0,38025,109918
2024-05-15 06:00:00,128230.0,129150.0,127610.0,128220.0,1036373,3453984
2024-05-15 07:00:00,128220.0,128620.0,127940.0,128265.0,1031040,3840682
2024-05-15 08:00:00,128265.0,128575.0,127855.0,128555.0,742092,2876031
2024-05-15 09:00:00,128555.0,128910.0,128200.0,128585.0,466775,1855702
2024-05-15 10:00:00,128590.0,129170.0,128520.0,129115.0,419141,1693764
2024-05-15 11:00:00,129120.0,129135.0,128635.0,128840.0,344596,1422558
2024-05-15 12:00:00,128840.0,129165.0,128650.0,129105.0,362073,1474505
2024-05-15 13:00:00,129100.0,129230.0,128920.0,129045.0,348503,1488151
2024-05-15 14:00:00,129040.0,129095.0,128885.0,129080.0,154309,654022
2024-05-15 15:00:00,129085.0,129300.0,129000.0,129210.0,57785,173887
2024-05-16 06:00:00,129170.0,129995.0,129070.0,129800.0,707756,2376980
2024-05-16 07:00:00,129800.0,129910.0,128765.0,128785.0,974219,3733129
2024-05-16 08:00:00,128790.0,129260.0,128700.0,129175.0,684256,2652404
2024-05-16 09:00:00,129180.0,129260.0,128995.0,129125.0,343276,1377559
2024-05-16 10:00:00,129120.0,129155.0,128825.0,129030.0,397447,1607609
2024-05-16 11:00:00,129030.0,129195.0,128885.0,129075.0,384736,1519694
2024-05-16 12:00:00,129075.0,129465.0,129020.0,129315.0,426878,1754116
2024-05-16 13:00:00,129320.0,129360.0,129055.0,129195.0,309101,1318581
2024-05-16 14:00:00,129190.0,129250.0,129105.0,129165.0,137901,596200
2024-05-16 15:00:00,129170.0,129185.0,129025.0,129105.0,55027,143636
2024-05-17 06:00:00,129350.0,129375.0,128730.0,128780.0,700565,2405672
2024-05-17 07:00:00,128780.0,129260.0,128420.0,128560.0,1021622,3780690
2024-05-17 08:00:00,128560.0,129035.0,128545.0,128845.0,582169,2199826
2024-05-17 09:00:00,128845.0,128890.0,128620.0,128685.0,292166,1184991
2024-05-17 10:00:00,128680.0,128935.0,128580.0,128875.0,307073,1235145
2024-05-17 11:00:00,128875.0,129130.0,128810.0,128980.0,273522,1166245
2024-05-17 12:00:00,128985.0,129155.0,128805.0,129055.0,299212,1239204
2024-05-17 13:00:00,129050.0,129175.0,128985.0,129125.0,200437,837340
2024-05-17 14:00:00,129125.0,129170.0,128955.0,129105.0,123649,551239
2024-05-17 15:00:00,129105.0,129200.0,129005.0,129200.0,43845,125063
2024-05-20 06:00:00,129350.0,129370.0,128430.0,128560.0,783422,2787297
2024-05-20 07:00:00,128560.0,128860.0,128165.0,128410.0,1035989,3876077
2024-05-20 08:00:00,128415.0,129285.0,128340.0,129075.0,668388,2645269
2024-05-20 09:00:00,129075.0,129530.0,128885.0,129335.0,409291,1585316
2024-05-20 10:00:00,129330.0,129340.0,129050.0,129100.0,205708,846243
2024-05-20 11:00:00,129100.0,129120.0,128515.0,128575.0,316861,1370893
2024-05-20 12:00:00,128580.0,128660.0,128410.0,128520.0,316669,1349017
2024-05-20 13:00:00,128525.0,128675.0,128465.0,128665.0,209869,949426
2024-05-20 14:00:00,128660.0,128690.0,128525.0,128645.0,132497,581699
2024-05-20 15:00:00,128645.0,128645.0,128420.0,128480.0,59281,148962
2024-05-21 06:00:00,128600.0,128785.0,128300.0,128590.0,955475,3233542
2024-05-21 07:00:00,128585.0,128950.0,128065.0,128320.0,1321182,4972532
2024-05-21 08:00:00,128325.0,128760.0,128230.0,128310.0,768315,2892876
2024-05-21 09:00:00,128310.0,128500.0,128140.0,128220.0,463916,1791981
2024-05-21 10:00:00,128225.0,128265.0,127865.0,128015.0,547675,2194844
2024-05-21 11:00:00,128010.0,128365.0,127940.0,128355.0,383722,1535460
2024-05-21 12:00:00,128360.0,128415.0,128065.0,128220.0,367180,1581336
2024-05-21 13:00:00,128215.0,128365.0,128155.0,128165.0,259690,1111647
2024-05-21 14:00:00,128165.0,128190.0,128015.0,128075.0,155778,687093
2024-05-21 15:00:00,128080.0,128270.0,128005.0,128205.0,48014,136949
2024-05-22 06:00:00,128000.0,128040.0,127370.0,127420.0,829820,2921491
2024-05-22 07:00:00,127415.0,127500.0,127015.0,127160.0,1059463,4043593
2024-05-22 08:00:00,127165.0,127205.0,126730.0,126885.0,814535,3174843
2024-05-22 09:00:00,126885.0,127150.0,126765.0,127025.0,571855,2139432
2024-05-22 10:00:00,127025.0,127120.0,126700.0,126740.0,318080,1260552
2024-05-22 11:00:00,126740.0,126895.0,126555.0,126735.0,406857,1634075
2024-05-22 12:00:00,126735.0,126780.0,126315.0,126475.0,550347,2224542
2024-05-22 13:00:00,126475.0,126515.0,126135.0,126320.0,396945,1637617
2024-05-22 14:00:00,126320.0,126325.0,126025.0,126040.0,263301,1060702
2024-05-22 15:00:00,126045.0,126080.0,125600.0,125680.0,118534,325130
2024-05-23 06:00:00,126150.0,126450.0,126000.0,126095.0,831452,2720068
2024-05-23 07:00:00,126095.0,126245.0,125575.0,125605.0,1169516,4353683
2024-05-23 08:00:00,125610.0,125690.0,125100.0,125185.0,830113,3319139
2024-05-23 09:00:00,125185.0,125450.0,125160.0,125380.0,369327,1392079
2024-05-23 10:00:00,125380.0,125495.0,125200.0,125310.0,383831,1465182
2024-05-23 11:00:00,125305.0,125490.0,125055.0,125060.0,479430,1839760
2024-05-23 12:00:00,125060.0,125230.0,124970.0,125140.0,436392,1697380
2024-05-23 13:00:00,125140.0,125305.0,125110.0,125255.0,323491,1253378
2024-05-23 14:00:00,125260.0,125445.0,125250.0,125325.0,182754,754261
2024-05-23 15:00:00,125320.0,125530.0,125285.0,125450.0,57662,153157
2024-05-24 06:00:00,125650.0,125920.0,125365.0,125565.0,639253,2023715
2024-05-24 07:00:00,125565.0,125750.0,125330.0,125410.0,952031,3403296
2024-05-24 08:00:00,125405.0,125840.0,125375.0,125580.0,736800,2634395
2024-05-24 09:00:00,125580.0,125605.0,125345.0,125390.0,307266,1146041
2024-05-24 10:00:00,125395.0,125590.0,125265.0,125305.0,293583,1167006
2024-05-24 11:00:00,125305.0,125400.0,125165.0,125355.0,318959,1218340
2024-05-24 12:00:00,125360.0,125375.0,124785.0,124890.0,425834,1710267
2024-05-24 13:00:00,124890.0,125105.0,124800.0,124885.0,269061,1043039
2024-05-24 14:00:00,124880.0,124905.0,124710.0,124765.0,127493,486349
2024-05-24 15:00:00,124765.0,124790.0,124510.0,124510.0,69445,168458
2024-05-27 06:00:00,124810.0,124985.0,124635.0,124910.0,468239,1529041
2024-05-27 07:00:00,124910.0,125085.0,124700.0,124750.0,887627,3108574
2024-05-27 08:00:00,124750.0,124860.0,124550.0,124735.0,581853,1996360
2024-05-27 09:00:00,124735.0,124955.0,124660.0,124860.0,325015,1202023
2024-05-27 10:00:00,124860.0,124955.0,124735.0,124910.0,204557,788153
2024-05-27 11:00:00,124910.0,125045.0,124755.0,124820.0,243032,885834
2024-05-27 12:00:00,124820.0,124920.0,124800.0,124835.0,119635,458190
2024-05-27 13:00:00,124840.0,125030.0,124835.0,124980.0,174506,646985
2024-05-27 14:00:00,124975.0,125020.0,124915.0,124950.0,87249,320313
2024-05-27 15:00:00,124955.0,125050.0,124940.0,125000.0,40246,97423
2024-05-28 06:00:00,125415.0,126185.0,125295.0,126050.0,771310,2668558
2024-05-28 07:00:00,126050.0,126200.0,125155.0,125200.0,1000588,4002653
2024-05-28 08:00:00,125205.0,125275.0,124970.0,125050.0,567263,2315574
2024-05-28 09:00:00,125050.0,125280.0,124990.0,125245.0,355580,1446239
2024-05-28 10:00:00,125240.0,125315.0,124520.0,124545.0,442153,1854119
2024-05-28 11:00:00,124545.0,124760.0,124300.0,124325.0,555693,2308161
2024-05-28 12:00:00,124320.0,124465.0,123975.0,124175.0,500574,2074209
2024-05-28 13:00:00,124170.0,124270.0,123930.0,124215.0,345461,1459729
2024-05-28 14:00:00,124215.0,124295.0,123940.0,123960.0,179693,791590
2024-05-28 15:00:00,123960.0,124000.0,123840.0,123965.0,68964,184689
2024-05-29 06:00:00,123720.0,123865.0,123410.0,123520.0,658536,2211924
2024-05-29 07:00:00,123515.0,123540.0,122865.0,123230.0,919960,3555637
2024-05-29 08:00:00,123230.0,123510.0,123145.0,123420.0,565533,2215214
2024-05-29 09:00:00,123425.0,123520.0,123210.0,123430.0,382253,1534206
2024-05-29 10:00:00,123425.0,123480.0,123315.0,123390.0,252014,1041492
2024-05-29 11:00:00,123390.0,123415.0,122900.0,123105.0,421063,1766656
2024-05-29 12:00:00,123105.0,123340.0,123085.0,123200.0,376011,1511302
2024-05-29 13:00:00,123195.0,123450.0,123125.0,123210.0,301352,1256456
2024-05-29 14:00:00,123210.0,123210.0,123005.0,123165.0,167946,767625
2024-05-29 15:00:00,123160.0,123400.0,123125.0,123350.0,40524,135033
2024-05-31 06:00:00,123350.0,123460.0,123000.0,123110.0,624314,2141966
2024-05-31 07:00:00,123115.0,123175.0,122750.0,122790.0,882867,3303807
2024-05-31 08:00:00,122790.0,122915.0,122370.0,122445.0,649458,2527505
2024-05-31 09:00:00,122440.0,122565.0,122355.0,122420.0,368646,1398566
2024-05-31 10:00:00,122420.0,122535.0,122215.0,122490.0,322051,1240865
2024-05-31 11:00:00,122495.0,122605.0,122450.0,122540.0,252102,1001073
2024-05-31 12:00:00,122540.0,122645.0,122415.0,122450.0,222263,919052
2024-05-31 13:00:00,122455.0,122765.0,122355.0,122750.0,338855,1447414
2024-05-31 14:00:00,122750.0,122755.0,122560.0,122660.0,162065,715427
2024-05-31 15:00:00,122655.0,122795.0,122650.0,122720.0,38830,138862
2024-06-03 06:00:00,122860.0,122920.0,122290.0,122630.0,676115,2172211
2024-06-03 07:00:00,122630.0,122640.0,121835.0,121910.0,840435,3071851
2024-06-03 08:00:00,121905.0,122790.0,121730.0,122545.0,925325,3511237
2024-06-03 09:00:00,122550.0,122735.0,122255.0,122330.0,393940,1483202
2024-06-03 10:00:00,122335.0,122370.0,121960.0,122075.0,329499,1241959
2024-06-03 11:00:00,122075.0,122700.0,122005.0,122425.0,444688,1759643
2024-06-03 12:00:00,122425.0,122810.0,122395.0,122650.0,367887,1458523
2024-06-03 13:00:00,122655.0,122720.0,122300.0,122365.0,264024,1095237
2024-06-03 14:00:00,122360.0,122370.0,122125.0,122190.0,146082,618628
2024-06-03 15:00:00,122185.0,122190.0,121970.0,122005.0,48986,142115
2024-06-04 06:00:00,121720.0,122185.0,121575.0,121960.0,760304,2443191
2024-06-04 07:00:00,121960.0,122080.0,121170.0,121525.0,1061088,3707602
2024-06-04 08:00:00,121520.0,121780.0,121120.0,121450.0,939047,3360500
2024-06-04 09:00:00,121450.0,121825.0,121390.0,121505.0,508442,1996809
2024-06-04 10:00:00,121505.0,121805.0,121445.0,121795.0,400257,1538172
2024-06-04 11:00:00,121795.0,121980.0,121645.0,121855.0,368763,1438275
2024-06-04 12:00:00,121855.0,122190.0,121785.0,121895.0,413174,1714766
2024-06-04 13:00:00,121900.0,122070.0,121715.0,122060.0,325351,1317120
2024-06-04 14:00:00,122065.0,122140.0,121915.0,122095.0,126029,531069
2024-06-04 15:00:00,122085.0,122260.0,122045.0,122045.0,54190,160495
2024-06-05 06:00:00,122305.0,122350.0,121845.0,121950.0,595609,1995385
2024-06-05 07:00:00,121950.0,122055.0,121745.0,121970.0,802198,2899204
2024-06-05 08:00:00,121965.0,122380.0,121455.0,122060.0,988953,3794196
2024-06-05 09:00:00,122055.0,122340.0,121965.0,122155.0,469704,1863523
2024-06-05 10:00:00,122155.0,122190.0,121830.0,121930.0,352811,1408533
2024-06-05 11:00:00,121930.0,122095.0,121700.0,121770.0,411263,1658970
2024-06-05 12:00:00,121775.0,121870.0,121435.0,121610.0,430281,1740819
2024-06-05 13:00:00,121610.0,121670.0,121410.0,121650.0,303032,1233975
2024-06-05 14:00:00,121650.0,121650.0,121485.0,121585.0,146725,665754
2024-06-05 15:00:00,121580.0,121640.0,121500.0,121515.0,48637,134112
2024-06-06 06:00:00,121700.0,121915.0,121385.0,121710.0,706464,2281659
2024-06-06 07:00:00,121710.0,122845.0,121495.0,122510.0,1114642,4060707
2024-06-06 08:00:00,122505.0,122775.0,122165.0,122720.0,560792,2168733
2024-06-06 09:00:00,122720.0,123465.0,122705.0,123345.0,519547,2247499
2024-06-06 10:00:00,123345.0,123360.0,122865.0,123020.0,316597,1333142
2024-06-06 11:00:00,123020.0,123400.0,122990.0,123145.0,365170,1567313
2024-06-06 12:00:00,123150.0,123255.0,122860.0,123060.0,326230,1319503
2024-06-06 13:00:00,123055.0,123195.0,122840.0,123185.0,326061,1350112
2024-06-06 14:00:00,123190.0,123220.0,123075.0,123160.0,140506,614288
2024-06-06 15:00:00,123160.0,123295.0,123005.0,123005.0,63601,156768
2024-06-07 06:00:00,122950.0,123425.0,121635.0,121855.0,983123,3114265
2024-06-07 07:00:00,121855.0,122210.0,121620.0,121985.0,908266,3113545
2024-06-07 08:00:00,121985.0,122310.0,121930.0,122135.0,727162,2627319
2024-06-07 09:00:00,122140.0,122180.0,121840.0,121875.0,357163,1378342
2024-06-07 10:00:00,121880.0,122090.0,121690.0,121860.0,376916,1477732
2024-06-07 11:00:00,121860.0,121885.0,121450.0,121520.0,381414,1520370
2024-06-07 12:00:00,121520.0,121620.0,121235.0,121250.0,482199,2073616
2024-06-07 13:00:00,121255.0,121300.0,120670.0,120850.0,613191,2728537
2024-06-07 14:00:00,120845.0,120965.0,120715.0,120760.0,209337,872814
2024-06-07 15:00:00,120760.0,120775.0,120385.0,120605.0,89986,241348
2024-06-10 06:00:00,120695.0,121395.0,120690.0,121005.0,658091,2196084
2024-06-10 07:00:00,121005.0,121335.0,120515.0,121075.0,1143145,4152016
2024-06-10 08:00:00,121070.0,121500.0,120995.0,121215.0,652403,2469579
2024-06-10 09:00:00,121215.0,121305.0,120985.0,121085.0,444266,1736736
2024-06-10 10:00:00,121090.0,121270.0,120990.0,121090.0,333982,1319698
2024-06-10 11:00:00,121095.0,121165.0,120880.0,120920.0,421308,1705676
2024-06-10 12:00:00,120915.0,121160.0,120660.0,120970.0,502175,2049450
2024-06-10 13:00:00,120970.0,121050.0,120810.0,120875.0,303636,1265751
2024-06-10 14:00:00,120875.0,121005.0,120835.0,120965.0,128118,524844
2024-06-10 15:00:00,120960.0,121135.0,120955.0,121090.0,60531,161531
2024-06-11 06:00:00,120500.0,121320.0,120315.0,121205.0,900194,3001346
2024-06-11 07:00:00,121205.0,121565.0,120905.0,121130.0,1036829,3667039
2024-06-11 08:00:00,121130.0,121750.0,121110.0,121485.0,776838,2820666
2024-06-11 09:00:00,121485.0,121645.0,121335.0,121625.0,392503,1558630
2024-06-11 10:00:00,121625.0,121635.0,121320.0,121455.0,356305,1387234
2024-06-11 11:00:00,121455.0,121700.0,121300.0,121540.0,400457,1557627
2024-06-11 12:00:00,121545.0,121815.0,121455.0,121795.0,387444,1548390
2024-06-11 13:00:00,121795.0,121860.0,121645.0,121720.0,282496,1020791
2024-06-11 14:00:00,121720.0,121780.0,121625.0,121725.0,137351,464842
2024-06-11 15:00:00,121725.0,121880.0,121660.0,121700.0,60303,167104
2024-06-12 06:00:00,123500.0,124730.0,122550.0,124360.0,1122414,3263084
2024-06-12 07:00:00,124360.0,124465.0,121820.0,122020.0,1345856,4763860
2024-06-12 08:00:00,122020.0,122400.0,121705.0,122060.0,731225,2686789
2024-06-12 09:00:00,122065.0,122255.0,121825.0,122150.0,374917,1397924
2024-06-12 10:00:00,122150.0,122540.0,121985.0,122320.0,381104,1443750
2024-06-12 11:00:00,122325.0,122465.0,122065.0,122385.0,386467,1521707
2024-06-12 12:00:00,122380.0,122390.0,121325.0,121705.0,882149,3185505
2024-06-12 13:00:00,121705.0,122025.0,121565.0,121890.0,560478,2105207
2024-06-12 14:00:00,121885.0,121990.0,121535.0,121580.0,200430,784047
2024-06-12 15:00:00,121580.0,121655.0,121460.0,121630.0,55475,149082
2024-06-13 06:00:00,121830.0,122260.0,121305.0,121705.0,980929,3043729
2024-06-13 07:00:00,121700.0,122140.0,121445.0,121505.0,1170601,3883087
2024-06-13 08:00:00,121505.0,121645.0,121070.0,121280.0,742554,2633565
2024-06-13 09:00:00,121280.0,122050.0,121025.0,121755.0,837057,3174403
2024-06-13 10:00:00,121760.0,121970.0,121555.0,121865.0,491494,1841330
2024-06-13 11:00:00,121865.0,121995.0,121630.0,121780.0,361649,1317248
2024-06-13 12:00:00,121780.0,121940.0,121665.0,121825.0,340582,1280731
2024-06-13 13:00:00,121825.0,121885.0,121570.0,121580.0,250076,972327
2024-06-13 14:00:00,121580.0,121645.0,121320.0,121385.0,184522,727978
2024-06-13 15:00:00,121380.0,121510.0,121345.0,121395.0,36413,102900
2024-06-14 06:00:00,121300.0,121650.0,120915.0,121290.0,799562,2476496
2024-06-14 07:00:00,121295.0,121365.0,120590.0,120765.0,1056346,3707384
2024-06-14 08:00:00,120760.0,121585.0,120600.0,121570.0,776081,2744643
2024-06-14 09:00:00,121565.0,122120.0,121495.0,121700.0,657236,2431238
2024-06-14 10:00:00,121700.0,121795.0,121530.0,121550.0,297717,1040128
2024-06-14 11:00:00,121555.0,121665.0,121030.0,121115.0,457524,1682677
2024-06-14 12:00:00,121110.0,121630.0,121015.0,121435.0,434114,1655126
2024-06-14 13:00:00,121440.0,121600.0,121375.0,121535.0,261612,1005869
2024-06-14 14:00:00,121530.0,121570.0,121400.0,121525.0,115337,434878
2024-06-14 15:00:00,121525.0,121615.0,121445.0,121615.0,34429,90308
2024-06-17 06:00:00,121500.0,121910.0,120885.0,120980.0,674639,2046094
2024-06-17 07:00:00,120980.0,121215.0,120570.0,120810.0,1026796,3570125
2024-06-17 08:00:00,120810.0,120825.0,120455.0,120575.0,602893,2123330
2024-06-17 09:00:00,120575.0,120955.0,120395.0,120865.0,468524,1730718
2024-06-17 10:00:00,120865.0,121410.0,120840.0,121405.0,474981,1864817
2024-06-17 11:00:00,121400.0,121465.0,121030.0,121105.0,373144,1507668
2024-06-17 12:00:00,121100.0,121280.0,121000.0,121155.0,369256,1483548
2024-06-17 13:00:00,121155.0,121185.0,120860.0,120900.0,327095,1350843
2024-06-17 14:00:00,120900.0,120965.0,120750.0,120845.0,154083,630614
2024-06-17 15:00:00,120840.0,120975.0,120805.0,120870.0,55089,147507
2024-06-18 06:00:00,120550.0,120850.0,120275.0,120725.0,811624,2585453
2024-06-18 07:00:00,120730.0,121845.0,120580.0,121780.0,1245315,4329836
2024-06-18 08:00:00,121780.0,121835.0,121185.0,121395.0,758061,2654104
2024-06-18 09:00:00,121400.0,121535.0,121225.0,121330.0,375030,1290169
2024-06-18 10:00:00,121325.0,121620.0,121280.0,121525.0,306757,1071571
2024-06-18 11:00:00,121525.0,121795.0,121445.0,121515.0,447836,1675415
2024-06-18 12:00:00,121515.0,121650.0,121290.0,121330.0,438647,1633682
2024-06-18 13:00:00,121330.0,121380.0,121015.0,121340.0,382767,1492616
2024-06-18 14:00:00,121335.0,121480.0,121235.0,121440.0,142016,574252
2024-06-18 15:00:00,121435.0,121525.0,121365.0,121440.0,43613,123247
2024-06-19 06:00:00,121500.0,121605.0,121130.0,121205.0,618436,1928304
2024-06-19 07:00:00,121205.0,121215.0,120670.0,120700.0,939193,3311565
2024-06-19 08:00:00,120705.0,120985.0,120650.0,120900.0,649289,2210947
2024-06-19 09:00:00,120900.0,121450.0,120790.0,121210.0,442716,1591994
2024-06-19 10:00:00,121210.0,121480.0,121125.0,121420.0,374880,1306981
2024-06-19 11:00:00,121420.0,121550.0,121185.0,121355.0,381844,1359592
2024-06-19 12:00:00,121355.0,121800.0,121330.0,121740.0,345126,1196873
2024-06-19 13:00:00,121745.0,122180.0,121635.0,122015.0,392093,1400255
2024-06-19 14:00:00,122015.0,122170.0,121895.0,122100.0,213075,729678
2024-06-19 15:00:00,122100.0,122750.0,122075.0,122750.0,86196,214845
2024-06-20 06:00:00,123270.0,123395.0,122860.0,122875.0,843447,2720828
2024-06-20 07:00:00,122875.0,123360.0,122540.0,123225.0,1111860,3865172
2024-06-20 08:00:00,123220.0,123335.0,122360.0,122575.0,845202,3138677
2024-06-20 09:00:00,122575.0,122595.0,122060.0,122155.0,573012,2146750
2024-06-20 10:00:00,122155.0,122205.0,121770.0,121965.0,543471,2015697
2024-06-20 11:00:00,121960.0,122270.0,121880.0,122100.0,547768,1956118
2024-06-20 12:00:00,122105.0,122590.0,122075.0,122475.0,425444,1522468
2024-06-20 13:00:00,122475.0,122560.0,122060.0,122215.0,442553,1651440
2024-06-20 14:00:00,122210.0,122255.0,122090.0,122140.0,159535,606967
2024-06-20 15:00:00,122140.0,122190.0,122005.0,122090.0,65676,182958
2024-06-21 06:00:00,122100.0,122310.0,121835.0,121900.0,711901,2344483
2024-06-21 07:00:00,121900.0,123040.0,121700.0,122960.0,1104415,4047750
2024-06-21 08:00:00,122955.0,123125.0,122705.0,122845.0,706605,2689571
2024-06-21 09:00:00,122845.0,123010.0,122590.0,122640.0,454210,1701067
2024-06-21 10:00:00,122640.0,123020.0,122560.0,122910.0,321475,1224134
2024-06-21 11:00:00,122905.0,122970.0,122710.0,122745.0,323359,1256576
2024-06-21 12:00:00,122750.0,123095.0,122665.0,123040.0,422321,1630239
2024-06-21 13:00:00,123040.0,123220.0,123020.0,123175.0,311624,1208889
2024-06-21 14:00:00,123170.0,123205.0,123030.0,123195.0,142063,584867
2024-06-21 15:00:00,123195.0,123250.0,123115.0,123190.0,45563,124361
2024-06-24 06:00:00,123090.0,123310.0,122820.0,123240.0,661601,2042805
2024-06-24 07:00:00,123240.0,124490.0,123200.0,124365.0,1051183,3880875
2024-06-24 08:00:00,124360.0,124445.0,124150.0,124260.0,526890,1946161
2024-06-24 09:00:00,124265.0,124305.0,123995.0,124150.0,396721,1535105
2024-06-24 10:00:00,124145.0,124310.0,124015.0,124155.0,379302,1471840
2024-06-24 11:00:00,124155.0,124335.0,124055.0,124200.0,359406,1349558
2024-06-24 12:00:00,124205.0,124285.0,124040.0,124120.0,293987,1106346
2024-06-24 13:00:00,124125.0,124350.0,124060.0,124235.0,321130,1263106
2024-06-24 14:00:00,124235.0,124340.0,124160.0,124300.0,140492,548379
2024-06-24 15:00:00,124305.0,124450.0,124255.0,124340.0,62489,167381
2024-06-25 06:00:00,124035.0,124255.0,123885.0,123975.0,673348,2167118
2024-06-25 07:00:00,123980.0,124410.0,123765.0,124005.0,1078153,3818098
2024-06-25 08:00:00,124005.0,124145.0,123690.0,123885.0,670232,2370258
2024-06-25 09:00:00,123890.0,123910.0,123520.0,123625.0,508843,1852039
2024-06-25 10:00:00,123625.0,123810.0,123550.0,123770.0,333796,1235105
2024-06-25 11:00:00,123770.0,124110.0,123650.0,123995.0,482277,1865060
2024-06-25 12:00:00,123990.0,124080.0,123845.0,123925.0,276233,1007730
2024-06-25 13:00:00,123925.0,123960.0,123765.0,123810.0,245161,965827
2024-06-25 14:00:00,123810.0,124000.0,123805.0,123965.0,128275,530309
2024-06-25 15:00:00,123965.0,124095.0,123935.0,124095.0,44651,123864
2024-06-26 06:00:00,124150.0,124225.0,123215.0,123260.0,879671,2962107
2024-06-26 07:00:00,123255.0,123490.0,122860.0,123120.0,986848,3438436
2024-06-26 08:00:00,123120.0,123515.0,123080.0,123200.0,693084,2465185
2024-06-26 09:00:00,123205.0,123585.0,123095.0,123560.0,478114,1733804
2024-06-26 10:00:00,123555.0,123960.0,123540.0,123865.0,453325,1727639
2024-06-26 11:00:00,123860.0,123995.0,123720.0,123930.0,374636,1417395
2024-06-26 12:00:00,123935.0,124200.0,123685.0,123695.0,420764,1648881
2024-06-26 13:00:00,123700.0,124350.0,123650.0,124255.0,383843,1510444
2024-06-26 14:00:00,124250.0,124305.0,124100.0,124265.0,195367,779854
2024-06-26 15:00:00,124265.0,124370.0,124200.0,124370.0,40477,133006
2024-06-27 06:00:00,124050.0,125130.0,124050.0,124725.0,822717,2759397
2024-06-27 07:00:00,124725.0,125315.0,124570.0,125250.0,1009903,3689091
2024-06-27 08:00:00,125245.0,125345.0,124550.0,124580.0,702356,2761037
2024-06-27 09:00:00,124580.0,125120.0,124460.0,125085.0,520245,2021554
2024-06-27 10:00:00,125085.0,125120.0,124845.0,124940.0,314353,1196176
2024-06-27 11:00:00,124945.0,125375.0,124715.0,125335.0,469290,1802380
2024-06-27 12:00:00,125330.0,125805.0,125135.0,125755.0,469273,1798591
2024-06-27 13:00:00,125750.0,125825.0,125590.0,125780.0,324139,1331504
2024-06-27 14:00:00,125785.0,125935.0,125695.0,125905.0,159000,682874
2024-06-27 15:00:00,125905.0,126000.0,125880.0,125900.0,49711,133701
2024-06-28 06:00:00,125835.0,126120.0,125495.0,125770.0,780312,2506998
2024-06-28 07:00:00,125770.0,125950.0,124880.0,124885.0,1053152,4038842
2024-06-28 08:00:00,124880.0,125645.0,124700.0,125595.0,823678,3402288
2024-06-28 09:00:00,125600.0,125750.0,125460.0,125505.0,509757,2146500
2024-06-28 10:00:00,125510.0,125550.0,125155.0,125355.0,366984,1485412
2024-06-28 11:00:00,125350.0,125655.0,125245.0,125475.0,321683,1279515
2024-06-28 12:00:00,125475.0,125570.0,125020.0,125315.0,407566,1643680
2024-06-28 13:00:00,125320.0,125460.0,125085.0,125450.0,371406,1539030
2024-06-28 14:00:00,125450.0,125495.0,125260.0,125335.0,156638,646398
2024-06-28 15:00:00,125330.0,125345.0,125250.0,125250.0,29231,76288
2024-07-01 06:00:00,125600.0,126115.0,125305.0,125510.0,818609,2707755
2024-07-01 07:00:00,125510.0,126560.0,125055.0,126160.0,1021719,3892617
2024-07-01 08:00:00,126160.0,126475.0,125665.0,126385.0,871825,3242667
2024-07-01 09:00:00,126380.0,126715.0,126310.0,126360.0,531669,2043091
2024-07-01 10:00:00,126360.0,126615.0,126205.0,126440.0,428342,1674485
2024-07-01 11:00:00,126435.0,126515.0,126300.0,126495.0,356378,1366264
2024-07-01 12:00:00,126495.0,126500.0,125960.0,126060.0,451882,1758452
2024-07-01 13:00:00,126060.0,126230.0,125905.0,126095.0,373482,1503138
2024-07-01 14:00:00,126100.0,126180.0,125965.0,126110.0,174779,718241
2024-07-01 15:00:00,126105.0,126180.0,125920.0,125920.0,45844,124336
2024-07-02 06:00:00,125700.0,126295.0,125545.0,126140.0,755632,2665389
2024-07-02 07:00:00,126145.0,126910.0,125975.0,126815.0,1134599,4405973
2024-07-02 08:00:00,126820.0,126950.0,126230.0,126520.0,881749,3289570
2024-07-02 09:00:00,126520.0,126675.0,126105.0,126235.0,481471,1798806
2024-07-02 10:00:00,126240.0,126250.0,125650.0,125825.0,484645,1834205
2024-07-02 11:00:00,125820.0,126155.0,125790.0,126035.0,353540,1306710
2024-07-02 12:00:00,126040.0,126445.0,126025.0,126365.0,314616,1190137
2024-07-02 13:00:00,126360.0,126515.0,126175.0,126420.0,372746,1436188
2024-07-02 14:00:00,126420.0,126500.0,126205.0,126355.0,183403,744303
2024-07-02 15:00:00,126360.0,126480.0,126330.0,126480.0,38175,109259
2024-07-03 06:00:00,126725.0,127120.0,126655.0,127010.0,612912,2090453
2024-07-03 07:00:00,127010.0,127885.0,126975.0,127465.0,976633,3712580
2024-07-03 08:00:00,127465.0,128000.0,127465.0,127710.0,750996,2830143
2024-07-03 09:00:00,127710.0,127890.0,127330.0,127830.0,509335,1969447
2024-07-03 10:00:00,127825.0,127975.0,127700.0,127840.0,368960,1469775
2024-07-03 11:00:00,127840.0,127845.0,127430.0,127560.0,284311,1142543
2024-07-03 12:00:00,127555.0,127760.0,127505.0,127670.0,227650,843017
2024-07-03 13:00:00,127670.0,127690.0,127060.0,127135.0,290129,1205477
2024-07-03 14:00:00,127135.0,127480.0,127075.0,127435.0,159200,671922
2024-07-03 15:00:00,127435.0,127600.0,127380.0,127600.0,36489,103187
2024-07-04 06:00:00,128000.0,128240.0,127720.0,128055.0,691305,2209727
2024-07-04 07:00:00,128060.0,128065.0,127560.0,127615.0,893930,3057794
2024-07-04 08:00:00,127615.0,127815.0,127370.0,127450.0,717770,2641977
2024-07-04 09:00:00,127450.0,127805.0,127405.0,127690.0,358699,1341211
2024-07-04 10:00:00,127695.0,127720.0,127425.0,127665.0,284907,1092243
2024-07-04 11:00:00,127670.0,127730.0,127470.0,127580.0,257775,1071705
2024-07-04 12:00:00,127580.0,127630.0,127375.0,127440.0,201994,819568
2024-07-04 13:00:00,127445.0,127645.0,127400.0,127445.0,202655,815457
2024-07-04 14:00:00,127440.0,127600.0,127435.0,127505.0,89964,364871
2024-07-04 15:00:00,127505.0,127550.0,127475.0,127535.0,28012,83300
2024-07-05 06:00:00,127600.0,128235.0,127200.0,127545.0,935588,3057780
2024-07-05 07:00:00,127545.0,127955.0,126760.0,127085.0,1103050,4143350
2024-07-05 08:00:00,127080.0,127335.0,126910.0,127155.0,619889,2279128
2024-07-05 09:00:00,127155.0,127535.0,127115.0,127380.0,389228,1484850
2024-07-05 10:00:00,127385.0,127640.0,127165.0,127335.0,347259,1317497
2024-07-05 11:00:00,127340.0,127500.0,127095.0,127475.0,324232,1213026
2024-07-05 12:00:00,127475.0,127530.0,127105.0,127455.0,320417,1221417
2024-07-05 13:00:00,127455.0,127640.0,127340.0,127585.0,250939,969458
2024-07-05 14:00:00,127580.0,127620.0,127445.0,127570.0,110692,461118
2024-07-05 15:00:00,127565.0,127800.0,127545.0,127760.0,29172,88494
2024-07-08 06:00:00,127600.0,127700.0,127220.0,127370.0,615076,2072422
2024-07-08 07:00:00,127365.0,127560.0,126790.0,127520.0,1061590,3812054
2024-07-08 08:00:00,127525.0,127680.0,126820.0,126895.0,825322,2775470
2024-07-08 09:00:00,126900.0,127550.0,126835.0,127515.0,615323,2047936
2024-07-08 10:00:00,127515.0,127675.0,127355.0,127395.0,411338,1406948
2024-07-08 11:00:00,127390.0,127845.0,127305.0,127760.0,393415,1378972
2024-07-08 12:00:00,127760.0,127810.0,127470.0,127620.0,337691,1163024
2024-07-08 13:00:00,127620.0,127730.0,127465.0,127640.0,266192,913390
2024-07-08 14:00:00,127640.0,127790.0,127570.0,127745.0,146307,548584
2024-07-08 15:00:00,127755.0,127775.0,127640.0,127680.0,35587,106508
2024-07-09 06:00:00,127675.0,127725.0,127150.0,127400.0,675276,2221512
2024-07-09 07:00:00,127400.0,127900.0,127110.0,127770.0,1135302,4090331
2024-07-09 08:00:00,127765.0,128070.0,127535.0,127980.0,708233,2552595
2024-07-09 09:00:00,127975.0,128275.0,127720.0,128250.0,526292,2005134
2024-07-09 10:00:00,128250.0,128415.0,128195.0,128345.0,391273,1562670
2024-07-09 11:00:00,128350.0,128535.0,128245.0,128335.0,356277,1446105
2024-07-09 12:00:00,128340.0,128425.0,128245.0,128295.0,259614,972797
2024-07-09 13:00:00,128290.0,128415.0,128185.0,128370.0,273430,1145994
2024-07-09 14:00:00,128370.0,128420.0,128295.0,128380.0,127658,570294
2024-07-09 15:00:00,128385.0,128600.0,128380.0,128475.0,66967,198353
2024-07-10 06:00:00,128625.0,129045.0,128420.0,128785.0,836218,2736316
2024-07-10 07:00:00,128790.0,128990.0,128230.0,128265.0,1090202,3719854
2024-07-10 08:00:00,128260.0,128535.0,128100.0,128280.0,740944,2607030
2024-07-10 09:00:00,128285.0,128450.0,128240.0,128335.0,381965,1368416
2024-07-10 10:00:00,128330.0,128525.0,128085.0,128140.0,396624,1508384
2024-07-10 11:00:00,128135.0,128360.0,128060.0,128315.0,407505,1516183
2024-07-10 12:00:00,128315.0,128530.0,128185.0,128345.0,330957,1264513
2024-07-10 13:00:00,128340.0,128475.0,128290.0,128390.0,264953,1012172
2024-07-10 14:00:00,128390.0,128460.0,128170.0,128285.0,173965,742132
2024-07-10 15:00:00,128285.0,128330.0,128150.0,128160.0,35500,123205
2024-07-11 06:00:00,128400.0,129200.0,128325.0,128795.0,851746,2843265
2024-07-11 07:00:00,128795.0,129470.0,128770.0,129200.0,1090071,3881639
2024-07-11 08:00:00,129200.0,129385.0,128865.0,129235.0,860101,3087016
2024-07-11 09:00:00,129240.0,129420.0,129110.0,129270.0,487443,1744177
2024-07-11 10:00:00,129270.0,129355.0,129110.0,129195.0,313207,1139634
2024-07-11 11:00:00,129195.0,129410.0,129105.0,129275.0,334649,1232468
2024-07-11 12:00:00,129270.0,129395.0,129100.0,129350.0,280874,1062432
2024-07-11 13:00:00,129355.0,129515.0,129275.0,129450.0,227378,906261
2024-07-11 14:00:00,129445.0,129445.0,129310.0,129385.0,136424,557135
2024-07-11 15:00:00,129385.0,129515.0,129380.0,129470.0,46086,125882
2024-07-12 06:00:00,129420.0,129700.0,129305.0,129445.0,739091,2422211
2024-07-12 07:00:00,129445.0,129715.0,129065.0,129610.0,1159746,4357303
2024-07-12 08:00:00,129610.0,129870.0,129480.0,129635.0,630279,2347865
2024-07-12 09:00:00,129635.0,129815.0,129525.0,129625.0,300246,1150984
2024-07-12 10:00:00,129620.0,130040.0,129520.0,130005.0,369009,1452126
2024-07-12 11:00:00,130005.0,130150.0,129910.0,130120.0,284499,1129113
2024-07-12 12:00:00,130120.0,130145.0,129925.0,130090.0,269915,1133610
2024-07-12 13:00:00,130090.0,130135.0,129950.0,130025.0,220172,954807
2024-07-12 14:00:00,130025.0,130055.0,129910.0,129990.0,122138,499383
2024-07-12 15:00:00,129985.0,130135.0,129955.0,130130.0,37146,105705
2024-07-15 06:00:00,129950.0,130200.0,129780.0,130065.0,559978,1773962
2024-07-15 07:00:00,130060.0,130340.0,129750.0,129995.0,940575,3308298
2024-07-15 08:00:00,129995.0,130320.0,129870.0,130170.0,648044,2395270
2024-07-15 09:00:00,130175.0,130415.0,130015.0,130360.0,446067,1678926
2024-07-15 10:00:00,130360.0,130530.0,130205.0,130310.0,400800,1483405
2024-07-15 11:00:00,130310.0,130455.0,130200.0,130305.0,346688,1293611
2024-07-15 12:00:00,130305.0,130570.0,130225.0,130550.0,294074,1186877
2024-07-15 13:00:00,130550.0,130560.0,130385.0,130425.0,194669,804194
2024-07-15 14:00:00,130425.0,130490.0,130370.0,130480.0,95583,388727
2024-07-15 15:00:00,130485.0,130570.0,130455.0,130535.0,45019,133206
2024-07-16 06:00:00,130200.0,130565.0,130130.0,130195.0,673972,2256608
2024-07-16 07:00:00,130195.0,130565.0,130115.0,130260.0,912224,3359176
2024-07-16 08:00:00,130255.0,130345.0,130055.0,130300.0,625096,2346941
2024-07-16 09:00:00,130300.0,130415.0,129840.0,129905.0,515796,1981730
2024-07-16 10:00:00,129905.0,130090.0,129730.0,129955.0,427087,1661916
2024-07-16 11:00:00,129955.0,130265.0,129870.0,130135.0,369030,1473350
2024-07-16 12:00:00,130135.0,130380.0,129985.0,130050.0,320547,1303894
2024-07-16 13:00:00,130045.0,130195.0,130000.0,130150.0,216747,898966
2024-07-16 14:00:00,130150.0,130280.0,130140.0,130250.0,93613,394090
2024-07-16 15:00:00,130250.0,130345.0,130230.0,130335.0,32399,92676
2024-07-17 06:00:00,129980.0,130130.0,129790.0,130045.0,545445,1885397
2024-07-17 07:00:00,130045.0,130360.0,129670.0,130235.0,984613,3517588
2024-07-17 08:00:00,130235.0,130525.0,129900.0,130365.0,692442,2559842
2024-07-17 09:00:00,130360.0,130595.0,130240.0,130330.0,388466,1471436
2024-07-17 10:00:00,130325.0,130430.0,130135.0,130415.0,310133,1205541
2024-07-17 11:00:00,130415.0,130580.0,130295.0,130390.0,349227,1292844
2024-07-17 12:00:00,130395.0,130575.0,130295.0,130475.0,287315,1093190
2024-07-17 13:00:00,130470.0,130525.0,130370.0,130375.0,205693,886094
2024-07-17 14:00:00,130375.0,130480.0,130295.0,130445.0,132778,542571
2024-07-17 15:00:00,130450.0,130475.0,130265.0,130315.0,36573,107285
2024-07-18 06:00:00,130225.0,130465.0,129935.0,129965.0,536196,1813732
2024-07-18 07:00:00,129965.0,130110.0,129485.0,129610.0,994046,3402089
2024-07-18 08:00:00,129610.0,129685.0,129145.0,129210.0,749887,2765807
2024-07-18 09:00:00,129205.0,129310.0,129040.0,129145.0,390951,1472662
2024-07-18 10:00:00,129140.0,129205.0,128865.0,128960.0,367693,1430253
2024-07-18 11:00:00,128965.0,128965.0,128735.0,128840.0,304840,1169778
2024-07-18 12:00:00,128840.0,128850.0,128485.0,128620.0,411803,1694557
2024-07-18 13:00:00,128615.0,128630.0,128380.0,128460.0,278278,1185989
2024-07-18 14:00:00,128465.0,129095.0,128440.0,128940.0,273528,1207715
2024-07-18 15:00:00,128940.0,129250.0,128905.0,129250.0,96616,278276
2024-07-19 06:00:00,129040.0,129355.0,128530.0,128685.0,440608,1436790
2024-07-19 07:00:00,128685.0,129280.0,128610.0,129000.0,585960,1869305
2024-07-19 08:00:00,129000.0,129225.0,128625.0,128790.0,381835,1241239
2024-07-19 09:00:00,128795.0,128895.0,128475.0,128700.0,308322,1188899
2024-07-19 10:00:00,128695.0,128780.0,128615.0,128730.0,211731,858520
2024-07-19 11:00:00,128735.0,128880.0,128575.0,128740.0,274191,1139725
2024-07-19 12:00:00,128740.0,128745.0,128245.0,128280.0,329743,1380852
2024-07-19 13:00:00,128280.0,128470.0,128265.0,128435.0,232692,989489
2024-07-19 14:00:00,128435.0,128495.0,128305.0,128340.0,111701,516156
2024-07-19 15:00:00,128335.0,128345.0,127900.0,127900.0,67256,180916
2024-07-22 06:00:00,128400.0,128595.0,128135.0,128360.0,645324,1992278
2024-07-22 07:00:00,128360.0,128690.0,128180.0,128295.0,880476,3042321
2024-07-22 08:00:00,128290.0,128860.0,128210.0,128845.0,643797,2398166
2024-07-22 09:00:00,128840.0,128910.0,128460.0,128825.0,419554,1660630
2024-07-22 10:00:00,128825.0,128900.0,128700.0,128850.0,258952,1007213
2024-07-22 11:00:00,128855.0,128950.0,128790.0,128835.0,229401,942372
2024-07-22 12:00:00,128830.0,128875.0,128635.0,128710.0,239653,980016
2024-07-22 13:00:00,128705.0,128785.0,128600.0,128725.0,194399,816690
2024-07-22 14:00:00,128725.0,128765.0,128655.0,128730.0,85726,369373
2024-07-22 15:00:00,128730.0,128845.0,128710.0,128795.0,31543,95723
2024-07-23 06:00:00,128465.0,128505.0,128195.0,128260.0,507662,1785287
2024-07-23 07:00:00,128255.0,128275.0,127635.0,127775.0,783080,3087422
2024-07-23 08:00:00,127775.0,127995.0,127685.0,127760.0,604625,2399098
2024-07-23 09:00:00,127760.0,127945.0,127655.0,127755.0,322664,1298743
2024-07-23 10:00:00,127755.0,127795.0,127525.0,127610.0,305531,1250976
2024-07-23 11:00:00,127615.0,127680.0,127340.0,127375.0,349118,1454561
2024-07-23 12:00:00,127380.0,127405.0,127265.0,127310.0,234549,1051530
2024-07-23 13:00:00,127310.0,127315.0,127210.0,127220.0,192647,878337
2024-07-23 14:00:00,127220.0,127300.0,126845.0,127085.0,144266,665576
2024-07-23 15:00:00,127080.0,127085.0,126700.0,126885.0,106339,269214
2024-07-24 06:00:00,127005.0,127165.0,126855.0,127090.0,445279,1573538
2024-07-24 07:00:00,127090.0,127355.0,126845.0,127045.0,852244,3313750
2024-07-24 08:00:00,127040.0,127420.0,126965.0,127395.0,573941,2218873
2024-07-24 09:00:00,127395.0,127475.0,127265.0,127280.0,303311,1184469
2024-07-24 10:00:00,127275.0,127380.0,127130.0,127230.0,270741,1096957
2024-07-24 11:00:00,127230.0,127375.0,127070.0,127090.0,256682,1071519
2024-07-24 12:00:00,127090.0,127110.0,126860.0,127065.0,354634,1548931
2024-07-24 13:00:00,127065.0,127235.0,126950.0,127145.0,266818,1202641
2024-07-24 14:00:00,127145.0,127305.0,127060.0,127275.0,110241,510614
2024-07-24 15:00:00,127270.0,127325.0,127205.0,127205.0,35475,121178
2024-07-25 06:00:00,126745.0,126780.0,126345.0,126640.0,656952,2231451
2024-07-25 07:00:00,126640.0,126845.0,126185.0,126445.0,826319,2972401
2024-07-25 08:00:00,126445.0,126700.0,126300.0,126575.0,591766,2146258
2024-07-25 09:00:00,126575.0,126695.0,126515.0,126615.0,286933,1109496
2024-07-25 10:00:00,126610.0,126840.0,126405.0,126785.0,309983,1182844
2024-07-25 11:00:00,126785.0,126875.0,126535.0,126785.0,317775,1232157
2024-07-25 12:00:00,126785.0,126825.0,126465.0,126565.0,330258,1281421
2024-07-25 13:00:00,126560.0,126725.0,126555.0,126590.0,218306,853987
2024-07-25 14:00:00,126590.0,126675.0,126510.0,126600.0,125856,509595
2024-07-25 15:00:00,126600.0,126615.0,126540.0,126600.0,16199,62373
2024-07-26 06:00:00,127100.0,127100.0,126685.0,126860.0,477057,1647781
2024-07-26 07:00:00,126860.0,126915.0,126600.0,126830.0,653532,2402814
2024-07-26 08:00:00,126830.0,127210.0,126760.0,127115.0,622067,2349520
2024-07-26 09:00:00,127110.0,127495.0,127110.0,127465.0,365660,1448946
2024-07-26 10:00:00,127465.0,127820.0,127455.0,127790.0,276236,1135725
2024-07-26 11:00:00,127790.0,127990.0,127755.0,127895.0,307444,1288396
2024-07-26 12:00:00,127890.0,128300.0,127875.0,128070.0,373322,1613727
2024-07-26 13:00:00,128065.0,128250.0,127995.0,128170.0,244952,1106322
2024-07-26 14:00:00,128175.0,128240.0,128115.0,128215.0,100919,507279
2024-07-26 15:00:00,128215.0,128375.0,128175.0,128230.0,41469,156514
2024-07-29 06:00:00,128115.0,128320.0,127905.0,128075.0,459894,1608633
2024-07-29 07:00:00,128080.0,128185.0,127430.0,127495.0,744019,2928404
2024-07-29 08:00:00,127495.0,127555.0,127140.0,127205.0,461585,1865412
2024-07-29 09:00:00,127205.0,127305.0,127120.0,127270.0,293375,1230621
2024-07-29 10:00:00,127270.0,127465.0,127230.0,127370.0,253892,1072066
2024-07-29 11:00:00,127370.0,127560.0,127225.0,127495.0,287145,1199051
2024-07-29 12:00:00,127495.0,127550.0,127360.0,127490.0,237000,966863
2024-07-29 13:00:00,127495.0,127645.0,127440.0,127600.0,215531,956631
2024-07-29 14:00:00,127595.0,127740.0,127515.0,127690.0,130722,600843
2024-07-29 15:00:00,127690.0,127830.0,127675.0,127795.0,30404,121814
2024-07-30 06:00:00,127520.0,127665.0,126965.0,127000.0,452973,1682719
2024-07-30 07:00:00,127005.0,127105.0,126720.0,126860.0,612241,2396938
2024-07-30 08:00:00,126860.0,127065.0,126675.0,126890.0,573652,2256406
2024-07-30 09:00:00,126890.0,126900.0,126605.0,126645.0,324707,1338831
2024-07-30 10:00:00,126645.0,126775.0,126540.0,126555.0,228099,928838
2024-07-30 11:00:00,126560.0,126650.0,126425.0,126630.0,317360,1292550
2024-07-30 12:00:00,126630.0,126755.0,126605.0,126735.0,194614,799490
2024-07-30 13:00:00,126735.0,126885.0,126705.0,126800.0,178257,813735
2024-07-30 14:00:00,126795.0,126875.0,126630.0,126870.0,190982,872297
2024-07-30 15:00:00,126865.0,126975.0,126825.0,126910.0,38115,135546
2024-07-31 06:00:00,127400.0,127640.0,127055.0,127290.0,534235,1855365
2024-07-31 07:00:00,127290.0,128050.0,127180.0,127610.0,790904,3003786
2024-07-31 08:00:00,127615.0,127930.0,127585.0,127665.0,416327,1650554
2024-07-31 09:00:00,127670.0,127865.0,127620.0,127790.0,230751,911114
2024-07-31 10:00:00,127790.0,128240.0,127780.0,128175.0,277340,1167624
2024-07-31 11:00:00,128175.0,128235.0,127865.0,127945.0,238657,1013613
2024-07-31 12:00:00,127945.0,128270.0,127735.0,128210.0,450985,1777764
2024-07-31 13:00:00,128210.0,128295.0,127765.0,127990.0,448210,1895392
2024-07-31 14:00:00,127985.0,128240.0,127980.0,128195.0,148269,640149
2024-07-31 15:00:00,128195.0,128225.0,128005.0,128105.0,32961,106426
2024-08-01 06:00:00,127980.0,128635.0,127715.0,128555.0,592322,2055318
2024-08-01 07:00:00,128560.0,129100.0,128520.0,129040.0,669720,2690095
2024-08-01 08:00:00,129040.0,129325.0,128635.0,128655.0,613639,2452357
2024-08-01 09:00:00,128660.0,128675.0,128140.0,128150.0,445037,1916302
2024-08-01 10:00:00,128145.0,128270.0,127840.0,127980.0,462164,1871039
2024-08-01 11:00:00,127980.0,128200.0,127850.0,128085.0,341764,1372207
2024-08-01 12:00:00,128085.0,128105.0,127525.0,127550.0,369169,1500806
2024-08-01 13:00:00,127545.0,127915.0,127515.0,127775.0,288853,1156977
2024-08-01 14:00:00,127775.0,127870.0,127585.0,127685.0,194536,804750
2024-08-01 15:00:00,127690.0,127750.0,127660.0,127710.0,29018,88466
2024-08-02 06:00:00,127315.0,127950.0,127100.0,127720.0,836922,2857650
2024-08-02 07:00:00,127720.0,128430.0,127120.0,127215.0,974467,3678593
2024-08-02 08:00:00,127210.0,127485.0,126655.0,126670.0,698793,2524364
2024-08-02 09:00:00,126665.0,126760.0,126430.0,126545.0,426923,1527198
2024-08-02 10:00:00,126545.0,126605.0,126310.0,126510.0,344331,1201574
2024-08-02 11:00:00,126515.0,126670.0,126270.0,126375.0,358891,1272145
2024-08-02 12:00:00,126375.0,126540.0,126250.0,126300.0,311031,1109250
2024-08-02 13:00:00,126300.0,126455.0,126090.0,126220.0,324863,1168564
2024-08-02 14:00:00,126220.0,126455.0,126205.0,126270.0,144988,579097
2024-08-02 15:00:00,126265.0,126775.0,126230.0,126775.0,43748,127077
2024-08-05 06:00:00,123790.0,124080.0,123130.0,123390.0,1048128,3180907
2024-08-05 07:00:00,123390.0,124400.0,123290.0,124300.0,1163999,3954270
2024-08-05 08:00:00,124300.0,124875.0,123980.0,124580.0,827358,2845989
2024-08-05 09:00:00,124575.0,125145.0,124350.0,124855.0,558104,2046823
2024-08-05 10:00:00,124850.0,125265.0,124830.0,125030.0,414095,1574419
2024-08-05 11:00:00,125035.0,125610.0,125010.0,125305.0,494800,1911556
2024-08-05 12:00:00,125305.0,125480.0,125070.0,125200.0,378200,1403584
2024-08-05 13:00:00,125205.0,125545.0,125165.0,125535.0,295994,1066805
2024-08-05 14:00:00,125540.0,125955.0,125320.0,125895.0,215225,841203
2024-08-05 15:00:00,125900.0,126585.0,125890.0,126105.0,74179,194607
2024-08-06 06:00:00,126050.0,126055.0,125345.0,125520.0,690527,2289064
2024-08-06 07:00:00,125520.0,126030.0,125470.0,125815.0,1153791,3921209
2024-08-06 08:00:00,125810.0,125995.0,125505.0,125525.0,754032,2603851
2024-08-06 09:00:00,125525.0,126040.0,125515.0,126000.0,475803,1673631
2024-08-06 10:00:00,126005.0,126465.0,126005.0,126300.0,451145,1688412
2024-08-06 11:00:00,126300.0,126770.0,126255.0,126610.0,379773,1452391
2024-08-06 12:00:00,126605.0,127240.0,126585.0,126985.0,412101,1661166
2024-08-06 13:00:00,126985.0,126990.0,126335.0,126340.0,449380,1786951
2024-08-06 14:00:00,126335.0,126475.0,126025.0,126185.0,224441,922443
2024-08-06 15:00:00,126180.0,126245.0,126110.0,126230.0,59559,153640
2024-08-07 06:00:00,126900.0,127640.0,126705.0,127360.0,663140,2241807
2024-08-07 07:00:00,127365.0,127660.0,127055.0,127560.0,1062729,3555903
2024-08-07 08:00:00,127565.0,127565.0,126915.0,127170.0,741707,2560303
2024-08-07 09:00:00,127170.0,127420.0,127015.0,127410.0,451424,1587628
2024-08-07 10:00:00,127415.0,127415.0,126975.0,127005.0,376520,1356554
2024-08-07 11:00:00,127005.0,127170.0,126835.0,127075.0,496200,1754032
2024-08-07 12:00:00,127070.0,127330.0,126850.0,127305.0,455835,1634357
2024-08-07 13:00:00,127310.0,127750.0,127260.0,127635.0,438769,1700659
2024-08-07 14:00:00,127635.0,127885.0,127460.0,127500.0,199342,753999
2024-08-07 15:00:00,127495.0,127730.0,127495.0,127680.0,47756,132813
2024-08-08 06:00:00,127400.0,127950.0,127395.0,127605.0,670614,2312031
2024-08-08 07:00:00,127605.0,128410.0,127600.0,128370.0,958902,3476705
2024-08-08 08:00:00,128370.0,128720.0,128325.0,128595.0,493486,1965277
2024-08-08 09:00:00,128590.0,128865.0,128520.0,128815.0,327867,1285777
2024-08-08 10:00:00,128815.0,128830.0,128665.0,128735.0,223270,867780
2024-08-08 11:00:00,128735.0,128905.0,128610.0,128755.0,287123,1139924
2024-08-08 12:00:00,128755.0,128975.0,128715.0,128840.0,316228,1262123
2024-08-08 13:00:00,128840.0,128845.0,128695.0,128750.0,239914,919944
2024-08-08 14:00:00,128750.0,129085.0,128675.0,129035.0,213030,892835
2024-08-08 15:00:00,129040.0,129265.0,129020.0,129160.0,71181,185239
2024-08-09 06:00:00,128835.0,129620.0,128635.0,129525.0,644981,2284625
2024-08-09 07:00:00,129530.0,129765.0,129135.0,129325.0,833967,3141760
2024-08-09 08:00:00,129330.0,129840.0,129160.0,129790.0,627253,2369683
2024-08-09 09:00:00,129790.0,130040.0,129780.0,129855.0,350198,1372011
2024-08-09 10:00:00,129855.0,130245.0,129850.0,130225.0,291836,1165991
2024-08-09 11:00:00,130230.0,130870.0,130220.0,130570.0,457985,1979881
2024-08-09 12:00:00,130570.0,130715.0,130470.0,130625.0,263535,1067367
2024-08-09 13:00:00,130625.0,130840.0,130565.0,130805.0,238925,1097955
2024-08-09 14:00:00,130810.0,131165.0,130790.0,131115.0,139763,666502
2024-08-09 15:00:00,131120.0,131155.0,130800.0,130990.0,46144,124858
2024-08-12 06:00:00,131000.0,131750.0,130905.0,131675.0,626120,2189918
2024-08-12 07:00:00,131680.0,131820.0,131290.0,131365.0,825092,2829254
2024-08-12 08:00:00,131360.0,131665.0,131305.0,131620.0,487802,1689845
2024-08-12 09:00:00,131615.0,131685.0,131345.0,131635.0,438765,1584696
2024-08-12 10:00:00,131635.0,131805.0,131570.0,131685.0,309740,1148493
2024-08-12 11:00:00,131685.0,131690.0,131350.0,131450.0,290258,1135064
2024-08-12 12:00:00,131455.0,131495.0,131220.0,131450.0,335881,1366146
2024-08-12 13:00:00,131445.0,131525.0,131315.0,131440.0,229290,977959
2024-08-12 14:00:00,131445.0,131620.0,131330.0,131510.0,142359,584540
2024-08-12 15:00:00,131505.0,131560.0,131400.0,131425.0,55242,150896
2024-08-13 06:00:00,131520.0,132300.0,131480.0,131915.0,679876,2394349
2024-08-13 07:00:00,131915.0,132270.0,131820.0,132170.0,762025,2825326
2024-08-13 08:00:00,132170.0,132340.0,132000.0,132210.0,523204,1997185
2024-08-13 09:00:00,132205.0,132290.0,131980.0,132000.0,234830,1030082
2024-08-13 10:00:00,132000.0,132465.0,131985.0,132310.0,350857,1515108
2024-08-13 11:00:00,132315.0,132540.0,132210.0,132330.0,434418,1764244
2024-08-13 12:00:00,132330.0,132520.0,132325.0,132460.0,246112,957442
2024-08-13 13:00:00,132460.0,132565.0,132400.0,132550.0,187429,672505
2024-08-13 14:00:00,132550.0,132600.0,132470.0,132535.0,154698,527644
2024-08-13 15:00:00,132530.0,132600.0,132525.0,132600.0,32254,96107
2024-08-14 06:00:00,134670.0,135005.0,134480.0,134800.0,596532,1861957
2024-08-14 07:00:00,134795.0,135180.0,134530.0,134970.0,859256,2889359
2024-08-14 08:00:00,134970.0,135170.0,134840.0,135060.0,415395,1446902
2024-08-14 09:00:00,135065.0,135360.0,134970.0,135330.0,320194,1210757
2024-08-14 10:00:00,135330.0,135420.0,135175.0,135395.0,307063,1168608
2024-08-14 11:00:00,135395.0,135805.0,135350.0,135760.0,408216,1613574
2024-08-14 12:00:00,135765.0,136010.0,135725.0,135935.0,277939,1084295
2024-08-14 13:00:00,135935.0,135955.0,135515.0,135530.0,291731,1193398
2024-08-14 14:00:00,135525.0,135525.0,135300.0,135415.0,188250,808526
2024-08-14 15:00:00,135415.0,135440.0,134800.0,135250.0,58152,170485
2024-08-15 06:00:00,135410.0,135895.0,135355.0,135830.0,715250,2483995
2024-08-15 07:00:00,135830.0,136275.0,135630.0,136110.0,790978,2857300
2024-08-15 08:00:00,136115.0,136410.0,136020.0,136375.0,421042,1683246
2024-08-15 09:00:00,136375.0,136620.0,136345.0,136575.0,279160,1184943
2024-08-15 10:00:00,136580.0,136770.0,136545.0,136615.0,226890,985340
2024-08-15 11:00:00,136620.0,136740.0,136525.0,136595.0,242422,1034146
2024-08-15 12:00:00,136595.0,136655.0,136250.0,136345.0,403070,1684390
2024-08-15 13:00:00,136350.0,136545.0,136275.0,136345.0,256233,1089215
2024-08-15 14:00:00,136350.0,136465.0,136300.0,136430.0,130321,537566
2024-08-15 15:00:00,136435.0,136540.0,136355.0,136425.0,52477,143302
2024-08-16 06:00:00,136200.0,137050.0,136120.0,136975.0,573533,1996597
2024-08-16 07:00:00,136975.0,137010.0,136750.0,136870.0,583823,2183705
2024-08-16 08:00:00,136870.0,136950.0,136280.0,136405.0,618984,2407646
2024-08-16 09:00:00,136410.0,136510.0,136260.0,136450.0,304285,1242533
2024-08-16 10:00:00,136455.0,136730.0,136415.0,136615.0,301652,1235142
2024-08-16 11:00:00,136620.0,136650.0,136145.0,136275.0,339395,1401299
2024-08-16 12:00:00,136275.0,136320.0,136030.0,136195.0,278891,1167306
2024-08-16 13:00:00,136195.0,136245.0,136065.0,136200.0,216760,908214
2024-08-16 14:00:00,136205.0,136210.0,136040.0,136090.0,93788,419146
2024-08-16 15:00:00,136090.0,136235.0,136085.0,136205.0,36796,107241
2024-08-19 06:00:00,136355.0,136775.0,136325.0,136640.0,503497,1711941
2024-08-19 07:00:00,136635.0,137345.0,136615.0,137290.0,783168,2936843
2024-08-19 08:00:00,137295.0,137500.0,137240.0,137440.0,458492,1838406
2024-08-19 09:00:00,137435.0,137805.0,137365.0,137720.0,321189,1347449
2024-08-19 10:00:00,137720.0,137945.0,137700.0,137895.0,252880,1078064
2024-08-19 11:00:00,137895.0,138395.0,137880.0,138155.0,382613,1716294
2024-08-19 12:00:00,138155.0,138255.0,137950.0,138025.0,265111,1122634
2024-08-19 13:00:00,138020.0,138245.0,137995.0,138130.0,243766,1043225
2024-08-19 14:00:00,138130.0,138205.0,137775.0,138135.0,219638,976645
2024-08-19 15:00:00,138135.0,138330.0,138060.0,138245.0,74651,208598
2024-08-20 06:00:00,138050.0,138215.0,137605.0,138200.0,655528,2291113
2024-08-20 07:00:00,138200.0,138305.0,137570.0,137705.0,907813,3360870
2024-08-20 08:00:00,137705.0,137730.0,137405.0,137705.0,468194,1802008
2024-08-20 09:00:00,137710.0,138010.0,137665.0,137930.0,382286,1478822
2024-08-20 10:00:00,137930.0,138400.0,137895.0,138140.0,367166,1523898
2024-08-20 11:00:00,138135.0,138325.0,137985.0,138305.0,336057,1398459
2024-08-20 12:00:00,138310.0,138475.0,138270.0,138320.0,284149,1199284
2024-08-20 13:00:00,138320.0,138420.0,138195.0,138255.0,252849,1089881
2024-08-20 14:00:00,138255.0,138530.0,138220.0,138505.0,150094,643207
2024-08-20 15:00:00,138500.0,138510.0,138280.0,138415.0,60999,165099
2024-08-21 06:00:00,138590.0,138835.0,138550.0,138655.0,418270,1402696
2024-08-21 07:00:00,138660.0,139085.0,138505.0,138835.0,825254,3030301
2024-08-21 08:00:00,138840.0,138915.0,138415.0,138505.0,669621,2449673
2024-08-21 09:00:00,138505.0,138670.0,138330.0,138375.0,306371,1173582
2024-08-21 10:00:00,138375.0,138535.0,138305.0,138385.0,269822,1045415
2024-08-21 11:00:00,138380.0,138570.0,138260.0,138380.0,308313,1170227
2024-08-21 12:00:00,138380.0,138840.0,138375.0,138685.0,431174,1657926
2024-08-21 13:00:00,138690.0,138720.0,138580.0,138590.0,203392,803409
2024-08-21 14:00:00,138590.0,138775.0,138540.0,138720.0,150274,625366
2024-08-21 15:00:00,138720.0,138805.0,138685.0,138765.0,37196,101191
2024-08-22 06:00:00,138725.0,138730.0,138120.0,138170.0,618942,2169104
2024-08-22 07:00:00,138170.0,138340.0,137640.0,137715.0,783446,2885681
2024-08-22 08:00:00,137720.0,137880.0,137470.0,137640.0,527394,1965106
2024-08-22 09:00:00,137645.0,137725.0,137025.0,137080.0,457584,1824956
2024-08-22 10:00:00,137080.0,137250.0,137000.0,137095.0,278632,1089639
2024-08-22 11:00:00,137095.0,137225.0,136760.0,136850.0,485551,1974282
2024-08-22 12:00:00,136850.0,137205.0,136740.0,137105.0,373980,1500494
2024-08-22 13:00:00,137100.0,137270.0,136895.0,137105.0,312787,1234010
2024-08-22 14:00:00,137100.0,137410.0,137070.0,137355.0,186257,749652
2024-08-22 15:00:00,137355.0,137435.0,137140.0,137350.0,44044,132948
2024-08-23 06:00:00,137760.0,137910.0,137475.0,137655.0,613876,2135640
2024-08-23 07:00:00,137660.0,137910.0,137320.0,137485.0,727443,2641690
2024-08-23 08:00:00,137485.0,138345.0,137435.0,138325.0,817394,2945778
2024-08-23 09:00:00,138325.0,138485.0,138150.0,138205.0,367826,1447890
2024-08-23 10:00:00,138205.0,138390.0,138025.0,138195.0,353534,1369461
2024-08-23 11:00:00,138195.0,138225.0,138070.0,138180.0,197725,729725
2024-08-23 12:00:00,138175.0,138265.0,138005.0,138045.0,204435,776838
2024-08-23 13:00:00,138040.0,138100.0,137785.0,137815.0,227592,895928
2024-08-23 14:00:00,137810.0,137840.0,137585.0,137740.0,164352,655321
2024-08-23 15:00:00,137740.0,137800.0,137610.0,137750.0,42155,121934
2024-08-26 06:00:00,137965.0,138380.0,137770.0,138290.0,531853,1792597
2024-08-26 07:00:00,138290.0,138670.0,137785.0,138545.0,1015279,3621639
2024-08-26 08:00:00,138545.0,138790.0,138355.0,138440.0,562537,2031632
2024-08-26 09:00:00,138440.0,138550.0,138150.0,138495.0,412665,1551557
2024-08-26 10:00:00,138495.0,138815.0,138415.0,138670.0,276456,1055642
2024-08-26 11:00:00,138665.0,138950.0,138625.0,138740.0,371085,1494270
2024-08-26 12:00:00,138745.0,138830.0,138625.0,138820.0,239875,942266
2024-08-26 13:00:00,138825.0,138865.0,138710.0,138850.0,192645,822247
2024-08-26 14:00:00,138850.0,138900.0,138770.0,138860.0,126135,535470
2024-08-26 15:00:00,138855.0,138860.0,138725.0,138810.0,39109,108107
2024-08-27 06:00:00,138750.0,139065.0,138650.0,138950.0,640419,2084239
2024-08-27 07:00:00,138950.0,138965.0,138460.0,138665.0,866077,3283236
2024-08-27 08:00:00,138670.0,139070.0,138535.0,138890.0,555555,2171643
2024-08-27 09:00:00,138890.0,139060.0,138695.0,138725.0,356657,1434519
2024-08-27 10:00:00,138725.0,138785.0,138605.0,138665.0,205562,843327
2024-08-27 11:00:00,138665.0,138895.0,138645.0,138825.0,260820,1098685
2024-08-27 12:00:00,138825.0,138950.0,138785.0,138835.0,166726,695016
2024-08-27 13:00:00,138835.0,138950.0,138765.0,138800.0,156174,642034
2024-08-27 14:00:00,138795.0,138825.0,138570.0,138645.0,147857,613774
2024-08-27 15:00:00,138645.0,138735.0,138585.0,138625.0,37066,104014
2024-08-28 06:00:00,138260.0,138380.0,137940.0,137960.0,502401,1668744
2024-08-28 07:00:00,137960.0,138115.0,137520.0,137835.0,915824,3471648
2024-08-28 08:00:00,137840.0,138610.0,137810.0,138450.0,617850,2486381
2024-08-28 09:00:00,138450.0,138585.0,138155.0,138510.0,367554,1501259
2024-08-28 10:00:00,138510.0,138675.0,138275.0,138555.0,353497,1450657
2024-08-28 11:00:00,138550.0,138805.0,138525.0,138590.0,321350,1360269
2024-08-28 12:00:00,138595.0,139015.0,138495.0,138980.0,371866,1649723
2024-08-28 13:00:00,138980.0,139280.0,138960.0,139135.0,316750,1383493
2024-08-28 14:00:00,139130.0,139195.0,138890.0,139120.0,196655,832277
2024-08-28 15:00:00,139120.0,139185.0,139055.0,139165.0,44654,122931
2024-08-29 06:00:00,139315.0,139425.0,138830.0,138865.0,458700,1578118
2024-08-29 07:00:00,138865.0,138870.0,138120.0,138405.0,829224,3333875
2024-08-29 08:00:00,138405.0,138460.0,137825.0,137995.0,618161,2590327
2024-08-29 09:00:00,137990.0,138010.0,137700.0,137750.0,337429,1433380
2024-08-29 10:00:00,137745.0,137825.0,137510.0,137640.0,342120,1436585
2024-08-29 11:00:00,137640.0,137905.0,137540.0,137870.0,281861,1197298
2024-08-29 12:00:00,137875.0,138070.0,137640.0,137890.0,362114,1567256
2024-08-29 13:00:00,137885.0,138035.0,137660.0,137735.0,286038,1279371
2024-08-29 14:00:00,137735.0,137750.0,137420.0,137480.0,148462,699060
2024-08-29 15:00:00,137480.0,137535.0,137400.0,137470.0,38855,115618
2024-08-30 06:00:00,137800.0,137975.0,136855.0,136945.0,717183,2503860
2024-08-30 07:00:00,136945.0,137170.0,136500.0,136980.0,832337,3054197
2024-08-30 08:00:00,136980.0,137860.0,136930.0,137655.0,825289,3129299
2024-08-30 09:00:00,137650.0,137860.0,137345.0,137355.0,428612,1684295
2024-08-30 10:00:00,137355.0,137445.0,136815.0,136885.0,353200,1394957
2024-08-30 11:00:00,136885.0,137155.0,136870.0,137065.0,280441,1055162
2024-08-30 12:00:00,137070.0,137155.0,136945.0,137000.0,195632,753741
2024-08-30 13:00:00,137000.0,137770.0,136970.0,137685.0,263315,1112623
2024-08-30 14:00:00,137685.0,138990.0,137635.0,138065.0,409962,1605160
2024-08-30 15:00:00,138070.0,138220.0,137870.0,138025.0,33341,102416
2024-09-02 06:00:00,137250.0,137485.0,137000.0,137090.0,603440,1935564
2024-09-02 07:00:00,137090.0,137325.0,136260.0,136320.0,854251,3048900
2024-09-02 08:00:00,136320.0,136570.0,136125.0,136395.0,534002,2051064
2024-09-02 09:00:00,136390.0,136590.0,136340.0,136460.0,249145,959381
2024-09-02 10:00:00,136455.0,136580.0,136295.0,136555.0,199291,754532
2024-09-02 11:00:00,136555.0,136945.0,136490.0,136655.0,320509,1187346
2024-09-02 12:00:00,136655.0,136660.0,136450.0,136475.0,171885,632060
2024-09-02 13:00:00,136475.0,136685.0,136350.0,136350.0,213525,825661
2024-09-02 14:00:00,136350.0,136485.0,136295.0,136415.0,149093,562577
2024-09-02 15:00:00,136415.0,136420.0,136220.0,136220.0,45736,119410
2024-09-03 06:00:00,135695.0,136555.0,135600.0,136370.0,681982,2401480
2024-09-03 07:00:00,136375.0,136590.0,135905.0,136070.0,912813,3487945
2024-09-03 08:00:00,136070.0,136555.0,135795.0,136130.0,780346,2988172
2024-09-03 09:00:00,136130.0,136310.0,135895.0,135900.0,405534,1529812
2024-09-03 10:00:00,135905.0,136210.0,135900.0,135990.0,282593,1110683
2024-09-03 11:00:00,135990.0,136430.0,135980.0,136105.0,359180,1449238
2024-09-03 12:00:00,136105.0,136170.0,135940.0,136035.0,287004,1111638
2024-09-03 13:00:00,136035.0,136100.0,135705.0,135985.0,292551,1204423
2024-09-03 14:00:00,135985.0,136145.0,135905.0,136105.0,185487,785970
2024-09-03 15:00:00,136100.0,136250.0,136050.0,136220.0,42451,126155
2024-09-04 06:00:00,135880.0,136685.0,135755.0,136520.0,659237,2213408
2024-09-04 07:00:00,136520.0,137765.0,136415.0,137635.0,928959,3544424
2024-09-04 08:00:00,137640.0,138460.0,137480.0,138395.0,685657,2801479
2024-09-04 09:00:00,138400.0,138425.0,138090.0,138100.0,324658,1325874
2024-09-04 10:00:00,138095.0,138115.0,137915.0,137955.0,249532,1020636
2024-09-04 11:00:00,137955.0,137985.0,137655.0,137770.0,331841,1408439
2024-09-04 12:00:00,137770.0,137920.0,137690.0,137770.0,281710,1140669
2024-09-04 13:00:00,137775.0,138310.0,137745.0,137920.0,402305,1724854
2024-09-04 14:00:00,137925.0,138075.0,137685.0,138005.0,238120,1026397
2024-09-04 15:00:00,138005.0,138075.0,137780.0,137920.0,59881,172166
2024-09-05 06:00:00,137850.0,138340.0,137270.0,137535.0,751803,2540897
2024-09-05 07:00:00,137540.0,138020.0,137350.0,137765.0,896354,3178762
2024-09-05 08:00:00,137760.0,137940.0,137465.0,137595.0,521656,1931664
2024-09-05 09:00:00,137600.0,137755.0,137485.0,137520.0,352837,1348196
2024-09-05 10:00:00,137520.0,138055.0,137475.0,138035.0,388623,1458896
2024-09-05 11:00:00,138035.0,138200.0,137730.0,137820.0,378304,1478755
2024-09-05 12:00:00,137820.0,138000.0,137700.0,137880.0,268637,1141366
2024-09-05 13:00:00,137880.0,138160.0,137825.0,138085.0,259948,1121704
2024-09-05 14:00:00,138085.0,138180.0,138005.0,138060.0,122056,516116
2024-09-05 15:00:00,138060.0,138295.0,138035.0,138265.0,27982,111986
2024-09-06 06:00:00,137800.0,138780.0,137560.0,138135.0,865899,2761289
2024-09-06 07:00:00,138135.0,138170.0,137290.0,137415.0,1066241,3503127
2024-09-06 08:00:00,137415.0,137545.0,136515.0,136585.0,686597,2578126
2024-09-06 09:00:00,136590.0,137015.0,136230.0,136280.0,529615,2073261
2024-09-06 10:00:00,136280.0,136385.0,136055.0,136185.0,308213,1170326
2024-09-06 11:00:00,136190.0,136375.0,135950.0,135985.0,308174,1187173
2024-09-06 12:00:00,135985.0,136165.0,135835.0,136120.0,288037,1137065
2024-09-06 13:00:00,136125.0,136155.0,135920.0,135985.0,216769,879656
2024-09-06 14:00:00,135985.0,136000.0,135650.0,135795.0,161482,665345
2024-09-06 15:00:00,135795.0,135915.0,135725.0,135915.0,29073,98060
2024-09-09 06:00:00,136500.0,136800.0,135870.0,136070.0,589041,1879228
2024-09-09 07:00:00,136065.0,136520.0,135860.0,136425.0,896342,3006957
2024-09-09 08:00:00,136425.0,136595.0,136270.0,136390.0,511428,1861869
2024-09-09 09:00:00,136385.0,136430.0,136120.0,136205.0,243693,905146
2024-09-09 10:00:00,136205.0,136465.0,136130.0,136395.0,291492,1092076
2024-09-09 11:00:00,136395.0,136535.0,136145.0,136170.0,275921,1040286
2024-09-09 12:00:00,136170.0,136250.0,135980.0,136220.0,265230,1013438
2024-09-09 13:00:00,136215.0,136315.0,136040.0,136085.0,206961,818286
2024-09-09 14:00:00,136085.0,136135.0,135870.0,135965.0,149601,592352
2024-09-09 15:00:00,135965.0,135995.0,135850.0,135850.0,22269,80236
2024-09-10 06:00:00,135740.0,136145.0,135415.0,135460.0,682302,2294710
2024-09-10 07:00:00,135455.0,135835.0,135265.0,135270.0,789301,2809694
2024-09-10 08:00:00,135270.0,135435.0,135035.0,135230.0,575628,2153933
2024-09-10 09:00:00,135230.0,135510.0,135165.0,135240.0,296114,1080485
2024-09-10 10:00:00,135240.0,135435.0,135175.0,135335.0,239969,890957
2024-09-10 11:00:00,135335.0,135395.0,135050.0,135230.0,280011,1077536
2024-09-10 12:00:00,135225.0,135640.0,135225.0,135605.0,350641,1407194
2024-09-10 13:00:00,135605.0,135795.0,135485.0,135700.0,262400,1090304
2024-09-10 14:00:00,135700.0,135705.0,135430.0,135635.0,171678,717626
2024-09-10 15:00:00,135630.0,135725.0,135575.0,135620.0,34419,126243
2024-09-11 06:00:00,135900.0,136240.0,135715.0,135905.0,713637,2383996
2024-09-11 07:00:00,135905.0,136310.0,135435.0,135590.0,1034783,3690855
2024-09-11 08:00:00,135595.0,135940.0,135015.0,135230.0,700390,2607166
2024-09-11 09:00:00,135235.0,135725.0,135165.0,135690.0,383091,1449890
2024-09-11 10:00:00,135690.0,136080.0,135645.0,135930.0,318706,1220432
2024-09-11 11:00:00,135930.0,136250.0,135885.0,136115.0,286908,1116309
2024-09-11 12:00:00,136110.0,136135.0,135835.0,135865.0,321735,1289117
2024-09-11 13:00:00,135860.0,135995.0,135790.0,135920.0,194288,736305
2024-09-11 14:00:00,135920.0,136140.0,135835.0,135910.0,157649,601705
2024-09-11 15:00:00,135915.0,135915.0,135695.0,135780.0,22455,79488
2024-09-12 06:00:00,136285.0,136295.0,135555.0,135595.0,570585,1918437
2024-09-12 07:00:00,135595.0,135665.0,135115.0,135165.0,773382,2859711
2024-09-12 08:00:00,135165.0,135325.0,134725.0,134800.0,591023,2373138
2024-09-12 09:00:00,134800.0,135185.0,134750.0,134990.0,321780,1315200
2024-09-12 10:00:00,134985.0,135175.0,134905.0,135135.0,264124,1056425
2024-09-12 11:00:00,135135.0,135440.0,135025.0,135395.0,296629,1249245
2024-09-12 12:00:00,135390.0,135560.0,135280.0,135450.0,322202,1390402
2024-09-12 13:00:00,135450.0,135490.0,135305.0,135335.0,185181,819604
2024-09-12 14:00:00,135330.0,135335.0,135135.0,135215.0,120896,498471
2024-09-12 15:00:00,135215.0,135325.0,135200.0,135260.0,23289,90111
2024-09-13 06:00:00,135250.0,135740.0,135095.0,135705.0,542275,1742882
2024-09-13 07:00:00,135705.0,136995.0,135695.0,136870.0,907993,3242413
2024-09-13 08:00:00,136870.0,137085.0,136530.0,137025.0,561439,2119087
2024-09-13 09:00:00,137025.0,137030.0,136645.0,136845.0,262099,1034252
2024-09-13 10:00:00,136850.0,136865.0,136155.0,136225.0,290831,1215983
2024-09-13 11:00:00,136220.0,136320.0,135915.0,135975.0,340136,1420207
2024-09-13 12:00:00,135975.0,136140.0,135825.0,136060.0,280411,1122358
2024-09-13 13:00:00,136060.0,136240.0,135995.0,136125.0,167493,713206
2024-09-13 14:00:00,136125.0,136200.0,136000.0,136105.0,109911,452440
2024-09-13 15:00:00,136110.0,136140.0,135950.0,136015.0,18207,76077
2024-09-16 06:00:00,136240.0,136315.0,135850.0,136255.0,548200,1856635
2024-09-16 07:00:00,136255.0,136885.0,136180.0,136655.0,938747,3179252
2024-09-16 08:00:00,136660.0,136755.0,136270.0,136365.0,473285,1773251
2024-09-16 09:00:00,136360.0,136420.0,136030.0,136055.0,293624,1100349
2024-09-16 10:00:00,136050.0,136250.0,136030.0,136105.0,215724,817049
2024-09-16 11:00:00,136105.0,136320.0,136015.0,136300.0,242865,920503
2024-09-16 12:00:00,136300.0,136380.0,136080.0,136130.0,197707,758443
2024-09-16 13:00:00,136135.0,136265.0,136065.0,136205.0,173026,691878
2024-09-16 14:00:00,136210.0,136375.0,136190.0,136270.0,116648,456709
2024-09-16 15:00:00,136265.0,136330.0,136210.0,136255.0,24377,88870
2024-09-17 06:00:00,136550.0,136735.0,135650.0,135880.0,765971,2698201
2024-09-17 07:00:00,135885.0,135940.0,135140.0,135395.0,863135,3209665
2024-09-17 08:00:00,135395.0,135975.0,135350.0,135460.0,663218,2621587
2024-09-17 09:00:00,135455.0,135785.0,135420.0,135620.0,306672,1164227
2024-09-17 10:00:00,135625.0,135720.0,135360.0,135430.0,311054,1212837
2024-09-17 11:00:00,135425.0,135850.0,135370.0,135850.0,344234,1372791
2024-09-17 12:00:00,135850.0,135915.0,135720.0,135820.0,289518,1154091
2024-09-17 13:00:00,135820.0,135965.0,135725.0,135950.0,173401,717543
2024-09-17 14:00:00,135950.0,136245.0,135930.0,136150.0,166339,660971
2024-09-17 15:00:00,136150.0,136285.0,136145.0,136285.0,23797,96639
2024-09-18 06:00:00,136040.0,136190.0,135190.0,135305.0,674985,2228684
2024-09-18 07:00:00,135305.0,135955.0,135050.0,135390.0,1077279,3942453
2024-09-18 08:00:00,135390.0,135595.0,134965.0,135060.0,543570,2068573
2024-09-18 09:00:00,135060.0,135095.0,134795.0,134820.0,296855,1186491
2024-09-18 10:00:00,134820.0,135215.0,134790.0,135205.0,252890,961344
2024-09-18 11:00:00,135205.0,135600.0,135005.0,135355.0,351864,1314132
2024-09-18 12:00:00,135355.0,136245.0,135200.0,135240.0,1026247,3488899
2024-09-18 13:00:00,135235.0,135320.0,134645.0,134755.0,745885,2705180
2024-09-18 14:00:00,134755.0,134885.0,134500.0,134530.0,219943,752842
2024-09-18 15:00:00,134530.0,134665.0,134450.0,134600.0,30727,105255
2024-09-19 06:00:00,135750.0,136180.0,135450.0,135495.0,908160,3012079
2024-09-19 07:00:00,135495.0,135785.0,134815.0,134945.0,1069743,3593786
2024-09-19 08:00:00,134945.0,135100.0,134310.0,134650.0,658553,2388782
2024-09-19 09:00:00,134645.0,134835.0,134510.0,134695.0,361733,1340633
2024-09-19 10:00:00,134690.0,134890.0,134625.0,134835.0,239556,908158
2024-09-19 11:00:00,134835.0,134850.0,134200.0,134315.0,381426,1496398
2024-09-19 12:00:00,134320.0,134485.0,134120.0,134335.0,331224,1266422
2024-09-19 13:00:00,134335.0,134400.0,134060.0,134155.0,251890,970296
2024-09-19 14:00:00,134155.0,134170.0,133740.0,133830.0,185740,725132
2024-09-19 15:00:00,133825.0,133830.0,133670.0,133715.0,27316,111877
2024-09-20 06:00:00,133740.0,134115.0,133565.0,133825.0,934237,2908877
2024-09-20 07:00:00,133825.0,134060.0,133125.0,133245.0,1198279,3967766
2024-09-20 08:00:00,133245.0,133270.0,132550.0,132620.0,525316,1970351
2024-09-20 09:00:00,132620.0,132725.0,132385.0,132510.0,392308,1474863
2024-09-20 10:00:00,132515.0,132555.0,132105.0,132135.0,344640,1325349
2024-09-20 11:00:00,132140.0,132235.0,131810.0,131885.0,317652,1273380
2024-09-20 12:00:00,131880.0,132000.0,131710.0,131890.0,279022,1136452
2024-09-20 13:00:00,131890.0,132095.0,131755.0,131820.0,302744,1227950
2024-09-20 14:00:00,131825.0,132030.0,131725.0,131845.0,187231,709195
2024-09-20 15:00:00,131850.0,131855.0,131610.0,131610.0,29842,123254
2024-09-23 06:00:00,131400.0,131540.0,130885.0,131380.0,830439,2591591
2024-09-23 07:00:00,131380.0,131750.0,131115.0,131210.0,901970,3126031
2024-09-23 08:00:00,131210.0,131585.0,130850.0,131430.0,644099,2341896
2024-09-23 09:00:00,131435.0,131640.0,131340.0,131510.0,344029,1255006
2024-09-23 10:00:00,131515.0,131515.0,131230.0,131370.0,328315,1234301
2024-09-23 11:00:00,131375.0,131565.0,131230.0,131440.0,274202,998720
2024-09-23 12:00:00,131445.0,131485.0,131125.0,131180.0,260711,972466
2024-09-23 13:00:00,131185.0,131480.0,131160.0,131380.0,250148,960947
2024-09-23 14:00:00,131380.0,131450.0,131200.0,131265.0,164106,592630
2024-09-23 15:00:00,131265.0,131415.0,131265.0,131360.0,25163,97275
2024-09-24 06:00:00,132590.0,133230.0,132430.0,133095.0,782903,2471835
2024-09-24 07:00:00,133095.0,133865.0,132805.0,133485.0,1127008,3823746
2024-09-24 08:00:00,133485.0,133520.0,132610.0,132630.0,654670,2456430
2024-09-24 09:00:00,132630.0,132895.0,132335.0,132820.0,429309,1653708
2024-09-24 10:00:00,132825.0,133245.0,132780.0,133105.0,297612,1152891
2024-09-24 11:00:00,133105.0,133130.0,132830.0,132950.0,262814,999885
2024-09-24 12:00:00,132950.0,133195.0,132925.0,133170.0,259248,998186
2024-09-24 13:00:00,133170.0,133175.0,132810.0,132975.0,246850,956777
2024-09-24 14:00:00,132970.0,132995.0,132845.0,132950.0,122084,443574
2024-09-24 15:00:00,132945.0,132975.0,132855.0,132900.0,18937,73547
2024-09-25 06:00:00,133370.0,133845.0,133055.0,133330.0,751120,2252658
2024-09-25 07:00:00,133330.0,133705.0,132910.0,132995.0,1018911,3280508
2024-09-25 08:00:00,132995.0,133170.0,132595.0,132880.0,656421,2408379
2024-09-25 09:00:00,132875.0,133000.0,132325.0,132465.0,449266,1751736
2024-09-25 10:00:00,132470.0,132820.0,132425.0,132510.0,323974,1246465
2024-09-25 11:00:00,132515.0,132515.0,132165.0,132340.0,342218,1326280
2024-09-25 12:00:00,132340.0,132485.0,132250.0,132385.0,251895,967148
2024-09-25 13:00:00,132385.0,132480.0,132245.0,132305.0,197230,790278
2024-09-25 14:00:00,132305.0,132455.0,132175.0,132400.0,146369,544084
2024-09-25 15:00:00,132400.0,132720.0,132340.0,132430.0,25064,97872
2024-09-26 06:00:00,133300.0,134000.0,133155.0,133375.0,850030,2504108
2024-09-26 07:00:00,133370.0,133775.0,133045.0,133210.0,1078577,3392982
2024-09-26 08:00:00,133205.0,133395.0,132745.0,132770.0,668183,2404451
2024-09-26 09:00:00,132770.0,133325.0,132760.0,133155.0,383269,1392951
2024-09-26 10:00:00,133155.0,133645.0,133065.0,133470.0,315625,1192599
2024-09-26 11:00:00,133470.0,133820.0,133425.0,133815.0,283331,1089427
2024-09-26 12:00:00,133820.0,133990.0,133685.0,133805.0,308054,1225071
2024-09-26 13:00:00,133805.0,133875.0,133485.0,133695.0,331425,1294144
2024-09-26 14:00:00,133695.0,133785.0,133500.0,133610.0,149502,532349
2024-09-26 15:00:00,133610.0,133640.0,133525.0,133535.0,25974,92460
2024-09-27 06:00:00,133600.0,133660.0,133105.0,133475.0,670437,2054938
2024-09-27 07:00:00,133475.0,134175.0,133400.0,134065.0,937443,3206969
2024-09-27 08:00:00,134060.0,134595.0,133910.0,134315.0,565877,2083851
2024-09-27 09:00:00,134315.0,134425.0,133705.0,133755.0,400012,1511899
2024-09-27 10:00:00,133755.0,133945.0,133660.0,133670.0,295629,1109646
2024-09-27 11:00:00,133665.0,133735.0,133335.0,133700.0,300135,1161062
2024-09-27 12:00:00,133695.0,133845.0,133325.0,133405.0,352854,1406879
2024-09-27 13:00:00,133405.0,133565.0,133240.0,133430.0,262809,1056755
2024-09-27 14:00:00,133435.0,133435.0,133215.0,133335.0,136485,502263
2024-09-27 15:00:00,133335.0,133415.0,133305.0,133370.0,17050,64631
2024-09-30 06:00:00,133715.0,134195.0,133370.0,133665.0,630039,1863368
2024-09-30 07:00:00,133660.0,133710.0,133030.0,133105.0,884785,2687003
2024-09-30 08:00:00,133100.0,133550.0,132950.0,133450.0,495091,1728431
2024-09-30 09:00:00,133450.0,133620.0,132865.0,132880.0,331610,1205262
2024-09-30 10:00:00,132875.0,133090.0,132855.0,132890.0,222918,769991
2024-09-30 11:00:00,132890.0,133065.0,132835.0,132985.0,243000,904394
2024-09-30 12:00:00,132980.0,133090.0,132465.0,132780.0,436139,1700521
2024-09-30 13:00:00,132780.0,132860.0,132585.0,132600.0,295402,1149532
2024-09-30 14:00:00,132595.0,132765.0,132455.0,132715.0,187401,667302
2024-09-30 15:00:00,132715.0,132800.0,132635.0,132675.0,32738,99877
2024-10-01 06:00:00,132445.0,133180.0,132370.0,133115.0,722900,2215527
2024-10-01 07:00:00,133110.0,133320.0,132540.0,132995.0,1337026,4237538
2024-10-01 08:00:00,132995.0,133685.0,132810.0,133655.0,904370,3241074
2024-10-01 09:00:00,133655.0,133960.0,133320.0,133795.0,506998,1880007
2024-10-01 10:00:00,133790.0,133990.0,133625.0,133910.0,425477,1598121
2024-10-01 11:00:00,133915.0,133965.0,133010.0,133565.0,641168,2514868
2024-10-01 12:00:00,133565.0,133740.0,133370.0,133490.0,362723,1425215
2024-10-01 13:00:00,133490.0,133495.0,133045.0,133090.0,280212,1092160
2024-10-01 14:00:00,133085.0,133480.0,132930.0,133340.0,264589,972871
2024-10-01 15:00:00,133335.0,133585.0,133330.0,133485.0,31170,118484
2024-10-02 06:00:00,133720.0,134800.0,133645.0,134765.0,936214,2818429
2024-10-02 07:00:00,134765.0,135470.0,134750.0,135020.0,1275479,4100809
2024-10-02 08:00:00,135020.0,135480.0,134540.0,134585.0,726433,2578480
2024-10-02 09:00:00,134585.0,134875.0,134370.0,134875.0,490159,1852504
2024-10-02 10:00:00,134870.0,134985.0,134555.0,134635.0,341711,1231148
2024-10-02 11:00:00,134630.0,134705.0,134405.0,134650.0,275761,1026580
2024-10-02 12:00:00,134645.0,134660.0,133780.0,133930.0,440059,1729712
2024-10-02 13:00:00,133930.0,134155.0,133875.0,134090.0,230930,887192
2024-10-02 14:00:00,134085.0,134305.0,133910.0,134070.0,224823,769528
2024-10-02 15:00:00,134075.0,134210.0,134065.0,134140.0,28440,97114
2024-10-03 06:00:00,133875.0,133940.0,132550.0,132655.0,987763,3118259
2024-10-03 07:00:00,132660.0,132725.0,131995.0,132280.0,1160588,3838550
2024-10-03 08:00:00,132280.0,132360.0,131540.0,131585.0,863073,3208923
2024-10-03 09:00:00,131580.0,131940.0,131570.0,131750.0,363580,1361443
2024-10-03 10:00:00,131750.0,131990.0,131600.0,131740.0,405097,1587331
2024-10-03 11:00:00,131745.0,131915.0,131625.0,131885.0,361082,1401076
2024-10-03 12:00:00,131890.0,132330.0,131730.0,132070.0,455175,1855412
2024-10-03 13:00:00,132070.0,132130.0,131925.0,132055.0,302900,1243884
2024-10-03 14:00:00,132055.0,132180.0,131955.0,132000.0,187224,746730
2024-10-03 15:00:00,132005.0,132015.0,131870.0,131920.0,35570,136292
2024-10-04 06:00:00,132150.0,132600.0,131335.0,131525.0,1115932,3334310
2024-10-04 07:00:00,131525.0,132200.0,131395.0,131980.0,1119195,3598425
2024-10-04 08:00:00,131975.0,132310.0,131840.0,131965.0,569602,2126817
2024-10-04 09:00:00,131960.0,132100.0,131680.0,131975.0,342145,1333074
2024-10-04 10:00:00,131980.0,132090.0,131920.0,132065.0,215175,864386
2024-10-04 11:00:00,132065.0,132225.0,131885.0,131955.0,253566,1062433
2024-10-04 12:00:00,131955.0,132275.0,131930.0,132240.0,233600,993344
2024-10-04 13:00:00,132240.0,132295.0,132100.0,132240.0,186788,807248
2024-10-04 14:00:00,132240.0,132245.0,132060.0,132150.0,108162,434718
2024-10-04 15:00:00,132145.0,132210.0,132080.0,132210.0,22639,83884
2024-10-07 06:00:00,131910.0,133165.0,131850.0,133165.0,822533,2460386
2024-10-07 07:00:00,133165.0,133200.0,131965.0,132810.0,1066626,3493188
2024-10-07 08:00:00,132815.0,133350.0,132635.0,132650.0,594308,2164639
2024-10-07 09:00:00,132650.0,132695.0,132190.0,132335.0,418545,1610652
2024-10-07 10:00:00,132335.0,132465.0,132155.0,132370.0,259934,994293
2024-10-07 11:00:00,132365.0,132630.0,132305.0,132545.0,289354,1119986
2024-10-07 12:00:00,132540.0,132615.0,131965.0,132145.0,424686,1676280
2024-10-07 13:00:00,132150.0,132360.0,132045.0,132265.0,259506,1050592
2024-10-07 14:00:00,132265.0,132415.0,132210.0,132350.0,144990,563501
2024-10-07 15:00:00,132355.0,132380.0,132245.0,132315.0,30606,113243
2024-10-08 06:00:00,131385.0,131700.0,130680.0,130835.0,1075466,3400896
2024-10-08 07:00:00,130840.0,131595.0,130600.0,131535.0,1154055,3734352
2024-10-08 08:00:00,131535.0,131575.0,131015.0,131480.0,648212,2378062
2024-10-08 09:00:00,131475.0,131720.0,131335.0,131705.0,384046,1530757
2024-10-08 10:00:00,131705.0,131910.0,131600.0,131720.0,340170,1347550
2024-10-08 11:00:00,131720.0,131815.0,131460.0,131755.0,304394,1226098
2024-10-08 12:00:00,131755.0,131935.0,131650.0,131655.0,280746,1157106
2024-10-08 13:00:00,131660.0,131815.0,131475.0,131705.0,250437,1041820
2024-10-08 14:00:00,131705.0,131785.0,131565.0,131700.0,151187,593094
2024-10-08 15:00:00,131705.0,131825.0,131640.0,131825.0,26058,106577
2024-10-09 06:00:00,131750.0,131825.0,130705.0,130775.0,841839,2720186
2024-10-09 07:00:00,130780.0,130845.0,130270.0,130635.0,870624,3131952
2024-10-09 08:00:00,130640.0,130645.0,130105.0,130610.0,636357,2456482
2024-10-09 09:00:00,130610.0,130730.0,130160.0,130220.0,453780,1814580
2024-10-09 10:00:00,130225.0,130395.0,129870.0,129970.0,420418,1680754
2024-10-09 11:00:00,129970.0,130075.0,129895.0,130020.0,255941,1073466
2024-10-09 12:00:00,130020.0,130100.0,129860.0,129950.0,282083,1195607
2024-10-09 13:00:00,129950.0,130220.0,129930.0,130075.0,286491,1238938
2024-10-09 14:00:00,130080.0,130180.0,130050.0,130110.0,128507,536607
2024-10-09 15:00:00,130115.0,130120.0,129910.0,130005.0,45050,176154
2024-10-10 06:00:00,130240.0,130390.0,129895.0,130285.0,820261,2454820
2024-10-10 07:00:00,130280.0,130505.0,129945.0,130235.0,981542,3101769
2024-10-10 08:00:00,130235.0,130530.0,130205.0,130390.0,472274,1727386
2024-10-10 09:00:00,130390.0,130570.0,130290.0,130300.0,262720,1052703
2024-10-10 10:00:00,130305.0,130450.0,130205.0,130230.0,231963,922384
2024-10-10 11:00:00,130230.0,130495.0,129955.0,130465.0,378084,1531283
2024-10-10 12:00:00,130470.0,130555.0,130355.0,130455.0,215117,886094
2024-10-10 13:00:00,130455.0,130635.0,130390.0,130540.0,161001,679494
2024-10-10 14:00:00,130540.0,130645.0,130420.0,130525.0,142020,581065
2024-10-10 15:00:00,130525.0,130590.0,130475.0,130475.0,23783,92953
2024-10-11 06:00:00,130340.0,130945.0,130200.0,130245.0,818324,2655605
2024-10-11 07:00:00,130245.0,130310.0,129375.0,129515.0,834160,2940015
2024-10-11 08:00:00,129510.0,130145.0,129440.0,129910.0,547986,2062848
2024-10-11 09:00:00,129915.0,130195.0,129700.0,129740.0,324358,1290838
2024-10-11 10:00:00,129740.0,129765.0,129530.0,129750.0,273155,1068524
2024-10-11 11:00:00,129750.0,130060.0,129745.0,129960.0,282259,1166590
2024-10-11 12:00:00,129960.0,130080.0,129860.0,130005.0,213411,884786
2024-10-11 13:00:00,130010.0,130245.0,129960.0,130175.0,176403,751186
2024-10-11 14:00:00,130180.0,130205.0,130065.0,130160.0,98705,398270
2024-10-11 15:00:00,130165.0,130405.0,130140.0,130270.0,26201,104885
2024-10-14 06:00:00,130100.0,130165.0,129420.0,130115.0,833543,2543900
2024-10-14 07:00:00,130120.0,130525.0,129790.0,130010.0,1162779,3679316
2024-10-14 08:00:00,130015.0,130570.0,129740.0,130475.0,622487,2235451
2024-10-14 09:00:00,130480.0,130585.0,129800.0,130550.0,438556,1758663
2024-10-14 10:00:00,130550.0,130920.0,130460.0,130890.0,417535,1639074
2024-10-14 11:00:00,130895.0,131255.0,130725.0,131090.0,377296,1478700
2024-10-14 12:00:00,131095.0,131270.0,131025.0,131165.0,281081,1171401
2024-10-14 13:00:00,131160.0,131260.0,131050.0,131150.0,182138,772277
2024-10-14 14:00:00,131150.0,131175.0,130935.0,131055.0,148050,621273
2024-10-14 15:00:00,131060.0,131190.0,131020.0,131190.0,28021,115160
2024-10-15 06:00:00,130610.0,131195.0,130410.0,130750.0,781712,2473581
2024-10-15 07:00:00,130750.0,131330.0,130205.0,130365.0,1082925,3762358
2024-10-15 08:00:00,130365.0,131145.0,130290.0,130955.0,676504,2636784
2024-10-15 09:00:00,130960.0,131115.0,130560.0,130585.0,331694,1297161
2024-10-15 10:00:00,130585.0,130850.0,130515.0,130840.0,308389,1179079
2024-10-15 11:00:00,130840.0,130955.0,130625.0,130895.0,303863,1227140
2024-10-15 12:00:00,130895.0,130945.0,130750.0,130910.0,224900,959303
2024-10-15 13:00:00,130905.0,130940.0,130735.0,130895.0,195689,777870
2024-10-15 14:00:00,130895.0,131100.0,130860.0,130890.0,164858,587847
2024-10-15 15:00:00,130890.0,130930.0,130765.0,130765.0,19350,77152
2024-10-16 06:00:00,133190.0,133905.0,132955.0,133335.0,1050601,3310655
2024-10-16 07:00:00,133340.0,133530.0,132910.0,133030.0,883415,2933707
2024-10-16 08:00:00,133030.0,133695.0,132935.0,133680.0,662994,2528994
2024-10-16 09:00:00,133675.0,133685.0,133370.0,133575.0,327108,1270215
2024-10-16 10:00:00,133570.0,133975.0,133545.0,133810.0,327751,1296913
2024-10-16 11:00:00,133810.0,134360.0,133795.0,134205.0,394752,1529306
2024-10-16 12:00:00,134200.0,134255.0,133785.0,133830.0,300461,1345734
2024-10-16 13:00:00,133835.0,133875.0,133640.0,133685.0,223098,1024882
2024-10-16 14:00:00,133690.0,133870.0,133610.0,133660.0,136821,571189
2024-10-16 15:00:00,133655.0,133685.0,133465.0,133465.0,24726,112045
2024-10-17 06:00:00,133340.0,133430.0,132235.0,132285.0,815579,2803247
2024-10-17 07:00:00,132280.0,132640.0,131940.0,132505.0,965421,3410793
2024-10-17 08:00:00,132510.0,132805.0,132450.0,132710.0,570398,2084648
2024-10-17 09:00:00,132710.0,132885.0,132545.0,132565.0,304217,1233720
2024-10-17 10:00:00,132560.0,132795.0,132375.0,132770.0,294728,1162010
2024-10-17 11:00:00,132770.0,132985.0,132655.0,132915.0,258773,1034703
2024-10-17 12:00:00,132915.0,132995.0,132800.0,132825.0,208619,873282
2024-10-17 13:00:00,132830.0,132990.0,132825.0,132965.0,153706,704680
2024-10-17 14:00:00,132970.0,132990.0,132825.0,132920.0,118780,533037
2024-10-17 15:00:00,132920.0,133080.0,132890.0,133020.0,28808,115597
2024-10-18 06:00:00,133470.0,133650.0,132770.0,133495.0,786568,2617229
2024-10-18 07:00:00,133500.0,133820.0,132350.0,132410.0,969347,3604299
2024-10-18 08:00:00,132405.0,132830.0,132120.0,132555.0,569859,2435489
2024-10-18 09:00:00,132555.0,132565.0,132150.0,132330.0,323557,1367353
2024-10-18 10:00:00,132330.0,132530.0,132250.0,132370.0,196012,795662
2024-10-18 11:00:00,132375.0,132480.0,132175.0,132230.0,225620,957884
2024-10-18 12:00:00,132230.0,132505.0,132155.0,132475.0,172316,771691
2024-10-18 13:00:00,132475.0,132690.0,132335.0,132675.0,188842,898382
2024-10-18 14:00:00,132675.0,132785.0,132425.0,132600.0,161588,675976
2024-10-18 15:00:00,132605.0,132610.0,132310.0,132310.0,30080,118292
2024-10-21 06:00:00,132140.0,132935.0,132010.0,132920.0,849661,2816235
2024-10-21 07:00:00,132925.0,133115.0,132635.0,132655.0,933106,3155487
2024-10-21 08:00:00,132655.0,132845.0,132170.0,132415.0,773599,2874736
2024-10-21 09:00:00,132420.0,132555.0,132105.0,132445.0,417112,1632948
2024-10-21 10:00:00,132445.0,132690.0,132240.0,132660.0,325083,1277231
2024-10-21 11:00:00,132655.0,132670.0,132265.0,132290.0,247298,961178
2024-10-21 12:00:00,132290.0,132480.0,132155.0,132280.0,262806,1112117
2024-10-21 13:00:00,132275.0,132435.0,132260.0,132330.0,184180,814989
2024-10-21 14:00:00,132330.0,132430.0,132295.0,132355.0,93982,376498
2024-10-21 15:00:00,132355.0,132360.0,132220.0,132220.0,18290,74690
2024-10-22 06:00:00,132050.0,132135.0,131305.0,131405.0,876440,2911036
2024-10-22 07:00:00,131405.0,132135.0,131080.0,131180.0,1303206,4729287
2024-10-22 08:00:00,131180.0,131660.0,130960.0,131370.0,726974,2963053
2024-10-22 09:00:00,131365.0,131575.0,131015.0,131565.0,364117,1565949
2024-10-22 10:00:00,131565.0,131825.0,131495.0,131575.0,311453,1297541
2024-10-22 11:00:00,131570.0,131660.0,131225.0,131560.0,320418,1323406
2024-10-22 12:00:00,131555.0,131890.0,131370.0,131820.0,307758,1312059
2024-10-22 13:00:00,131820.0,132065.0,131800.0,131945.0,172898,783397
2024-10-22 14:00:00,131945.0,132020.0,131830.0,131990.0,137220,552752
2024-10-22 15:00:00,131995.0,132195.0,131980.0,132120.0,34615,144884
2024-10-23 06:00:00,131510.0,131530.0,130700.0,130790.0,828872,2865846
2024-10-23 07:00:00,130785.0,131295.0,130740.0,131160.0,1060551,3745457
2024-10-23 08:00:00,131155.0,131205.0,130430.0,130695.0,742414,2917044
2024-10-23 09:00:00,130700.0,131070.0,130540.0,131050.0,341733,1433126
2024-10-23 10:00:00,131050.0,131100.0,130650.0,130910.0,349124,1378673
2024-10-23 11:00:00,130910.0,131140.0,130800.0,130985.0,361091,1521024
2024-10-23 12:00:00,130985.0,131015.0,130765.0,130980.0,246191,1094401
2024-10-23 13:00:00,130980.0,131100.0,130895.0,131060.0,192130,910847
2024-10-23 14:00:00,131060.0,131120.0,130965.0,130990.0,110346,496182
2024-10-23 15:00:00,130985.0,131035.0,130800.0,130800.0,23078,101364
2024-10-24 06:00:00,131315.0,131555.0,130870.0,131000.0,971427,3286062
2024-10-24 07:00:00,130995.0,131120.0,130610.0,130955.0,928185,3229481
2024-10-24 08:00:00,130950.0,131295.0,130640.0,131270.0,525690,2014025
2024-10-24 09:00:00,131270.0,131405.0,131045.0,131050.0,359196,1481986
2024-10-24 10:00:00,131050.0,131075.0,130665.0,131015.0,363291,1465271
2024-10-24 11:00:00,131015.0,131885.0,130995.0,131465.0,529472,2084886
2024-10-24 12:00:00,131460.0,131640.0,131360.0,131490.0,301421,1218047
2024-10-24 13:00:00,131490.0,132040.0,131480.0,131925.0,262438,1094705
2024-10-24 14:00:00,131925.0,132050.0,131850.0,131985.0,139031,548589
2024-10-24 15:00:00,131990.0,132215.0,131980.0,132180.0,39888,158535
2024-10-25 06:00:00,132300.0,132360.0,131655.0,132040.0,816896,2705449
2024-10-25 07:00:00,132040.0,132260.0,131680.0,131845.0,924943,3097587
2024-10-25 08:00:00,131845.0,132340.0,131735.0,132125.0,656122,2378101
2024-10-25 09:00:00,132120.0,132145.0,131585.0,131665.0,362709,1419466
2024-10-25 10:00:00,131670.0,132170.0,131530.0,131950.0,378374,1468160
2024-10-25 11:00:00,131955.0,132005.0,131510.0,131525.0,352375,1402675
2024-10-25 12:00:00,131530.0,131830.0,131520.0,131795.0,246623,1034544
2024-10-25 13:00:00,131795.0,131805.0,131600.0,131710.0,195855,839668
2024-10-25 14:00:00,131715.0,131850.0,131620.0,131695.0,113787,475527
2024-10-25 15:00:00,131695.0,131705.0,131480.0,131480.0,35611,135791
2024-10-28 06:00:00,131600.0,132470.0,131355.0,132460.0,759776,2543036
2024-10-28 07:00:00,132460.0,132960.0,132265.0,132875.0,888661,3220012
2024-10-28 08:00:00,132875.0,132960.0,132615.0,132895.0,542052,2057491
2024-10-28 09:00:00,132895.0,133120.0,132835.0,132970.0,342917,1410557
2024-10-28 10:00:00,132965.0,133060.0,132855.0,132895.0,230401,930942
2024-10-28 11:00:00,132895.0,133240.0,132820.0,133170.0,352126,1453030
2024-10-28 12:00:00,133175.0,133210.0,132925.0,133000.0,229024,994526
2024-10-28 13:00:00,133000.0,133110.0,132905.0,133075.0,216795,975848
2024-10-28 14:00:00,133075.0,133290.0,132960.0,133250.0,151291,677794
2024-10-28 15:00:00,133250.0,133560.0,133240.0,133395.0,69986,290108
2024-10-29 06:00:00,133125.0,133485.0,132975.0,133365.0,925660,3208847
2024-10-29 07:00:00,133360.0,133475.0,132915.0,133060.0,971175,3518026
2024-10-29 08:00:00,133065.0,133230.0,132880.0,133020.0,603291,2269943
2024-10-29 09:00:00,133020.0,133245.0,132780.0,132895.0,350434,1454180
2024-10-29 10:00:00,132900.0,132940.0,132660.0,132735.0,335606,1381679
2024-10-29 11:00:00,132735.0,132825.0,132395.0,132465.0,316421,1351147
2024-10-29 12:00:00,132460.0,132710.0,132385.0,132460.0,257070,1145298
2024-10-29 13:00:00,132465.0,132550.0,132355.0,132520.0,194414,894779
2024-10-29 14:00:00,132520.0,132600.0,132390.0,132455.0,137819,573657
2024-10-29 15:00:00,132455.0,132485.0,132330.0,132405.0,27378,117827
2024-10-30 06:00:00,132250.0,132435.0,131885.0,132395.0,711464,2338920
2024-10-30 07:00:00,132400.0,132705.0,132240.0,132610.0,944745,3384154
2024-10-30 08:00:00,132605.0,132665.0,132080.0,132335.0,539462,2034551
2024-10-30 09:00:00,132330.0,132715.0,132255.0,132440.0,371753,1455231
2024-10-30 10:00:00,132440.0,132475.0,132285.0,132345.0,255942,992621
2024-10-30 11:00:00,132340.0,132470.0,132260.0,132365.0,209503,875662
2024-10-30 12:00:00,132365.0,132540.0,132350.0,132415.0,157404,741498
2024-10-30 13:00:00,132415.0,132430.0,132210.0,132365.0,193563,902573
2024-10-30 14:00:00,132365.0,132400.0,132275.0,132310.0,94839,409925
2024-10-30 15:00:00,132310.0,132335.0,132140.0,132140.0,22278,95989
2024-10-31 06:00:00,131940.0,132185.0,131700.0,131800.0,672899,2176928
2024-10-31 07:00:00,131795.0,132300.0,131555.0,131965.0,1040395,3576790
2024-10-31 08:00:00,131965.0,132335.0,131755.0,131785.0,555397,2031943
2024-10-31 09:00:00,131780.0,131940.0,131570.0,131675.0,346357,1397734
2024-10-31 10:00:00,131675.0,131800.0,131575.0,131680.0,235527,935190
2024-10-31 11:00:00,131680.0,131745.0,131365.0,131450.0,284643,1147091
2024-10-31 12:00:00,131445.0,131585.0,131350.0,131505.0,235304,1001718
2024-10-31 13:00:00,131500.0,131560.0,131215.0,131340.0,237691,1078298
2024-10-31 14:00:00,131335.0,131420.0,131235.0,131260.0,128518,498080
2024-10-31 15:00:00,131255.0,131270.0,131030.0,131140.0,43211,173396
2024-11-01 06:00:00,131465.0,131635.0,131045.0,131605.0,613932,2167731
2024-11-01 07:00:00,131600.0,131625.0,130585.0,130890.0,897992,3306732
2024-11-01 08:00:00,130890.0,130955.0,130265.0,130510.0,614874,2311242
2024-11-01 09:00:00,130510.0,130520.0,130225.0,130340.0,258309,1022145
2024-11-01 10:00:00,130340.0,130420.0,130235.0,130255.0,195623,757674
2024-11-01 11:00:00,130250.0,130260.0,129865.0,129925.0,275068,1134244
2024-11-01 12:00:00,129920.0,129990.0,129705.0,129805.0,300159,1390457
2024-11-01 13:00:00,129810.0,129825.0,129455.0,129520.0,229325,1047409
2024-11-01 14:00:00,129520.0,129660.0,129090.0,129160.0,169736,708957
2024-11-01 15:00:00,129155.0,129200.0,128995.0,129170.0,44298,183468
2024-11-04 06:00:00,130000.0,130830.0,130000.0,130785.0,665356,2175141
2024-11-04 07:00:00,130790.0,131185.0,130710.0,131120.0,766117,2718721
2024-11-04 08:00:00,131125.0,131645.0,131090.0,131575.0,538060,2188842
2024-11-04 09:00:00,131575.0,132170.0,131540.0,132110.0,424242,1950976
2024-11-04 10:00:00,132110.0,132145.0,131695.0,131750.0,347731,1442906
2024-11-04 11:00:00,131750.0,131890.0,131505.0,131655.0,388009,1628959
2024-11-04 12:00:00,131650.0,131765.0,131505.0,131730.0,286686,1242781
2024-11-04 13:00:00,131735.0,131875.0,131650.0,131660.0,201967,903954
2024-11-04 14:00:00,131665.0,132040.0,131615.0,132010.0,202455,862030
2024-11-04 15:00:00,132015.0,132135.0,131925.0,131995.0,64538,304192
2024-11-05 06:00:00,131925.0,132125.0,131715.0,132005.0,652758,2140135
2024-11-05 07:00:00,132005.0,132095.0,131560.0,131635.0,800749,2894662
2024-11-05 08:00:00,131630.0,131895.0,131230.0,131390.0,626613,2463000
2024-11-05 09:00:00,131390.0,131495.0,131130.0,131420.0,394458,1635458
2024-11-05 10:00:00,131420.0,131715.0,131385.0,131665.0,288802,1153096
2024-11-05 11:00:00,131670.0,132080.0,131635.0,131880.0,351907,1448086
2024-11-05 12:00:00,131875.0,132090.0,131860.0,132020.0,213571,924899
2024-11-05 13:00:00,132020.0,132265.0,131880.0,132055.0,224140,1000727
2024-11-05 14:00:00,132055.0,132145.0,131945.0,132125.0,159907,670492
2024-11-05 15:00:00,132125.0,132180.0,131930.0,131930.0,41045,197184
2024-11-06 06:00:00,130655.0,130910.0,129845.0,129905.0,1061691,3531562
2024-11-06 07:00:00,129910.0,130865.0,129780.0,130850.0,1107438,3729103
2024-11-06 08:00:00,130855.0,130980.0,130105.0,130420.0,766783,2654343
2024-11-06 09:00:00,130425.0,131405.0,130375.0,131325.0,652957,2519538
2024-11-06 10:00:00,131320.0,131375.0,130680.0,131160.0,465057,1703471
2024-11-06 11:00:00,131160.0,131725.0,131070.0,131660.0,389869,1502381
2024-11-06 12:00:00,131655.0,132020.0,131570.0,131645.0,392514,1627606
2024-11-06 13:00:00,131645.0,131815.0,131605.0,131720.0,201673,879953
2024-11-06 14:00:00,131715.0,131835.0,131550.0,131565.0,136044,581203
2024-11-06 15:00:00,131570.0,131665.0,130440.0,130440.0,86020,421199
2024-11-07 06:00:00,131150.0,131680.0,130895.0,131035.0,789585,2501236
2024-11-07 07:00:00,131030.0,132600.0,130955.0,132555.0,1153823,3892816
2024-11-07 08:00:00,132555.0,132665.0,131905.0,131915.0,741641,2704838
2024-11-07 09:00:00,131910.0,132065.0,131515.0,131560.0,436743,1741060
2024-11-07 10:00:00,131555.0,131590.0,131170.0,131320.0,474354,1843158
2024-11-07 11:00:00,131320.0,131460.0,130605.0,130775.0,498583,1967758
2024-11-07 12:00:00,130775.0,131090.0,130705.0,130920.0,293377,1254860
2024-11-07 13:00:00,130915.0,131175.0,130680.0,130940.0,414183,1586132
2024-11-07 14:00:00,130940.0,131425.0,130910.0,130945.0,315011,1149822
2024-11-07 15:00:00,130940.0,131040.0,130790.0,130935.0,66456,243457
2024-11-08 06:00:00,130100.0,130340.0,129015.0,129065.0,772284,2706710
2024-11-08 07:00:00,129070.0,129340.0,128660.0,129280.0,885664,3185906
2024-11-08 08:00:00,129280.0,129440.0,128760.0,128835.0,726716,2577225
2024-11-08 09:00:00,128840.0,128955.0,128435.0,128605.0,530000,2059575
2024-11-08 10:00:00,128605.0,128680.0,128105.0,128125.0,442035,1684707
2024-11-08 11:00:00,128120.0,128380.0,128025.0,128365.0,363032,1445553
2024-11-08 12:00:00,128360.0,128640.0,128250.0,128615.0,313264,1329556
2024-11-08 13:00:00,128610.0,129070.0,128530.0,129005.0,300576,1311030
2024-11-08 14:00:00,129005.0,129345.0,128630.0,129055.0,359352,1472541
2024-11-08 15:00:00,129055.0,129065.0,128800.0,128870.0,78507,299345
2024-11-11 06:00:00,128450.0,128815.0,128230.0,128480.0,831743,2703097
2024-11-11 07:00:00,128475.0,128795.0,128300.0,128680.0,932820,3196469
2024-11-11 08:00:00,128675.0,128755.0,128385.0,128425.0,607965,2215722
2024-11-11 09:00:00,128425.0,128840.0,128375.0,128750.0,386815,1621590
2024-11-11 10:00:00,128750.0,128980.0,128675.0,128950.0,288424,1136580
2024-11-11 11:00:00,128945.0,129095.0,128795.0,128975.0,326967,1307709
2024-11-11 12:00:00,128980.0,129215.0,128820.0,128920.0,306932,1320406
2024-11-11 13:00:00,128920.0,129090.0,128790.0,129015.0,218203,937714
2024-11-11 14:00:00,129015.0,129150.0,128860.0,128895.0,232560,910073
2024-11-11 15:00:00,128895.0,128990.0,128825.0,128900.0,52208,200466
2024-11-12 06:00:00,128520.0,128970.0,128230.0,128945.0,694262,2357824
2024-11-12 07:00:00,128945.0,129250.0,128405.0,128505.0,934575,3415258
2024-11-12 08:00:00,128505.0,129125.0,128400.0,128855.0,652400,2446650
2024-11-12 09:00:00,128855.0,129060.0,128815.0,128925.0,348628,1324001
2024-11-12 10:00:00,128930.0,129100.0,128745.0,128785.0,336325,1276441
2024-11-12 11:00:00,128785.0,128785.0,128390.0,128485.0,379420,1463140
2024-11-12 12:00:00,128485.0,128865.0,128460.0,128740.0,295597,1206619
2024-11-12 13:00:00,128735.0,128805.0,128625.0,128675.0,184106,772488
2024-11-12 14:00:00,128675.0,128770.0,128540.0,128600.0,174250,706908
2024-11-12 15:00:00,128600.0,128820.0,128595.0,128700.0,45861,193679
2024-11-13 06:00:00,128800.0,129225.0,128465.0,128575.0,732318,2369043
2024-11-13 07:00:00,128570.0,129020.0,128275.0,128640.0,1013859,3452206
2024-11-13 08:00:00,128645.0,128855.0,127905.0,128080.0,766879,2868109
2024-11-13 09:00:00,128080.0,128195.0,127820.0,128035.0,480098,1904960
2024-11-13 10:00:00,128035.0,128175.0,127890.0,127935.0,316321,1256756
2024-11-13 11:00:00,127930.0,128385.0,127905.0,128150.0,285499,1071178
2024-11-13 12:00:00,128150.0,128295.0,127945.0,127980.0,288487,1161988
2024-11-13 13:00:00,127980.0,129020.0,127970.0,129005.0,437775,1827142
2024-11-13 14:00:00,129005.0,129115.0,128690.0,128840.0,276133,1109949
2024-11-13 15:00:00,128840.0,128895.0,128695.0,128755.0,61829,230166
2024-11-14 06:00:00,129065.0,129160.0,128510.0,128510.0,809364,2632025
2024-11-14 07:00:00,128515.0,128985.0,128350.0,128970.0,885662,3062641
2024-11-14 08:00:00,128970.0,129440.0,128875.0,129120.0,728813,2574302
2024-11-14 09:00:00,129120.0,129295.0,128885.0,128930.0,370885,1380154
2024-11-14 10:00:00,128930.0,129205.0,128920.0,129090.0,257500,925121
2024-11-14 11:00:00,129090.0,129165.0,128715.0,128920.0,341665,1272191
2024-11-14 12:00:00,128915.0,128980.0,128595.0,128905.0,292435,1175735
2024-11-14 13:00:00,128905.0,129090.0,128815.0,128820.0,203078,815932
2024-11-14 14:00:00,128815.0,128925.0,128590.0,128625.0,279687,1045907
2024-11-14 15:00:00,128625.0,128740.0,128595.0,128620.0,48984,188346
2024-11-18 06:00:00,128850.0,129295.0,128325.0,128390.0,702013,2197120
2024-11-18 07:00:00,128390.0,128745.0,128275.0,128595.0,739512,2467381
2024-11-18 08:00:00,128595.0,129250.0,128225.0,128530.0,782947,2705695
2024-11-18 09:00:00,128535.0,128535.0,128105.0,128515.0,392691,1428755
2024-11-18 10:00:00,128515.0,128575.0,128230.0,128260.0,328950,1167899
2024-11-18 11:00:00,128260.0,128895.0,128220.0,128830.0,337177,1207531
2024-11-18 12:00:00,128830.0,128945.0,128530.0,128575.0,322906,1212415
2024-11-18 13:00:00,128570.0,128800.0,128545.0,128755.0,216022,816854
2024-11-18 14:00:00,128755.0,128875.0,128630.0,128740.0,177871,641275
2024-11-18 15:00:00,128740.0,128780.0,128580.0,128580.0,42346,152435
2024-11-19 06:00:00,128390.0,129090.0,128305.0,128685.0,850835,2600265
2024-11-19 07:00:00,128690.0,128810.0,128045.0,128770.0,1017906,3353114
2024-11-19 08:00:00,128765.0,129260.0,128730.0,129070.0,711276,2457965
2024-11-19 09:00:00,129065.0,129365.0,128895.0,129115.0,418589,1564621
2024-11-19 10:00:00,129120.0,129480.0,129005.0,129440.0,351066,1260286
2024-11-19 11:00:00,129440.0,129460.0,129085.0,129110.0,316362,1140795
2024-11-19 12:00:00,129110.0,129170.0,128870.0,129140.0,303719,1215951
2024-11-19 13:00:00,129135.0,129195.0,128925.0,129040.0,188185,756647
2024-11-19 14:00:00,129040.0,129170.0,128965.0,129125.0,166655,648802
2024-11-19 15:00:00,129120.0,129270.0,129110.0,129260.0,59586,219627
2024-11-21 06:00:00,128900.0,129165.0,128190.0,128340.0,793980,2441565
2024-11-21 07:00:00,128340.0,128345.0,127605.0,127750.0,902625,3205154
2024-11-21 08:00:00,127750.0,127985.0,127490.0,127610.0,730756,2726245
2024-11-21 09:00:00,127610.0,127830.0,127350.0,127695.0,485169,1893139
2024-11-21 10:00:00,127690.0,127790.0,127430.0,127635.0,348609,1376977
2024-11-21 11:00:00,127635.0,128250.0,127580.0,128065.0,373031,1473864
2024-11-21 12:00:00,128065.0,128275.0,127835.0,127915.0,369559,1503484
2024-11-21 13:00:00,127920.0,128125.0,127825.0,128075.0,230696,934355
2024-11-21 14:00:00,128080.0,128190.0,127900.0,127925.0,219372,906509
2024-11-21 15:00:00,127925.0,127935.0,127655.0,127705.0,99045,361043
2024-11-22 06:00:00,127760.0,128710.0,127685.0,128690.0,827096,2618170
2024-11-22 07:00:00,128695.0,128760.0,128050.0,128080.0,904875,3211608
2024-11-22 08:00:00,128075.0,128525.0,128030.0,128355.0,684626,2446842
2024-11-22 09:00:00,128350.0,129135.0,128320.0,129055.0,492670,1902201
2024-11-22 10:00:00,129055.0,129360.0,128965.0,129275.0,365604,1463037
2024-11-22 11:00:00,129275.0,129325.0,129080.0,129185.0,295479,1191148
2024-11-22 12:00:00,129180.0,129400.0,129140.0,129365.0,241302,1034973
2024-11-22 13:00:00,129370.0,129470.0,129305.0,129355.0,176878,793221
2024-11-22 14:00:00,129355.0,130170.0,129210.0,130090.0,330976,1321149
2024-11-22 15:00:00,130090.0,130435.0,129970.0,130160.0,107237,421998
2024-11-25 06:00:00,130295.0,130330.0,129715.0,129845.0,883125,2758912
2024-11-25 07:00:00,129850.0,130200.0,129610.0,129750.0,846590,2822061
2024-11-25 08:00:00,129745.0,129980.0,129595.0,129875.0,595449,2111166
2024-11-25 09:00:00,129875.0,130000.0,129690.0,129720.0,363091,1378947
2024-11-25 10:00:00,129720.0,129855.0,129590.0,129710.0,291804,1114746
2024-11-25 11:00:00,129710.0,129900.0,129685.0,129765.0,190981,757870
2024-11-25 12:00:00,129760.0,129965.0,129690.0,129920.0,216596,883453
2024-11-25 13:00:00,129915.0,130150.0,129770.0,130035.0,268573,1126101
2024-11-25 14:00:00,130030.0,130095.0,129620.0,129640.0,257231,956257
2024-11-25 15:00:00,129640.0,129880.0,129555.0,129660.0,117413,388494
2024-11-26 06:00:00,129450.0,130240.0,129310.0,130200.0,736348,2121487
2024-11-26 07:00:00,130205.0,130620.0,129765.0,130350.0,930048,3189047
2024-11-26 08:00:00,130350.0,130505.0,130030.0,130435.0,686409,2486246
2024-11-26 09:00:00,130435.0,130845.0,130335.0,130670.0,438269,1660580
2024-11-26 10:00:00,130670.0,130765.0,130455.0,130615.0,312539,1220856
2024-11-26 11:00:00,130615.0,130790.0,130560.0,130750.0,237757,913789
2024-11-26 12:00:00,130745.0,130830.0,130495.0,130635.0,268731,1066212
2024-11-26 13:00:00,130635.0,130995.0,130625.0,130895.0,215042,875637
2024-11-26 14:00:00,130890.0,130945.0,130410.0,130670.0,326027,1297621
2024-11-26 15:00:00,130665.0,130785.0,130640.0,130715.0,56586,211666
2024-11-27 06:00:00,130600.0,130840.0,130470.0,130515.0,672681,2094428
2024-11-27 07:00:00,130515.0,130915.0,130230.0,130265.0,886690,3030472
2024-11-27 08:00:00,130270.0,130690.0,130140.0,130510.0,676802,2388129
2024-11-27 09:00:00,130515.0,130545.0,129950.0,130035.0,498859,1977275
2024-11-27 10:00:00,130035.0,130110.0,127875.0,128665.0,698234,2664629
2024-11-27 11:00:00,128665.0,128965.0,128280.0,128655.0,748620,2445190
2024-11-27 12:00:00,128660.0,128825.0,128325.0,128475.0,372153,1330403
2024-11-27 13:00:00,128475.0,128855.0,128370.0,128635.0,313888,1146216
2024-11-27 14:00:00,128635.0,128760.0,128150.0,128215.0,304497,1153342
2024-11-27 15:00:00,128215.0,128290.0,127910.0,128070.0,121398,405578
2024-11-28 06:00:00,128250.0,128250.0,127300.0,127670.0,971268,3024476
2024-11-28 07:00:00,127670.0,127850.0,127080.0,127150.0,768197,2662467
2024-11-28 08:00:00,127155.0,127225.0,126510.0,126715.0,581396,2257296
2024-11-28 09:00:00,126710.0,126825.0,126300.0,126325.0,330644,1368207
2024-11-28 10:00:00,126320.0,126530.0,126315.0,126435.0,211362,816164
2024-11-28 11:00:00,126435.0,126685.0,126420.0,126490.0,261611,994779
2024-11-28 12:00:00,126490.0,126590.0,126420.0,126445.0,134766,522827
2024-11-28 13:00:00,126445.0,126465.0,125720.0,126015.0,296716,1139250
2024-11-28 14:00:00,126010.0,126015.0,124785.0,125215.0,404929,1432921
2024-11-28 15:00:00,125215.0,125325.0,124845.0,125270.0,95443,349502
2024-11-29 06:00:00,125645.0,125835.0,125080.0,125255.0,956453,2794566
2024-11-29 07:00:00,125250.0,125475.0,124495.0,124730.0,1098795,3367086
2024-11-29 08:00:00,124725.0,125670.0,124405.0,125260.0,930705,2853867
2024-11-29 09:00:00,125265.0,126050.0,125175.0,125935.0,695272,2035092
2024-11-29 10:00:00,125930.0,126080.0,125475.0,125665.0,491411,1439384
2024-11-29 11:00:00,125665.0,125745.0,125395.0,125515.0,375288,1136687
2024-11-29 12:00:00,125515.0,125575.0,125240.0,125320.0,221362,699395
2024-11-29 13:00:00,125320.0,125905.0,125185.0,125625.0,406378,1180035
2024-11-29 14:00:00,125625.0,126675.0,125475.0,126420.0,343494,909376
2024-11-29 15:00:00,126415.0,126440.0,126015.0,126015.0,97635,313183
2024-12-02 06:00:00,126310.0,126390.0,125575.0,125810.0,859749,2701381
2024-12-02 07:00:00,125805.0,125945.0,125100.0,125565.0,834626,2886253
2024-12-02 08:00:00,125565.0,125900.0,125285.0,125855.0,795675,2719968
2024-12-02 09:00:00,125860.0,126060.0,125435.0,125630.0,504830,1808779
2024-12-02 10:00:00,125630.0,125945.0,125480.0,125765.0,403346,1357624
2024-12-02 11:00:00,125760.0,126360.0,125600.0,126155.0,439406,1548033
2024-12-02 12:00:00,126150.0,126270.0,125805.0,125980.0,325149,1262543
2024-12-02 13:00:00,125980.0,126090.0,125845.0,125905.0,227607,872901
2024-12-02 14:00:00,125900.0,126080.0,125680.0,125730.0,248302,896982
2024-12-02 15:00:00,125735.0,125755.0,125550.0,125600.0,92706,283726
2024-12-03 06:00:00,126155.0,126440.0,125700.0,125985.0,855603,2625133
2024-12-03 07:00:00,125985.0,126825.0,125800.0,126355.0,1006032,3509528
2024-12-03 08:00:00,126355.0,126435.0,125890.0,126215.0,735787,2570263
2024-12-03 09:00:00,126215.0,126260.0,125885.0,125990.0,497357,1735832
2024-12-03 10:00:00,125990.0,126420.0,125920.0,126310.0,369700,1270312
2024-12-03 11:00:00,126310.0,126485.0,126215.0,126330.0,332141,1148525
2024-12-03 12:00:00,126330.0,126600.0,126150.0,126555.0,289311,1061410
2024-12-03 13:00:00,126560.0,126620.0,126260.0,126275.0,278768,1027455
2024-12-03 14:00:00,126275.0,126520.0,126265.0,126485.0,232547,801497
2024-12-03 15:00:00,126485.0,126495.0,126280.0,126310.0,56483,201854
2024-12-04 06:00:00,126335.0,126595.0,125980.0,126215.0,831297,2642472
2024-12-04 07:00:00,126215.0,126800.0,126130.0,126610.0,838948,2790905
2024-12-04 08:00:00,126605.0,127125.0,126520.0,127005.0,583240,2082479
2024-12-04 09:00:00,127005.0,127090.0,126565.0,126925.0,494928,1830680
2024-12-04 10:00:00,126930.0,127140.0,126755.0,126965.0,320654,1133534
2024-12-04 11:00:00,126965.0,127020.0,126695.0,126710.0,282593,1016839
2024-12-04 12:00:00,126715.0,126740.0,126335.0,126510.0,386108,1512284
2024-12-04 13:00:00,126510.0,126610.0,126200.0,126250.0,270379,1031833
2024-12-04 14:00:00,126245.0,126505.0,126210.0,126440.0,208256,760725
2024-12-04 15:00:00,126440.0,126535.0,126395.0,126460.0,35789,132431
2024-12-05 06:00:00,126640.0,127390.0,126270.0,127385.0,764771,2399903
2024-12-05 07:00:00,127390.0,128130.0,127380.0,128030.0,807280,2955915
2024-12-05 08:00:00,128030.0,128365.0,127865.0,128290.0,662166,2534268
2024-12-05 09:00:00,128290.0,128395.0,127990.0,128110.0,364219,1449351
2024-12-05 10:00:00,128110.0,128255.0,128040.0,128045.0,228882,909085
2024-12-05 11:00:00,128045.0,128125.0,127875.0,128055.0,309088,1276189
2024-12-05 12:00:00,128055.0,128290.0,128040.0,128130.0,273690,1194911
2024-12-05 13:00:00,128130.0,128185.0,127945.0,128050.0,227760,983326
2024-12-05 14:00:00,128050.0,128225.0,127850.0,128150.0,243087,957304
2024-12-05 15:00:00,128155.0,128320.0,128075.0,128320.0,75393,254264
2024-12-06 06:00:00,127965.0,128015.0,127350.0,127705.0,738645,2358005
2024-12-06 07:00:00,127705.0,127970.0,127500.0,127655.0,824355,2679891
2024-12-06 08:00:00,127655.0,127680.0,126715.0,126770.0,693642,2497042
2024-12-06 09:00:00,126770.0,126800.0,126345.0,126570.0,483829,1991128
2024-12-06 10:00:00,126565.0,126600.0,126305.0,126345.0,259409,956748
2024-12-06 11:00:00,126350.0,126395.0,126090.0,126185.0,347867,1369073
2024-12-06 12:00:00,126190.0,126265.0,125985.0,126115.0,273272,1134545
2024-12-06 13:00:00,126115.0,126405.0,126065.0,126330.0,204167,830693
2024-12-06 14:00:00,126330.0,126455.0,126005.0,126025.0,236221,917508
2024-12-06 15:00:00,126030.0,126170.0,126005.0,126100.0,59020,231338
2024-12-09 06:00:00,126740.0,126900.0,126505.0,126795.0,544693,1613266
2024-12-09 07:00:00,126795.0,127495.0,126745.0,127335.0,725651,2518427
2024-12-09 08:00:00,127335.0,127760.0,127280.0,127540.0,559049,1985373
2024-12-09 09:00:00,127540.0,127770.0,127225.0,127440.0,467128,1713525
2024-12-09 10:00:00,127435.0,127490.0,127185.0,127440.0,301459,1052368
2024-12-09 11:00:00,127440.0,127650.0,127385.0,127420.0,283203,1015529
2024-12-09 12:00:00,127425.0,127570.0,127295.0,127325.0,237380,921097
2024-12-09 13:00:00,127330.0,127540.0,127310.0,127425.0,214567,833656
2024-12-09 14:00:00,127420.0,127570.0,127405.0,127480.0,167018,636233
2024-12-09 15:00:00,127475.0,127510.0,127325.0,127390.0,42361,172818
2024-12-10 06:00:00,128260.0,128610.0,127860.0,128450.0,940124,2848562
2024-12-10 07:00:00,128450.0,128750.0,127905.0,128310.0,908736,3094796
2024-12-10 08:00:00,128310.0,128740.0,128110.0,128395.0,628686,2238468
2024-12-10 09:00:00,128395.0,128520.0,128190.0,128325.0,358509,1340396
2024-12-10 10:00:00,128325.0,128340.0,127970.0,128150.0,316824,1126724
2024-12-10 11:00:00,128150.0,128255.0,128005.0,128175.0,259786,950794
2024-12-10 12:00:00,128175.0,128235.0,128055.0,128110.0,166549,623603
2024-12-10 13:00:00,128110.0,128435.0,128050.0,128390.0,213318,823714
2024-12-10 14:00:00,128390.0,128580.0,128360.0,128470.0,220641,842087
2024-12-10 15:00:00,128475.0,128520.0,128400.0,128465.0,51449,189926
2024-12-11 06:00:00,128260.0,128730.0,128140.0,128570.0,721937,2306254
2024-12-11 07:00:00,128570.0,129025.0,128305.0,128335.0,1004854,3340773
2024-12-11 08:00:00,128335.0,128615.0,127820.0,127890.0,635095,2275188
2024-12-11 09:00:00,127895.0,127980.0,127525.0,127970.0,404783,1555636
2024-12-11 10:00:00,127975.0,128125.0,127900.0,127985.0,305337,1177893
2024-12-11 11:00:00,127990.0,128090.0,127860.0,128020.0,248321,947516
2024-12-11 12:00:00,128020.0,128045.0,127750.0,127820.0,233275,954729
2024-12-11 13:00:00,127820.0,131290.0,127815.0,130320.0,969923,2953740
2024-12-11 14:00:00,130315.0,130710.0,129365.0,129905.0,568813,1719046
2024-12-11 15:00:00,129905.0,130275.0,129775.0,130055.0,98379,308606
2024-12-12 06:00:00,130260.0,130480.0,128480.0,128495.0,954819,3007930
2024-12-12 07:00:00,128495.0,128545.0,127560.0,127620.0,705924,2596667
2024-12-12 08:00:00,127615.0,127620.0,127045.0,127320.0,693973,2595262
2024-12-12 09:00:00,127320.0,127345.0,126725.0,126820.0,445771,1790369
2024-12-12 10:00:00,126820.0,127045.0,126765.0,126790.0,285809,1118501
2024-12-12 11:00:00,126790.0,126795.0,126315.0,126425.0,432622,1749420
2024-12-12 12:00:00,126430.0,126540.0,126250.0,126300.0,298237,1248842
2024-12-12 13:00:00,126295.0,126675.0,125950.0,126305.0,438488,1926427
2024-12-12 14:00:00,126310.0,126675.0,126205.0,126315.0,390378,1399867
2024-12-12 15:00:00,126315.0,126395.0,126030.0,126260.0,83227,297036
2024-12-13 06:00:00,126305.0,126550.0,125950.0,126160.0,744221,2305087
2024-12-13 07:00:00,126165.0,126320.0,125855.0,125915.0,732155,2536790
2024-12-13 08:00:00,125920.0,126095.0,125475.0,125620.0,603558,2123720
2024-12-13 09:00:00,125620.0,125685.0,125350.0,125620.0,340292,1246087
2024-12-13 10:00:00,125620.0,125870.0,125480.0,125785.0,315829,1130950
2024-12-13 11:00:00,125780.0,125865.0,125185.0,125465.0,483004,1727233
2024-12-13 12:00:00,125465.0,125565.0,125275.0,125415.0,283005,979207
2024-12-13 13:00:00,125410.0,125445.0,125120.0,125135.0,255702,883914
2024-12-13 14:00:00,125135.0,125150.0,124590.0,124730.0,325465,1118897
2024-12-13 15:00:00,124730.0,125170.0,124645.0,125000.0,87704,281301
2024-12-16 06:00:00,124810.0,124990.0,124535.0,124915.0,805651,2315144
2024-12-16 07:00:00,124915.0,125020.0,124635.0,124785.0,579875,1856870
2024-12-16 08:00:00,124785.0,124825.0,124295.0,124705.0,693663,2365206
2024-12-16 09:00:00,124700.0,124740.0,124340.0,124660.0,377297,1276517
2024-12-16 10:00:00,124655.0,124825.0,124545.0,124800.0,285445,947958
2024-12-16 11:00:00,124795.0,124885.0,124510.0,124625.0,351091,1194843
2024-12-16 12:00:00,124625.0,124775.0,124550.0,124630.0,254073,909315
2024-12-16 13:00:00,124625.0,124640.0,124210.0,124280.0,236260,859449
2024-12-16 14:00:00,124285.0,124310.0,123510.0,123585.0,339035,1211055
2024-12-16 15:00:00,123590.0,123720.0,123320.0,123460.0,89972,309974
2024-12-17 06:00:00,123525.0,124370.0,123495.0,124050.0,923773,2470082
2024-12-17 07:00:00,124045.0,124510.0,123580.0,124470.0,739317,2286355
2024-12-17 08:00:00,124475.0,124535.0,123695.0,123890.0,683944,2285007
2024-12-17 09:00:00,123895.0,124365.0,123785.0,124240.0,602923,2023812
2024-12-17 10:00:00,124245.0,125300.0,124155.0,124890.0,615870,2056214
2024-12-17 11:00:00,124890.0,124995.0,124330.0,124980.0,465651,1541949
2024-12-17 12:00:00,124980.0,125430.0,124535.0,124705.0,541401,1782760
2024-12-17 13:00:00,124705.0,125000.0,124380.0,124410.0,351055,1139009
2024-12-17 14:00:00,124410.0,125180.0,124405.0,125145.0,344312,1042568
2024-12-17 15:00:00,125145.0,125155.0,124865.0,124970.0,76067,233183
2024-12-18 06:00:00,126755.0,127030.0,125810.0,125835.0,745161,2102728
2024-12-18 07:00:00,125835.0,126045.0,125470.0,125560.0,672814,2008075
2024-12-18 08:00:00,125565.0,125745.0,124870.0,124895.0,608665,1952581
2024-12-18 09:00:00,124895.0,124925.0,124300.0,124395.0,526460,1852899
2024-12-18 10:00:00,124400.0,124585.0,124010.0,124015.0,378676,1259176
2024-12-18 11:00:00,124015.0,124215.0,123855.0,124050.0,380601,1234857
2024-12-18 12:00:00,124050.0,124345.0,123890.0,123975.0,347996,1272786
2024-12-18 13:00:00,123980.0,123985.0,122790.0,122890.0,598980,1973781
2024-12-18 14:00:00,122890.0,123280.0,122045.0,122745.0,664421,2063511
2024-12-18 15:00:00,122745.0,123570.0,122550.0,123175.0,103054,369528
2024-12-19 06:00:00,123850.0,123905.0,123240.0,123355.0,674216,1797796
2024-12-19 07:00:00,123360.0,123545.0,122900.0,123330.0,1026349,3106136
2024-12-19 08:00:00,123330.0,123680.0,123070.0,123485.0,801440,2640133
2024-12-19 09:00:00,123490.0,123495.0,122975.0,123415.0,488963,1636154
2024-12-19 10:00:00,123415.0,123750.0,123205.0,123210.0,385813,1249950
2024-12-19 11:00:00,123210.0,123555.0,123190.0,123420.0,316102,998845
2024-12-19 12:00:00,123420.0,123440.0,123095.0,123350.0,294471,1078287
2024-12-19 13:00:00,123350.0,123415.0,122800.0,122870.0,307536,1024177
2024-12-19 14:00:00,122870.0,123475.0,122820.0,123160.0,312643,986128
2024-12-19 15:00:00,123155.0,123165.0,122925.0,122990.0,70035,211781
2024-12-20 06:00:00,122600.0,123085.0,122405.0,122730.0,666188,1856121
2024-12-20 07:00:00,122730.0,122810.0,122370.0,122530.0,667851,2015344
2024-12-20 08:00:00,122525.0,123165.0,122515.0,122840.0,660082,2097074
2024-12-20 09:00:00,122845.0,123160.0,122815.0,122945.0,371218,1209581
2024-12-20 10:00:00,122945.0,123010.0,122745.0,122825.0,296622,954205
2024-12-20 11:00:00,122825.0,123310.0,122710.0,123225.0,338337,1133342
2024-12-20 12:00:00,123225.0,123950.0,122955.0,123710.0,507991,1760123
2024-12-20 13:00:00,123710.0,123955.0,123525.0,123550.0,239968,807616
2024-12-20 14:00:00,123550.0,123705.0,123370.0,123490.0,245586,803511
2024-12-20 15:00:00,123490.0,123980.0,123475.0,123945.0,85759,292350
2024-12-23 06:00:00,123450.0,123570.0,122615.0,122860.0,556993,1526294
2024-12-23 07:00:00,122865.0,123345.0,122750.0,122940.0,636562,1991211
2024-12-23 08:00:00,122945.0,123155.0,122450.0,122490.0,511994,1626958
2024-12-23 09:00:00,122495.0,122630.0,122210.0,122530.0,382989,1305480
2024-12-23 10:00:00,122530.0,122735.0,122435.0,122705.0,195936,653142
2024-12-23 11:00:00,122710.0,122720.0,122445.0,122625.0,257551,851446
2024-12-23 12:00:00,122625.0,122830.0,122475.0,122820.0,221562,750817
2024-12-23 13:00:00,122820.0,122865.0,122630.0,122810.0,200161,673510
2024-12-23 14:00:00,122810.0,122820.0,122450.0,122510.0,243427,793314
2024-12-23 15:00:00,122510.0,122535.0,122095.0,122175.0,90445,284844
2024-12-26 06:00:00,122205.0,122545.0,121660.0,122310.0,647854,1731497
2024-12-26 07:00:00,122315.0,122585.0,121915.0,122115.0,689091,1999555
2024-12-26 08:00:00,122120.0,122700.0,122035.0,122535.0,490110,1481832
2024-12-26 09:00:00,122535.0,122715.0,122385.0,122685.0,314077,1003802
2024-12-26 10:00:00,122680.0,123110.0,122675.0,122710.0,310192,1030981
2024-12-26 11:00:00,122715.0,122850.0,122515.0,122775.0,301839,1003168
2024-12-26 12:00:00,122775.0,122970.0,122695.0,122755.0,267909,941041
2024-12-26 13:00:00,122755.0,122755.0,122530.0,122665.0,209614,713569
2024-12-26 14:00:00,122660.0,122725.0,122355.0,122585.0,220814,718002
2024-12-26 15:00:00,122580.0,122670.0,122495.0,122640.0,59314,186194
2024-12-27 06:00:00,122505.0,123050.0,122210.0,122975.0,633694,1771359
2024-12-27 07:00:00,122975.0,123075.0,122025.0,122075.0,654260,2000262
2024-12-27 08:00:00,122070.0,122665.0,122065.0,122325.0,488323,1528464
2024-12-27 09:00:00,122330.0,122360.0,121935.0,122100.0,421283,1380650
2024-12-27 10:00:00,122105.0,122230.0,121865.0,121960.0,248549,797665
2024-12-27 11:00:00,121965.0,122000.0,121740.0,121920.0,251740,811637
2024-12-27 12:00:00,121915.0,122030.0,121585.0,121625.0,264782,872555
2024-12-27 13:00:00,121620.0,121690.0,121455.0,121555.0,210575,698319
2024-12-27 14:00:00,121550.0,121755.0,121355.0,121440.0,248121,809759
2024-12-27 15:00:00,121440.0,121710.0,121305.0,121535.0,67158,236759
2024-12-30 06:00:00,121505.0,121920.0,121445.0,121850.0,505230,1413924
2024-12-30 07:00:00,121855.0,122410.0,121685.0,122040.0,658827,2058434
2024-12-30 08:00:00,122035.0,122240.0,121720.0,121770.0,450856,1366161
2024-12-30 09:00:00,121765.0,122150.0,121600.0,121660.0,387516,1239736
2024-12-30 10:00:00,121665.0,121795.0,121410.0,121480.0,374290,1209348
2024-12-30 11:00:00,121480.0,121650.0,121430.0,121570.0,277665,899477
2024-12-30 12:00:00,121570.0,121725.0,121505.0,121645.0,159602,549794
2024-12-30 13:00:00,121640.0,121735.0,121535.0,121690.0,172113,593655
2024-12-30 14:00:00,121695.0,121995.0,121565.0,121660.0,214680,676655
2024-12-30 15:00:00,121655.0,121735.0,121510.0,121620.0,51058,164013
2025-01-02 06:00:00,121790.0,122375.0,121055.0,121275.0,647788,1626509
2025-01-02 07:00:00,121275.0,121400.0,120390.0,120605.0,627565,1878561
2025-01-02 08:00:00,120605.0,121245.0,120300.0,121010.0,559891,1778631
2025-01-02 09:00:00,121015.0,121865.0,121010.0,121800.0,477666,1590826
2025-01-02 10:00:00,121795.0,121975.0,121550.0,121840.0,440409,1429347
2025-01-02 11:00:00,121840.0,121880.0,121215.0,121440.0,377282,1230304
2025-01-02 12:00:00,121440.0,121535.0,121260.0,121440.0,305390,985548
2025-01-02 13:00:00,121440.0,121510.0,121250.0,121295.0,229021,753389
2025-01-02 14:00:00,121290.0,121520.0,121140.0,121380.0,244232,769458
2025-01-02 15:00:00,121380.0,121465.0,121305.0,121360.0,50910,149396
2025-01-03 06:00:00,121265.0,121420.0,120715.0,120855.0,571618,1476682
2025-01-03 07:00:00,120855.0,121565.0,120780.0,120990.0,818047,2580377
2025-01-03 08:00:00,120990.0,121005.0,120405.0,120530.0,584273,1884719
2025-01-03 09:00:00,120525.0,120550.0,120220.0,120315.0,345325,1167956
2025-01-03 10:00:00,120320.0,120330.0,119920.0,119980.0,315126,1078378
2025-01-03 11:00:00,119980.0,120145.0,119630.0,119700.0,339197,1139543
2025-01-03 12:00:00,119705.0,119880.0,119640.0,119710.0,207882,712247
2025-01-03 13:00:00,119710.0,119860.0,119575.0,119635.0,199517,723968
2025-01-03 14:00:00,119635.0,119800.0,119535.0,119555.0,171217,577696
2025-01-03 15:00:00,119560.0,119685.0,119480.0,119500.0,52407,175617
2025-01-06 06:00:00,119925.0,120945.0,119825.0,120925.0,676829,1936628
2025-01-06 07:00:00,120925.0,121250.0,120815.0,120975.0,729040,2310938
2025-01-06 08:00:00,120975.0,121380.0,120545.0,121235.0,877563,2736309
2025-01-06 09:00:00,121240.0,121470.0,120755.0,121000.0,480925,1577190
2025-01-06 10:00:00,121000.0,121300.0,120800.0,121275.0,312502,1010606
2025-01-06 11:00:00,121275.0,121405.0,120895.0,121000.0,312152,1008881
2025-01-06 12:00:00,121000.0,121045.0,120720.0,120920.0,277792,946356
2025-01-06 13:00:00,120915.0,121060.0,120825.0,120950.0,200704,689536
2025-01-06 14:00:00,120950.0,121165.0,120865.0,120975.0,212112,706132
2025-01-06 15:00:00,120975.0,121145.0,120965.0,121080.0,51303,159725
2025-01-07 06:00:00,121060.0,121875.0,120915.0,121790.0,723500,2086947
2025-01-07 07:00:00,121795.0,122260.0,121770.0,122170.0,703324,2357909
2025-01-07 08:00:00,122170.0,122495.0,122065.0,122340.0,614905,2199898
2025-01-07 09:00:00,122340.0,122855.0,122005.0,122495.0,576861,2029175
2025-01-07 10:00:00,122500.0,122725.0,122360.0,122690.0,341584,1124667
2025-01-07 11:00:00,122690.0,122780.0,122505.0,122550.0,263748,925980
2025-01-07 12:00:00,122545.0,122690.0,122225.0,122285.0,264222,938097
2025-01-07 13:00:00,122280.0,122405.0,122150.0,122280.0,216539,793129
2025-01-07 14:00:00,122275.0,122340.0,121905.0,122320.0,273211,916137
2025-01-07 15:00:00,122320.0,122450.0,122275.0,122425.0,65625,210870
2025-01-08 06:00:00,122200.0,122350.0,121475.0,121650.0,742643,2107856
2025-01-08 07:00:00,121650.0,121895.0,120950.0,121020.0,821722,2626821
2025-01-08 08:00:00,121015.0,121205.0,120725.0,120840.0,609354,2071743
2025-01-08 09:00:00,120845.0,121150.0,120820.0,121030.0,323125,1062156
2025-01-08 10:00:00,121030.0,121085.0,120835.0,120960.0,278641,908021
2025-01-08 11:00:00,120955.0,120970.0,120560.0,120645.0,326435,1116897
2025-01-08 12:00:00,120645.0,120765.0,120460.0,120570.0,258260,904504
2025-01-08 13:00:00,120575.0,120670.0,120370.0,120405.0,228341,827664
2025-01-08 14:00:00,120400.0,120775.0,120395.0,120595.0,231956,748632
2025-01-08 15:00:00,120595.0,120850.0,120560.0,120790.0,62761,193465
2025-01-09 06:00:00,120775.0,120930.0,120475.0,120640.0,734122,1987939
2025-01-09 07:00:00,120645.0,120945.0,120580.0,120780.0,670543,2200614
2025-01-09 08:00:00,120775.0,120930.0,120510.0,120845.0,489676,1713528
2025-01-09 09:00:00,120840.0,121095.0,120780.0,121050.0,270438,1016056
2025-01-09 10:00:00,121050.0,121055.0,120810.0,121035.0,228519,839156
2025-01-09 11:00:00,121040.0,121150.0,120930.0,121070.0,223815,821346
2025-01-09 12:00:00,121075.0,121080.0,120825.0,120865.0,170579,629392
2025-01-09 13:00:00,120870.0,120875.0,120650.0,120795.0,225270,872960
2025-01-09 14:00:00,120795.0,120975.0,120665.0,120915.0,168849,610400
2025-01-09 15:00:00,120915.0,120945.0,120735.0,120750.0,45690,164777
2025-01-10 06:00:00,121110.0,121420.0,120800.0,120850.0,538024,1459442
2025-01-10 07:00:00,120855.0,120945.0,120090.0,120230.0,784206,2457160
2025-01-10 08:00:00,120235.0,120395.0,119955.0,120010.0,576828,1980380
2025-01-10 09:00:00,120005.0,120005.0,119665.0,119800.0,364145,1273041
2025-01-10 10:00:00,119795.0,119950.0,119655.0,119835.0,267436,957042
2025-01-10 11:00:00,119835.0,120205.0,119680.0,120145.0,318508,1154498
2025-01-10 12:00:00,120145.0,120265.0,120020.0,120220.0,244422,938815
2025-01-10 13:00:00,120220.0,120225.0,119895.0,119925.0,222893,817791
2025-01-10 14:00:00,119925.0,119995.0,119735.0,119880.0,221287,767490
2025-01-10 15:00:00,119880.0,120145.0,119840.0,120050.0,65937,206282
2025-01-13 06:00:00,119785.0,120165.0,119565.0,119870.0,607708,1741226
2025-01-13 07:00:00,119875.0,120155.0,119675.0,119845.0,712019,2259932
2025-01-13 08:00:00,119840.0,120465.0,119615.0,120290.0,621785,2108744
2025-01-13 09:00:00,120290.0,120615.0,120220.0,120435.0,336287,1183516
2025-01-13 10:00:00,120435.0,120650.0,120085.0,120095.0,306763,1102871
2025-01-13 11:00:00,120095.0,120125.0,119855.0,119960.0,287631,1031219
2025-01-13 12:00:00,119965.0,120010.0,119860.0,119910.0,189053,737103
2025-01-13 13:00:00,119915.0,119985.0,119780.0,119900.0,218392,844877
2025-01-13 14:00:00,119900.0,119995.0,119810.0,119925.0,146554,562239
2025-01-13 15:00:00,119930.0,119975.0,119770.0,119770.0,51906,166880
2025-01-14 06:00:00,120230.0,120510.0,119930.0,119985.0,634652,1824780
2025-01-14 07:00:00,119980.0,120370.0,119430.0,120095.0,1050915,3421713
2025-01-14 08:00:00,120100.0,120105.0,119055.0,119555.0,805016,2715071
2025-01-14 09:00:00,119560.0,120195.0,119530.0,120095.0,397174,1309505
2025-01-14 10:00:00,120095.0,120165.0,119830.0,119880.0,271198,857832
2025-01-14 11:00:00,119880.0,120040.0,119690.0,119770.0,280956,881500
2025-01-14 12:00:00,119770.0,119960.0,119765.0,119910.0,194394,636480
2025-01-14 13:00:00,119905.0,120330.0,119875.0,120110.0,257268,911813
2025-01-14 14:00:00,120115.0,120360.0,119980.0,120265.0,206456,651212
2025-01-14 15:00:00,120265.0,120375.0,120225.0,120325.0,39576,132541
2025-01-15 06:00:00,120270.0,121290.0,120270.0,121280.0,606870,1952305
2025-01-15 07:00:00,121275.0,122035.0,121030.0,121910.0,830348,2751785
2025-01-15 08:00:00,121910.0,121995.0,121475.0,121600.0,467350,1610397
2025-01-15 09:00:00,121605.0,121765.0,121325.0,121610.0,382438,1474938
2025-01-15 10:00:00,121615.0,121930.0,121535.0,121920.0,207766,783086
2025-01-15 11:00:00,121925.0,121995.0,121760.0,121985.0,220202,847958
2025-01-15 12:00:00,121985.0,122355.0,121955.0,122270.0,308226,1353319
2025-01-15 13:00:00,122275.0,123050.0,122240.0,123030.0,328690,1619317
2025-01-15 14:00:00,123035.0,123960.0,122995.0,123635.0,467616,1925716
2025-01-15 15:00:00,123630.0,123810.0,123470.0,123490.0,71079,265633
2025-01-16 06:00:00,123150.0,123420.0,122920.0,123125.0,674378,2035258
2025-01-16 07:00:00,123120.0,123230.0,122645.0,122725.0,746758,2516858
2025-01-16 08:00:00,122730.0,123000.0,122375.0,122500.0,642724,2308145
2025-01-16 09:00:00,122495.0,122575.0,122110.0,122230.0,420155,1404619
2025-01-16 10:00:00,122235.0,122260.0,121945.0,122080.0,302113,1097640
2025-01-16 11:00:00,122085.0,122175.0,121725.0,121850.0,254006,938278
2025-01-16 12:00:00,121850.0,121880.0,121595.0,121665.0,225925,877769
2025-01-16 13:00:00,121660.0,121865.0,121615.0,121865.0,200961,761052
2025-01-16 14:00:00,121870.0,122315.0,121805.0,122070.0,273253,945476
2025-01-16 15:00:00,122075.0,122135.0,121930.0,121965.0,56566,191065
2025-01-17 06:00:00,122565.0,122650.0,122215.0,122510.0,602191,1826769
2025-01-17 07:00:00,122505.0,122605.0,121810.0,121935.0,756153,2601727
2025-01-17 08:00:00,121935.0,122955.0,121855.0,122910.0,699422,2445030
2025-01-17 09:00:00,122905.0,123340.0,122865.0,123255.0,356302,1293355
2025-01-17 10:00:00,123260.0,123555.0,123245.0,123415.0,260925,975134
2025-01-17 11:00:00,123415.0,123510.0,123235.0,123395.0,247064,929269
2025-01-17 12:00:00,123400.0,123450.0,122925.0,123125.0,261916,1027267
2025-01-17 13:00:00,123125.0,123225.0,122955.0,122990.0,174548,667771
2025-01-17 14:00:00,122990.0,123520.0,122775.0,123090.0,277139,1070353
2025-01-17 15:00:00,123090.0,123185.0,122875.0,122875.0,53168,184816
2025-01-20 06:00:00,122910.0,123235.0,122615.0,122770.0,587753,1828744
2025-01-20 07:00:00,122770.0,123080.0,122245.0,122870.0,950772,3152893
2025-01-20 08:00:00,122875.0,123845.0,122785.0,123765.0,665307,2289515
2025-01-20 09:00:00,123765.0,123925.0,123535.0,123610.0,334865,1192272
2025-01-20 10:00:00,123610.0,123880.0,123600.0,123715.0,254606,896264
2025-01-20 11:00:00,123720.0,123820.0,123295.0,123640.0,352358,1185262
2025-01-20 12:00:00,123640.0,123720.0,123290.0,123435.0,213554,715375
2025-01-20 13:00:00,123430.0,123570.0,123325.0,123490.0,145711,494864
2025-01-20 14:00:00,123490.0,124060.0,123490.0,123810.0,248773,772818
2025-01-20 15:00:00,123810.0,123855.0,123540.0,123685.0,56175,191222
2025-01-21 06:00:00,123440.0,123505.0,122875.0,123455.0,659638,2028035
2025-01-21 07:00:00,123455.0,123605.0,122990.0,123435.0,729606,2428307
2025-01-21 08:00:00,123435.0,123520.0,123185.0,123245.0,517010,1736881
2025-01-21 09:00:00,123245.0,123735.0,123170.0,123580.0,398025,1450666
2025-01-21 10:00:00,123585.0,123875.0,123550.0,123625.0,243775,855536
2025-01-21 11:00:00,123630.0,123775.0,123520.0,123595.0,250549,898897
2025-01-21 12:00:00,123590.0,123995.0,123585.0,123880.0,273732,1034204
2025-01-21 13:00:00,123880.0,124040.0,123835.0,123985.0,174124,658306
2025-01-21 14:00:00,123985.0,124310.0,123940.0,124125.0,212198,723437
2025-01-21 15:00:00,124120.0,124220.0,124040.0,124040.0,43485,144005
2025-01-22 06:00:00,124230.0,124725.0,124110.0,124670.0,629044,1835847
2025-01-22 07:00:00,124670.0,124770.0,123870.0,124065.0,704501,2434128
2025-01-22 08:00:00,124065.0,124415.0,123930.0,123935.0,650470,2215133
2025-01-22 09:00:00,123935.0,124170.0,123815.0,123980.0,376995,1337981
2025-01-22 10:00:00,123975.0,124180.0,123915.0,124010.0,245256,863492
2025-01-22 11:00:00,124005.0,124335.0,123985.0,124250.0,230959,832319
2025-01-22 12:00:00,124255.0,124335.0,124040.0,124055.0,217859,829489
2025-01-22 13:00:00,124055.0,124230.0,123960.0,124025.0,213378,810345
2025-01-22 14:00:00,124020.0,124110.0,123640.0,123715.0,191674,707797
2025-01-22 15:00:00,123710.0,123790.0,123610.0,123760.0,53465,191206
2025-01-23 06:00:00,123800.0,123965.0,123420.0,123945.0,635429,1924364
2025-01-23 07:00:00,123945.0,124730.0,123870.0,124390.0,796017,2671034
2025-01-23 08:00:00,124395.0,124505.0,123595.0,123740.0,608345,2223068
2025-01-23 09:00:00,123740.0,123820.0,123505.0,123515.0,319935,1160325
2025-01-23 10:00:00,123515.0,123605.0,123265.0,123490.0,418724,1457300
2025-01-23 11:00:00,123490.0,123820.0,123400.0,123725.0,232425,834527
2025-01-23 12:00:00,123725.0,123755.0,123205.0,123285.0,300234,1119752
2025-01-23 13:00:00,123290.0,123320.0,122830.0,122885.0,286887,1043243
2025-01-23 14:00:00,122885.0,123270.0,122875.0,123170.0,201856,790236
2025-01-23 15:00:00,123175.0,123265.0,123080.0,123115.0,42803,134884
2025-01-24 06:00:00,123350.0,123555.0,122935.0,123170.0,634509,1912206
2025-01-24 07:00:00,123165.0,123565.0,122790.0,123425.0,787197,2562583
2025-01-24 08:00:00,123425.0,123455.0,122800.0,122930.0,502240,1644893
2025-01-24 09:00:00,122930.0,123300.0,122845.0,123110.0,348750,1219586
2025-01-24 10:00:00,123110.0,123290.0,123065.0,123190.0,226091,795052
2025-01-24 11:00:00,123190.0,123275.0,123085.0,123115.0,164097,614192
2025-01-24 12:00:00,123115.0,123200.0,122950.0,123110.0,159627,583599
2025-01-24 13:00:00,123115.0,123160.0,122940.0,123070.0,135226,485991
2025-01-24 14:00:00,123070.0,123265.0,122995.0,123150.0,115365,401591
2025-01-24 15:00:00,123145.0,123210.0,123070.0,123110.0,31623,109418
2025-01-27 06:00:00,122350.0,122960.0,122190.0,122880.0,563600,1679320
2025-01-27 07:00:00,122875.0,124520.0,122805.0,124235.0,875844,3063740
2025-01-27 08:00:00,124240.0,124655.0,124155.0,124400.0,644495,2156843
2025-01-27 09:00:00,124400.0,124590.0,124110.0,124235.0,390009,1330310
2025-01-27 10:00:00,124230.0,124755.0,124215.0,124750.0,300399,1042222
2025-01-27 11:00:00,124750.0,125090.0,124740.0,124890.0,340535,1245126
2025-01-27 12:00:00,124890.0,125275.0,124830.0,125045.0,308342,1173020
2025-01-27 13:00:00,125050.0,125325.0,124970.0,125240.0,200541,753671
2025-01-27 14:00:00,125240.0,125495.0,125185.0,125435.0,226615,830793
2025-01-27 15:00:00,125435.0,125655.0,125425.0,125500.0,70613,250583
2025-01-28 06:00:00,125250.0,125605.0,125100.0,125300.0,612387,1830112
2025-01-28 07:00:00,125295.0,125475.0,124800.0,124885.0,685044,2260112
2025-01-28 08:00:00,124885.0,125215.0,124840.0,124890.0,512013,1688455
2025-01-28 09:00:00,124890.0,125060.0,124695.0,124935.0,387422,1369009
2025-01-28 10:00:00,124930.0,124975.0,124565.0,124770.0,312072,1118979
2025-01-28 11:00:00,124770.0,124880.0,124660.0,124870.0,228228,839212
2025-01-28 12:00:00,124865.0,124970.0,124725.0,124900.0,191482,694627
2025-01-28 13:00:00,124900.0,124970.0,124710.0,124775.0,152974,550749
2025-01-28 14:00:00,124770.0,124805.0,124485.0,124605.0,178444,640764
2025-01-28 15:00:00,124605.0,124735.0,124525.0,124725.0,54785,173090
2025-01-29 06:00:00,124860.0,125535.0,124790.0,125515.0,541444,1542909
2025-01-29 07:00:00,125520.0,125525.0,124340.0,124390.0,741717,2506368
2025-01-29 08:00:00,124390.0,124540.0,124115.0,124505.0,481887,1675394
2025-01-29 09:00:00,124510.0,124765.0,124345.0,124765.0,293289,1043844
2025-01-29 10:00:00,124760.0,124850.0,124420.0,124435.0,283695,963996
2025-01-29 11:00:00,124430.0,124560.0,124330.0,124455.0,213302,712559
2025-01-29 12:00:00,124455.0,124560.0,124330.0,124455.0,177589,637853
2025-01-29 13:00:00,124460.0,124525.0,124025.0,124240.0,430685,1434870
2025-01-29 14:00:00,124235.0,124315.0,123750.0,123940.0,294586,939095
2025-01-29 15:00:00,123940.0,123965.0,123815.0,123950.0,60529,170381
2025-01-30 06:00:00,124450.0,124915.0,124245.0,124680.0,716049,2153467
2025-01-30 07:00:00,124685.0,125870.0,124645.0,125365.0,840041,2788841
2025-01-30 08:00:00,125360.0,126280.0,125170.0,125970.0,656828,2226958
2025-01-30 09:00:00,125970.0,126700.0,125900.0,126620.0,401074,1380175
2025-01-30 10:00:00,126620.0,126900.0,126520.0,126865.0,311506,1105075
2025-01-30 11:00:00,126860.0,127265.0,126825.0,127185.0,290739,1127966
2025-01-30 12:00:00,127190.0,127645.0,127170.0,127470.0,327719,1215738
2025-01-30 13:00:00,127470.0,127575.0,127285.0,127390.0,260891,944695
2025-01-30 14:00:00,127390.0,127740.0,127130.0,127415.0,424935,1518873
2025-01-30 15:00:00,127410.0,127600.0,127225.0,127445.0,96366,349560
2025-01-31 06:00:00,127310.0,127650.0,127235.0,127420.0,588362,1673051
2025-01-31 07:00:00,127425.0,127840.0,127215.0,127780.0,661298,2047992
2025-01-31 08:00:00,127775.0,128015.0,127280.0,127615.0,683392,2207677
2025-01-31 09:00:00,127615.0,127770.0,127340.0,127570.0,343182,1077668
2025-01-31 10:00:00,127570.0,127795.0,127495.0,127625.0,259292,847494
2025-01-31 11:00:00,127625.0,127710.0,127375.0,127550.0,325116,1037799
2025-01-31 12:00:00,127555.0,127605.0,126950.0,127035.0,419564,1381948
2025-01-31 13:00:00,127035.0,127110.0,126745.0,126905.0,289614,968651
2025-01-31 14:00:00,126905.0,126950.0,126505.0,126660.0,277577,892649
2025-01-31 15:00:00,126655.0,126830.0,126585.0,126750.0,58061,192555
2025-02-03 06:00:00,125715.0,126180.0,125465.0,126140.0,534488,1455123
2025-02-03 07:00:00,126135.0,126475.0,125955.0,126175.0,707668,2281640
2025-02-03 08:00:00,126175.0,126545.0,126065.0,126230.0,563392,1863780
2025-02-03 09:00:00,126230.0,126900.0,126035.0,126820.0,756299,2463465
2025-02-03 10:00:00,126815.0,126870.0,126365.0,126405.0,373035,1218878
2025-02-03 11:00:00,126400.0,126540.0,126170.0,126280.0,303304,1012184
2025-02-03 12:00:00,126280.0,126465.0,126060.0,126070.0,246195,833357
2025-02-03 13:00:00,126070.0,126395.0,126035.0,126320.0,190421,673827
2025-02-03 14:00:00,126320.0,126445.0,126115.0,126190.0,194801,643116
2025-02-03 15:00:00,126195.0,126420.0,126090.0,126420.0,51573,183698
2025-02-04 06:00:00,126500.0,126535.0,125815.0,125815.0,600790,1675489
2025-02-04 07:00:00,125820.0,126135.0,124965.0,125135.0,740484,2332234
2025-02-04 08:00:00,125130.0,125750.0,124995.0,125625.0,615655,1994713
2025-02-04 09:00:00,125630.0,126200.0,125585.0,125815.0,495860,1656316
2025-02-04 10:00:00,125810.0,126000.0,125585.0,125865.0,284638,961105
2025-02-04 11:00:00,125870.0,125925.0,125520.0,125780.0,302586,1015296
2025-02-04 12:00:00,125780.0,125910.0,125635.0,125880.0,229107,783390
2025-02-04 13:00:00,125880.0,125905.0,125490.0,125620.0,206825,702800
2025-02-04 14:00:00,125620.0,125645.0,125380.0,125445.0,198552,622418
2025-02-04 15:00:00,125450.0,125535.0,125365.0,125450.0,45961,151029
2025-02-05 06:00:00,125550.0,125905.0,125385.0,125595.0,613904,1730098
2025-02-05 07:00:00,125600.0,125865.0,125290.0,125435.0,725640,2265806
2025-02-05 08:00:00,125430.0,125575.0,124845.0,125425.0,639080,2202233
2025-02-05 09:00:00,125430.0,126120.0,125410.0,125850.0,458557,1536863
2025-02-05 10:00:00,125850.0,125860.0,125585.0,125740.0,274475,958924
2025-02-05 11:00:00,125740.0,125825.0,125535.0,125695.0,231749,815543
2025-02-05 12:00:00,125695.0,125835.0,125585.0,125725.0,181816,644339
2025-02-05 13:00:00,125725.0,125910.0,125695.0,125855.0,201027,704471
2025-02-05 14:00:00,125855.0,125880.0,125675.0,125740.0,148169,517049
2025-02-05 15:00:00,125740.0,125935.0,125715.0,125875.0,50515,166314
2025-02-06 06:00:00,125950.0,126225.0,125460.0,125765.0,658291,1922623
2025-02-06 07:00:00,125765.0,125810.0,125400.0,125780.0,609791,1903896
2025-02-06 08:00:00,125775.0,126455.0,125505.0,125845.0,770815,2622589
2025-02-06 09:00:00,125840.0,126015.0,125565.0,125640.0,377096,1326328
2025-02-06 10:00:00,125645.0,126005.0,125620.0,125950.0,239156,826587
2025-02-06 11:00:00,125950.0,126110.0,125820.0,125975.0,246782,841547
2025-02-06 12:00:00,125980.0,126490.0,125895.0,126430.0,317147,1149820
2025-02-06 13:00:00,126430.0,126645.0,126355.0,126395.0,252240,852725
2025-02-06 14:00:00,126395.0,126535.0,126340.0,126445.0,143816,486462
2025-02-06 15:00:00,126445.0,126500.0,126120.0,126120.0,53552,182172
2025-02-07 06:00:00,126385.0,126470.0,126150.0,126240.0,460005,1309921
2025-02-07 07:00:00,126240.0,126745.0,126220.0,126540.0,780990,2366276
2025-02-07 08:00:00,126535.0,126575.0,125575.0,125895.0,627569,2046821
2025-02-07 09:00:00,125890.0,125940.0,125270.0,125420.0,492048,1670518
2025-02-07 10:00:00,125420.0,125460.0,124980.0,125020.0,435353,1424738
2025-02-07 11:00:00,125025.0,125125.0,124825.0,125025.0,318938,1004680
2025-02-07 12:00:00,125025.0,125305.0,124320.0,124490.0,369657,1312039
2025-02-07 13:00:00,124485.0,124815.0,124425.0,124725.0,304487,993774
2025-02-07 14:00:00,124725.0,124845.0,124555.0,124735.0,173219,576479
2025-02-07 15:00:00,124730.0,124995.0,124715.0,124925.0,52488,180711
2025-02-10 06:00:00,125100.0,125670.0,124860.0,125560.0,579203,1698392
2025-02-10 07:00:00,125555.0,126490.0,125510.0,126260.0,759639,2553845
2025-02-10 08:00:00,126265.0,126285.0,125385.0,125660.0,618251,2069476
2025-02-10 09:00:00,125665.0,125995.0,125560.0,125970.0,328334,1141881
2025-02-10 10:00:00,125970.0,126130.0,125785.0,125860.0,271865,967916
2025-02-10 11:00:00,125865.0,125935.0,125710.0,125885.0,205460,766098
2025-02-10 12:00:00,125880.0,125935.0,125685.0,125725.0,176512,667771
2025-02-10 13:00:00,125720.0,125810.0,125625.0,125745.0,182257,665642
2025-02-10 14:00:00,125750.0,125855.0,125575.0,125805.0,172620,600239
2025-02-10 15:00:00,125805.0,125845.0,125610.0,125650.0,59368,198703
2025-02-11 06:00:00,125750.0,126210.0,125565.0,125840.0,594011,1696616
2025-02-11 07:00:00,125835.0,126875.0,125715.0,126570.0,786408,2654949
2025-02-11 08:00:00,126570.0,127000.0,126405.0,126455.0,550264,1824199
2025-02-11 09:00:00,126460.0,126525.0,126130.0,126495.0,295353,1040011
2025-02-11 10:00:00,126495.0,126630.0,126410.0,126590.0,252927,901743
2025-02-11 11:00:00,126585.0,126645.0,126440.0,126575.0,194779,687196
2025-02-11 12:00:00,126580.0,126670.0,126460.0,126535.0,149729,562319
2025-02-11 13:00:00,126535.0,126590.0,126360.0,126445.0,165082,559276
2025-02-11 14:00:00,126440.0,126725.0,126430.0,126640.0,168289,536297
2025-02-11 15:00:00,126640.0,126690.0,126495.0,126590.0,56589,169487
2025-02-12 06:00:00,129030.0,129340.0,127550.0,127565.0,914294,2716919
2025-02-12 07:00:00,127565.0,127910.0,126715.0,127020.0,1019655,2936299
2025-02-12 08:00:00,127020.0,127380.0,126850.0,127130.0,557301,1679410
2025-02-12 09:00:00,127130.0,127130.0,126450.0,126705.0,405066,1342487
2025-02-12 10:00:00,126700.0,126785.0,126490.0,126740.0,241021,794159
2025-02-12 11:00:00,126740.0,127050.0,126605.0,127010.0,339716,1148463
2025-02-12 12:00:00,127015.0,127240.0,126700.0,126965.0,372483,1417413
2025-02-12 13:00:00,126965.0,126985.0,126685.0,126880.0,228769,861011
2025-02-12 14:00:00,126880.0,127080.0,126630.0,126650.0,242922,870226
2025-02-12 15:00:00,126650.0,126750.0,126415.0,126415.0,71650,237872
2025-02-13 06:00:00,126930.0,127030.0,126235.0,126360.0,493735,1484954
2025-02-13 07:00:00,126365.0,126685.0,126255.0,126485.0,711732,2290141
2025-02-13 08:00:00,126490.0,126575.0,126035.0,126445.0,592598,1989662
2025-02-13 09:00:00,126445.0,126720.0,126280.0,126540.0,410701,1457116
2025-02-13 10:00:00,126535.0,126765.0,126485.0,126710.0,232305,818591
2025-02-13 11:00:00,126715.0,126950.0,126620.0,126755.0,261669,967656
2025-02-13 12:00:00,126750.0,126910.0,126625.0,126795.0,331803,1211889
2025-02-13 13:00:00,126795.0,126980.0,126755.0,126790.0,203490,737660
2025-02-13 14:00:00,126785.0,127230.0,126685.0,127215.0,193079,736111
2025-02-13 15:00:00,127210.0,127290.0,127110.0,127140.0,50581,180021
2025-02-14 06:00:00,127020.0,128370.0,126995.0,128060.0,651610,2093503
2025-02-14 07:00:00,128060.0,128825.0,128025.0,128345.0,682856,2304987
2025-02-14 08:00:00,128350.0,128765.0,128270.0,128715.0,419146,1424949
2025-02-14 09:00:00,128715.0,129230.0,128675.0,129015.0,342775,1203965
2025-02-14 10:00:00,129015.0,129440.0,128955.0,129440.0,259336,904112
2025-02-14 11:00:00,129445.0,129670.0,129335.0,129535.0,240020,890751
2025-02-14 12:00:00,129535.0,129750.0,129455.0,129725.0,179237,692703
2025-02-14 13:00:00,129725.0,130905.0,129725.0,130600.0,438949,1749198
2025-02-14 14:00:00,130595.0,130940.0,130420.0,130650.0,278027,971594
2025-02-14 15:00:00,130650.0,130760.0,130260.0,130455.0,85009,313924
2025-02-17 06:00:00,130450.0,131160.0,130420.0,131125.0,545600,1532990
2025-02-17 07:00:00,131130.0,131200.0,130830.0,131145.0,589295,1776238
2025-02-17 08:00:00,131140.0,131630.0,131050.0,131475.0,595600,1991377
2025-02-17 09:00:00,131475.0,131845.0,131390.0,131765.0,309525,1036095
2025-02-17 10:00:00,131760.0,131940.0,131660.0,131870.0,248131,804677
2025-02-17 11:00:00,131870.0,131885.0,131560.0,131695.0,237695,755648
2025-02-17 12:00:00,131690.0,131725.0,131180.0,131325.0,251654,874727
2025-02-17 13:00:00,131330.0,131635.0,131210.0,131490.0,234079,804904
2025-02-17 14:00:00,131485.0,131545.0,130880.0,130990.0,243143,751510
2025-02-17 15:00:00,130990.0,131015.0,130760.0,130880.0,62649,204893
2025-02-18 06:00:00,131300.0,131325.0,130690.0,131075.0,518092,1585557
2025-02-18 07:00:00,131070.0,131160.0,130295.0,130845.0,835484,2802365
2025-02-18 08:00:00,130845.0,131160.0,130640.0,131005.0,522736,1816174
2025-02-18 09:00:00,131005.0,131610.0,131000.0,131455.0,366463,1303437
2025-02-18 10:00:00,131455.0,131475.0,131275.0,131405.0,238568,834840
2025-02-18 11:00:00,131405.0,131440.0,130935.0,130965.0,264915,973542
2025-02-18 12:00:00,130960.0,131035.0,130620.0,130780.0,291690,1124043
2025-02-18 13:00:00,130775.0,130875.0,130515.0,130535.0,173736,661543
2025-02-18 14:00:00,130530.0,130715.0,130310.0,130575.0,258544,964115
2025-02-18 15:00:00,130570.0,130805.0,130520.0,130770.0,62561,209394
2025-02-19 06:00:00,130600.0,130620.0,129475.0,129575.0,696253,2200650
2025-02-19 07:00:00,129580.0,130125.0,129450.0,130100.0,576691,1973500
2025-02-19 08:00:00,130100.0,130160.0,129625.0,129810.0,516539,1802859
2025-02-19 09:00:00,129815.0,130035.0,129755.0,129885.0,282295,1046986
2025-02-19 10:00:00,129880.0,129975.0,129655.0,129675.0,230818,822672
2025-02-19 11:00:00,129675.0,129700.0,129470.0,129550.0,255415,925885
2025-02-19 12:00:00,129550.0,129610.0,129315.0,129365.0,203824,786054
2025-02-19 13:00:00,129365.0,129545.0,129245.0,129255.0,220446,846052
2025-02-19 14:00:00,129255.0,129495.0,129150.0,129450.0,182275,681192
2025-02-19 15:00:00,129455.0,129590.0,129335.0,129390.0,67559,266446
2025-02-20 06:00:00,129700.0,129900.0,129475.0,129665.0,555197,1668108
2025-02-20 07:00:00,129665.0,129695.0,129095.0,129425.0,680662,2191737
2025-02-20 08:00:00,129425.0,130000.0,129305.0,129805.0,592544,2076160
2025-02-20 09:00:00,129805.0,129980.0,129450.0,129455.0,340682,1222670
2025-02-20 10:00:00,129455.0,129590.0,129210.0,129355.0,267297,973787
2025-02-20 11:00:00,129350.0,129610.0,129265.0,129410.0,232607,874635
2025-02-20 12:00:00,129410.0,129495.0,129235.0,129390.0,181921,712105
2025-02-20 13:00:00,129395.0,129560.0,129345.0,129510.0,160750,592722
2025-02-20 14:00:00,129510.0,129855.0,129500.0,129755.0,176159,632082
2025-02-20 15:00:00,129760.0,129770.0,129415.0,129470.0,49087,191276
2025-02-21 06:00:00,129520.0,129710.0,129310.0,129560.0,452615,1287411
2025-02-21 07:00:00,129560.0,129750.0,129140.0,129440.0,673312,2114496
2025-02-21 08:00:00,129445.0,129465.0,128920.0,129070.0,541506,1833521
2025-02-21 09:00:00,129065.0,129170.0,128760.0,128910.0,299408,1035299
2025-02-21 10:00:00,128910.0,129165.0,128790.0,129010.0,243328,818136
2025-02-21 11:00:00,129015.0,129345.0,129010.0,129095.0,269126,902115
2025-02-21 12:00:00,129095.0,129165.0,128445.0,128700.0,383594,1344379
2025-02-21 13:00:00,128705.0,128990.0,128685.0,128875.0,220254,767539
2025-02-21 14:00:00,128875.0,129245.0,128765.0,129170.0,174888,605629
2025-02-21 15:00:00,129170.0,129290.0,129145.0,129160.0,51712,173970
2025-02-24 06:00:00,129435.0,129775.0,129310.0,129585.0,518080,1528426
2025-02-24 07:00:00,129580.0,129650.0,128845.0,129010.0,782623,2548982
2025-02-24 08:00:00,129005.0,129265.0,128745.0,128790.0,612301,2068290
2025-02-24 09:00:00,128790.0,128825.0,128455.0,128565.0,323608,1110803
2025-02-24 10:00:00,128565.0,128640.0,128250.0,128260.0,303859,1053936
2025-02-24 11:00:00,128260.0,128300.0,127815.0,127830.0,315810,1111603
2025-02-24 12:00:00,127825.0,127950.0,127685.0,127710.0,266190,1026477
2025-02-24 13:00:00,127705.0,127765.0,127145.0,127210.0,252650,999067
2025-02-24 14:00:00,127210.0,127455.0,127065.0,127310.0,280095,1046257
2025-02-24 15:00:00,127315.0,127550.0,127280.0,127550.0,50497,213915
2025-02-25 06:00:00,127620.0,128080.0,127620.0,127755.0,644667,1904867
2025-02-25 07:00:00,127755.0,128285.0,127540.0,128045.0,782095,2427608
2025-02-25 08:00:00,128040.0,128750.0,127945.0,128515.0,653951,2151037
2025-02-25 09:00:00,128510.0,128525.0,128225.0,128375.0,347986,1123648
2025-02-25 10:00:00,128375.0,128640.0,127860.0,127970.0,419450,1436813
2025-02-25 11:00:00,127965.0,128135.0,127905.0,128015.0,251879,883832
2025-02-25 12:00:00,128015.0,128345.0,127980.0,128130.0,299788,1149079
2025-02-25 13:00:00,128135.0,128290.0,128005.0,128185.0,222812,840592
2025-02-25 14:00:00,128185.0,128285.0,127885.0,127900.0,200837,726066
2025-02-25 15:00:00,127905.0,128055.0,127720.0,127815.0,71392,252117
2025-02-26 06:00:00,128320.0,129135.0,128250.0,129090.0,664996,1937511
2025-02-26 07:00:00,129085.0,129125.0,127490.0,127555.0,883282,2843054
2025-02-26 08:00:00,127555.0,127775.0,126905.0,127185.0,654503,2128211
2025-02-26 09:00:00,127190.0,127455.0,127060.0,127370.0,347453,1148376
2025-02-26 10:00:00,127370.0,127515.0,127255.0,127335.0,247991,835646
2025-02-26 11:00:00,127335.0,127385.0,126950.0,126995.0,304330,1035143
2025-02-26 12:00:00,127000.0,127215.0,126815.0,127105.0,273329,978903
2025-02-26 13:00:00,127105.0,127145.0,126850.0,126930.0,223448,802456
2025-02-26 14:00:00,126930.0,127095.0,126555.0,126660.0,247665,846503
2025-02-26 15:00:00,126655.0,126885.0,126545.0,126885.0,61766,218395
2025-02-27 06:00:00,126100.0,126365.0,125850.0,126255.0,575471,1592451
2025-02-27 07:00:00,126250.0,126580.0,126120.0,126325.0,673717,2141796
2025-02-27 08:00:00,126320.0,126600.0,126110.0,126320.0,574438,1937398
2025-02-27 09:00:00,126320.0,126640.0,126170.0,126430.0,374240,1229984
2025-02-27 10:00:00,126430.0,126475.0,126215.0,126395.0,277724,933330
2025-02-27 11:00:00,126400.0,126810.0,126400.0,126690.0,296263,990868
2025-02-27 12:00:00,126695.0,127275.0,126640.0,127180.0,327396,1159636
2025-02-27 13:00:00,127180.0,127305.0,126905.0,127045.0,262433,936776
2025-02-27 14:00:00,127045.0,127050.0,126270.0,126380.0,363380,1299379
2025-02-27 15:00:00,126375.0,126575.0,126320.0,126515.0,63003,213909
2025-02-28 06:00:00,126390.0,126400.0,125795.0,126035.0,472547,1405062
2025-02-28 07:00:00,126040.0,126645.0,125965.0,126250.0,636549,1975788
2025-02-28 08:00:00,126250.0,126400.0,125630.0,125850.0,661053,2180965
2025-02-28 09:00:00,125855.0,126220.0,125760.0,126050.0,359806,1211376
2025-02-28 10:00:00,126050.0,126115.0,125285.0,125305.0,364193,1253159
2025-02-28 11:00:00,125300.0,125425.0,124910.0,125000.0,325151,1179269
2025-02-28 12:00:00,125000.0,125000.0,124295.0,124465.0,402117,1495261
2025-02-28 13:00:00,124470.0,124795.0,124455.0,124670.0,250865,875317
2025-02-28 14:00:00,124670.0,124940.0,124590.0,124775.0,261172,868586
2025-02-28 15:00:00,124775.0,124935.0,124480.0,124850.0,93988,308343
2025-03-05 10:00:00,125190.0,125300.0,124535.0,124775.0,576522,1872872
2025-03-05 11:00:00,124770.0,124935.0,124495.0,124695.0,372208,1256658
2025-03-05 12:00:00,124695.0,124810.0,124425.0,124730.0,352323,1218196
2025-03-05 13:00:00,124730.0,124900.0,124665.0,124740.0,236262,852831
2025-03-05 14:00:00,124745.0,125050.0,124565.0,124790.0,282760,935080
2025-03-05 15:00:00,124790.0,124945.0,124660.0,124800.0,65623,198643
2025-03-06 06:00:00,124490.0,125215.0,124370.0,125165.0,669701,2023426
2025-03-06 07:00:00,125170.0,125170.0,124530.0,124700.0,678095,2217168
2025-03-06 08:00:00,124705.0,124945.0,124220.0,124625.0,660903,2171661
2025-03-06 09:00:00,124630.0,125810.0,124615.0,125120.0,720913,2371778
2025-03-06 10:00:00,125120.0,125570.0,124730.0,125075.0,545787,1773545
2025-03-06 11:00:00,125070.0,125390.0,124845.0,124865.0,342080,1120035
2025-03-06 12:00:00,124865.0,125335.0,124760.0,124960.0,373458,1247894
2025-03-06 13:00:00,124960.0,124975.0,124395.0,124590.0,406496,1188073
2025-03-06 14:00:00,124595.0,125125.0,124560.0,124970.0,291493,818889
2025-03-06 15:00:00,124970.0,125080.0,124855.0,125060.0,58531,184788
2025-03-07 06:00:00,125155.0,125280.0,124015.0,124065.0,690428,1977791
2025-03-07 07:00:00,124065.0,124545.0,123705.0,124540.0,768790,2359777
2025-03-07 08:00:00,124545.0,125830.0,124485.0,125780.0,911762,2863012
2025-03-07 09:00:00,125780.0,126600.0,125740.0,126365.0,591148,1939337
2025-03-07 10:00:00,126355.0,126435.0,125930.0,126030.0,295295,872712
2025-03-07 11:00:00,126030.0,126560.0,125970.0,126275.0,375327,1172665
2025-03-07 12:00:00,126280.0,126970.0,126250.0,126890.0,382049,1276184
2025-03-07 13:00:00,126895.0,127460.0,126895.0,127220.0,390355,1412743
2025-03-07 14:00:00,127220.0,127220.0,126690.0,126845.0,333063,1096776
2025-03-07 15:00:00,126845.0,126855.0,126500.0,126695.0,96389,307682
2025-03-10 06:00:00,126050.0,126210.0,125240.0,125460.0,663888,2053622
2025-03-10 07:00:00,125460.0,125825.0,125300.0,125365.0,839409,2702378
2025-03-10 08:00:00,125370.0,125535.0,124895.0,125385.0,698650,2325990
2025-03-10 09:00:00,125385.0,126355.0,125335.0,125875.0,555668,1894898
2025-03-10 10:00:00,125875.0,126285.0,125860.0,126055.0,359708,1182069
2025-03-10 11:00:00,126050.0,126190.0,125620.0,125675.0,380989,1295158
2025-03-10 12:00:00,125670.0,125885.0,125380.0,125415.0,393111,1401996
2025-03-10 13:00:00,125410.0,125925.0,125220.0,125805.0,427663,1526761
2025-03-10 14:00:00,125810.0,126035.0,125740.0,125845.0,214502,737340
2025-03-10 15:00:00,125840.0,125965.0,125800.0,125865.0,36814,106242
2025-03-11 06:00:00,126260.0,126325.0,125670.0,125800.0,635954,1878625
2025-03-11 07:00:00,125800.0,125980.0,124960.0,125085.0,1063423,3379277
2025-03-11 08:00:00,125080.0,125220.0,124490.0,124585.0,680582,2193855
2025-03-11 09:00:00,124585.0,124725.0,124425.0,124490.0,398667,1359381
2025-03-11 10:00:00,124485.0,124510.0,124085.0,124190.0,344582,1233099
2025-03-11 11:00:00,124190.0,124370.0,123965.0,124325.0,356495,1263058
2025-03-11 12:00:00,124325.0,125025.0,124285.0,125000.0,469956,1664223
2025-03-11 13:00:00,125000.0,125225.0,124775.0,124805.0,421761,1540451
2025-03-11 14:00:00,124805.0,125200.0,124785.0,125090.0,189067,656315
2025-03-11 15:00:00,125085.0,125200.0,125015.0,125160.0,48792,130349
2025-03-12 06:00:00,125300.0,125775.0,124435.0,125005.0,920309,2594224
2025-03-12 07:00:00,125010.0,125410.0,124695.0,125115.0,817784,2476248
2025-03-12 08:00:00,125110.0,125135.0,124550.0,124740.0,526708,1695309
2025-03-12 09:00:00,124740.0,125135.0,124700.0,125025.0,403992,1390744
2025-03-12 10:00:00,125030.0,125350.0,124860.0,124945.0,392246,1318927
2025-03-12 11:00:00,124945.0,125030.0,124360.0,124395.0,403125,1369228
2025-03-12 12:00:00,124395.0,125200.0,124385.0,124750.0,483634,1710370
2025-03-12 13:00:00,124750.0,125390.0,124720.0,125230.0,331864,1173273
2025-03-12 14:00:00,125230.0,125300.0,125040.0,125150.0,165888,575497
2025-03-12 15:00:00,125160.0,125260.0,125025.0,125025.0,34886,95563
2025-03-13 06:00:00,124825.0,125770.0,124655.0,125535.0,634651,1889633
2025-03-13 07:00:00,125535.0,125650.0,124820.0,125090.0,825908,2734512
2025-03-13 08:00:00,125090.0,126770.0,125040.0,126665.0,716497,2559051
2025-03-13 09:00:00,126660.0,126895.0,126425.0,126780.0,394266,1417059
2025-03-13 10:00:00,126775.0,127100.0,126745.0,126970.0,294546,1060566
2025-03-13 11:00:00,126965.0,127130.0,126785.0,126825.0,261101,918503
2025-03-13 12:00:00,126820.0,127065.0,126810.0,127015.0,201007,761636
2025-03-13 13:00:00,127015.0,127165.0,126960.0,127135.0,212255,810727
2025-03-13 14:00:00,127135.0,127145.0,126880.0,126905.0,159731,593454
2025-03-13 15:00:00,126905.0,127190.0,126885.0,127070.0,62185,182194
2025-03-14 06:00:00,127420.0,127870.0,127355.0,127735.0,585459,1707169
2025-03-14 07:00:00,127735.0,128340.0,127585.0,128295.0,785358,2547153
2025-03-14 08:00:00,128295.0,129550.0,128065.0,129505.0,618755,2221362
2025-03-14 09:00:00,129500.0,130130.0,129490.0,130085.0,362592,1422373
2025-03-14 10:00:00,130080.0,130300.0,129785.0,130010.0,302814,1146140
2025-03-14 11:00:00,130010.0,130120.0,129740.0,129830.0,266884,990555
2025-03-14 12:00:00,129830.0,130215.0,129745.0,130105.0,260115,1025918
2025-03-14 13:00:00,130110.0,130550.0,130095.0,130325.0,291904,1164039
2025-03-14 14:00:00,130325.0,130410.0,130125.0,130240.0,160143,624923
2025-03-14 15:00:00,130235.0,130270.0,130015.0,130085.0,38054,154926
2025-03-17 06:00:00,130085.0,130795.0,129890.0,130435.0,688874,1966071
2025-03-17 07:00:00,130435.0,130825.0,130200.0,130575.0,797397,2467198
2025-03-17 08:00:00,130575.0,131360.0,130525.0,131135.0,598292,1866120
2025-03-17 09:00:00,131130.0,132160.0,131125.0,132030.0,454418,1562072
2025-03-17 10:00:00,132030.0,132250.0,131880.0,132010.0,269108,875552
2025-03-17 11:00:00,132010.0,132380.0,131930.0,132320.0,269565,883892
2025-03-17 12:00:00,132320.0,132495.0,132270.0,132470.0,243103,850078
2025-03-17 13:00:00,132465.0,132685.0,132085.0,132195.0,315145,1119155
2025-03-17 14:00:00,132190.0,132390.0,132055.0,132200.0,209494,687423
2025-03-17 15:00:00,132195.0,132355.0,132165.0,132300.0,45615,125593
2025-03-18 06:00:00,131865.0,132190.0,131490.0,132045.0,725327,2051236
2025-03-18 07:00:00,132045.0,132740.0,131915.0,132005.0,1036483,3142389
2025-03-18 08:00:00,132005.0,132315.0,131970.0,132160.0,438701,1404677
2025-03-18 09:00:00,132165.0,132805.0,132065.0,132535.0,506938,1751596
2025-03-18 10:00:00,132530.0,132800.0,132370.0,132445.0,313288,1024414
2025-03-18 11:00:00,132450.0,133160.0,132400.0,132985.0,407648,1336001
2025-03-18 12:00:00,132980.0,133060.0,132760.0,132910.0,256899,868289
2025-03-18 13:00:00,132910.0,133040.0,132660.0,132780.0,255852,912255
2025-03-18 14:00:00,132785.0,132945.0,132665.0,132840.0,152410,494162
2025-03-18 15:00:00,132835.0,132935.0,132775.0,132830.0,34393,96420
2025-03-19 06:00:00,132540.0,133090.0,132530.0,133020.0,662306,1868827
2025-03-19 07:00:00,133020.0,133630.0,132780.0,133385.0,787861,2453851
2025-03-19 08:00:00,133390.0,134055.0,133365.0,133665.0,589224,1916986
2025-03-19 09:00:00,133665.0,133725.0,133425.0,133560.0,321456,1100247
2025-03-19 10:00:00,133565.0,133830.0,133530.0,133620.0,299275,1018097
2025-03-19 11:00:00,133620.0,133790.0,133255.0,133445.0,250994,850526
2025-03-19 12:00:00,133435.0,134260.0,133260.0,134240.0,446957,1482747
2025-03-19 13:00:00,134240.0,134320.0,133710.0,133850.0,350526,1191953
2025-03-19 14:00:00,133845.0,134260.0,133770.0,134120.0,197965,667140
2025-03-19 15:00:00,134125.0,134455.0,134110.0,134130.0,60701,168594
2025-03-20 06:00:00,133590.0,133600.0,133060.0,133410.0,601284,1729696
2025-03-20 07:00:00,133405.0,133845.0,133255.0,133625.0,792689,2555242
2025-03-20 08:00:00,133625.0,133720.0,133230.0,133675.0,566914,1831873
2025-03-20 09:00:00,133670.0,133955.0,132895.0,133070.0,477324,1673017
2025-03-20 10:00:00,133070.0,133420.0,133025.0,133220.0,317026,1069321
2025-03-20 11:00:00,133225.0,133380.0,133075.0,133125.0,241880,861240
2025-03-20 12:00:00,133125.0,133340.0,132940.0,132995.0,326318,1162686
2025-03-20 13:00:00,133000.0,133410.0,132960.0,133305.0,277175,972844
2025-03-20 14:00:00,133310.0,133340.0,133085.0,133150.0,168924,569819
2025-03-20 15:00:00,133145.0,133285.0,133050.0,133265.0,52345,131800
2025-03-21 06:00:00,132950.0,133115.0,132615.0,132935.0,713366,2077823
2025-03-21 07:00:00,132930.0,133425.0,132820.0,133265.0,764269,2447279
2025-03-21 08:00:00,133270.0,133735.0,133055.0,133250.0,626620,2075795
2025-03-21 09:00:00,133250.0,133285.0,132880.0,133075.0,326685,1107265
2025-03-21 10:00:00,133080.0,133365.0,132885.0,133280.0,296660,994420
2025-03-21 11:00:00,133280.0,133435.0,133160.0,133310.0,266668,922511
2025-03-21 12:00:00,133310.0,133345.0,132885.0,132915.0,265778,1007326
2025-03-21 13:00:00,132915.0,133550.0,132850.0,133480.0,324145,1164533
2025-03-21 14:00:00,133485.0,133585.0,133140.0,133260.0,183588,637650
2025-03-21 15:00:00,133265.0,133295.0,133110.0,133110.0,26976,83604
2025-03-24 06:00:00,133900.0,134145.0,132670.0,132865.0,744767,2163478
2025-03-24 07:00:00,132865.0,133270.0,132505.0,132970.0,817505,2546458
2025-03-24 08:00:00,132970.0,133415.0,132850.0,133165.0,549968,1826179
2025-03-24 09:00:00,133165.0,133185.0,132875.0,133025.0,320164,1120421
2025-03-24 10:00:00,133025.0,133035.0,132700.0,132860.0,260363,884817
2025-03-24 11:00:00,132860.0,132865.0,131940.0,132060.0,447427,1623362
2025-03-24 12:00:00,132055.0,132290.0,131925.0,132155.0,297839,1084794
2025-03-24 13:00:00,132150.0,132545.0,132045.0,132345.0,316920,1152613
2025-03-24 14:00:00,132345.0,132445.0,132155.0,132335.0,153573,540247
2025-03-24 15:00:00,132340.0,132540.0,132290.0,132470.0,61874,153592
2025-03-25 06:00:00,132200.0,132935.0,132090.0,132845.0,790080,2287308
2025-03-25 07:00:00,132850.0,133680.0,132560.0,133530.0,831771,2664283
2025-03-25 08:00:00,133530.0,134105.0,133465.0,134050.0,482041,1633351
2025-03-25 09:00:00,134050.0,134455.0,133995.0,134260.0,358655,1291288
2025-03-25 10:00:00,134260.0,134265.0,133410.0,133670.0,333568,1172530
2025-03-25 11:00:00,133670.0,133805.0,133220.0,133340.0,371380,1247812
2025-03-25 12:00:00,133340.0,133455.0,133145.0,133170.0,266161,950049
2025-03-25 13:00:00,133165.0,133250.0,132895.0,133075.0,302202,1086253
2025-03-25 14:00:00,133070.0,133400.0,132980.0,133345.0,159337,554778
2025-03-25 15:00:00,133350.0,133360.0,133055.0,133195.0,54944,140841
2025-03-26 06:00:00,133180.0,133755.0,133000.0,133755.0,677551,1924676
2025-03-26 07:00:00,133750.0,133795.0,133030.0,133435.0,963218,3045421
2025-03-26 08:00:00,133435.0,133835.0,133265.0,133290.0,521641,1767991
2025-03-26 09:00:00,133290.0,133580.0,133265.0,133370.0,357327,1306778
2025-03-26 10:00:00,133370.0,133875.0,133320.0,133390.0,322738,1150165
2025-03-26 11:00:00,133395.0,133415.0,133095.0,133315.0,328848,1207602
2025-03-26 12:00:00,133315.0,133550.0,133255.0,133305.0,269714,1016881
2025-03-26 13:00:00,133305.0,133640.0,133220.0,133540.0,241008,942033
2025-03-26 14:00:00,133540.0,133655.0,133215.0,133315.0,177380,645832
2025-03-26 15:00:00,133315.0,133335.0,132605.0,133200.0,61165,174712
2025-03-27 06:00:00,133680.0,134165.0,133605.0,133970.0,728744,2064933
2025-03-27 07:00:00,133970.0,134055.0,133240.0,133785.0,971067,3079589
2025-03-27 08:00:00,133790.0,134000.0,133530.0,133685.0,572183,1905089
2025-03-27 09:00:00,133685.0,134575.0,133665.0,134465.0,417761,1439380
2025-03-27 10:00:00,134460.0,134640.0,134285.0,134440.0,308468,1025893
2025-03-27 11:00:00,134445.0,134640.0,133725.0,133975.0,334405,1150408
2025-03-27 12:00:00,133980.0,134315.0,133920.0,134095.0,316642,1076739
2025-03-27 13:00:00,134095.0,134180.0,133660.0,133945.0,276788,957824
2025-03-27 14:00:00,133945.0,134080.0,133795.0,133880.0,141311,471382
2025-03-27 15:00:00,133880.0,133915.0,133765.0,133835.0,31303,93638
2025-03-28 06:00:00,133745.0,133750.0,132850.0,133440.0,698568,2114525
2025-03-28 07:00:00,133435.0,133800.0,133095.0,133265.0,817807,2663151
2025-03-28 08:00:00,133265.0,133270.0,132120.0,132185.0,673923,2366915
2025-03-28 09:00:00,132180.0,132505.0,132080.0,132400.0,325285,1172258
2025-03-28 10:00:00,132395.0,132530.0,132190.0,132200.0,228042,772166
2025-03-28 11:00:00,132205.0,132625.0,132030.0,132625.0,349433,1205796
2025-03-28 12:00:00,132625.0,133635.0,132615.0,132995.0,537086,2006829
2025-03-28 13:00:00,133000.0,133075.0,132765.0,132815.0,200349,708770
2025-03-28 14:00:00,132815.0,132820.0,132515.0,132690.0,156448,549820
2025-03-28 15:00:00,132690.0,132750.0,132610.0,132720.0,22419,67788
2025-03-31 06:00:00,131935.0,132170.0,131430.0,131680.0,661572,1820369
2025-03-31 07:00:00,131685.0,131790.0,130930.0,131365.0,865085,2705372
2025-03-31 08:00:00,131370.0,131650.0,131275.0,131450.0,534869,1732434
2025-03-31 09:00:00,131450.0,131455.0,130855.0,131030.0,368335,1253886
2025-03-31 10:00:00,131035.0,131175.0,130900.0,131045.0,257852,876141
2025-03-31 11:00:00,131045.0,131205.0,130805.0,131115.0,295348,1067563
2025-03-31 12:00:00,131110.0,131720.0,131100.0,131335.0,427647,1578411
2025-03-31 13:00:00,131330.0,131455.0,131080.0,131115.0,291879,1149106
2025-03-31 14:00:00,131115.0,131145.0,130870.0,131050.0,189282,691034
2025-03-31 15:00:00,131045.0,131070.0,130960.0,130960.0,32386,91278
2025-04-01 06:00:00,131130.0,131325.0,130865.0,131105.0,641814,1818987
2025-04-01 07:00:00,131100.0,131510.0,130625.0,131380.0,989798,3153906
2025-04-01 08:00:00,131380.0,132390.0,131120.0,132040.0,794299,2682945
2025-04-01 09:00:00,132035.0,132515.0,132035.0,132430.0,365331,1242295
2025-04-01 10:00:00,132430.0,132585.0,132045.0,132240.0,363110,1198419
2025-04-01 11:00:00,132235.0,132665.0,132185.0,132420.0,309648,1020344
2025-04-01 12:00:00,132425.0,132475.0,131620.0,131860.0,338415,1220816
2025-04-01 13:00:00,131860.0,132080.0,131635.0,131875.0,297537,1023249
2025-04-01 14:00:00,131870.0,131890.0,131640.0,131830.0,146472,487792
2025-04-01 15:00:00,131830.0,131840.0,131610.0,131700.0,32296,89021
2025-04-02 06:00:00,131525.0,132045.0,131405.0,131620.0,766527,2194764
2025-04-02 07:00:00,131620.0,132130.0,131030.0,131115.0,928321,3050805
2025-04-02 08:00:00,131120.0,131750.0,130885.0,131495.0,664090,2260109
2025-04-02 09:00:00,131500.0,131695.0,131360.0,131525.0,352967,1244389
2025-04-02 10:00:00,131525.0,131930.0,131355.0,131855.0,391734,1366748
2025-04-02 11:00:00,131855.0,131875.0,131420.0,131685.0,326094,1132436
2025-04-02 12:00:00,131690.0,131840.0,131590.0,131690.0,220701,761163
2025-04-02 13:00:00,131685.0,131995.0,131675.0,131955.0,205521,682555
2025-04-02 14:00:00,131955.0,133410.0,130990.0,131385.0,837789,2161418
2025-04-02 15:00:00,131390.0,131550.0,130760.0,130760.0,42783,141143
2025-04-03 06:00:00,130340.0,131590.0,130205.0,130360.0,894705,2729972
2025-04-03 07:00:00,130360.0,133070.0,130265.0,132550.0,1225498,3827650
2025-04-03 08:00:00,132550.0,133130.0,132115.0,132155.0,784875,2420963
2025-04-03 09:00:00,132160.0,132185.0,131360.0,131565.0,604257,1910126
2025-04-03 10:00:00,131570.0,132120.0,131520.0,131905.0,381623,1182263
2025-04-03 11:00:00,131905.0,132140.0,131595.0,131895.0,370242,1153894
2025-04-03 12:00:00,131895.0,132030.0,131685.0,131925.0,368421,1155917
2025-04-03 13:00:00,131925.0,132025.0,131555.0,131745.0,309140,974175
2025-04-03 14:00:00,131745.0,131875.0,131615.0,131750.0,171046,514285
2025-04-03 15:00:00,131740.0,131870.0,131655.0,131870.0,24858,75631
2025-04-04 06:00:00,129700.0,129900.0,128730.0,128975.0,907781,2414638
2025-04-04 07:00:00,128975.0,129315.0,127670.0,128015.0,1101097,3373555
2025-04-04 08:00:00,128015.0,128020.0,126825.0,127285.0,795958,2511576
2025-04-04 09:00:00,127280.0,128215.0,127205.0,127540.0,813152,2525599
2025-04-04 10:00:00,127540.0,127850.0,127215.0,127565.0,379437,1204127
2025-04-04 11:00:00,127570.0,127850.0,127245.0,127730.0,423283,1307242
2025-04-04 12:00:00,127730.0,127825.0,127165.0,127375.0,387471,1180074
2025-04-04 13:00:00,127375.0,127855.0,127250.0,127485.0,383029,1127112
2025-04-04 14:00:00,127485.0,127715.0,127280.0,127620.0,222932,662645
2025-04-04 15:00:00,127625.0,127790.0,127350.0,127650.0,44474,123751
2025-04-07 06:00:00,125650.0,126490.0,125350.0,126075.0,1053034,2722637
2025-04-07 07:00:00,126080.0,126120.0,124225.0,125535.0,1283386,3820245
2025-04-07 08:00:00,125530.0,129025.0,125370.0,127190.0,2059699,4797735
2025-04-07 09:00:00,127190.0,127585.0,125260.0,125885.0,1129407,2547699
2025-04-07 10:00:00,125890.0,126070.0,125090.0,125645.0,699036,1595668
2025-04-07 11:00:00,125640.0,126895.0,125530.0,126550.0,723787,1787416
2025-04-07 12:00:00,126550.0,126865.0,125435.0,125565.0,583547,1456257
2025-04-07 13:00:00,125560.0,126350.0,125525.0,125815.0,519235,1292994
2025-04-07 14:00:00,125815.0,126120.0,125715.0,125900.0,190428,468019
2025-04-07 15:00:00,125900.0,125960.0,125720.0,125890.0,26891,66418
2025-04-08 06:00:00,127300.0,127445.0,126170.0,126610.0,837712,2305327
2025-04-08 07:00:00,126605.0,127980.0,126470.0,126985.0,1200387,3522584
2025-04-08 08:00:00,126985.0,127475.0,125715.0,125790.0,868872,2625836
2025-04-08 09:00:00,125790.0,126070.0,125250.0,125780.0,668499,2045710
2025-04-08 10:00:00,125775.0,125800.0,124675.0,125000.0,701813,2086394
2025-04-08 11:00:00,125000.0,125330.0,124430.0,125200.0,739921,2078317
2025-04-08 12:00:00,125195.0,125770.0,124680.0,124705.0,582946,1694428
2025-04-08 13:00:00,124705.0,124740.0,123645.0,124220.0,642483,1916504
2025-04-08 14:00:00,124225.0,124395.0,123925.0,124010.0,194994,556420
2025-04-08 15:00:00,124010.0,124125.0,123800.0,124000.0,50572,125278
2025-04-09 06:00:00,123015.0,123405.0,122560.0,123150.0,972592,2667676
2025-04-09 07:00:00,123155.0,124760.0,123060.0,124475.0,1345139,3730602
2025-04-09 08:00:00,124475.0,125040.0,123830.0,123950.0,1129286,3052878
2025-04-09 09:00:00,123950.0,124525.0,123605.0,123795.0,806727,2196785
2025-04-09 10:00:00,123790.0,124820.0,123730.0,124585.0,544218,1491554
2025-04-09 11:00:00,124585.0,129960.0,123800.0,128570.0,1114744,2899332
2025-04-09 12:00:00,128565.0,128845.0,127035.0,127145.0,912726,2049144
2025-04-09 13:00:00,127150.0,128380.0,126895.0,127905.0,601738,1449258
2025-04-09 14:00:00,127905.0,128235.0,127505.0,127625.0,275199,644964
2025-04-09 15:00:00,127620.0,127945.0,127500.0,127550.0,41722,98875
2025-04-10 06:00:00,127145.0,128245.0,126735.0,127280.0,964531,2477616
2025-04-10 07:00:00,127275.0,127800.0,126540.0,126840.0,1284704,3466755
2025-04-10 08:00:00,126845.0,127365.0,126510.0,126705.0,913787,2394610
2025-04-10 09:00:00,126710.0,126970.0,125985.0,126050.0,692148,1831718
2025-04-10 10:00:00,126050.0,126245.0,125060.0,126195.0,816874,2062313
2025-04-10 11:00:00,126195.0,126660.0,125485.0,126415.0,823234,1967815
2025-04-10 12:00:00,126410.0,126925.0,126185.0,126385.0,697779,1693253
2025-04-10 13:00:00,126385.0,126845.0,125645.0,126475.0,699548,1696804
2025-04-10 14:00:00,126475.0,126790.0,126410.0,126600.0,209478,517450
2025-04-10 15:00:00,126595.0,126630.0,126360.0,126535.0,33737,75313
2025-04-11 06:00:00,127080.0,127675.0,126960.0,127295.0,838661,2125314
2025-04-11 07:00:00,127290.0,127450.0,126205.0,126990.0,1289534,3541698
2025-04-11 08:00:00,126995.0,127300.0,126100.0,126670.0,1091805,2798046
2025-04-11 09:00:00,126670.0,127375.0,126295.0,127000.0,579850,1655514
2025-04-11 10:00:00,127000.0,127825.0,126840.0,127690.0,469522,1435354
2025-04-11 11:00:00,127685.0,128540.0,127255.0,128215.0,586166,1800269
2025-04-11 12:00:00,128210.0,128370.0,127955.0,128135.0,365384,1107644
2025-04-11 13:00:00,128130.0,128475.0,128035.0,128055.0,307260,955077
2025-04-11 14:00:00,128055.0,128085.0,127725.0,127885.0,191060,548999
2025-04-11 15:00:00,127890.0,127995.0,127740.0,127920.0,29086,74135
2025-04-14 06:00:00,128600.0,129495.0,128445.0,129470.0,740402,1997901
2025-04-14 07:00:00,129465.0,129700.0,128975.0,129125.0,1049020,3046967
2025-04-14 08:00:00,129130.0,129590.0,128775.0,128865.0,806551,2449505
2025-04-14 09:00:00,128860.0,129310.0,128480.0,128750.0,728838,2183582
2025-04-14 10:00:00,128750.0,129120.0,128425.0,128880.0,590536,1788601
2025-04-14 11:00:00,128875.0,129530.0,128860.0,129285.0,538649,1605126
2025-04-14 12:00:00,129290.0,130000.0,129240.0,129895.0,447292,1481276
2025-04-14 13:00:00,129900.0,130125.0,129605.0,129685.0,410508,1296654
2025-04-14 14:00:00,129680.0,129760.0,129490.0,129625.0,243594,708364
2025-04-14 15:00:00,129625.0,129680.0,129400.0,129480.0,46290,119253
2025-04-15 06:00:00,129450.0,129955.0,129155.0,129165.0,739708,2008036
2025-04-15 07:00:00,129165.0,129910.0,129120.0,129740.0,946799,2916506
2025-04-15 08:00:00,129745.0,129995.0,128950.0,129235.0,902156,2840307
2025-04-15 09:00:00,129235.0,129620.0,129140.0,129585.0,514469,1671238
2025-04-15 10:00:00,129585.0,129885.0,129385.0,129445.0,391341,1205204
2025-04-15 11:00:00,129445.0,129740.0,129020.0,129175.0,458278,1394816
2025-04-15 12:00:00,129175.0,129410.0,129045.0,129105.0,373041,1162905
2025-04-15 13:00:00,129100.0,129435.0,129070.0,129185.0,278251,828613
2025-04-15 14:00:00,129185.0,129400.0,129165.0,129250.0,148859,396243
2025-04-15 15:00:00,129255.0,129280.0,129185.0,129275.0,46374,103558
2025-04-16 06:00:00,131520.0,131680.0,130810.0,131125.0,821163,2192879
2025-04-16 07:00:00,131125.0,131515.0,130980.0,131040.0,890376,2593513
2025-04-16 08:00:00,131045.0,131480.0,130535.0,130775.0,676945,2101941
2025-04-16 09:00:00,130775.0,131275.0,130755.0,131170.0,366921,1159172
2025-04-16 10:00:00,131165.0,131495.0,130825.0,131420.0,354558,1125139
2025-04-16 11:00:00,131425.0,132065.0,130715.0,130775.0,671986,2044009
2025-04-16 12:00:00,130775.0,131570.0,130735.0,131170.0,497083,1654311
2025-04-16 13:00:00,131170.0,131200.0,130405.0,130685.0,411602,1430738
2025-04-16 14:00:00,130690.0,130790.0,130380.0,130610.0,157428,429619
2025-04-16 15:00:00,130610.0,130735.0,130465.0,130570.0,43676,98645
2025-04-17 06:00:00,130855.0,131195.0,130525.0,130855.0,662428,1844817
2025-04-17 07:00:00,130855.0,131290.0,130270.0,131150.0,967626,3069329
2025-04-17 08:00:00,131150.0,131530.0,130855.0,131280.0,719524,2306577
2025-04-17 09:00:00,131280.0,131955.0,131245.0,131665.0,494342,1600520
2025-04-17 10:00:00,131660.0,132280.0,131655.0,132175.0,522103,1691919
2025-04-17 11:00:00,132180.0,132375.0,131845.0,132195.0,371880,1233749
2025-04-17 12:00:00,132195.0,132600.0,132135.0,132345.0,353353,1157232
2025-04-17 13:00:00,132345.0,132390.0,131860.0,131870.0,305032,990169
2025-04-17 14:00:00,131865.0,132215.0,131855.0,131980.0,189427,551276
2025-04-17 15:00:00,131980.0,132070.0,131850.0,131875.0,33139,102343
2025-04-22 06:00:00,132140.0,132320.0,131505.0,131520.0,750372,2148244
2025-04-22 07:00:00,131520.0,131865.0,130940.0,131530.0,959393,3117420
2025-04-22 08:00:00,131530.0,132610.0,131380.0,132520.0,660268,2254445
2025-04-22 09:00:00,132520.0,133000.0,132450.0,132920.0,447603,1561863
2025-04-22 10:00:00,132920.0,133195.0,132705.0,132790.0,389381,1292890
2025-04-22 11:00:00,132785.0,132985.0,132415.0,132575.0,481055,1583917
2025-04-22 12:00:00,132570.0,133335.0,132550.0,133190.0,387719,1314961
2025-04-22 13:00:00,133190.0,133315.0,133010.0,133020.0,282999,936714
2025-04-22 14:00:00,133015.0,133090.0,132760.0,132845.0,161217,508402
2025-04-22 15:00:00,132840.0,133110.0,132820.0,133110.0,45969,105363
2025-04-23 06:00:00,134125.0,134815.0,134110.0,134490.0,736917,2149404
2025-04-23 07:00:00,134490.0,135440.0,134325.0,135410.0,1029077,3395814
2025-04-23 08:00:00,135410.0,135670.0,135000.0,135580.0,680050,2247292
2025-04-23 09:00:00,135585.0,135770.0,135090.0,135345.0,507400,1736916
2025-04-23 10:00:00,135340.0,135385.0,134665.0,135075.0,402990,1406532
2025-04-23 11:00:00,135075.0,135215.0,134750.0,135090.0,352110,1249750
2025-04-23 12:00:00,135090.0,135180.0,134825.0,134990.0,314461,1143255
2025-04-23 13:00:00,134990.0,135120.0,134680.0,134825.0,313010,1163055
2025-04-23 14:00:00,134830.0,135040.0,134625.0,134930.0,206196,689820
2025-04-23 15:00:00,134925.0,135045.0,134870.0,135015.0,34634,85044
2025-04-24 06:00:00,134785.0,135495.0,134675.0,135245.0,608285,1788228
2025-04-24 07:00:00,135245.0,135720.0,134865.0,135185.0,897566,2945599
2025-04-24 08:00:00,135190.0,135575.0,134950.0,135500.0,699973,2442892
2025-04-24 09:00:00,135500.0,136470.0,135495.0,136395.0,514650,1895122
2025-04-24 10:00:00,136395.0,136985.0,136320.0,136825.0,420555,1569756
2025-04-24 11:00:00,136830.0,137095.0,136610.0,136975.0,361941,1289352
2025-04-24 12:00:00,136980.0,137390.0,136940.0,137170.0,346348,1255587
2025-04-24 13:00:00,137170.0,137220.0,136850.0,136875.0,332586,1183760
2025-04-24 14:00:00,136875.0,137115.0,136870.0,136975.0,166065,496461
2025-04-24 15:00:00,136980.0,137075.0,136960.0,137050.0,41265,106834
2025-04-25 06:00:00,136745.0,137190.0,136530.0,136975.0,689051,1973333
2025-04-25 07:00:00,136980.0,137225.0,136580.0,136675.0,874988,2777148
2025-04-25 08:00:00,136680.0,137430.0,136630.0,137265.0,720904,2401380
2025-04-25 09:00:00,137265.0,137280.0,136810.0,137090.0,357854,1182080
2025-04-25 10:00:00,137090.0,137185.0,136850.0,136915.0,284063,970965
2025-04-25 11:00:00,136910.0,137025.0,136500.0,136765.0,449958,1552964
2025-04-25 12:00:00,136765.0,137320.0,136705.0,137010.0,363773,1236444
2025-04-25 13:00:00,137010.0,137270.0,136925.0,137115.0,262233,936351
2025-04-25 14:00:00,137115.0,137265.0,137005.0,137175.0,131431,427680
2025-04-25 15:00:00,137170.0,137285.0,137105.0,137265.0,22292,69111
2025-04-28 06:00:00,136890.0,137535.0,136840.0,137490.0,595657,1660354
2025-04-28 07:00:00,137495.0,137755.0,136920.0,137535.0,916523,3005190
2025-04-28 08:00:00,137535.0,138070.0,137470.0,137805.0,596009,2061159
2025-04-28 09:00:00,137805.0,137900.0,137200.0,137410.0,419618,1484889
2025-04-28 10:00:00,137410.0,137530.0,137130.0,137190.0,288073,1050912
2025-04-28 11:00:00,137185.0,137325.0,136955.0,137150.0,334520,1184928
2025-04-28 12:00:00,137150.0,137400.0,136975.0,137170.0,300588,1073415
2025-04-28 13:00:00,137170.0,137355.0,137095.0,137270.0,201343,777539
2025-04-28 14:00:00,137265.0,137325.0,137165.0,137220.0,103205,321087
2025-04-28 15:00:00,137220.0,137325.0,137200.0,137275.0,29753,73490
2025-04-29 06:00:00,137265.0,137670.0,137200.0,137270.0,620291,1748256
2025-04-29 07:00:00,137275.0,137775.0,137145.0,137630.0,891780,2834641
2025-04-29 08:00:00,137635.0,138435.0,137500.0,138335.0,676025,2265859
2025-04-29 09:00:00,138335.0,138465.0,137990.0,138170.0,363343,1286733
2025-04-29 10:00:00,138170.0,138290.0,138020.0,138090.0,259086,889894
2025-04-29 11:00:00,138085.0,138225.0,137950.0,137980.0,259069,923436
2025-04-29 12:00:00,137980.0,138025.0,137610.0,137690.0,319486,1210363
2025-04-29 13:00:00,137695.0,137710.0,137450.0,137515.0,253661,986979
2025-04-29 14:00:00,137515.0,137565.0,137285.0,137405.0,135914,463179
2025-04-29 15:00:00,137410.0,137435.0,137330.0,137420.0,44879,103869
2025-04-30 06:00:00,137155.0,137640.0,136725.0,136775.0,811557,2360287
2025-04-30 07:00:00,136775.0,137350.0,136330.0,136605.0,922333,3164419
2025-04-30 08:00:00,136605.0,136790.0,136115.0,136255.0,680602,2420781
2025-04-30 09:00:00,136255.0,136980.0,136230.0,136915.0,475573,1688348
2025-04-30 10:00:00,136915.0,136965.0,136660.0,136935.0,340187,1218682
2025-04-30 11:00:00,136935.0,137285.0,136760.0,136900.0,436650,1565490
2025-04-30 12:00:00,136900.0,137500.0,136840.0,137020.0,380923,1380765
2025-04-30 13:00:00,137025.0,137360.0,136940.0,137165.0,323929,1104799
2025-04-30 14:00:00,137170.0,137265.0,136960.0,136980.0,193134,622613
2025-04-30 15:00:00,136975.0,137030.0,136785.0,136800.0,37199,105122
2025-05-02 06:00:00,137240.0,137465.0,136490.0,136860.0,688183,2022192
2025-05-02 07:00:00,136860.0,137350.0,136585.0,136820.0,856852,2870616
2025-05-02 08:00:00,136820.0,137215.0,136380.0,137115.0,646308,2284914
2025-05-02 09:00:00,137115.0,137155.0,136380.0,136580.0,422478,1515326
2025-05-02 10:00:00,136585.0,136880.0,136465.0,136650.0,344775,1176814
2025-05-02 11:00:00,136655.0,137010.0,136560.0,136620.0,322791,1110041
2025-05-02 12:00:00,136615.0,136925.0,136565.0,136765.0,248845,875836
2025-05-02 13:00:00,136760.0,137200.0,136735.0,137035.0,253690,873683
2025-05-02 14:00:00,137030.0,137305.0,136985.0,137235.0,121832,406868
2025-05-02 15:00:00,137235.0,137555.0,137215.0,137555.0,30999,110014
2025-05-05 06:00:00,136975.0,137460.0,136935.0,137270.0,539759,1533569
2025-05-05 07:00:00,137265.0,137345.0,136245.0,136390.0,904092,3121845
2025-05-05 08:00:00,136390.0,136455.0,135620.0,135945.0,625257,2318095
2025-05-05 09:00:00,135950.0,136090.0,135585.0,135740.0,385656,1412916
2025-05-05 10:00:00,135740.0,135905.0,135450.0,135540.0,289213,996110
2025-05-05 11:00:00,135535.0,135700.0,135400.0,135635.0,257312,935755
2025-05-05 12:00:00,135635.0,135745.0,135505.0,135645.0,242745,939053
2025-05-05 13:00:00,135640.0,135720.0,135450.0,135495.0,231995,822464
2025-05-05 14:00:00,135500.0,135600.0,135430.0,135545.0,130406,412133
2025-05-05 15:00:00,135545.0,135570.0,135300.0,135300.0,44846,135099
2025-05-06 06:00:00,135300.0,136015.0,135285.0,135890.0,655734,1989088
2025-05-06 07:00:00,135890.0,136220.0,135540.0,135705.0,899874,3089561
2025-05-06 08:00:00,135705.0,136090.0,135480.0,135530.0,587145,2147290
2025-05-06 09:00:00,135535.0,135840.0,135360.0,135395.0,370849,1351893
2025-05-06 10:00:00,135395.0,135830.0,135325.0,135455.0,385244,1401860
2025-05-06 11:00:00,135455.0,135530.0,135310.0,135485.0,247825,860550
2025-05-06 12:00:00,135490.0,135645.0,135160.0,135435.0,313081,1149128
2025-05-06 13:00:00,135435.0,135575.0,135420.0,135475.0,213524,805970
2025-05-06 14:00:00,135480.0,135625.0,135430.0,135510.0,109733,337561
2025-05-06 15:00:00,135515.0,135685.0,135505.0,135665.0,41182,100368
2025-05-07 06:00:00,136000.0,136500.0,136000.0,136205.0,632468,1964184
2025-05-07 07:00:00,136200.0,136205.0,134760.0,134930.0,883613,3091261
2025-05-07 08:00:00,134930.0,135080.0,134675.0,134875.0,571701,2106717
2025-05-07 09:00:00,134875.0,135200.0,134755.0,135075.0,374175,1415709
2025-05-07 10:00:00,135075.0,135480.0,134930.0,135410.0,313176,1156591
2025-05-07 11:00:00,135410.0,135475.0,135050.0,135240.0,309822,1187593
2025-05-07 12:00:00,135235.0,135520.0,134945.0,135250.0,548738,1977961
2025-05-07 13:00:00,135245.0,135440.0,134895.0,135235.0,532029,1836577
2025-05-07 14:00:00,135240.0,135415.0,135170.0,135350.0,150042,490103
2025-05-07 15:00:00,135355.0,135445.0,135315.0,135390.0,36656,95192
2025-05-08 06:00:00,136400.0,137695.0,136380.0,137575.0,786848,2530197
2025-05-08 07:00:00,137575.0,138885.0,137465.0,138775.0,892098,3249775
2025-05-08 08:00:00,138780.0,138800.0,138205.0,138610.0,582663,2031286
2025-05-08 09:00:00,138610.0,139620.0,138550.0,139255.0,558948,2115905
2025-05-08 10:00:00,139255.0,139410.0,138990.0,139225.0,319313,1104749
2025-05-08 11:00:00,139230.0,139260.0,138850.0,138940.0,294932,1052301
2025-05-08 12:00:00,138935.0,139155.0,138880.0,138940.0,269477,1009772
2025-05-08 13:00:00,138945.0,139020.0,138235.0,138350.0,358966,1390846
2025-05-08 14:00:00,138350.0,138355.0,138050.0,138260.0,191110,697308
2025-05-08 15:00:00,138255.0,138360.0,138205.0,138360.0,43260,104648
2025-05-09 06:00:00,138800.0,138845.0,138280.0,138715.0,683504,2075740
2025-05-09 07:00:00,138715.0,139045.0,138390.0,138805.0,823721,2797764
2025-05-09 08:00:00,138805.0,139070.0,138205.0,138560.0,662661,2384277
2025-05-09 09:00:00,138565.0,138595.0,138170.0,138385.0,382696,1412460
2025-05-09 10:00:00,138390.0,138440.0,138155.0,138200.0,259474,962737
2025-05-09 11:00:00,138200.0,138310.0,137905.0,138275.0,296873,1074389
2025-05-09 12:00:00,138280.0,138510.0,138175.0,138290.0,239083,913526
2025-05-09 13:00:00,138285.0,138450.0,138130.0,138135.0,197361,762299
2025-05-09 14:00:00,138130.0,138340.0,138125.0,138250.0,90289,319097
2025-05-09 15:00:00,138255.0,138340.0,138215.0,138220.0,21710,61574
2025-05-12 06:00:00,140305.0,140310.0,139280.0,139505.0,571383,1829341
2025-05-12 07:00:00,139505.0,139515.0,138485.0,138550.0,892097,3043350
2025-05-12 08:00:00,138545.0,138940.0,138230.0,138510.0,612831,2142006
2025-05-12 09:00:00,138505.0,138535.0,138090.0,138280.0,356126,1296016
2025-05-12 10:00:00,138275.0,138530.0,138240.0,138455.0,270982,985731
2025-05-12 11:00:00,138450.0,138495.0,138275.0,138335.0,230520,844021
2025-05-12 12:00:00,138340.0,138530.0,138060.0,138470.0,287970,1045022
2025-05-12 13:00:00,138475.0,138610.0,138320.0,138380.0,230596,803596
2025-05-12 14:00:00,138385.0,138590.0,138355.0,138535.0,130414,432172
2025-05-12 15:00:00,138540.0,138620.0,138445.0,138620.0,39612,98226
2025-05-13 06:00:00,138700.0,138825.0,138325.0,138720.0,632103,1818111
2025-05-13 07:00:00,138720.0,139830.0,138655.0,139445.0,930367,3112500
2025-05-13 08:00:00,139445.0,140115.0,139370.0,140040.0,517108,1827541
2025-05-13 09:00:00,140040.0,140820.0,140020.0,140510.0,467239,1722929
2025-05-13 10:00:00,140505.0,140535.0,140165.0,140330.0,299431,1112859
2025-05-13 11:00:00,140325.0,140410.0,140210.0,140330.0,220559,836506
2025-05-13 12:00:00,140330.0,140745.0,140315.0,140670.0,295241,1187488
2025-05-13 13:00:00,140670.0,141360.0,140655.0,140835.0,362285,1354063
2025-05-13 14:00:00,140835.0,140875.0,140660.0,140750.0,144857,479034
2025-05-13 15:00:00,140755.0,140765.0,140525.0,140525.0,33795,115867
2025-05-14 06:00:00,140555.0,140940.0,140435.0,140725.0,679617,1955600
2025-05-14 07:00:00,140720.0,141030.0,140310.0,140710.0,977615,3179922
2025-05-14 08:00:00,140715.0,140840.0,140090.0,140420.0,637086,2142536
2025-05-14 09:00:00,140425.0,140645.0,140170.0,140555.0,406082,1406922
2025-05-14 10:00:00,140555.0,140630.0,140335.0,140530.0,235931,800970
2025-05-14 11:00:00,140525.0,140745.0,140225.0,140270.0,322852,1162818
2025-05-14 12:00:00,140270.0,140330.0,139925.0,140280.0,295703,1060985
2025-05-14 13:00:00,140285.0,140400.0,140145.0,140165.0,234511,819563
2025-05-14 14:00:00,140165.0,140165.0,140000.0,140025.0,121675,411625
2025-05-14 15:00:00,140020.0,140145.0,140015.0,140065.0,31891,83961
2025-05-15 06:00:00,139775.0,140050.0,139570.0,140015.0,527915,1443422
2025-05-15 07:00:00,140010.0,140475.0,139910.0,140400.0,790650,2445621
2025-05-15 08:00:00,140395.0,140940.0,140140.0,140315.0,722178,2408370
2025-05-15 09:00:00,140315.0,140670.0,140030.0,140625.0,378648,1225286
2025-05-15 10:00:00,140630.0,141025.0,140610.0,140735.0,357065,1188970
2025-05-15 11:00:00,140735.0,140860.0,140000.0,140190.0,448632,1556284
2025-05-15 12:00:00,140195.0,140665.0,140165.0,140625.0,359165,1207430
2025-05-15 13:00:00,140630.0,141140.0,140575.0,141105.0,308322,1010991
2025-05-15 14:00:00,141105.0,141170.0,140930.0,141045.0,156266,467666
2025-05-15 15:00:00,141045.0,141090.0,140930.0,141075.0,30979,95686
2025-05-16 06:00:00,140770.0,140790.0,139330.0,139525.0,733783,2375660
2025-05-16 07:00:00,139520.0,140000.0,139180.0,139905.0,905674,2969294
2025-05-16 08:00:00,139905.0,139920.0,139120.0,139400.0,599699,2044719
2025-05-16 09:00:00,139395.0,139995.0,139285.0,139825.0,346870,1171994
2025-05-16 10:00:00,139820.0,140360.0,139790.0,140165.0,327443,1107627
2025-05-16 11:00:00,140165.0,140595.0,140130.0,140375.0,316605,1087214
2025-05-16 12:00:00,140380.0,140850.0,140350.0,140700.0,290839,1022988
2025-05-16 13:00:00,140700.0,140815.0,140490.0,140705.0,260823,902187
2025-05-16 14:00:00,140700.0,140735.0,140410.0,140470.0,166137,473345
2025-05-16 15:00:00,140465.0,140500.0,140250.0,140325.0,39857,101606
2025-05-19 06:00:00,140000.0,140370.0,139895.0,140200.0,563309,1599470
2025-05-19 07:00:00,140200.0,141070.0,140060.0,141010.0,974270,3255087
2025-05-19 08:00:00,141005.0,141315.0,140790.0,141225.0,668584,2290494
2025-05-19 09:00:00,141225.0,141550.0,141145.0,141495.0,432210,1502302
2025-05-19 10:00:00,141500.0,141615.0,141300.0,141375.0,325374,1073722
2025-05-19 11:00:00,141370.0,141740.0,141350.0,141585.0,353233,1228947
2025-05-19 12:00:00,141585.0,141640.0,141250.0,141400.0,289634,1030733
2025-05-19 13:00:00,141400.0,141490.0,141115.0,141175.0,253990,857735
2025-05-19 14:00:00,141175.0,141255.0,141055.0,141175.0,178145,537451
2025-05-19 15:00:00,141170.0,141320.0,141110.0,141310.0,46446,110234
2025-05-20 06:00:00,141300.0,141455.0,140915.0,141375.0,560425,1606601
2025-05-20 07:00:00,141375.0,141395.0,140390.0,140770.0,1013229,3257924
2025-05-20 08:00:00,140765.0,140950.0,140520.0,140755.0,522186,1741812
2025-05-20 09:00:00,140760.0,140880.0,140640.0,140790.0,246242,840056
2025-05-20 10:00:00,140795.0,141180.0,140700.0,141085.0,285565,971516
2025-05-20 11:00:00,141090.0,141120.0,140720.0,140990.0,275501,987706
2025-05-20 12:00:00,140985.0,141050.0,140635.0,141015.0,308782,1083649
2025-05-20 13:00:00,141015.0,141730.0,140960.0,141665.0,336417,1205461
2025-05-20 14:00:00,141660.0,141665.0,141415.0,141480.0,137524,456685
2025-05-20 15:00:00,141475.0,141525.0,141420.0,141500.0,34294,90102
2025-05-21 06:00:00,141270.0,141515.0,141065.0,141130.0,630927,1707679
2025-05-21 07:00:00,141135.0,141150.0,140520.0,140705.0,768208,2455280
2025-05-21 08:00:00,140705.0,140780.0,139590.0,140055.0,738594,2658330
2025-05-21 09:00:00,140055.0,140105.0,139530.0,139650.0,355415,1235936
2025-05-21 10:00:00,139650.0,139795.0,139465.0,139765.0,273616,993263
2025-05-21 11:00:00,139770.0,139845.0,138790.0,139120.0,573364,2058636
2025-05-21 12:00:00,139115.0,139180.0,138820.0,138970.0,342050,1261021
2025-05-21 13:00:00,138970.0,139310.0,138930.0,139060.0,284011,1029343
2025-05-21 14:00:00,139055.0,139120.0,138870.0,138975.0,132773,466167
2025-05-21 15:00:00,138975.0,139160.0,138910.0,139060.0,34016,112038
2025-05-22 06:00:00,139065.0,139210.0,138415.0,139110.0,763561,2202485
2025-05-22 07:00:00,139110.0,139440.0,138580.0,138770.0,943424,3146199
2025-05-22 08:00:00,138765.0,139330.0,138705.0,139275.0,563633,1987814
2025-05-22 09:00:00,139280.0,139375.0,138955.0,139030.0,396101,1464890
2025-05-22 10:00:00,139030.0,139390.0,138970.0,139080.0,284833,1029489
2025-05-22 11:00:00,139080.0,140150.0,139075.0,139905.0,467873,1689363
2025-05-22 12:00:00,139905.0,139945.0,138320.0,138325.0,524463,1963833
2025-05-22 13:00:00,138320.0,138960.0,138165.0,138430.0,452152,1470652
2025-05-22 14:00:00,138430.0,138545.0,137345.0,137400.0,299635,975491
2025-05-22 15:00:00,137395.0,137465.0,135175.0,136290.0,137616,434501
2025-05-23 06:00:00,136440.0,137360.0,135960.0,136870.0,909449,2523749
2025-05-23 07:00:00,136870.0,137335.0,136000.0,136995.0,1029774,3010193
2025-05-23 08:00:00,136990.0,138235.0,136990.0,138050.0,738075,2324921
2025-05-23 09:00:00,138050.0,138465.0,137890.0,138230.0,417576,1303996
2025-05-23 10:00:00,138230.0,138880.0,138225.0,138320.0,467155,1482910
2025-05-23 11:00:00,138320.0,138635.0,137985.0,138270.0,382594,1201744
2025-05-23 12:00:00,138265.0,138995.0,138125.0,138670.0,374801,1168328
2025-05-23 13:00:00,138670.0,138965.0,138500.0,138910.0,284505,875621
2025-05-23 14:00:00,138910.0,139095.0,138725.0,138870.0,186898,535126
2025-05-23 15:00:00,138865.0,139205.0,138800.0,138830.0,59014,148535
2025-05-26 06:00:00,139200.0,139495.0,138715.0,138915.0,704132,1944894
2025-05-26 07:00:00,138915.0,139965.0,138850.0,139490.0,1029878,3069353
2025-05-26 08:00:00,139495.0,139580.0,139055.0,139140.0,602339,1876883
2025-05-26 09:00:00,139140.0,139360.0,138840.0,139025.0,365333,1129553
2025-05-26 10:00:00,139025.0,139245.0,138975.0,139055.0,214877,656964
2025-05-26 11:00:00,139060.0,139380.0,138980.0,139345.0,223833,675434
2025-05-26 12:00:00,139345.0,139400.0,139170.0,139225.0,194604,527256
2025-05-26 13:00:00,139225.0,139350.0,139170.0,139285.0,165889,483108
2025-05-26 14:00:00,139290.0,139455.0,139265.0,139360.0,115725,307378
2025-05-26 15:00:00,139355.0,139475.0,139275.0,139420.0,45200,96144
2025-05-27 06:00:00,140020.0,141625.0,140020.0,141100.0,919331,2507630
2025-05-27 07:00:00,141095.0,141290.0,140620.0,140685.0,897001,2579053
2025-05-27 08:00:00,140690.0,141545.0,140630.0,141005.0,638434,2025819
2025-05-27 09:00:00,141000.0,141035.0,140535.0,140655.0,383521,1279487
2025-05-27 10:00:00,140655.0,140865.0,140420.0,140480.0,339716,1148283
2025-05-27 11:00:00,140480.0,141020.0,140425.0,140900.0,301720,1069903
2025-05-27 12:00:00,140905.0,141035.0,140645.0,140690.0,305787,1010351
2025-05-27 13:00:00,140685.0,140840.0,140540.0,140800.0,273821,857669
2025-05-27 14:00:00,140795.0,140975.0,140660.0,140905.0,163512,439210
2025-05-27 15:00:00,140905.0,140975.0,140900.0,140930.0,36124,76196
2025-05-28 06:00:00,140795.0,141080.0,140450.0,140545.0,710359,1882698
2025-05-28 07:00:00,140545.0,140650.0,139690.0,140100.0,842080,2525114
2025-05-28 08:00:00,140105.0,140225.0,139725.0,140115.0,493287,1547745
2025-05-28 09:00:00,140115.0,140185.0,139565.0,139690.0,336012,1068890
2025-05-28 10:00:00,139695.0,139805.0,139570.0,139715.0,216318,691037
2025-05-28 11:00:00,139710.0,140230.0,139685.0,140000.0,287389,925051
2025-05-28 12:00:00,140005.0,140180.0,139870.0,140120.0,270806,887624
2025-05-28 13:00:00,140115.0,140150.0,139970.0,140055.0,177828,579819
2025-05-28 14:00:00,140055.0,140320.0,139970.0,140285.0,155279,438235
2025-05-28 15:00:00,140285.0,140375.0,140245.0,140285.0,49113,98094
2025-05-29 06:00:00,140600.0,140600.0,139370.0,139675.0,758055,2089445
2025-05-29 07:00:00,139675.0,140125.0,139065.0,139200.0,1057152,3117576
2025-05-29 08:00:00,139195.0,139945.0,139130.0,139710.0,648823,1967402
2025-05-29 09:00:00,139705.0,139750.0,138880.0,138940.0,386813,1325735
2025-05-29 10:00:00,138940.0,139410.0,138835.0,139295.0,312691,998942
2025-05-29 11:00:00,139300.0,140000.0,139200.0,139780.0,403807,1365596
2025-05-29 12:00:00,139775.0,140110.0,139690.0,139725.0,334132,1108645
2025-05-29 13:00:00,139725.0,139915.0,139470.0,139590.0,267024,854346
2025-05-29 14:00:00,139590.0,139725.0,139510.0,139680.0,108806,342628
2025-05-29 15:00:00,139680.0,139720.0,139605.0,139605.0,26341,75368
2025-05-30 06:00:00,139600.0,140045.0,139095.0,139815.0,881235,2259650
2025-05-30 07:00:00,139815.0,139815.0,138115.0,138220.0,943030,2787686
2025-05-30 08:00:00,138220.0,138285.0,137705.0,138015.0,640974,2032362
2025-05-30 09:00:00,138020.0,138270.0,137885.0,137990.0,358824,1143468
2025-05-30 10:00:00,137995.0,138085.0,137535.0,137955.0,334324,1026290
2025-05-30 11:00:00,137960.0,138375.0,137910.0,138215.0,348108,1126836
2025-05-30 12:00:00,138210.0,138575.0,138095.0,138200.0,347427,1090945
2025-05-30 13:00:00,138195.0,138355.0,137955.0,138140.0,295116,907136
2025-05-30 14:00:00,138145.0,138400.0,137710.0,137885.0,203520,584603
2025-05-30 15:00:00,137885.0,138020.0,137715.0,138020.0,41342,98046
2025-06-02 06:00:00,138110.0,139325.0,137960.0,139290.0,722081,1949967
2025-06-02 07:00:00,139290.0,139570.0,137870.0,138130.0,971079,3167485
2025-06-02 08:00:00,138130.0,138250.0,137775.0,137890.0,585958,1826409
2025-06-02 09:00:00,137885.0,138050.0,137605.0,137650.0,412434,1326541
2025-06-02 10:00:00,137655.0,137730.0,137340.0,137505.0,320539,1018822
2025-06-02 11:00:00,137505.0,137580.0,137255.0,137400.0,304612,979520
2025-06-02 12:00:00,137405.0,137685.0,137240.0,137560.0,329234,1069156
2025-06-02 13:00:00,137555.0,137645.0,137380.0,137520.0,250324,829647
2025-06-02 14:00:00,137520.0,137665.0,137450.0,137565.0,165385,501075
2025-06-02 15:00:00,137560.0,137575.0,137345.0,137435.0,52476,115351
2025-06-03 06:00:00,137525.0,137530.0,136945.0,137125.0,117492,264631
2025-06-03 07:00:00,137120.0,137595.0,136900.0,137065.0,918341,2591063
2025-06-03 08:00:00,137070.0,137960.0,136845.0,137845.0,782074,2342696
2025-06-03 09:00:00,137845.0,138150.0,137625.0,138085.0,481251,1480381
2025-06-03 10:00:00,138090.0,138125.0,137780.0,137910.0,300716,900978
2025-06-03 11:00:00,137915.0,138300.0,137750.0,138200.0,338768,1068706
2025-06-03 12:00:00,138200.0,138530.0,137930.0,138240.0,437008,1406263
2025-06-03 13:00:00,138240.0,138375.0,138130.0,138335.0,227993,743922
2025-06-03 14:00:00,138335.0,138465.0,138230.0,138350.0,139978,375515
2025-06-03 15:00:00,138350.0,138575.0,138340.0,138490.0,47733,112411
2025-06-04 06:00:00,138650.0,139380.0,138650.0,139065.0,858007,2143565
2025-06-04 07:00:00,139065.0,139410.0,138820.0,139030.0,944222,2639460
2025-06-04 08:00:00,139025.0,139550.0,138500.0,138555.0,780497,2299367
2025-06-04 09:00:00,138560.0,138645.0,138005.0,138060.0,489110,1510021
2025-06-04 10:00:00,138060.0,138150.0,137815.0,137940.0,307020,898911
2025-06-04 11:00:00,137940.0,138065.0,137640.0,137705.0,290051,910414
2025-06-04 12:00:00,137710.0,137760.0,137440.0,137580.0,287954,904026
2025-06-04 13:00:00,137585.0,137690.0,137510.0,137615.0,196293,636734
2025-06-04 14:00:00,137615.0,137925.0,137600.0,137820.0,155683,472146
2025-06-04 15:00:00,137825.0,137890.0,137775.0,137815.0,34007,83263
2025-06-05 06:00:00,138010.0,138250.0,137820.0,137975.0,667107,1734336
2025-06-05 07:00:00,137975.0,138145.0,137490.0,137760.0,1122883,3247777
2025-06-05 08:00:00,137760.0,137795.0,137185.0,137570.0,777841,2280384
2025-06-05 09:00:00,137565.0,137940.0,137535.0,137890.0,424437,1294617
2025-06-05 10:00:00,137890.0,137940.0,137580.0,137750.0,308987,909356
2025-06-05 11:00:00,137750.0,137845.0,137260.0,137320.0,300834,926569
2025-06-05 12:00:00,137315.0,137345.0,136570.0,136940.0,523523,1665470
2025-06-05 13:00:00,136940.0,137095.0,136710.0,136775.0,382678,1196398
2025-06-05 14:00:00,136775.0,136965.0,136740.0,136865.0,143779,396960
2025-06-05 15:00:00,136865.0,136995.0,136845.0,136935.0,38271,90053
2025-06-06 06:00:00,137400.0,137405.0,136780.0,136970.0,776125,1968678
2025-06-06 07:00:00,136970.0,137535.0,136830.0,137300.0,879801,2617931
2025-06-06 08:00:00,137300.0,137450.0,136330.0,136390.0,781971,2291875
2025-06-06 09:00:00,136395.0,137000.0,136325.0,136945.0,488066,1427712
2025-06-06 10:00:00,136945.0,136995.0,136310.0,136370.0,365293,1085276
2025-06-06 11:00:00,136370.0,136795.0,136245.0,136435.0,424449,1258652
2025-06-06 12:00:00,136440.0,136595.0,136290.0,136325.0,285752,919393
2025-06-06 13:00:00,136325.0,136900.0,136150.0,136770.0,332808,1034889
2025-06-06 14:00:00,136770.0,136965.0,136660.0,136890.0,154545,459037
2025-06-06 15:00:00,136885.0,136985.0,136750.0,136800.0,33860,94634
2025-06-09 06:00:00,136775.0,137200.0,135350.0,135725.0,822628,2161984
2025-06-09 07:00:00,135725.0,136250.0,134520.0,134565.0,1050854,3093470
2025-06-09 08:00:00,134570.0,135270.0,134540.0,135205.0,581374,1722699
2025-06-09 09:00:00,135205.0,135920.0,135180.0,135785.0,452051,1413025
2025-06-09 10:00:00,135790.0,136210.0,135630.0,135945.0,362205,1112733
2025-06-09 11:00:00,135945.0,136305.0,135940.0,136180.0,314970,989383
2025-06-09 12:00:00,136180.0,136495.0,136115.0,136380.0,321219,993917
2025-06-09 13:00:00,136380.0,136450.0,136140.0,136225.0,291613,947965
2025-06-09 14:00:00,136220.0,136300.0,136130.0,136295.0,135011,401454
2025-06-09 15:00:00,136295.0,136355.0,136240.0,136290.0,38579,91891
2025-06-10 06:00:00,136780.0,137760.0,136585.0,137360.0,1003382,2660603
2025-06-10 07:00:00,137365.0,137540.0,136500.0,137290.0,1110290,3183773
2025-06-10 08:00:00,137290.0,137885.0,137145.0,137320.0,767466,2312499
2025-06-10 09:00:00,137320.0,137445.0,137045.0,137405.0,409362,1263846
2025-06-10 10:00:00,137405.0,137665.0,137020.0,137300.0,382497,1179147
2025-06-10 11:00:00,137295.0,137470.0,136855.0,136965.0,376414,1170622
2025-06-10 12:00:00,136970.0,137035.0,136655.0,136835.0,366441,1125338
2025-06-10 13:00:00,136840.0,137065.0,136805.0,136940.0,268823,845285
2025-06-10 14:00:00,136940.0,137065.0,136785.0,136975.0,170136,496210
2025-06-10 15:00:00,136980.0,137260.0,136965.0,137045.0,41421,101431
2025-06-11 06:00:00,137020.0,137120.0,135710.0,136345.0,1251861,2997994
2025-06-11 07:00:00,136345.0,136955.0,135895.0,136915.0,1013350,2864102
2025-06-11 08:00:00,136915.0,137415.0,136650.0,136680.0,666959,2061754
2025-06-11 09:00:00,136680.0,137145.0,136180.0,137050.0,485190,1537647
2025-06-11 10:00:00,137045.0,137280.0,136835.0,137215.0,323781,984613
2025-06-11 11:00:00,137210.0,137950.0,137205.0,137640.0,431394,1401460
2025-06-11 12:00:00,137640.0,137785.0,137310.0,137535.0,397846,1269705
2025-06-11 13:00:00,137535.0,137630.0,137140.0,137460.0,314727,1033192
2025-06-11 14:00:00,137460.0,137510.0,137310.0,137335.0,116295,354681
2025-06-11 15:00:00,137335.0,137435.0,137315.0,137320.0,33675,84841
2025-06-12 06:00:00,136830.0,136965.0,136020.0,136420.0,974506,2461191
2025-06-12 07:00:00,136415.0,137255.0,136345.0,137120.0,1065405,3073156
2025-06-12 08:00:00,137120.0,137840.0,137075.0,137310.0,810474,2531006
2025-06-12 09:00:00,137310.0,137760.0,137235.0,137570.0,400186,1274057
2025-06-12 10:00:00,137565.0,137700.0,137335.0,137515.0,335523,1068783
2025-06-12 11:00:00,137515.0,137645.0,137255.0,137525.0,301714,941257
2025-06-12 12:00:00,137525.0,137870.0,137520.0,137805.0,282517,909277
2025-06-12 13:00:00,137805.0,138245.0,137760.0,138070.0,315022,1006438
2025-06-12 14:00:00,138070.0,138120.0,137925.0,138000.0,162595,475710
2025-06-12 15:00:00,138000.0,138215.0,137990.0,138175.0,63350,155903
2025-06-13 06:00:00,137385.0,137645.0,137110.0,137375.0,814546,2048266
2025-06-13 07:00:00,137370.0,137930.0,137135.0,137335.0,1136091,3156185
2025-06-13 08:00:00,137340.0,137495.0,136660.0,137235.0,881312,2608289
2025-06-13 09:00:00,137235.0,137750.0,137200.0,137420.0,477119,1382113
2025-06-13 10:00:00,137420.0,137855.0,137295.0,137760.0,351062,1021616
2025-06-13 11:00:00,137760.0,137950.0,137480.0,137675.0,367030,1067650
2025-06-13 12:00:00,137680.0,137700.0,137185.0,137675.0,458173,1432440
2025-06-13 13:00:00,137680.0,137875.0,137470.0,137540.0,328142,973367
2025-06-13 14:00:00,137540.0,137620.0,137065.0,137260.0,199760,590043
2025-06-13 15:00:00,137260.0,137425.0,137255.0,137285.0,42089,106193
2025-06-16 06:00:00,137600.0,138950.0,137550.0,138665.0,876871,2288631
2025-06-16 07:00:00,138670.0,139920.0,138480.0,139580.0,1191621,3416201
2025-06-16 08:00:00,139575.0,140115.0,139385.0,140075.0,687314,2020535
2025-06-16 09:00:00,140075.0,140180.0,139865.0,139995.0,429416,1277162
2025-06-16 10:00:00,139995.0,140265.0,139865.0,139970.0,325490,956703
2025-06-16 11:00:00,139975.0,140045.0,139735.0,139800.0,295437,891695
2025-06-16 12:00:00,139800.0,139945.0,139730.0,139745.0,245950,796130
2025-06-16 13:00:00,139740.0,139830.0,139525.0,139610.0,273249,932545
2025-06-16 14:00:00,139610.0,139955.0,139460.0,139755.0,246210,758091
2025-06-16 15:00:00,139755.0,140150.0,139740.0,140150.0,60688,125574
2025-06-17 06:00:00,139650.0,139770.0,139355.0,139695.0,854524,2117513
2025-06-17 07:00:00,139700.0,139795.0,139140.0,139355.0,1084657,2995862
2025-06-17 08:00:00,139355.0,139425.0,138740.0,138815.0,730924,2123648
2025-06-17 09:00:00,138820.0,138880.0,138390.0,138555.0,481075,1387016
2025-06-17 10:00:00,138560.0,138770.0,138280.0,138400.0,397518,1207963
2025-06-17 11:00:00,138405.0,138660.0,138375.0,138495.0,339885,1037873
2025-06-17 12:00:00,138495.0,138720.0,138445.0,138675.0,296107,907893
2025-06-17 13:00:00,138670.0,139020.0,138470.0,138930.0,336718,988927
2025-06-17 14:00:00,138930.0,139000.0,138655.0,138725.0,185871,463123
2025-06-17 15:00:00,138730.0,138940.0,138665.0,138940.0,51451,118116
2025-06-18 06:00:00,141695.0,141795.0,141000.0,141315.0,708130,1730541
2025-06-18 07:00:00,141315.0,141765.0,141075.0,141125.0,866881,2361740
2025-06-18 08:00:00,141125.0,141830.0,141120.0,141590.0,633754,1820326
2025-06-18 09:00:00,141590.0,141665.0,141275.0,141445.0,385792,1144488
2025-06-18 10:00:00,141445.0,141845.0,141230.0,141675.0,307114,906285
2025-06-18 11:00:00,141680.0,141960.0,141435.0,141795.0,353601,1113477
2025-06-18 12:00:00,141775.0,141875.0,141250.0,141325.0,406927,1181645
2025-06-18 13:00:00,141325.0,141445.0,141155.0,141275.0,323117,928644
2025-06-18 14:00:00,141280.0,141640.0,141255.0,141595.0,126759,370336
2025-06-18 15:00:00,141595.0,141680.0,141500.0,141655.0,37158,96555
2025-06-20 06:00:00,141580.0,141745.0,140265.0,140395.0,766302,2039210
2025-06-20 07:00:00,140390.0,140570.0,140015.0,140215.0,775820,2254710
2025-06-20 08:00:00,140220.0,140390.0,139400.0,139500.0,578229,1820304
2025-06-20 09:00:00,139495.0,139840.0,139305.0,139775.0,413584,1324162
2025-06-20 10:00:00,139780.0,140375.0,139765.0,139840.0,459843,1424574
2025-06-20 11:00:00,139835.0,139980.0,139465.0,139570.0,333426,1057314
2025-06-20 12:00:00,139570.0,139805.0,139385.0,139635.0,255881,813546
2025-06-20 13:00:00,139640.0,139735.0,139500.0,139545.0,213668,670704
2025-06-20 14:00:00,139540.0,139760.0,139510.0,139730.0,155347,443454
2025-06-20 15:00:00,139730.0,139850.0,139670.0,139710.0,47234,102320
2025-06-23 06:00:00,139695.0,139945.0,139455.0,139755.0,825550,2122545
2025-06-23 07:00:00,139750.0,139815.0,138845.0,138970.0,960730,2868155
2025-06-23 08:00:00,138965.0,139260.0,138795.0,139095.0,529506,1609623
2025-06-23 09:00:00,139100.0,139235.0,138715.0,138735.0,452900,1430511
2025-06-23 10:00:00,138740.0,138845.0,138345.0,138560.0,424110,1353936
2025-06-23 11:00:00,138560.0,138945.0,138320.0,138905.0,443823,1427831
2025-06-23 12:00:00,138910.0,139030.0,138700.0,138835.0,334199,996570
2025-06-23 13:00:00,138830.0,139045.0,138745.0,138990.0,241059,777800
2025-06-23 14:00:00,138995.0,139230.0,138990.0,139135.0,164881,516836
2025-06-23 15:00:00,139135.0,139260.0,139105.0,139215.0,36199,94027
2025-06-24 06:00:00,139860.0,139900.0,138710.0,139395.0,958759,2668931
2025-06-24 07:00:00,139395.0,139720.0,138640.0,139260.0,1041055,3168303
2025-06-24 08:00:00,139255.0,140350.0,139225.0,140320.0,675043,2141104
2025-06-24 09:00:00,140325.0,140670.0,140315.0,140570.0,361735,1177944
2025-06-24 10:00:00,140575.0,140590.0,140325.0,140350.0,239864,763251
2025-06-24 11:00:00,140355.0,140545.0,140245.0,140480.0,225173,760079
2025-06-24 12:00:00,140480.0,140525.0,139520.0,139690.0,364805,1257895
2025-06-24 13:00:00,139695.0,139935.0,139670.0,139680.0,252377,870507
2025-06-24 14:00:00,139680.0,139680.0,139330.0,139505.0,143575,487914
2025-06-24 15:00:00,139495.0,139510.0,139300.0,139300.0,37418,97549
2025-06-25 06:00:00,139300.0,139385.0,138260.0,138735.0,933181,2516916
2025-06-25 07:00:00,138730.0,138940.0,138250.0,138505.0,966542,2815835
2025-06-25 08:00:00,138505.0,138830.0,138270.0,138470.0,598065,1818919
2025-06-25 09:00:00,138470.0,138470.0,137900.0,138275.0,529834,1710166
2025-06-25 10:00:00,138275.0,138645.0,138265.0,138510.0,314485,974215
2025-06-25 11:00:00,138510.0,138540.0,138170.0,138245.0,349765,1127333
2025-06-25 12:00:00,138250.0,138350.0,137960.0,138180.0,288835,938628
2025-06-25 13:00:00,138180.0,138375.0,138070.0,138155.0,235957,780724
2025-06-25 14:00:00,138155.0,138210.0,137735.0,137975.0,191528,623217
2025-06-25 15:00:00,137980.0,138210.0,137890.0,138190.0,54244,142970
2025-06-26 06:00:00,138635.0,138970.0,138325.0,138730.0,841859,2211921
2025-06-26 07:00:00,138730.0,139200.0,138380.0,138900.0,1103049,3193670
2025-06-26 08:00:00,138900.0,139565.0,138800.0,139355.0,662210,2059812
2025-06-26 09:00:00,139355.0,139610.0,139260.0,139490.0,426184,1390128
2025-06-26 10:00:00,139490.0,139750.0,139355.0,139525.0,340846,1128126
2025-06-26 11:00:00,139525.0,139665.0,139345.0,139410.0,304001,1002662
2025-06-26 12:00:00,139405.0,139515.0,139320.0,139425.0,227402,731518
2025-06-26 13:00:00,139425.0,139540.0,139280.0,139460.0,225266,739488
2025-06-26 14:00:00,139460.0,139520.0,139220.0,139270.0,174813,565475
2025-06-26 15:00:00,139270.0,139485.0,139140.0,139225.0,63269,170676
2025-06-27 06:00:00,139600.0,139740.0,138450.0,138500.0,881832,2321290
2025-06-27 07:00:00,138495.0,139275.0,138300.0,139100.0,1005331,2843081
2025-06-27 08:00:00,139100.0,139415.0,138890.0,139025.0,600237,1874121
2025-06-27 09:00:00,139025.0,139485.0,138825.0,139315.0,438099,1369243
2025-06-27 10:00:00,139320.0,139565.0,139230.0,139300.0,285156,917399
2025-06-27 11:00:00,139300.0,139430.0,138935.0,139140.0,372764,1231336
2025-06-27 12:00:00,139145.0,139300.0,138850.0,138910.0,322319,1036025
2025-06-27 13:00:00,138915.0,139220.0,138825.0,139170.0,225315,728401
2025-06-27 14:00:00,139175.0,139280.0,139020.0,139145.0,148425,480153
2025-06-27 15:00:00,139145.0,139335.0,139140.0,139335.0,31960,87482
2025-06-30 06:00:00,139250.0,139250.0,138025.0,138915.0,913632,2487866
2025-06-30 07:00:00,138915.0,140295.0,138550.0,140175.0,984260,2966528
2025-06-30 08:00:00,140180.0,140355.0,139935.0,140290.0,518273,1618240
2025-06-30 09:00:00,140285.0,140535.0,140135.0,140320.0,395508,1272299
2025-06-30 10:00:00,140325.0,140575.0,140190.0,140565.0,313476,953636
2025-06-30 11:00:00,140570.0,141035.0,140480.0,140950.0,406694,1286780
2025-06-30 12:00:00,140950.0,141280.0,140850.0,141200.0,349915,1165785
2025-06-30 13:00:00,141195.0,141450.0,141110.0,141275.0,318755,1068831
2025-06-30 14:00:00,141270.0,141290.0,141035.0,141195.0,180741,607530
2025-06-30 15:00:00,141195.0,141350.0,141115.0,141115.0,56743,144578
2025-07-01 06:00:00,140900.0,141875.0,140725.0,141240.0,1030551,2798610
2025-07-01 07:00:00,141240.0,141885.0,141140.0,141320.0,1052670,2940750
2025-07-01 08:00:00,141330.0,141455.0,141075.0,141335.0,622517,1906854
2025-07-01 09:00:00,141340.0,141535.0,141150.0,141360.0,425095,1337347
2025-07-01 10:00:00,141365.0,141835.0,141355.0,141560.0,385379,1220646
2025-07-01 11:00:00,141565.0,141895.0,141560.0,141830.0,339218,1064023
2025-07-01 12:00:00,141835.0,141950.0,141725.0,141935.0,248128,832241
2025-07-01 13:00:00,141935.0,141945.0,141795.0,141885.0,209828,696845
2025-07-01 14:00:00,141885.0,141915.0,141640.0,141665.0,156375,485280
2025-07-01 15:00:00,141660.0,141785.0,141625.0,141785.0,53882,117556
2025-07-02 06:00:00,141830.0,142200.0,141545.0,141950.0,1045030,2800459
2025-07-02 07:00:00,141945.0,142035.0,140520.0,140690.0,1204955,3840394
2025-07-02 08:00:00,140690.0,140975.0,140400.0,140830.0,726032,2494776
2025-07-02 09:00:00,140830.0,141340.0,140725.0,141070.0,498990,1664055
2025-07-02 10:00:00,141070.0,141385.0,140915.0,141280.0,366669,1228835
2025-07-02 11:00:00,141280.0,141685.0,141195.0,141425.0,372398,1287832
2025-07-02 12:00:00,141425.0,141450.0,140965.0,141185.0,351445,1212919
2025-07-02 13:00:00,141185.0,141355.0,141110.0,141215.0,270641,951954
2025-07-02 14:00:00,141215.0,141330.0,141060.0,141325.0,143478,493298
2025-07-02 15:00:00,141325.0,141450.0,141285.0,141435.0,53385,148610
2025-07-03 06:00:00,141160.0,141475.0,140865.0,141300.0,888945,2434638
2025-07-03 07:00:00,141300.0,143200.0,141210.0,142990.0,1264522,4039039
2025-07-03 08:00:00,142985.0,143295.0,142620.0,142685.0,576660,1915457
2025-07-03 09:00:00,142685.0,143140.0,142535.0,142940.0,412858,1410825
2025-07-03 10:00:00,142945.0,143325.0,142885.0,143295.0,312200,1048643
2025-07-03 11:00:00,143300.0,143445.0,143200.0,143405.0,250310,852074
2025-07-03 12:00:00,143410.0,143445.0,143235.0,143330.0,173596,618317
2025-07-03 13:00:00,143330.0,143385.0,143130.0,143195.0,201133,697230
2025-07-03 14:00:00,143195.0,143210.0,143015.0,143140.0,171505,559900
2025-07-03 15:00:00,143140.0,143255.0,143060.0,143125.0,33522,113051
2025-07-04 06:00:00,142675.0,142845.0,142415.0,142590.0,580162,1465370
2025-07-04 07:00:00,142590.0,142985.0,142535.0,142985.0,811716,2269681
2025-07-04 08:00:00,142975.0,143370.0,142970.0,143155.0,527142,1571913
2025-07-04 09:00:00,143155.0,143500.0,143050.0,143295.0,339224,1078251
2025-07-04 10:00:00,143290.0,143415.0,143225.0,143245.0,178921,541475
2025-07-04 11:00:00,143250.0,143560.0,143230.0,143530.0,212227,643522
2025-07-04 12:00:00,143530.0,143650.0,143480.0,143505.0,193763,635482
2025-07-04 13:00:00,143510.0,143635.0,143350.0,143380.0,136265,472997
2025-07-04 14:00:00,143380.0,143400.0,143225.0,143390.0,116372,394681
2025-07-04 15:00:00,143390.0,143825.0,143385.0,143815.0,43397,139500
2025-07-07 06:00:00,143360.0,143415.0,142855.0,143225.0,836477,2307538
2025-07-07 07:00:00,143220.0,143345.0,142510.0,142590.0,990677,3077265
2025-07-07 08:00:00,142590.0,142605.0,142060.0,142235.0,589412,1998098
2025-07-07 09:00:00,142235.0,142240.0,141655.0,141760.0,447683,1620253
2025-07-07 10:00:00,141760.0,141815.0,141285.0,141315.0,422226,1558814
2025-07-07 11:00:00,141315.0,141470.0,141145.0,141375.0,345877,1299880
2025-07-07 12:00:00,141370.0,141480.0,141200.0,141405.0,286258,1077588
2025-07-07 13:00:00,141410.0,141445.0,141235.0,141370.0,217906,844271
2025-07-07 14:00:00,141370.0,141475.0,141285.0,141435.0,141929,527485
2025-07-07 15:00:00,141430.0,141465.0,141325.0,141325.0,36258,123084
2025-07-08 06:00:00,141670.0,141895.0,140860.0,141430.0,1027910,2968885
2025-07-08 07:00:00,141435.0,141435.0,140800.0,141150.0,1095376,3411403
2025-07-08 08:00:00,141150.0,141335.0,140810.0,141100.0,564936,1902533
2025-07-08 09:00:00,141100.0,141290.0,140860.0,140955.0,376134,1268774
2025-07-08 10:00:00,140960.0,141030.0,140530.0,140910.0,497818,1621218
2025-07-08 11:00:00,140910.0,141110.0,140825.0,141025.0,310949,1033498
2025-07-08 12:00:00,141020.0,141235.0,140860.0,140955.0,287467,999491
2025-07-08 13:00:00,140950.0,140990.0,140745.0,140895.0,227558,805607
2025-07-08 14:00:00,140900.0,141290.0,140895.0,141260.0,207514,713299
2025-07-08 15:00:00,141255.0,141370.0,141205.0,141250.0,43475,129223
2025-07-09 06:00:00,141280.0,141340.0,140205.0,140735.0,830245,2395059
2025-07-09 07:00:00,140735.0,140845.0,140010.0,140045.0,949952,3078450
2025-07-09 08:00:00,140045.0,140200.0,139720.0,139730.0,516180,1742380
2025-07-09 09:00:00,139730.0,139850.0,139530.0,139805.0,338599,1214550
2025-07-09 10:00:00,139805.0,139820.0,139620.0,139700.0,227989,841482
2025-07-09 11:00:00,139700.0,139830.0,139080.0,139345.0,469739,1704070
2025-07-09 12:00:00,139340.0,139445.0,139240.0,139295.0,227382,810016
2025-07-09 13:00:00,139300.0,139335.0,138940.0,139105.0,261622,987251
2025-07-09 14:00:00,139110.0,139215.0,137155.0,137970.0,537854,1624355
2025-07-09 15:00:00,137970.0,138030.0,137500.0,137820.0,98635,222264
2025-07-10 06:00:00,137320.0,137655.0,136755.0,137495.0,902182,2687501
2025-07-10 07:00:00,137500.0,138305.0,137480.0,137970.0,1046644,3363309
2025-07-10 08:00:00,137965.0,138395.0,137730.0,138195.0,583656,1974777
2025-07-10 09:00:00,138190.0,138315.0,137920.0,138205.0,337346,1176934
2025-07-10 10:00:00,138205.0,138655.0,138175.0,138355.0,331125,1170898
2025-07-10 11:00:00,138355.0,138570.0,138125.0,138290.0,331757,1192321
2025-07-10 12:00:00,138285.0,138480.0,138100.0,138390.0,281995,1006908
2025-07-10 13:00:00,138390.0,138635.0,138340.0,138365.0,255823,955496
2025-07-10 14:00:00,138365.0,138695.0,138250.0,138635.0,162245,544617
2025-07-10 15:00:00,138640.0,138875.0,138575.0,138575.0,49847,144775
2025-07-11 06:00:00,138100.0,138255.0,137535.0,137875.0,731728,2053389
2025-07-11 07:00:00,137880.0,138005.0,137135.0,137325.0,935089,2974558
2025-07-11 08:00:00,137325.0,138150.0,137150.0,137610.0,723203,2374048
2025-07-11 09:00:00,137605.0,137645.0,137050.0,137265.0,372596,1264409
2025-07-11 10:00:00,137265.0,137270.0,137005.0,137095.0,252417,862927
2025-07-11 11:00:00,137095.0,137505.0,137050.0,137485.0,317016,1087285
2025-07-11 12:00:00,137490.0,137815.0,137425.0,137725.0,313537,1137334
2025-07-11 13:00:00,137725.0,137810.0,137630.0,137705.0,200552,702628
2025-07-11 14:00:00,137705.0,137920.0,137605.0,137730.0,167064,556290
2025-07-11 15:00:00,137730.0,137830.0,137460.0,137615.0,39034,111827
2025-07-14 06:00:00,137370.0,137720.0,136815.0,137320.0,897762,2510347
2025-07-14 07:00:00,137320.0,137450.0,136515.0,137010.0,907507,2841549
2025-07-14 08:00:00,137010.0,137025.0,136225.0,136435.0,581522,1985170
2025-07-14 09:00:00,136430.0,136880.0,136390.0,136680.0,366861,1253899
2025-07-14 10:00:00,136675.0,136915.0,136450.0,136840.0,285496,1011725
2025-07-14 11:00:00,136840.0,136865.0,136420.0,136545.0,257972,917087
2025-07-14 12:00:00,136545.0,136750.0,136545.0,136645.0,212584,778530
2025-07-14 13:00:00,136650.0,136810.0,136575.0,136725.0,184988,678785
2025-07-14 14:00:00,136730.0,136850.0,136635.0,136705.0,127825,442358
2025-07-14 15:00:00,136705.0,136750.0,136580.0,136740.0,34085,81911
2025-07-15 06:00:00,136880.0,137000.0,136230.0,136855.0,805724,2257599
2025-07-15 07:00:00,136850.0,137535.0,135885.0,136325.0,1162348,3784583
2025-07-15 08:00:00,136330.0,136415.0,135870.0,136175.0,518606,1702837
2025-07-15 09:00:00,136175.0,136375.0,135720.0,136075.0,416552,1402319
2025-07-15 10:00:00,136080.0,136235.0,135650.0,136175.0,407407,1374826
2025-07-15 11:00:00,136180.0,136855.0,136180.0,136735.0,434094,1503638
2025-07-15 12:00:00,136740.0,137025.0,136550.0,136600.0,326401,1162073
2025-07-15 13:00:00,136595.0,136825.0,136550.0,136685.0,211367,749526
2025-07-15 14:00:00,136680.0,136870.0,136655.0,136845.0,117226,395785
2025-07-15 15:00:00,136845.0,137175.0,136820.0,137175.0,45335,124277
2025-07-16 06:00:00,136640.0,137280.0,136285.0,136800.0,867631,2425926
2025-07-16 07:00:00,136800.0,136960.0,135965.0,136095.0,979124,3056674
2025-07-16 08:00:00,136095.0,136375.0,135730.0,135735.0,616305,2087691
2025-07-16 09:00:00,135735.0,136035.0,135525.0,135890.0,617204,2037943
2025-07-16 10:00:00,135895.0,135955.0,135775.0,135950.0,263824,840159
2025-07-16 11:00:00,135950.0,136745.0,135935.0,136705.0,440183,1512070
2025-07-16 12:00:00,136705.0,136935.0,136140.0,136880.0,503704,1749823
2025-07-16 13:00:00,136885.0,136980.0,136705.0,136890.0,252950,891052
2025-07-16 14:00:00,136895.0,136950.0,136535.0,136655.0,138034,465333
2025-07-16 15:00:00,136655.0,136665.0,136450.0,136495.0,28273,89069
2025-07-17 06:00:00,136210.0,136940.0,135635.0,136655.0,897279,2557963
2025-07-17 07:00:00,136655.0,136780.0,136190.0,136430.0,946488,2940492
2025-07-17 08:00:00,136435.0,137015.0,136245.0,136930.0,660560,2186003
2025-07-17 09:00:00,136930.0,137065.0,136530.0,136725.0,416404,1432063
2025-07-17 10:00:00,136730.0,136745.0,136330.0,136430.0,313670,1067355
2025-07-17 11:00:00,136425.0,136675.0,136290.0,136435.0,279044,951513
2025-07-17 12:00:00,136435.0,136920.0,136240.0,136885.0,323333,1100390
2025-07-17 13:00:00,136890.0,136940.0,136770.0,136835.0,185470,634153
2025-07-17 14:00:00,136835.0,136980.0,136755.0,136845.0,123744,392508
2025-07-17 15:00:00,136845.0,136910.0,136740.0,136795.0,43131,95847
2025-07-18 06:00:00,136565.0,136640.0,135470.0,135515.0,952919,2700490
2025-07-18 07:00:00,135515.0,136340.0,135250.0,136060.0,1058247,3295432
2025-07-18 08:00:00,136060.0,136380.0,135725.0,135810.0,580633,1979876
2025-07-18 09:00:00,135810.0,136020.0,135110.0,135150.0,442795,1491272
2025-07-18 10:00:00,135145.0,135160.0,134720.0,134745.0,318113,1135817
2025-07-18 11:00:00,134745.0,134780.0,134475.0,134730.0,273891,991905
2025-07-18 12:00:00,134735.0,134860.0,134415.0,134485.0,311718,1110018
2025-07-18 13:00:00,134485.0,134675.0,134425.0,134490.0,220013,830811
2025-07-18 14:00:00,134495.0,134710.0,134310.0,134675.0,151793,553785
2025-07-18 15:00:00,134670.0,134750.0,134575.0,134725.0,36209,118836
2025-07-21 06:00:00,134140.0,135645.0,134040.0,135135.0,842332,2272728
2025-07-21 07:00:00,135140.0,135565.0,134920.0,135290.0,928407,2806800
2025-07-21 08:00:00,135290.0,135835.0,135120.0,135750.0,673531,2100878
2025-07-21 09:00:00,135750.0,136015.0,135680.0,135925.0,378414,1163815
2025-07-21 10:00:00,135925.0,136050.0,135765.0,135940.0,263822,847557
2025-07-21 11:00:00,135940.0,136005.0,135275.0,135335.0,332354,1103701
2025-07-21 12:00:00,135335.0,135455.0,135180.0,135365.0,273914,909261
2025-07-21 13:00:00,135365.0,135460.0,135240.0,135365.0,223340,798968
2025-07-21 14:00:00,135365.0,135415.0,135200.0,135285.0,113512,357461
2025-07-21 15:00:00,135295.0,135300.0,134975.0,135145.0,48070,130449
2025-07-22 06:00:00,135250.0,135725.0,134785.0,135640.0,873377,2258960
2025-07-22 07:00:00,135635.0,136370.0,135595.0,136050.0,1002359,2919820
2025-07-22 08:00:00,136055.0,136385.0,135845.0,136190.0,606789,1828531
2025-07-22 09:00:00,136195.0,136350.0,135885.0,136085.0,360252,1109972
2025-07-22 10:00:00,136080.0,136105.0,135595.0,135825.0,367284,1131470
2025-07-22 11:00:00,135825.0,135830.0,135290.0,135295.0,362432,1130029
2025-07-22 12:00:00,135295.0,135300.0,135080.0,135150.0,268052,875976
2025-07-22 13:00:00,135155.0,135250.0,134975.0,135040.0,226011,745454
2025-07-22 14:00:00,135045.0,135455.0,135040.0,135345.0,173150,552762
2025-07-22 15:00:00,135345.0,135575.0,135265.0,135575.0,42468,118568
2025-07-23 06:00:00,135675.0,135700.0,134505.0,134840.0,972595,2782367
2025-07-23 07:00:00,134835.0,135985.0,134565.0,135495.0,1111216,3640826
2025-07-23 08:00:00,135495.0,136135.0,135480.0,135950.0,550317,1891471
2025-07-23 09:00:00,135950.0,136375.0,135800.0,136260.0,448295,1570786
2025-07-23 10:00:00,136255.0,136505.0,136110.0,136420.0,343573,1173877
2025-07-23 11:00:00,136415.0,136640.0,136340.0,136440.0,321102,1125535
2025-07-23 12:00:00,136435.0,136800.0,136360.0,136700.0,245885,918703
2025-07-23 13:00:00,136695.0,136765.0,136425.0,136470.0,207230,773654
2025-07-23 14:00:00,136470.0,136470.0,136170.0,136220.0,165840,555274
2025-07-23 15:00:00,136225.0,136425.0,136205.0,136360.0,41325,92070
2025-07-24 06:00:00,136065.0,136160.0,135065.0,135355.0,758739,2176252
2025-07-24 07:00:00,135355.0,135450.0,134520.0,134575.0,934762,2922250
2025-07-24 08:00:00,134575.0,135195.0,134510.0,134990.0,564227,1884510
2025-07-24 09:00:00,134985.0,135120.0,134700.0,134825.0,332992,1117122
2025-07-24 10:00:00,134820.0,135110.0,134540.0,134700.0,351042,1239074
2025-07-24 11:00:00,134695.0,134890.0,134615.0,134640.0,263168,945209
2025-07-24 12:00:00,134645.0,134740.0,134550.0,134600.0,171261,612519
2025-07-24 13:00:00,134605.0,134720.0,134515.0,134535.0,178785,641821
2025-07-24 14:00:00,134530.0,134910.0,134525.0,134850.0,200512,688115
2025-07-24 15:00:00,134850.0,134885.0,134595.0,134595.0,57549,145594
2025-07-25 06:00:00,134530.0,135555.0,134525.0,134875.0,776904,2200600
2025-07-25 07:00:00,134870.0,135050.0,134370.0,134470.0,983871,3112638
2025-07-25 08:00:00,134465.0,134875.0,134325.0,134375.0,560326,1942165
2025-07-25 09:00:00,134375.0,134485.0,134140.0,134205.0,377030,1329471
2025-07-25 10:00:00,134205.0,134755.0,134180.0,134685.0,278605,958706
2025-07-25 11:00:00,134680.0,134785.0,134170.0,134210.0,291789,1014928
2025-07-25 12:00:00,134210.0,134475.0,134075.0,134255.0,305681,1123477
2025-07-25 13:00:00,134255.0,134365.0,134195.0,134280.0,178016,657800
2025-07-25 14:00:00,134275.0,134400.0,134220.0,134285.0,128148,418795
2025-07-25 15:00:00,134280.0,134300.0,134130.0,134280.0,33026,98734
2025-07-28 06:00:00,134210.0,134885.0,133760.0,134405.0,833408,2264722
2025-07-28 07:00:00,134410.0,134495.0,133155.0,133255.0,967310,2939220
2025-07-28 08:00:00,133255.0,133620.0,133085.0,133385.0,482785,1640336
2025-07-28 09:00:00,133390.0,133390.0,133065.0,133125.0,317950,1069030
2025-07-28 10:00:00,133125.0,133255.0,132975.0,133020.0,229678,789725
2025-07-28 11:00:00,133020.0,133050.0,132450.0,132580.0,316494,1108922
2025-07-28 12:00:00,132580.0,132585.0,132335.0,132475.0,258082,994995
2025-07-28 13:00:00,132480.0,132845.0,132450.0,132825.0,290132,1097466
2025-07-28 14:00:00,132825.0,133135.0,132825.0,133075.0,232103,821366
2025-07-28 15:00:00,133070.0,133250.0,133055.0,133065.0,68287,168046
2025-07-29 06:00:00,133150.0,133495.0,132775.0,133140.0,936884,2598715
2025-07-29 07:00:00,133135.0,133340.0,132770.0,133105.0,939952,2947958
2025-07-29 08:00:00,133105.0,133715.0,133070.0,133475.0,725954,2356444
2025-07-29 09:00:00,133480.0,133860.0,133445.0,133830.0,444035,1488433
2025-07-29 10:00:00,133835.0,134045.0,133745.0,133985.0,272458,947897
2025-07-29 11:00:00,133990.0,134100.0,133665.0,133765.0,295934,1043766
2025-07-29 12:00:00,133760.0,133875.0,133640.0,133705.0,247740,881051
2025-07-29 13:00:00,133710.0,133755.0,133305.0,133450.0,248392,927086
2025-07-29 14:00:00,133450.0,133465.0,133225.0,133395.0,159072,528433
2025-07-29 15:00:00,133390.0,133410.0,133295.0,133355.0,35848,92442
2025-07-30 06:00:00,133435.0,133760.0,132575.0,132625.0,986591,2727382
2025-07-30 07:00:00,132630.0,134020.0,132520.0,133270.0,1316058,4167663
2025-07-30 08:00:00,133270.0,133420.0,132645.0,132720.0,632423,2073214
2025-07-30 09:00:00,132720.0,133065.0,132620.0,132775.0,401637,1329197
2025-07-30 10:00:00,132775.0,133240.0,132495.0,133145.0,494343,1572080
2025-07-30 11:00:00,133150.0,133475.0,133060.0,133230.0,421667,1407244
2025-07-30 12:00:00,133235.0,135870.0,132680.0,134270.0,921853,2854534
2025-07-30 13:00:00,134270.0,135000.0,134065.0,134475.0,552355,1563516
2025-07-30 14:00:00,134475.0,134760.0,134310.0,134560.0,191022,519704
2025-07-30 15:00:00,134560.0,134825.0,134545.0,134560.0,46415,115076
2025-07-31 06:00:00,133980.0,134210.0,132960.0,132990.0,788394,2226535
2025-07-31 07:00:00,132990.0,133445.0,132520.0,133355.0,991422,3282676
2025-07-31 08:00:00,133350.0,133495.0,133030.0,133110.0,649236,2303892
2025-07-31 09:00:00,133115.0,133995.0,133105.0,133850.0,461117,1722890
2025-07-31 10:00:00,133850.0,134030.0,133735.0,133755.0,266475,963407
2025-07-31 11:00:00,133750.0,133780.0,133085.0,133300.0,366724,1308432
2025-07-31 12:00:00,133300.0,133655.0,133085.0,133625.0,350647,1248753
2025-07-31 13:00:00,133630.0,133680.0,133150.0,133310.0,291207,1078784
2025-07-31 14:00:00,133305.0,133775.0,133275.0,133590.0,239552,771997
2025-07-31 15:00:00,133590.0,133715.0,133515.0,133635.0,41374,97912
2025-08-01 06:00:00,132905.0,134835.0,132505.0,134810.0,1231155,3370989
2025-08-01 07:00:00,134810.0,135480.0,133740.0,133885.0,1262853,3894844
2025-08-01 08:00:00,133895.0,134385.0,133635.0,133830.0,660569,2225382
2025-08-01 09:00:00,133825.0,133930.0,133250.0,133745.0,462710,1443461
2025-08-01 10:00:00,133745.0,133790.0,133125.0,133155.0,354808,1116786
2025-08-01 11:00:00,133150.0,133265.0,132885.0,133130.0,349482,1129019
2025-08-01 12:00:00,133130.0,133325.0,132600.0,132605.0,366177,1261080
2025-08-01 13:00:00,132600.0,133015.0,132575.0,132870.0,343349,1128561
2025-08-01 14:00:00,132870.0,133115.0,132650.0,132915.0,196620,620674
2025-08-01 15:00:00,132905.0,132990.0,132820.0,132990.0,34675,92785
2025-08-04 06:00:00,133400.0,134500.0,133055.0,134425.0,944348,2603693
2025-08-04 07:00:00,134420.0,134585.0,133260.0,133505.0,1158532,3468265
2025-08-04 08:00:00,133505.0,134030.0,133445.0,133765.0,653674,2180095
2025-08-04 09:00:00,133765.0,133775.0,133165.0,133265.0,459995,1544432
2025-08-04 10:00:00,133260.0,133270.0,132815.0,132935.0,372013,1263208
2025-08-04 11:00:00,132935.0,133035.0,132825.0,132930.0,257727,887871
2025-08-04 12:00:00,132935.0,133380.0,132860.0,133165.0,350825,1210290
2025-08-04 13:00:00,133165.0,133430.0,133110.0,133295.0,228418,803975
2025-08-04 14:00:00,133295.0,133675.0,133280.0,133600.0,200301,624928
2025-08-04 15:00:00,133605.0,133700.0,133000.0,133200.0,66095,203892
2025-08-05 06:00:00,132760.0,133810.0,132600.0,133345.0,870256,2335927
2025-08-05 07:00:00,133350.0,134650.0,133025.0,134085.0,1377501,4294662
2025-08-05 08:00:00,134085.0,134270.0,133075.0,133270.0,801884,2617302
2025-08-05 09:00:00,133265.0,134050.0,133230.0,133970.0,556479,1986793
2025-08-05 10:00:00,133965.0,134005.0,133415.0,133610.0,415391,1458339
2025-08-05 11:00:00,133615.0,134180.0,133475.0,133860.0,411952,1472276
2025-08-05 12:00:00,133855.0,133915.0,133505.0,133645.0,311749,1086317
2025-08-05 13:00:00,133645.0,133825.0,133575.0,133600.0,228563,814354
2025-08-05 14:00:00,133605.0,133605.0,133405.0,133480.0,167782,549159
2025-08-05 15:00:00,133485.0,133550.0,133425.0,133520.0,44487,114507
2025-08-06 06:00:00,133760.0,134960.0,133740.0,134635.0,1017373,3152842
2025-08-06 07:00:00,134635.0,135585.0,134375.0,135410.0,1216749,3955377
2025-08-06 08:00:00,135410.0,135425.0,134695.0,134815.0,734575,2444602
2025-08-06 09:00:00,134810.0,135315.0,134740.0,135145.0,414735,1440754
2025-08-06 10:00:00,135145.0,135225.0,134810.0,134830.0,317268,1122369
2025-08-06 11:00:00,134825.0,135310.0,134795.0,135170.0,348479,1257360
2025-08-06 12:00:00,135170.0,135250.0,134865.0,135015.0,333424,1259261
2025-08-06 13:00:00,135015.0,135080.0,134650.0,134800.0,253478,1000080
2025-08-06 14:00:00,134800.0,134860.0,134555.0,134770.0,220229,754642
2025-08-06 15:00:00,134765.0,134970.0,134645.0,134780.0,67795,161360
2025-08-07 06:00:00,135225.0,135775.0,135035.0,135635.0,863995,2611751
2025-08-07 07:00:00,135635.0,136495.0,135405.0,136220.0,1116013,3804915
2025-08-07 08:00:00,136220.0,136400.0,135870.0,136350.0,627873,2206908
2025-08-07 09:00:00,136350.0,136680.0,136310.0,136650.0,450617,1632835
2025-08-07 10:00:00,136650.0,137265.0,136580.0,137195.0,438812,1640286
2025-08-07 11:00:00,137200.0,137265.0,136725.0,136920.0,374350,1319545
2025-08-07 12:00:00,136920.0,137095.0,136840.0,136925.0,268157,997849
2025-08-07 13:00:00,136930.0,137075.0,136665.0,136850.0,280577,1049414
2025-08-07 14:00:00,136855.0,136895.0,136705.0,136805.0,181350,614470
2025-08-07 15:00:00,136805.0,137135.0,136780.0,137060.0,77036,197633
2025-08-08 06:00:00,136705.0,136760.0,136100.0,136375.0,671814,2026558
2025-08-08 07:00:00,136375.0,136640.0,135720.0,135850.0,1078740,3605770
2025-08-08 08:00:00,135850.0,136515.0,135795.0,136415.0,684016,2391159
2025-08-08 09:00:00,136415.0,136795.0,136280.0,136385.0,449388,1641746
2025-08-08 10:00:00,136385.0,136435.0,136175.0,136295.0,273709,950015
2025-08-08 11:00:00,136300.0,136490.0,136265.0,136315.0,245948,899050
2025-08-08 12:00:00,136315.0,136665.0,135770.0,136095.0,500588,1884208
2025-08-08 13:00:00,136095.0,136130.0,135830.0,136025.0,224691,813241
2025-08-08 14:00:00,136030.0,136275.0,135945.0,136250.0,121795,425431
2025-08-08 15:00:00,136245.0,136365.0,136205.0,136365.0,33096,109625
2025-08-11 06:00:00,136105.0,136380.0,135680.0,135815.0,784807,2243993
2025-08-11 07:00:00,135815.0,136150.0,135535.0,135745.0,1050427,3281561
2025-08-11 08:00:00,135750.0,136015.0,135525.0,135915.0,546116,1860586
2025-08-11 09:00:00,135915.0,136290.0,135800.0,136270.0,426575,1469393
2025-08-11 10:00:00,136270.0,136445.0,135680.0,135750.0,463612,1599814
2025-08-11 11:00:00,135745.0,135815.0,135510.0,135720.0,350026,1225410
2025-08-11 12:00:00,135715.0,135955.0,135660.0,135820.0,296017,1071121
2025-08-11 13:00:00,135815.0,135825.0,135600.0,135755.0,207651,769956
2025-08-11 14:00:00,135755.0,135940.0,135660.0,135855.0,135584,453546
2025-08-11 15:00:00,135855.0,135920.0,135750.0,135850.0,38482,97745
2025-08-12 06:00:00,136335.0,137025.0,136070.0,136925.0,981607,2694524
2025-08-12 07:00:00,136930.0,137835.0,136815.0,137705.0,1092232,3488155
2025-08-12 08:00:00,137700.0,138055.0,137560.0,137945.0,609175,2146035
2025-08-12 09:00:00,137945.0,138490.0,137840.0,138425.0,467352,1761854
2025-08-12 10:00:00,138425.0,138460.0,138160.0,138345.0,325210,1188875
2025-08-12 11:00:00,138350.0,138430.0,138005.0,138345.0,328579,1189653
2025-08-12 12:00:00,138340.0,138365.0,138120.0,138190.0,235707,852497
2025-08-12 13:00:00,138185.0,138220.0,137865.0,138015.0,289150,1033543
2025-08-12 14:00:00,138020.0,138160.0,137950.0,138065.0,178026,526522
2025-08-12 15:00:00,138070.0,138250.0,138000.0,138135.0,66029,166144
2025-08-13 06:00:00,141130.0,141445.0,140350.0,140525.0,530322,1460927
2025-08-13 07:00:00,140525.0,140660.0,139845.0,140350.0,888470,2764778
2025-08-13 08:00:00,140345.0,140505.0,140030.0,140180.0,560265,1768360
2025-08-13 09:00:00,140180.0,140385.0,139765.0,139805.0,371132,1258527
2025-08-13 10:00:00,139805.0,139895.0,139530.0,139805.0,323518,1158333
2025-08-13 11:00:00,139805.0,140135.0,139770.0,140060.0,367272,1325831
2025-08-13 12:00:00,140065.0,140125.0,139650.0,139685.0,240871,902233
2025-08-13 13:00:00,139685.0,139775.0,139550.0,139730.0,254038,1013571
2025-08-13 14:00:00,139730.0,139765.0,139630.0,139690.0,116616,382961
2025-08-13 15:00:00,139695.0,139740.0,139595.0,139675.0,38415,90490
2025-08-14 06:00:00,139480.0,139840.0,138600.0,138745.0,1007053,2988373
2025-08-14 07:00:00,138745.0,139425.0,138485.0,139330.0,926218,3052286
2025-08-14 08:00:00,139335.0,140460.0,139235.0,140265.0,819893,2850922
2025-08-14 09:00:00,140270.0,140295.0,139850.0,140055.0,457132,1655115
2025-08-14 10:00:00,140055.0,140190.0,139690.0,139790.0,326549,1152452
2025-08-14 11:00:00,139785.0,139900.0,139495.0,139570.0,306486,1121745
2025-08-14 12:00:00,139570.0,139600.0,139305.0,139530.0,293229,1101395
2025-08-14 13:00:00,139535.0,139655.0,139240.0,139360.0,238309,900556
2025-08-14 14:00:00,139355.0,139415.0,139220.0,139300.0,111655,400681
2025-08-14 15:00:00,139295.0,139410.0,139285.0,139400.0,28081,85664
2025-08-15 06:00:00,139500.0,139500.0,138785.0,138830.0,727169,2193934
2025-08-15 07:00:00,138830.0,139230.0,138570.0,139140.0,902496,2840299
2025-08-15 08:00:00,139145.0,139385.0,138810.0,139100.0,650238,2201809
2025-08-15 09:00:00,139100.0,139170.0,138865.0,138910.0,291885,1042399
2025-08-15 10:00:00,138910.0,139100.0,138510.0,138655.0,341371,1240928
2025-08-15 11:00:00,138650.0,138765.0,138400.0,138460.0,278702,1007392
2025-08-15 12:00:00,138460.0,138720.0,138405.0,138630.0,248270,936898
2025-08-15 13:00:00,138630.0,139265.0,138585.0,139145.0,268325,1071028
2025-08-15 14:00:00,139145.0,139700.0,139140.0,139420.0,152527,549507
2025-08-15 15:00:00,139420.0,140820.0,139275.0,139395.0,68618,207556
2025-08-18 06:00:00,139295.0,140295.0,138955.0,139350.0,884759,2546692
2025-08-18 07:00:00,139350.0,139885.0,139265.0,139535.0,914025,2837562
2025-08-18 08:00:00,139530.0,140500.0,139530.0,140465.0,697440,2320815
2025-08-18 09:00:00,140465.0,140820.0,140440.0,140765.0,393235,1420623
2025-08-18 10:00:00,140760.0,140765.0,140250.0,140285.0,360149,1244897
2025-08-18 11:00:00,140280.0,140345.0,140020.0,140255.0,344648,1169286
2025-08-18 12:00:00,140250.0,140455.0,140140.0,140355.0,243371,868685
2025-08-18 13:00:00,140355.0,140375.0,140170.0,140280.0,211698,752961
2025-08-18 14:00:00,140280.0,140285.0,140065.0,140175.0,141280,475181
2025-08-18 15:00:00,140175.0,140185.0,140050.0,140075.0,55262,133740
2025-08-19 06:00:00,140170.0,140200.0,138770.0,138825.0,974089,3029593
2025-08-19 07:00:00,138830.0,138910.0,137675.0,137925.0,1063651,3761046
2025-08-19 08:00:00,137920.0,137950.0,137300.0,137410.0,603303,2291073
2025-08-19 09:00:00,137405.0,137455.0,137045.0,137200.0,397310,1628656
2025-08-19 10:00:00,137205.0,137645.0,137170.0,137475.0,375587,1472044
2025-08-19 11:00:00,137475.0,137505.0,137145.0,137295.0,309766,1187482
2025-08-19 12:00:00,137295.0,137295.0,136665.0,136820.0,400820,1597058
2025-08-19 13:00:00,136825.0,136990.0,136735.0,136970.0,254678,1033142
2025-08-19 14:00:00,136975.0,137110.0,136525.0,136685.0,257553,939970
2025-08-19 15:00:00,136675.0,136700.0,136250.0,136490.0,93292,239479
2025-08-20 06:00:00,136795.0,137080.0,136460.0,136690.0,930863,2748151
2025-08-20 07:00:00,136695.0,137430.0,136660.0,137135.0,1010985,3363187
2025-08-20 08:00:00,137135.0,137310.0,136750.0,136900.0,667703,2372471
2025-08-20 09:00:00,136900.0,137485.0,136840.0,137440.0,391806,1410128
2025-08-20 10:00:00,137435.0,137580.0,137255.0,137515.0,293875,1053422
2025-08-20 11:00:00,137520.0,137665.0,136820.0,137335.0,497220,1727369
2025-08-20 12:00:00,137340.0,137370.0,137145.0,137195.0,266869,966604
2025-08-20 13:00:00,137190.0,137275.0,137025.0,137160.0,227249,892191
2025-08-20 14:00:00,137165.0,137405.0,136955.0,137065.0,220287,758054
2025-08-20 15:00:00,137065.0,137175.0,136910.0,137145.0,65565,163861
2025-08-21 06:00:00,136960.0,136980.0,135900.0,136355.0,418795,1201375
2025-08-21 07:00:00,136475.0,137565.0,136250.0,136960.0,320866,854503
2025-08-21 08:00:00,136960.0,137190.0,136665.0,136890.0,472753,1492736
2025-08-21 09:00:00,136890.0,137000.0,136645.0,136730.0,274959,972653
2025-08-21 10:00:00,136730.0,136890.0,136580.0,136855.0,230911,795840
2025-08-21 11:00:00,136855.0,137360.0,136850.0,137065.0,365464,1306091
2025-08-21 12:00:00,137070.0,137390.0,137045.0,137250.0,249199,939236
2025-08-21 13:00:00,137250.0,137300.0,137105.0,137165.0,149233,563881
2025-08-21 14:00:00,137165.0,137220.0,136965.0,137180.0,121829,434069
2025-08-21 15:00:00,137185.0,137215.0,137060.0,137140.0,43733,102194
2025-08-22 06:00:00,137165.0,138190.0,137005.0,137830.0,825822,2409845
2025-08-22 07:00:00,137835.0,138450.0,137455.0,138110.0,960812,2983439
2025-08-22 08:00:00,138105.0,140135.0,138105.0,139975.0,906541,2898033
2025-08-22 09:00:00,139975.0,140190.0,139785.0,140060.0,331248,1231776
2025-08-22 10:00:00,140060.0,140425.0,140040.0,140200.0,295027,1148202
2025-08-22 11:00:00,140195.0,140555.0,140085.0,140445.0,272298,1075164
2025-08-22 12:00:00,140445.0,140795.0,140330.0,140515.0,288792,1142792
2025-08-22 13:00:00,140520.0,140635.0,140350.0,140570.0,217092,844970
2025-08-22 14:00:00,140570.0,140860.0,140540.0,140655.0,178939,717576
2025-08-22 15:00:00,140650.0,140925.0,140620.0,140740.0,56363,142998
2025-08-25 06:00:00,140780.0,141585.0,140780.0,141360.0,777803,2257116
2025-08-25 07:00:00,141360.0,141450.0,140865.0,140900.0,774349,2480259
2025-08-25 08:00:00,140895.0,141380.0,140670.0,141210.0,610779,2107279
2025-08-25 09:00:00,141215.0,141500.0,140875.0,141040.0,462382,1623466
2025-08-25 10:00:00,141040.0,141135.0,140700.0,140770.0,285472,972861
2025-08-25 11:00:00,140765.0,140885.0,140535.0,140695.0,313684,1086935
2025-08-25 12:00:00,140690.0,140855.0,140585.0,140645.0,275424,1022871
2025-08-25 13:00:00,140650.0,140780.0,140565.0,140655.0,205513,762504
2025-08-25 14:00:00,140655.0,140745.0,140500.0,140645.0,169560,570627
2025-08-25 15:00:00,140640.0,140885.0,140625.0,140850.0,63916,155383
2025-08-26 06:00:00,140525.0,140735.0,140105.0,140610.0,746554,2195902
2025-08-26 07:00:00,140610.0,140635.0,140110.0,140400.0,901787,2904244
2025-08-26 08:00:00,140400.0,140430.0,139450.0,139765.0,719264,2515801
2025-08-26 09:00:00,139765.0,139860.0,139530.0,139585.0,313045,1135067
2025-08-26 10:00:00,139590.0,139710.0,139460.0,139575.0,264011,943804
2025-08-26 11:00:00,139575.0,139910.0,139545.0,139890.0,237265,865446
2025-08-26 12:00:00,139890.0,139935.0,139705.0,139830.0,251495,951091
2025-08-26 13:00:00,139835.0,140220.0,139810.0,140075.0,242931,938493
2025-08-26 14:00:00,140075.0,140480.0,140065.0,140430.0,209104,659703
2025-08-26 15:00:00,140425.0,140570.0,140400.0,140435.0,65386,153727
2025-08-27 06:00:00,140100.0,140485.0,139540.0,140210.0,777380,2269723
2025-08-27 07:00:00,140210.0,140425.0,139740.0,139955.0,1056668,3445910
2025-08-27 08:00:00,139955.0,140155.0,139760.0,140035.0,589512,2023621
2025-08-27 09:00:00,140035.0,140690.0,139965.0,140395.0,471394,1632222
2025-08-27 10:00:00,140395.0,140540.0,140260.0,140455.0,287760,958214
2025-08-27 11:00:00,140455.0,141015.0,140410.0,140980.0,396706,1340583
2025-08-27 12:00:00,140980.0,141300.0,140955.0,141170.0,327868,1154143
2025-08-27 13:00:00,141175.0,141765.0,141150.0,141645.0,371833,1424743
2025-08-27 14:00:00,141645.0,141730.0,141355.0,141555.0,204858,624999
2025-08-27 15:00:00,141550.0,141630.0,141310.0,141310.0,72052,156177
2025-08-28 06:00:00,142150.0,142950.0,142115.0,142680.0,721953,2209069
2025-08-28 07:00:00,142680.0,143715.0,142490.0,143680.0,1107623,3764021
2025-08-28 08:00:00,143680.0,144660.0,143665.0,144205.0,841656,3065024
2025-08-28 09:00:00,144205.0,144235.0,143930.0,144080.0,322912,1225887
2025-08-28 10:00:00,144085.0,144345.0,143970.0,144225.0,278892,1027374
2025-08-28 11:00:00,144225.0,144385.0,143975.0,144080.0,286639,1090790
2025-08-28 12:00:00,144080.0,144210.0,143875.0,143910.0,236744,935719
2025-08-28 13:00:00,143910.0,144000.0,143625.0,143625.0,263955,1029907
2025-08-28 14:00:00,143630.0,143830.0,143500.0,143630.0,194939,689237
2025-08-28 15:00:00,143630.0,143750.0,143530.0,143750.0,56937,144551
2025-08-29 06:00:00,143005.0,143870.0,142870.0,143590.0,749698,2262665
2025-08-29 07:00:00,143590.0,144245.0,143530.0,144000.0,780963,2641374
2025-08-29 08:00:00,144000.0,144430.0,143940.0,144350.0,558326,2126029
2025-08-29 09:00:00,144350.0,144775.0,144260.0,144410.0,462938,1746932
2025-08-29 10:00:00,144405.0,144480.0,144220.0,144245.0,281767,1027158
2025-08-29 11:00:00,144245.0,144340.0,144030.0,144195.0,294213,1052566
2025-08-29 12:00:00,144195.0,144235.0,143985.0,144175.0,228566,838017
2025-08-29 13:00:00,144170.0,144190.0,143940.0,143965.0,209324,778922
2025-08-29 14:00:00,143960.0,144085.0,143785.0,144010.0,161047,527144
2025-08-29 15:00:00,144010.0,144460.0,144000.0,144095.0,81590,186014
2025-09-01 06:00:00,143905.0,144250.0,143730.0,144210.0,664737,1848303
2025-09-01 07:00:00,144210.0,144240.0,143760.0,143960.0,860101,2687484
2025-09-01 08:00:00,143955.0,144050.0,143465.0,143555.0,493539,1688038
2025-09-01 09:00:00,143555.0,143560.0,143180.0,143300.0,364828,1292891
2025-09-01 10:00:00,143295.0,143320.0,143075.0,143140.0,283325,994948
2025-09-01 11:00:00,143135.0,143280.0,143115.0,143240.0,174616,586022
2025-09-01 12:00:00,143240.0,143450.0,143035.0,143320.0,300660,1006171
2025-09-01 13:00:00,143320.0,143500.0,143235.0,143480.0,191071,667988
2025-09-01 14:00:00,143480.0,143635.0,143380.0,143490.0,192224,592665
2025-09-01 15:00:00,143490.0,143640.0,143385.0,143610.0,47704,141922
2025-09-02 06:00:00,142650.0,142795.0,141670.0,141680.0,1024106,2985443
2025-09-02 07:00:00,141675.0,142995.0,141615.0,142780.0,1215815,3955209
2025-09-02 08:00:00,142780.0,143250.0,142700.0,142965.0,686564,2313994
2025-09-02 09:00:00,142960.0,143065.0,142080.0,142440.0,594406,1978212
2025-09-02 10:00:00,142445.0,142830.0,142375.0,142785.0,363808,1197476
2025-09-02 11:00:00,142790.0,142870.0,142585.0,142650.0,298620,968317
2025-09-02 12:00:00,142650.0,142670.0,142115.0,142300.0,395561,1372537
2025-09-02 13:00:00,142295.0,142595.0,142290.0,142515.0,252754,893494
2025-09-02 14:00:00,142515.0,142635.0,142290.0,142330.0,163803,531775
2025-09-02 15:00:00,142325.0,142500.0,142300.0,142500.0,52245,116363
2025-09-03 06:00:00,142700.0,142815.0,142315.0,142380.0,737282,2104837
2025-09-03 07:00:00,142380.0,142415.0,141820.0,141895.0,1075936,3438089
2025-09-03 08:00:00,141895.0,142630.0,141850.0,142300.0,775572,2598096
2025-09-03 09:00:00,142295.0,142295.0,141885.0,141945.0,431464,1503730
2025-09-03 10:00:00,141945.0,142075.0,141795.0,141895.0,321472,1104600
2025-09-03 11:00:00,141895.0,142035.0,141670.0,141765.0,367512,1281041
2025-09-03 12:00:00,141765.0,141870.0,141625.0,141685.0,246872,885485
2025-09-03 13:00:00,141685.0,141825.0,141590.0,141800.0,234706,865891
2025-09-03 14:00:00,141795.0,141945.0,141710.0,141830.0,182742,600665
2025-09-03 15:00:00,141835.0,141920.0,141745.0,141780.0,55522,137687
2025-09-04 06:00:00,141750.0,142150.0,141550.0,142060.0,883798,2417751
2025-09-04 07:00:00,142055.0,142360.0,141785.0,142220.0,926676,3044277
2025-09-04 08:00:00,142215.0,142365.0,141885.0,142325.0,608677,2099210
2025-09-04 09:00:00,142325.0,142650.0,142135.0,142625.0,431352,1546668
2025-09-04 10:00:00,142630.0,142865.0,142570.0,142790.0,322147,1149886
2025-09-04 11:00:00,142790.0,143495.0,142725.0,143410.0,423943,1653321
2025-09-04 12:00:00,143410.0,143480.0,143165.0,143220.0,266877,1046753
2025-09-04 13:00:00,143215.0,143310.0,142940.0,143065.0,245262,960432
2025-09-04 14:00:00,143065.0,143110.0,142945.0,143010.0,150379,501470
2025-09-04 15:00:00,143005.0,143110.0,142965.0,142965.0,42892,120226
2025-09-05 06:00:00,143240.0,144430.0,143160.0,144190.0,896262,2502074
2025-09-05 07:00:00,144195.0,145400.0,144010.0,145310.0,967668,3281541
2025-09-05 08:00:00,145310.0,145465.0,143880.0,144190.0,800420,3090039
2025-09-05 09:00:00,144185.0,144825.0,143930.0,144255.0,489565,1791627
2025-09-05 10:00:00,144255.0,144555.0,144095.0,144540.0,321732,1153846
2025-09-05 11:00:00,144535.0,144555.0,144200.0,144380.0,296652,1055814
2025-09-05 12:00:00,144380.0,144675.0,144300.0,144625.0,253953,942590
2025-09-05 13:00:00,144625.0,144700.0,144425.0,144595.0,215100,790706
2025-09-05 14:00:00,144595.0,144700.0,144485.0,144615.0,121491,412957
2025-09-05 15:00:00,144615.0,144700.0,144600.0,144650.0,25104,91968
2025-09-08 06:00:00,144850.0,145025.0,144575.0,144695.0,574983,1648412
2025-09-08 07:00:00,144690.0,144950.0,143745.0,143850.0,1162371,3918261
2025-09-08 08:00:00,143850.0,143905.0,143335.0,143375.0,572811,2151253
2025-09-08 09:00:00,143370.0,143800.0,143315.0,143420.0,422411,1570798
2025-09-08 10:00:00,143420.0,143470.0,143145.0,143350.0,303030,1113799
2025-09-08 11:00:00,143350.0,143600.0,143330.0,143425.0,305705,1101620
2025-09-08 12:00:00,143420.0,143740.0,143400.0,143685.0,305547,1183958
2025-09-08 13:00:00,143685.0,143790.0,143635.0,143685.0,192687,746508
2025-09-08 14:00:00,143690.0,143780.0,143515.0,143695.0,204642,682894
2025-09-08 15:00:00,143690.0,143835.0,143640.0,143790.0,57508,142973
2025-09-09 06:00:00,143930.0,144475.0,143655.0,144035.0,914961,2737677
2025-09-09 07:00:00,144035.0,144085.0,143580.0,143675.0,1009615,3420683
2025-09-09 08:00:00,143675.0,144065.0,143610.0,143825.0,756200,2778982
2025-09-09 09:00:00,143825.0,143860.0,143520.0,143615.0,400805,1485738
2025-09-09 10:00:00,143615.0,143760.0,143470.0,143580.0,323548,1154595
2025-09-09 11:00:00,143575.0,143830.0,143515.0,143605.0,292588,1080008
2025-09-09 12:00:00,143605.0,143765.0,143540.0,143580.0,205200,789326
2025-09-09 13:00:00,143580.0,143645.0,143385.0,143495.0,249333,993474
2025-09-09 14:00:00,143495.0,143570.0,143340.0,143485.0,167556,591328
2025-09-09 15:00:00,143485.0,143605.0,143455.0,143605.0,37313,122568
2025-09-10 06:00:00,143780.0,143885.0,142965.0,143765.0,1068536,3097378
2025-09-10 07:00:00,143765.0,144695.0,143160.0,144455.0,1187369,4016680
2025-09-10 08:00:00,144455.0,144920.0,144290.0,144440.0,682101,2351360
2025-09-10 09:00:00,144440.0,144630.0,144295.0,144375.0,377329,1327126
2025-09-10 10:00:00,144370.0,144530.0,144185.0,144320.0,290330,1000220
2025-09-10 11:00:00,144315.0,144465.0,143840.0,144045.0,401711,1411590
2025-09-10 12:00:00,144045.0,144120.0,143940.0,144075.0,248852,875629
2025-09-10 13:00:00,144080.0,144180.0,143995.0,144090.0,217987,827863
2025-09-10 14:00:00,144090.0,144420.0,144085.0,144335.0,156759,522464
2025-09-10 15:00:00,144330.0,144380.0,144225.0,144335.0,44731,109433
2025-09-11 06:00:00,144150.0,144730.0,143380.0,144580.0,1298525,3491179
2025-09-11 07:00:00,144580.0,144935.0,144080.0,144870.0,996833,3261853
2025-09-11 08:00:00,144870.0,145695.0,144830.0,145480.0,661113,2435895
2025-09-11 09:00:00,145480.0,145515.0,144935.0,145170.0,364219,1373457
2025-09-11 10:00:00,145175.0,145315.0,145080.0,145275.0,206086,722453
2025-09-11 11:00:00,145275.0,145590.0,145250.0,145405.0,296347,1058154
2025-09-11 12:00:00,145405.0,145470.0,144595.0,144825.0,463899,1712789
2025-09-11 13:00:00,144825.0,145015.0,144750.0,144925.0,209159,775709
2025-09-11 14:00:00,144925.0,144985.0,144755.0,144830.0,143871,483985
2025-09-11 15:00:00,144830.0,144880.0,144755.0,144795.0,46253,116683
2025-09-12 06:00:00,144395.0,144540.0,143550.0,143985.0,901686,2707510
2025-09-12 07:00:00,143980.0,144860.0,143615.0,144715.0,972850,3265608
2025-09-12 08:00:00,144715.0,144870.0,144110.0,144205.0,662832,2380019
2025-09-12 09:00:00,144210.0,144590.0,144140.0,144260.0,364027,1334113
2025-09-12 10:00:00,144260.0,144435.0,144135.0,144180.0,242115,847062
2025-09-12 11:00:00,144185.0,144230.0,143755.0,144005.0,353430,1242001
2025-09-12 12:00:00,144005.0,144115.0,143875.0,143900.0,204820,730814
2025-09-12 13:00:00,143900.0,144040.0,143810.0,143825.0,195515,705749
2025-09-12 14:00:00,143825.0,144070.0,143760.0,144035.0,116978,391970
2025-09-12 15:00:00,144040.0,144200.0,143975.0,144165.0,43033,149211
2025-09-15 06:00:00,144150.0,144955.0,143930.0,144600.0,1038523,3149346
2025-09-15 07:00:00,144595.0,144745.0,144140.0,144740.0,1003597,3322014
2025-09-15 08:00:00,144745.0,145315.0,144305.0,145135.0,781748,2667468
2025-09-15 09:00:00,145135.0,145340.0,145040.0,145325.0,392386,1373050
2025-09-15 10:00:00,145330.0,145525.0,145235.0,145335.0,340890,1208060
2025-09-15 11:00:00,145340.0,145805.0,145275.0,145665.0,396050,1463388
2025-09-15 12:00:00,145665.0,145720.0,145365.0,145405.0,326263,1200008
2025-09-15 13:00:00,145405.0,145480.0,144900.0,145055.0,332307,1258354
2025-09-15 14:00:00,145055.0,145145.0,144900.0,144940.0,182744,592408
2025-09-15 15:00:00,144940.0,145010.0,144685.0,144790.0,94480,225790
2025-09-16 06:00:00,145620.0,146260.0,145230.0,146090.0,1261791,3645016
2025-09-16 07:00:00,146090.0,146215.0,145435.0,145520.0,1220880,3832518
2025-09-16 08:00:00,145520.0,145695.0,145305.0,145505.0,676432,2270102
2025-09-16 09:00:00,145505.0,145565.0,145210.0,145220.0,439802,1548815
2025-09-16 10:00:00,145225.0,145440.0,145095.0,145140.0,317458,1087731
2025-09-16 11:00:00,145145.0,145530.0,145050.0,145410.0,434899,1482816
2025-09-16 12:00:00,145410.0,145475.0,145165.0,145220.0,288735,1036867
2025-09-16 13:00:00,145220.0,145715.0,145210.0,145455.0,379290,1392229
2025-09-16 14:00:00,145455.0,145590.0,145440.0,145495.0,143306,445505
2025-09-16 15:00:00,145495.0,145555.0,145380.0,145475.0,52617,133159
2025-09-17 06:00:00,145400.0,145690.0,145115.0,145305.0,895533,2624206
2025-09-17 07:00:00,145305.0,146820.0,145175.0,146770.0,1293814,4262148
2025-09-17 08:00:00,146775.0,146810.0,146285.0,146585.0,704041,2472404
2025-09-17 09:00:00,146580.0,146740.0,146480.0,146690.0,345519,1226762
2025-09-17 10:00:00,146690.0,146980.0,146600.0,146865.0,409311,1429888
2025-09-17 11:00:00,146860.0,147340.0,146820.0,147165.0,561885,1969160
2025-09-17 12:00:00,147160.0,147895.0,146545.0,147015.0,1225097,3723709
2025-09-17 13:00:00,147010.0,147280.0,146810.0,147010.0,570017,1874679
2025-09-17 14:00:00,147010.0,147155.0,146900.0,146960.0,162364,543247
2025-09-17 15:00:00,146960.0,147070.0,146885.0,146995.0,54274,128878
2025-09-18 06:00:00,147100.0,147395.0,146630.0,146830.0,895606,2511807
2025-09-18 07:00:00,146830.0,147055.0,146325.0,146505.0,1029138,3196700
2025-09-18 08:00:00,146510.0,146925.0,146470.0,146630.0,659566,2031898
2025-09-18 09:00:00,146625.0,146965.0,146400.0,146775.0,451507,1415146
2025-09-18 10:00:00,146780.0,147040.0,146755.0,147025.0,335290,1051761
2025-09-18 11:00:00,147025.0,147115.0,146710.0,146890.0,353790,1188477
2025-09-18 12:00:00,146890.0,147020.0,146825.0,146980.0,238447,858105
2025-09-18 13:00:00,146980.0,147005.0,146585.0,146665.0,261496,959755
2025-09-18 14:00:00,146665.0,146875.0,146645.0,146780.0,129322,410901
2025-09-18 15:00:00,146780.0,147130.0,146780.0,147105.0,57745,165152
2025-09-19 06:00:00,146730.0,147290.0,146435.0,147165.0,788029,2324170
2025-09-19 07:00:00,147160.0,147720.0,146905.0,147005.0,1068347,3374982
2025-09-19 08:00:00,147010.0,147260.0,146845.0,147080.0,634667,2019963
2025-09-19 09:00:00,147080.0,147105.0,146785.0,147060.0,348504,1143718
2025-09-19 10:00:00,147065.0,147300.0,146985.0,147250.0,264242,889437
2025-09-19 11:00:00,147255.0,147470.0,147180.0,147410.0,330609,1128199
2025-09-19 12:00:00,147410.0,147420.0,147255.0,147345.0,204906,728450
2025-09-19 13:00:00,147345.0,147450.0,147005.0,147015.0,292578,1074417
2025-09-19 14:00:00,147015.0,147090.0,146930.0,146975.0,179751,585883
2025-09-19 15:00:00,146970.0,146990.0,146830.0,146840.0,57046,151327
2025-09-22 06:00:00,146675.0,146775.0,145880.0,146165.0,896539,2598739
2025-09-22 07:00:00,146160.0,146225.0,145535.0,146075.0,1005748,3225641
2025-09-22 08:00:00,146070.0,146085.0,145240.0,145435.0,726489,2571877
2025-09-22 09:00:00,145430.0,146170.0,145415.0,146130.0,460451,1591833
2025-09-22 10:00:00,146130.0,146445.0,146055.0,146145.0,419819,1486478
2025-09-22 11:00:00,146150.0,146605.0,146120.0,146525.0,343172,1174077
2025-09-22 12:00:00,146520.0,146590.0,146350.0,146370.0,239260,826348
2025-09-22 13:00:00,146370.0,146390.0,146140.0,146255.0,259672,960112
2025-09-22 14:00:00,146260.0,146275.0,146120.0,146260.0,161676,538670
2025-09-22 15:00:00,146265.0,146300.0,146200.0,146245.0,55760,128160
2025-09-23 06:00:00,146135.0,146640.0,146040.0,146155.0,721803,2174687
2025-09-23 07:00:00,146155.0,147120.0,146150.0,147045.0,1122490,3653868
2025-09-23 08:00:00,147050.0,147780.0,146930.0,147630.0,799899,2740252
2025-09-23 09:00:00,147630.0,148145.0,147560.0,147960.0,654057,2201138
2025-09-23 10:00:00,147960.0,148300.0,147790.0,148265.0,393336,1343027
2025-09-23 11:00:00,148260.0,148375.0,147680.0,147910.0,432435,1461011
2025-09-23 12:00:00,147915.0,148020.0,147700.0,147715.0,308016,1034404
2025-09-23 13:00:00,147715.0,147850.0,147565.0,147660.0,278495,997097
2025-09-23 14:00:00,147660.0,147740.0,147510.0,147530.0,143097,464200
2025-09-23 15:00:00,147525.0,147650.0,147455.0,147590.0,63438,158253
2025-09-24 06:00:00,147590.0,147730.0,147235.0,147515.0,792620,2278056
2025-09-24 07:00:00,147515.0,147890.0,147380.0,147490.0,1020139,3330128
2025-09-24 08:00:00,147490.0,147865.0,147310.0,147360.0,695148,2414662
2025-09-24 09:00:00,147355.0,147495.0,147215.0,147280.0,474906,1651112
2025-09-24 10:00:00,147280.0,147600.0,147155.0,147525.0,431135,1469250
2025-09-24 11:00:00,147520.0,147570.0,147200.0,147445.0,346428,1238433
2025-09-24 12:00:00,147445.0,147655.0,147355.0,147610.0,299795,1099114
2025-09-24 13:00:00,147605.0,147655.0,147460.0,147505.0,216051,810088
2025-09-24 14:00:00,147500.0,147720.0,147500.0,147600.0,162405,535859
2025-09-24 15:00:00,147595.0,149000.0,147575.0,148800.0,152415,434294
2025-09-25 06:00:00,148000.0,148700.0,147250.0,147570.0,1042301,2999476
2025-09-25 07:00:00,147570.0,147600.0,146605.0,146840.0,977916,3140284
2025-09-25 08:00:00,146845.0,147165.0,146490.0,146915.0,716104,2427173
2025-09-25 09:00:00,146910.0,147475.0,146765.0,147385.0,443016,1528842
2025-09-25 10:00:00,147385.0,147500.0,147100.0,147195.0,326507,1173347
2025-09-25 11:00:00,147190.0,147335.0,146220.0,146295.0,508086,1839579
2025-09-25 12:00:00,146295.0,146475.0,146110.0,146355.0,331652,1248766
2025-09-25 13:00:00,146355.0,146365.0,146115.0,146235.0,234137,897407
2025-09-25 14:00:00,146235.0,146450.0,146230.0,146340.0,148244,477410
2025-09-25 15:00:00,146345.0,146585.0,146315.0,146405.0,56281,142965
2025-09-26 06:00:00,146545.0,146595.0,145975.0,146240.0,775512,2181830
2025-09-26 07:00:00,146240.0,147170.0,146100.0,146385.0,1063748,3514756
2025-09-26 08:00:00,146380.0,146730.0,146125.0,146305.0,677970,2336423
2025-09-26 09:00:00,146305.0,146400.0,146025.0,146055.0,286442,965725
2025-09-26 10:00:00,146050.0,146320.0,146050.0,146225.0,267035,886544
2025-09-26 11:00:00,146225.0,146465.0,146130.0,146310.0,268934,994357
2025-09-26 12:00:00,146310.0,146475.0,146240.0,146390.0,206591,767681
2025-09-26 13:00:00,146390.0,146450.0,146265.0,146390.0,182038,682659
2025-09-26 14:00:00,146395.0,146545.0,146345.0,146500.0,91531,326911
2025-09-26 15:00:00,146500.0,146520.0,146305.0,146360.0,32276,103287
2025-09-29 06:00:00,146635.0,147910.0,146620.0,147665.0,937498,2862985
2025-09-29 07:00:00,147660.0,149095.0,147515.0,147695.0,908593,2817694
2025-09-29 08:00:00,147695.0,147785.0,147330.0,147370.0,535774,1889378
2025-09-29 09:00:00,147375.0,147640.0,147205.0,147365.0,405830,1463180
2025-09-29 10:00:00,147365.0,147515.0,147145.0,147505.0,303220,1053605
2025-09-29 11:00:00,147505.0,147510.0,147110.0,147180.0,321938,1167616
2025-09-29 12:00:00,147180.0,147535.0,147165.0,147340.0,261472,999046
2025-09-29 13:00:00,147340.0,147395.0,147210.0,147320.0,214531,823586
2025-09-29 14:00:00,147325.0,147440.0,147250.0,147360.0,106514,359924
2025-09-29 15:00:00,147360.0,147430.0,147250.0,147305.0,54161,127946
2025-09-30 06:00:00,147400.0,147930.0,146975.0,147895.0,808117,2408084
2025-09-30 07:00:00,147895.0,148435.0,147720.0,147800.0,892078,3111984
2025-09-30 08:00:00,147805.0,147825.0,146835.0,146930.0,658212,2459814
2025-09-30 09:00:00,146935.0,147045.0,146680.0,146760.0,367606,1338703
2025-09-30 10:00:00,146765.0,146945.0,146740.0,146875.0,272096,964447
2025-09-30 11:00:00,146875.0,147025.0,146825.0,146860.0,237635,867139
2025-09-30 12:00:00,146865.0,147020.0,146610.0,146950.0,279021,1097100
2025-09-30 13:00:00,146950.0,147250.0,146890.0,147125.0,228573,899272
2025-09-30 14:00:00,147125.0,147210.0,147040.0,147145.0,137205,537221
2025-09-30 15:00:00,147140.0,147245.0,147120.0,147135.0,34966,81315
2025-10-01 06:00:00,147205.0,148125.0,146575.0,147905.0,1388192,4043128
2025-10-01 07:00:00,147905.0,148015.0,147005.0,147145.0,1092443,3454102
2025-10-01 08:00:00,147140.0,147195.0,146335.0,146445.0,727328,2370940
2025-10-01 09:00:00,146440.0,146640.0,146065.0,146280.0,488677,1686395
2025-10-01 10:00:00,146280.0,146435.0,145955.0,145975.0,331434,1115751
2025-10-01 11:00:00,145975.0,146150.0,145910.0,146060.0,239620,794862
2025-10-01 12:00:00,146060.0,146415.0,145955.0,146305.0,343386,1190417
2025-10-01 13:00:00,146305.0,146460.0,146130.0,146190.0,280418,1005445
2025-10-01 14:00:00,146190.0,146405.0,146110.0,146375.0,158776,527320
2025-10-01 15:00:00,146370.0,146385.0,146250.0,146255.0,45852,115163
2025-10-02 06:00:00,146750.0,147280.0,145885.0,146010.0,934083,2869737
2025-10-02 07:00:00,146015.0,146315.0,145670.0,146030.0,1068128,3565933
2025-10-02 08:00:00,146030.0,146030.0,144570.0,144615.0,892023,3262699
2025-10-02 09:00:00,144615.0,144735.0,144235.0,144370.0,511461,1894481
2025-10-02 10:00:00,144370.0,144715.0,144270.0,144675.0,338158,1250610
2025-10-02 11:00:00,144675.0,144830.0,144415.0,144730.0,330964,1227834
2025-10-02 12:00:00,144725.0,144890.0,144585.0,144740.0,277061,1058016
2025-10-02 13:00:00,144740.0,144845.0,144610.0,144635.0,225823,911783
2025-10-02 14:00:00,144630.0,144800.0,144555.0,144780.0,150535,534339
2025-10-02 15:00:00,144775.0,144785.0,144650.0,144725.0,44537,120084
2025-10-03 06:00:00,145000.0,145050.0,144565.0,144895.0,822743,2587445
2025-10-03 07:00:00,144900.0,144935.0,144240.0,144630.0,1061797,3492813
2025-10-03 08:00:00,144630.0,144825.0,144210.0,144450.0,656592,2305857
2025-10-03 09:00:00,144455.0,144795.0,144335.0,144740.0,427961,1557439
2025-10-03 10:00:00,144735.0,145160.0,144655.0,144745.0,431155,1555837
2025-10-03 11:00:00,144745.0,144970.0,144615.0,144675.0,336813,1224302
2025-10-03 12:00:00,144680.0,144960.0,144525.0,144840.0,317046,1178527
2025-10-03 13:00:00,144840.0,144990.0,144685.0,144720.0,230623,881782
2025-10-03 14:00:00,144720.0,144850.0,144610.0,144815.0,132395,478863
2025-10-03 15:00:00,144820.0,144850.0,144635.0,144670.0,29850,99853
2025-10-06 06:00:00,144860.0,145335.0,144450.0,145210.0,919481,2882354
2025-10-06 07:00:00,145215.0,145245.0,144335.0,144400.0,1239712,4195231
2025-10-06 08:00:00,144400.0,144575.0,144050.0,144385.0,737829,2676511
2025-10-06 09:00:00,144380.0,144430.0,143890.0,143980.0,405005,1483948
2025-10-06 10:00:00,143975.0,144440.0,143820.0,144425.0,378859,1365704
2025-10-06 11:00:00,144420.0,144515.0,144155.0,144245.0,351453,1349635
2025-10-06 12:00:00,144250.0,144260.0,144055.0,144160.0,221430,859072
2025-10-06 13:00:00,144160.0,144260.0,143985.0,144150.0,229642,905811
2025-10-06 14:00:00,144150.0,144225.0,144025.0,144145.0,141842,472030
2025-10-06 15:00:00,144150.0,144220.0,144000.0,144060.0,52226,129285
2025-10-07 06:00:00,143650.0,143715.0,142800.0,143110.0,979816,3140204
2025-10-07 07:00:00,143115.0,143300.0,142180.0,142305.0,1193884,3933063
2025-10-07 08:00:00,142305.0,142355.0,141765.0,142070.0,558472,2126001
2025-10-07 09:00:00,142070.0,142260.0,141675.0,141825.0,523327,1897367
2025-10-07 10:00:00,141825.0,141935.0,141420.0,141630.0,436543,1575510
2025-10-07 11:00:00,141630.0,141730.0,141565.0,141650.0,289426,1077294
2025-10-07 12:00:00,141650.0,142030.0,141590.0,141875.0,304012,1160075
2025-10-07 13:00:00,141870.0,141945.0,141735.0,141780.0,240549,953170
2025-10-07 14:00:00,141780.0,141840.0,141705.0,141795.0,123466,456796
2025-10-07 15:00:00,141790.0,141820.0,141600.0,141615.0,50812,153088
2025-10-08 06:00:00,141700.0,142465.0,141640.0,142305.0,955918,2988040
2025-10-08 07:00:00,142305.0,142480.0,141985.0,142235.0,1072887,3491359
2025-10-08 08:00:00,142235.0,142715.0,142155.0,142585.0,708451,2509479
2025-10-08 09:00:00,142590.0,142650.0,142020.0,142170.0,431929,1546851
2025-10-08 10:00:00,142165.0,142275.0,142060.0,142220.0,269745,959965
2025-10-08 11:00:00,142225.0,142305.0,142105.0,142205.0,232470,870514
2025-10-08 12:00:00,142205.0,142425.0,142085.0,142250.0,266625,1016445
2025-10-08 13:00:00,142250.0,142435.0,142235.0,142330.0,246520,962415
2025-10-08 14:00:00,142330.0,142590.0,142330.0,142540.0,178242,624670
2025-10-08 15:00:00,142540.0,142780.0,142490.0,142490.0,77102,184527
2025-10-09 06:00:00,142900.0,143800.0,142855.0,143280.0,1118402,3366620
2025-10-09 07:00:00,143280.0,143515.0,142450.0,142510.0,1200672,3853420
2025-10-09 08:00:00,142510.0,142660.0,142110.0,142355.0,734232,2523073
2025-10-09 09:00:00,142355.0,142810.0,142340.0,142595.0,460047,1597432
2025-10-09 10:00:00,142600.0,142665.0,142250.0,142265.0,316971,1082357
2025-10-09 11:00:00,142270.0,142275.0,141890.0,141955.0,375394,1276663
2025-10-09 12:00:00,141955.0,142050.0,141810.0,141920.0,266068,974406
2025-10-09 13:00:00,141920.0,142105.0,141880.0,142005.0,199712,713837
2025-10-09 14:00:00,142005.0,142145.0,141855.0,141940.0,167312,541494
2025-10-09 15:00:00,141945.0,141995.0,141890.0,141890.0,44118,113575
2025-10-10 06:00:00,142145.0,142665.0,141885.0,142645.0,839654,2651965
2025-10-10 07:00:00,142650.0,142685.0,141355.0,141785.0,1340370,4506137
2025-10-10 08:00:00,141785.0,142260.0,141440.0,141560.0,923111,2984885
2025-10-10 09:00:00,141560.0,141605.0,140825.0,140980.0,891158,2826765
2025-10-10 10:00:00,140985.0,141050.0,140425.0,140485.0,531441,1746585
2025-10-10 11:00:00,140490.0,141100.0,140365.0,140960.0,473068,1566532
2025-10-10 12:00:00,140965.0,141100.0,140855.0,140965.0,319969,1052183
2025-10-10 13:00:00,140965.0,141120.0,140790.0,140835.0,285609,997364
2025-10-10 14:00:00,140835.0,140970.0,140165.0,140330.0,183459,632150
2025-10-10 15:00:00,140330.0,140475.0,140055.0,140350.0,52204,152098
2025-10-13 06:00:00,141550.0,142230.0,141550.0,142020.0,992954,2990702
2025-10-13 07:00:00,142020.0,142295.0,141710.0,142125.0,1216036,3636364
2025-10-13 08:00:00,142120.0,142315.0,141750.0,142065.0,847134,2693512
2025-10-13 09:00:00,142060.0,142340.0,141915.0,142145.0,480279,1594851
2025-10-13 10:00:00,142140.0,142450.0,142130.0,142365.0,344497,1121860
2025-10-13 11:00:00,142365.0,142395.0,141990.0,142090.0,375708,1255746
2025-10-13 12:00:00,142090.0,142240.0,141945.0,142010.0,274512,1018793
2025-10-13 13:00:00,142010.0,142070.0,141855.0,141870.0,236955,873534
2025-10-13 14:00:00,141870.0,141925.0,141480.0,141645.0,201999,703745
2025-10-13 15:00:00,141640.0,141685.0,141525.0,141615.0,59789,152436
2025-10-14 06:00:00,140590.0,141595.0,140500.0,141340.0,1036572,3207885
2025-10-14 07:00:00,141340.0,142065.0,141195.0,141980.0,1259853,3926671
2025-10-14 08:00:00,141980.0,142690.0,141835.0,142130.0,858035,2832806
2025-10-14 09:00:00,142135.0,142495.0,141965.0,142405.0,495654,1686039
2025-10-14 10:00:00,142405.0,142540.0,141970.0,142320.0,487090,1548850
2025-10-14 11:00:00,142325.0,142370.0,142130.0,142210.0,308270,1061014
2025-10-14 12:00:00,142210.0,142225.0,141690.0,141860.0,404773,1431585
2025-10-14 13:00:00,141855.0,141935.0,141320.0,141695.0,362863,1196701
2025-10-14 14:00:00,141695.0,141765.0,141615.0,141675.0,108431,322129
2025-10-14 15:00:00,141680.0,142475.0,141670.0,141790.0,90440,246319
2025-10-15 06:00:00,145145.0,145405.0,144320.0,144425.0,949031,2776732
2025-10-15 07:00:00,144420.0,145645.0,144005.0,145580.0,1263159,4069650
2025-10-15 08:00:00,145585.0,146100.0,145465.0,145965.0,803985,2650831
2025-10-15 09:00:00,145965.0,145970.0,145190.0,145345.0,500135,1636552
2025-10-15 10:00:00,145350.0,145595.0,145255.0,145590.0,320002,988661
2025-10-15 11:00:00,145585.0,145840.0,144945.0,145705.0,568584,1868010
2025-10-15 12:00:00,145705.0,146045.0,145600.0,145860.0,390064,1383691
2025-10-15 13:00:00,145855.0,145960.0,145605.0,145650.0,268180,933052
2025-10-15 14:00:00,145650.0,145890.0,145615.0,145740.0,136308,421237
2025-10-15 15:00:00,145740.0,145855.0,145680.0,145715.0,46723,106020
2025-10-16 06:00:00,145735.0,145930.0,144685.0,144795.0,936431,2878667
2025-10-16 07:00:00,144795.0,145200.0,144330.0,145160.0,1062342,3598824
2025-10-16 08:00:00,145155.0,145900.0,144905.0,145765.0,796448,2785578
2025-10-16 09:00:00,145760.0,146195.0,145460.0,145730.0,574727,1979325
2025-10-16 10:00:00,145730.0,145840.0,145040.0,145810.0,590624,2019252
2025-10-16 11:00:00,145810.0,145815.0,145170.0,145310.0,422226,1371389
2025-10-16 12:00:00,145310.0,145430.0,145020.0,145325.0,405487,1325280
2025-10-16 13:00:00,145330.0,145375.0,145065.0,145140.0,262176,891345
2025-10-16 14:00:00,145135.0,145210.0,145030.0,145100.0,115730,397990
2025-10-16 15:00:00,145100.0,145195.0,145010.0,145010.0,36653,97317
2025-10-17 06:00:00,144885.0,145455.0,144225.0,144335.0,1060586,3155405
2025-10-17 07:00:00,144330.0,145870.0,144080.0,145790.0,1179044,3989972
2025-10-17 08:00:00,145790.0,146235.0,145530.0,145945.0,768378,2634523
2025-10-17 09:00:00,145945.0,146430.0,145650.0,146305.0,512349,1722220
2025-10-17 10:00:00,146305.0,146390.0,145995.0,146060.0,327900,1054228
2025-10-17 11:00:00,146060.0,146090.0,145820.0,146020.0,312077,1032935
2025-10-17 12:00:00,146015.0,146400.0,146010.0,146255.0,274549,978305
2025-10-17 13:00:00,146260.0,146355.0,146060.0,146080.0,217286,781957
2025-10-17 14:00:00,146080.0,146250.0,146020.0,146145.0,151172,535404
2025-10-17 15:00:00,146140.0,146545.0,146070.0,146450.0,49405,162513
2025-10-20 06:00:00,146320.0,146925.0,146250.0,146505.0,1059831,2963177
2025-10-20 07:00:00,146505.0,147265.0,146305.0,147150.0,1349229,4122982
2025-10-20 08:00:00,147155.0,147665.0,147150.0,147555.0,699703,2300602
2025-10-20 09:00:00,147550.0,148065.0,147505.0,148015.0,536625,1847285
2025-10-20 10:00:00,148015.0,148215.0,147740.0,147870.0,424030,1462925
2025-10-20 11:00:00,147870.0,147995.0,147740.0,147775.0,280349,975487
2025-10-20 12:00:00,147775.0,147795.0,147605.0,147655.0,257661,903972
2025-10-20 13:00:00,147655.0,147715.0,147430.0,147500.0,242778,885578
2025-10-20 14:00:00,147500.0,147520.0,147345.0,147445.0,138444,465158
2025-10-20 15:00:00,147450.0,147460.0,147270.0,147300.0,45206,120446
2025-10-21 06:00:00,147100.0,147650.0,146830.0,146985.0,991130,2891158
2025-10-21 07:00:00,146985.0,147720.0,146645.0,147155.0,1258785,3982924
2025-10-21 08:00:00,147155.0,147740.0,146815.0,147375.0,810160,2577066
2025-10-21 09:00:00,147370.0,147550.0,147050.0,147320.0,454297,1532997
2025-10-21 10:00:00,147320.0,147370.0,146695.0,146760.0,420797,1435612
2025-10-21 11:00:00,146760.0,147235.0,146695.0,147090.0,396845,1390653
2025-10-21 12:00:00,147085.0,147115.0,146920.0,146945.0,205339,725817
2025-10-21 13:00:00,146940.0,147005.0,146865.0,146900.0,174979,614912
2025-10-21 14:00:00,146895.0,147135.0,146865.0,147075.0,107061,361856
2025-10-21 15:00:00,147075.0,147240.0,147030.0,147235.0,47987,125993
2025-10-22 06:00:00,146995.0,147795.0,146565.0,147635.0,1107948,3160551
2025-10-22 07:00:00,147640.0,147750.0,146755.0,147175.0,1248584,4047217
2025-10-22 08:00:00,147170.0,147625.0,147065.0,147480.0,782167,2625690
2025-10-22 09:00:00,147485.0,147945.0,147365.0,147615.0,596112,2046864
2025-10-22 10:00:00,147620.0,147910.0,147220.0,147510.0,592061,1905767
2025-10-22 11:00:00,147505.0,147705.0,147285.0,147375.0,392117,1254893
2025-10-22 12:00:00,147380.0,147490.0,147090.0,147485.0,338735,1141402
2025-10-22 13:00:00,147490.0,147715.0,147355.0,147670.0,254717,863405
2025-10-22 14:00:00,147670.0,147795.0,147620.0,147750.0,109187,337500
2025-10-22 15:00:00,147745.0,147915.0,147740.0,147915.0,43396,108675
2025-10-23 06:00:00,147960.0,149045.0,147910.0,148660.0,1109923,3205228
2025-10-23 07:00:00,148660.0,149125.0,148300.0,148395.0,1019061,3352481
2025-10-23 08:00:00,148390.0,148575.0,148190.0,148330.0,661062,2283201
2025-10-23 09:00:00,148330.0,148425.0,147770.0,148225.0,515227,1780718
2025-10-23 10:00:00,148225.0,148430.0,148190.0,148295.0,267312,943038
2025-10-23 11:00:00,148295.0,148515.0,148135.0,148490.0,364024,1280221
2025-10-23 12:00:00,148490.0,148630.0,148400.0,148480.0,242159,846289
2025-10-23 13:00:00,148480.0,148645.0,148420.0,148625.0,213146,760093
2025-10-23 14:00:00,148620.0,148725.0,148570.0,148695.0,115624,377859
2025-10-23 15:00:00,148695.0,148800.0,148625.0,148785.0,47687,130890
2025-10-24 06:00:00,148545.0,149845.0,148450.0,149530.0,1067112,3164471
2025-10-24 07:00:00,149525.0,150095.0,149320.0,149395.0,1035476,3365963
2025-10-24 08:00:00,149400.0,149420.0,148875.0,148940.0,651026,2330686
2025-10-24 09:00:00,148945.0,149340.0,148930.0,149020.0,334899,1193075
2025-10-24 10:00:00,149020.0,149200.0,148825.0,148945.0,256614,904909
2025-10-24 11:00:00,148940.0,149085.0,148900.0,149005.0,220703,808414
2025-10-24 12:00:00,149005.0,149050.0,148850.0,148940.0,155183,594638
2025-10-24 13:00:00,148940.0,148990.0,148835.0,148905.0,137438,526772
2025-10-24 14:00:00,148905.0,148980.0,148825.0,148910.0,93865,287254
2025-10-24 15:00:00,148910.0,148950.0,148810.0,148815.0,22963,99299
2025-10-27 06:00:00,150075.0,150595.0,150000.0,150590.0,833322,2444631
2025-10-27 07:00:00,150585.0,150750.0,149745.0,149855.0,1103302,3698494
2025-10-27 08:00:00,149860.0,150090.0,149540.0,150010.0,633203,2218533
2025-10-27 09:00:00,150010.0,150060.0,149735.0,149770.0,360901,1276514
2025-10-27 10:00:00,149775.0,149820.0,149630.0,149635.0,233650,805003
2025-10-27 11:00:00,149630.0,149750.0,149545.0,149625.0,234780,857773
2025-10-27 12:00:00,149620.0,149635.0,149475.0,149595.0,178028,654179
2025-10-27 13:00:00,149600.0,149775.0,149515.0,149755.0,189006,712034
2025-10-27 14:00:00,149755.0,149820.0,149665.0,149740.0,116991,407963
2025-10-27 15:00:00,149740.0,149900.0,149710.0,149790.0,49107,137569
2025-10-28 06:00:00,149520.0,149650.0,149065.0,149580.0,915952,2785297
2025-10-28 07:00:00,149585.0,150030.0,149120.0,149870.0,1085800,3626718
2025-10-28 08:00:00,149870.0,150235.0,149845.0,150055.0,571779,2052714
2025-10-28 09:00:00,150050.0,150230.0,149970.0,150135.0,301944,1104341
2025-10-28 10:00:00,150135.0,150495.0,150100.0,150410.0,422296,1450246
2025-10-28 11:00:00,150410.0,150525.0,150200.0,150425.0,303135,1063086
2025-10-28 12:00:00,150430.0,150460.0,150200.0,150225.0,199637,711327
2025-10-28 13:00:00,150225.0,150230.0,149925.0,150100.0,331280,1190606
2025-10-28 14:00:00,150100.0,150260.0,149990.0,150225.0,121774,404966
2025-10-28 15:00:00,150230.0,150375.0,150155.0,150375.0,47700,126059
2025-10-29 06:00:00,150465.0,150785.0,149815.0,150565.0,1015591,3073016
2025-10-29 07:00:00,150565.0,151230.0,150555.0,151045.0,984003,3372825
2025-10-29 08:00:00,151045.0,151430.0,150950.0,151290.0,609855,2169259
2025-10-29 09:00:00,151290.0,151555.0,151270.0,151360.0,348063,1252674
2025-10-29 10:00:00,151365.0,151695.0,151340.0,151655.0,240203,930583
2025-10-29 11:00:00,151650.0,151740.0,151380.0,151605.0,314701,1277342
2025-10-29 12:00:00,151600.0,151635.0,150910.0,151280.0,731272,2472988
2025-10-29 13:00:00,151280.0,151380.0,150970.0,151235.0,462609,1581205
2025-10-29 14:00:00,151230.0,151310.0,151120.0,151180.0,126016,444502
2025-10-29 15:00:00,151180.0,151345.0,151160.0,151295.0,40065,123745
2025-10-30 06:00:00,151000.0,151000.0,150020.0,150025.0,895173,2767518
2025-10-30 07:00:00,150025.0,151400.0,149900.0,151230.0,1237113,4350815
2025-10-30 08:00:00,151235.0,151715.0,151065.0,151675.0,708575,2484045
2025-10-30 09:00:00,151675.0,151790.0,151540.0,151610.0,328188,1182793
2025-10-30 10:00:00,151605.0,151755.0,151545.0,151665.0,227018,868364
2025-10-30 11:00:00,151665.0,151720.0,151545.0,151610.0,176200,660736
2025-10-30 12:00:00,151615.0,151625.0,151370.0,151440.0,237601,893918
2025-10-30 13:00:00,151435.0,151470.0,151275.0,151310.0,221294,869083
2025-10-30 14:00:00,151310.0,151630.0,151265.0,151595.0,164393,597123
2025-10-30 15:00:00,151595.0,151795.0,151585.0,151760.0,81018,207994
2025-10-31 06:00:00,151485.0,152090.0,151445.0,152025.0,990090,2823383
2025-10-31 07:00:00,152020.0,152215.0,151355.0,151450.0,1030518,3216129
2025-10-31 08:00:00,151445.0,151920.0,151365.0,151710.0,669527,2250916
2025-10-31 09:00:00,151710.0,151785.0,151425.0,151570.0,450734,1526737
2025-10-31 10:00:00,151570.0,151840.0,151415.0,151665.0,354537,1199077
2025-10-31 11:00:00,151665.0,151905.0,151570.0,151800.0,283619,939135
2025-10-31 12:00:00,151800.0,152060.0,151740.0,152000.0,242388,852870
2025-10-31 13:00:00,152000.0,152140.0,151880.0,152070.0,236808,861210
2025-10-31 14:00:00,152070.0,152190.0,152010.0,152165.0,132687,456917
2025-10-31 15:00:00,152165.0,152245.0,152140.0,152225.0,38022,127726
2025-11-03 06:00:00,152225.0,152915.0,151965.0,152745.0,868719,2518891
2025-11-03 07:00:00,152740.0,152960.0,151970.0,152595.0,1004282,3254561
2025-11-03 08:00:00,152595.0,152990.0,152320.0,152910.0,735699,2429925
2025-11-03 09:00:00,152905.0,153225.0,152510.0,152665.0,595881,1963137
2025-11-03 10:00:00,152665.0,152900.0,152655.0,152720.0,257470,834335
2025-11-03 11:00:00,152715.0,152810.0,152560.0,152710.0,247358,814459
2025-11-03 12:00:00,152710.0,152745.0,152480.0,152530.0,217653,777965
2025-11-03 13:00:00,152525.0,152710.0,152520.0,152615.0,190832,698768
2025-11-03 14:00:00,152615.0,152900.0,152570.0,152885.0,183887,562030
2025-11-03 15:00:00,152890.0,153020.0,152825.0,153000.0,79543,220958
2025-11-04 06:00:00,151950.0,152300.0,151750.0,152210.0,872823,2661765
2025-11-04 07:00:00,152205.0,152700.0,152120.0,152645.0,984798,3232230
2025-11-04 08:00:00,152645.0,153180.0,152440.0,153045.0,844222,2898146
2025-11-04 09:00:00,153045.0,153250.0,152800.0,152905.0,452684,1556038
2025-11-04 10:00:00,152900.0,152990.0,152760.0,152840.0,285537,966599
2025-11-04 11:00:00,152845.0,152860.0,152635.0,152720.0,272328,931210
2025-11-04 12:00:00,152715.0,152730.0,152505.0,152550.0,230003,808683
2025-11-04 13:00:00,152545.0,152790.0,152535.0,152715.0,252733,892258
2025-11-04 14:00:00,152715.0,152970.0,152660.0,152960.0,204741,631372
2025-11-04 15:00:00,152960.0,153065.0,152900.0,153050.0,82895,246874
2025-11-05 06:00:00,152850.0,153250.0,152555.0,152835.0,911532,2826915
2025-11-05 07:00:00,152840.0,153615.0,152515.0,153425.0,1127995,3689734
2025-11-05 08:00:00,153425.0,154385.0,153275.0,154220.0,893169,3159823
2025-11-05 09:00:00,154230.0,154975.0,154120.0,154760.0,660609,2314138
2025-11-05 10:00:00,154760.0,155475.0,154700.0,155285.0,515678,1964946
2025-11-05 11:00:00,155280.0,155435.0,155205.0,155235.0,290356,1103292
2025-11-05 12:00:00,155235.0,155235.0,154945.0,155125.0,305293,1249517
2025-11-05 13:00:00,155125.0,155645.0,155095.0,155520.0,315683,1330453
2025-11-05 14:00:00,155515.0,155975.0,155435.0,155830.0,299691,1185227
2025-11-05 15:00:00,155830.0,155990.0,155675.0,155915.0,106308,364513
2025-11-06 06:00:00,155455.0,155970.0,155455.0,155880.0,832105,2548430
2025-11-06 07:00:00,155875.0,156570.0,155825.0,156430.0,958211,3169803
2025-11-06 08:00:00,156430.0,156455.0,155835.0,155885.0,927085,3253502
2025-11-06 09:00:00,155885.0,156125.0,155725.0,155845.0,595405,1959616
2025-11-06 10:00:00,155845.0,155995.0,155675.0,155780.0,428116,1362767
2025-11-06 11:00:00,155780.0,156060.0,155655.0,155695.0,366186,1214168
2025-11-06 12:00:00,155690.0,155850.0,155490.0,155760.0,310253,1117523
2025-11-06 13:00:00,155760.0,155840.0,155640.0,155700.0,181585,667335
2025-11-06 14:00:00,155695.0,155905.0,155620.0,155765.0,200581,685198
2025-11-06 15:00:00,155760.0,155850.0,155630.0,155750.0,61898,233336
2025-11-07 06:00:00,155635.0,155750.0,155060.0,155075.0,765104,2423174
2025-11-07 07:00:00,155075.0,155430.0,154790.0,154905.0,878328,2888326
2025-11-07 08:00:00,154905.0,154980.0,154500.0,154675.0,824648,2766805
2025-11-07 09:00:00,154675.0,155415.0,154550.0,154975.0,675874,2214324
2025-11-07 10:00:00,154975.0,155210.0,154950.0,155020.0,368198,1217074
2025-11-07 11:00:00,155020.0,155410.0,154905.0,155365.0,383136,1325192
2025-11-07 12:00:00,155365.0,155750.0,155285.0,155635.0,393888,1407345
2025-11-07 13:00:00,155635.0,155875.0,155565.0,155835.0,303662,1073521
2025-11-07 14:00:00,155835.0,156275.0,155765.0,156205.0,231070,821525
2025-11-07 15:00:00,156205.0,156350.0,156060.0,156240.0,82023,309522
2025-11-10 06:00:00,157100.0,157220.0,156670.0,157050.0,869487,2674524
2025-11-10 07:00:00,157050.0,157735.0,156695.0,157635.0,973105,3166495
2025-11-10 08:00:00,157635.0,157730.0,156835.0,156885.0,761721,2736463
2025-11-10 09:00:00,156885.0,157195.0,156815.0,157040.0,403736,1493136
2025-11-10 10:00:00,157040.0,157235.0,156930.0,156985.0,300768,1116649
2025-11-10 11:00:00,156985.0,157415.0,156930.0,157325.0,326182,1212837
2025-11-10 12:00:00,157330.0,157455.0,157250.0,157320.0,242852,981456
2025-11-10 13:00:00,157325.0,157395.0,157165.0,157180.0,190672,786136
2025-11-10 14:00:00,157180.0,157355.0,157015.0,157335.0,234899,915670
2025-11-10 15:00:00,157335.0,157940.0,157320.0,157820.0,113219,420113
2025-11-11 06:00:00,157940.0,158700.0,157940.0,158305.0,1068778,3250693
2025-11-11 07:00:00,158305.0,159995.0,158095.0,159645.0,1257262,4273898
2025-11-11 08:00:00,159650.0,160565.0,159620.0,160510.0,980672,3551422
2025-11-11 09:00:00,160505.0,160605.0,159510.0,159645.0,660342,2314885
2025-11-11 10:00:00,159640.0,159800.0,159465.0,159680.0,368484,1334253
2025-11-11 11:00:00,159680.0,159765.0,159485.0,159670.0,284667,1076702
2025-11-11 12:00:00,159670.0,159875.0,159595.0,159605.0,273460,1086976
2025-11-11 13:00:00,159600.0,159985.0,159585.0,159960.0,222128,944322
2025-11-11 14:00:00,159960.0,160370.0,159920.0,159965.0,316375,1302618
2025-11-11 15:00:00,159960.0,160095.0,159825.0,159835.0,111436,365212
2025-11-12 06:00:00,160000.0,160170.0,159725.0,160005.0,748021,2363018
2025-11-12 07:00:00,160005.0,160095.0,159525.0,159550.0,866679,2869572
2025-11-12 08:00:00,159550.0,159835.0,158910.0,158955.0,879277,3123477
2025-11-12 09:00:00,158955.0,159165.0,158845.0,158925.0,490836,1775503
2025-11-12 10:00:00,158920.0,158970.0,158730.0,158825.0,332354,1189231
2025-11-12 11:00:00,158830.0,158910.0,158610.0,158875.0,287340,1024873
2025-11-12 12:00:00,158875.0,159380.0,158870.0,159260.0,411985,1632806
2025-11-12 13:00:00,159265.0,159395.0,159100.0,159285.0,240711,983065
2025-11-12 14:00:00,159285.0,159885.0,159280.0,159775.0,282667,1048356
2025-11-12 15:00:00,159770.0,159825.0,159565.0,159615.0,82566,263159
2025-11-13 06:00:00,159950.0,159950.0,159435.0,159525.0,703595,2212280
2025-11-13 07:00:00,159525.0,160295.0,159180.0,159485.0,1190536,3917560
2025-11-13 08:00:00,159485.0,159915.0,159225.0,159535.0,887088,3032830
2025-11-13 09:00:00,159535.0,159975.0,159475.0,159535.0,580245,1999725
2025-11-13 10:00:00,159535.0,159715.0,158970.0,159120.0,436598,1519716
2025-11-13 11:00:00,159125.0,159255.0,158870.0,158910.0,372928,1303435
2025-11-13 12:00:00,158910.0,159135.0,158610.0,158610.0,406377,1476769
2025-11-13 13:00:00,158615.0,159015.0,158475.0,158995.0,384179,1431581
2025-11-13 14:00:00,158990.0,159175.0,158700.0,158940.0,340731,1228726
2025-11-13 15:00:00,158940.0,159155.0,158880.0,159040.0,76976,248694
2025-11-14 06:00:00,158295.0,158815.0,158065.0,158490.0,924100,2882163
2025-11-14 07:00:00,158485.0,159065.0,158460.0,158930.0,999515,3369620
2025-11-14 08:00:00,158935.0,160015.0,158615.0,159955.0,954689,3331441
2025-11-14 09:00:00,159955.0,160250.0,159605.0,159915.0,601957,2059884
2025-11-14 10:00:00,159910.0,159950.0,159660.0,159845.0,317137,1097169
2025-11-14 11:00:00,159845.0,160275.0,159735.0,160045.0,404835,1430150
2025-11-14 12:00:00,160045.0,160210.0,159760.0,160045.0,401663,1429023
2025-11-14 13:00:00,160045.0,160135.0,159870.0,159965.0,244183,932636
2025-11-14 14:00:00,159970.0,160020.0,159500.0,159765.0,275880,1035611
2025-11-14 15:00:00,159765.0,159775.0,159310.0,159310.0,85585,306573
2025-11-17 06:00:00,159585.0,159670.0,158940.0,159365.0,760107,2350239
2025-11-17 07:00:00,159365.0,159625.0,158670.0,158900.0,1036874,3395989
2025-11-17 08:00:00,158905.0,159470.0,158765.0,159405.0,880672,2975399
2025-11-17 09:00:00,159405.0,159620.0,159240.0,159355.0,639617,2043655
2025-11-17 10:00:00,159350.0,159660.0,159225.0,159535.0,389510,1265085
2025-11-17 11:00:00,159535.0,159645.0,159315.0,159345.0,345333,1147356
2025-11-17 12:00:00,159340.0,159370.0,159005.0,159030.0,371470,1289011
2025-11-17 13:00:00,159030.0,159055.0,158525.0,158565.0,392844,1409572
2025-11-17 14:00:00,158560.0,158750.0,158335.0,158610.0,358239,1173368
2025-11-17 15:00:00,158610.0,158875.0,158535.0,158840.0,108537,315485
2025-11-18 06:00:00,158100.0,158220.0,157130.0,157200.0,974562,2936780
2025-11-18 07:00:00,157195.0,158605.0,157120.0,158265.0,1157255,4044226
2025-11-18 08:00:00,158260.0,158455.0,157820.0,158030.0,840416,2893652
2025-11-18 09:00:00,158030.0,158455.0,157780.0,158095.0,785565,2450516
2025-11-18 10:00:00,158095.0,158570.0,157985.0,158395.0,512310,1604533
2025-11-18 11:00:00,158390.0,158595.0,158285.0,158460.0,386192,1248177
2025-11-18 12:00:00,158465.0,158615.0,158400.0,158520.0,284724,1001177
2025-11-18 13:00:00,158515.0,158750.0,158495.0,158585.0,308812,1138578
2025-11-18 14:00:00,158585.0,158595.0,158255.0,158345.0,257375,871010
2025-11-18 15:00:00,158350.0,158360.0,158095.0,158095.0,76340,245857
2025-11-19 06:00:00,158360.0,158440.0,157360.0,157405.0,959273,2958826
2025-11-19 07:00:00,157400.0,157695.0,157310.0,157425.0,823607,2666234
2025-11-19 08:00:00,157425.0,157900.0,157245.0,157860.0,763115,2647833
2025-11-19 09:00:00,157860.0,157870.0,157185.0,157265.0,498924,1730504
2025-11-19 10:00:00,157260.0,157340.0,157075.0,157125.0,358533,1280862
2025-11-19 11:00:00,157120.0,157305.0,157025.0,157215.0,379300,1309536
2025-11-19 12:00:00,157220.0,157380.0,157120.0,157185.0,298491,1050305
2025-11-19 13:00:00,157185.0,157200.0,156820.0,156995.0,305136,1074034
2025-11-19 14:00:00,157000.0,157260.0,156985.0,157100.0,253988,837281
2025-11-19 15:00:00,157100.0,157145.0,156260.0,156880.0,145728,413393
2025-11-21 06:00:00,155200.0,156690.0,155200.0,156500.0,877392,2666401
2025-11-21 07:00:00,156495.0,156675.0,156030.0,156335.0,823046,2768550
2025-11-21 08:00:00,156340.0,156435.0,155370.0,155570.0,943313,3128923
2025-11-21 09:00:00,155560.0,155915.0,155025.0,155410.0,812753,2457518
2025-11-21 10:00:00,155410.0,156195.0,155140.0,156170.0,537105,1680895
2025-11-21 11:00:00,156170.0,156350.0,156075.0,156190.0,391680,1254714
2025-11-21 12:00:00,156195.0,156465.0,155855.0,156195.0,453244,1450464
2025-11-21 13:00:00,156195.0,156375.0,156165.0,156265.0,272688,925679
2025-11-21 14:00:00,156260.0,156425.0,156225.0,156285.0,206494,631958
2025-11-21 15:00:00,156285.0,156450.0,156275.0,156440.0,62202,203750
2025-11-24 06:00:00,156750.0,156860.0,156060.0,156140.0,867024,2649623
2025-11-24 07:00:00,156140.0,156805.0,155930.0,156200.0,1022660,3278792
2025-11-24 08:00:00,156200.0,157335.0,156130.0,156735.0,1001188,3467661
2025-11-24 09:00:00,156730.0,156985.0,156670.0,156685.0,413193,1364454
2025-11-24 10:00:00,156685.0,156925.0,156575.0,156605.0,321646,1126280
2025-11-24 11:00:00,156610.0,156865.0,156565.0,156675.0,261807,946635
2025-11-24 12:00:00,156675.0,156765.0,156605.0,156685.0,202612,770908
2025-11-24 13:00:00,156690.0,156760.0,156485.0,156515.0,174000,689074
2025-11-24 14:00:00,156520.0,156715.0,156390.0,156425.0,215825,768263
2025-11-24 15:00:00,156430.0,156975.0,156380.0,156975.0,106464,362837
2025-11-25 06:00:00,156885.0,157155.0,156435.0,156655.0,1168130,3451826
2025-11-25 07:00:00,156655.0,157760.0,156410.0,156620.0,1310126,4297835
2025-11-25 08:00:00,156615.0,156750.0,156035.0,156450.0,878526,3123095
2025-11-25 09:00:00,156445.0,157195.0,156305.0,156595.0,695352,2286186
2025-11-25 10:00:00,156600.0,156800.0,156460.0,156700.0,306135,1073452
2025-11-25 11:00:00,156695.0,156935.0,156680.0,156890.0,249542,875735
2025-11-25 12:00:00,156895.0,157135.0,156875.0,157125.0,278393,1064134
2025-11-25 13:00:00,157120.0,157280.0,157075.0,157210.0,224861,869169
2025-11-25 14:00:00,157215.0,157295.0,157030.0,157220.0,193772,668105
2025-11-25 15:00:00,157220.0,157460.0,157215.0,157300.0,79463,264884
2025-11-26 06:00:00,157500.0,157950.0,157415.0,157920.0,841631,2526923
2025-11-26 07:00:00,157925.0,158970.0,157515.0,158915.0,1153300,3813466
2025-11-26 08:00:00,158920.0,159170.0,158785.0,158870.0,673634,2322973
2025-11-26 09:00:00,158870.0,159040.0,158475.0,158935.0,538953,1952993
2025-11-26 10:00:00,158935.0,159375.0,158895.0,159215.0,397653,1471892
2025-11-26 11:00:00,159215.0,159565.0,159210.0,159440.0,317817,1186951
2025-11-26 12:00:00,159445.0,159740.0,159370.0,159675.0,333938,1297155
2025-11-26 13:00:00,159675.0,159915.0,159655.0,159845.0,237681,983374
2025-11-26 14:00:00,159845.0,159975.0,159725.0,159865.0,222495,830199
2025-11-26 15:00:00,159870.0,160145.0,159790.0,160145.0,106129,354583
2025-11-27 06:00:00,159815.0,159940.0,159675.0,159720.0,596328,1720161
2025-11-27 07:00:00,159720.0,159980.0,159525.0,159545.0,734185,2248066
2025-11-27 08:00:00,159540.0,159635.0,159385.0,159410.0,404327,1305975
2025-11-27 09:00:00,159415.0,159560.0,159360.0,159515.0,234338,839402
2025-11-27 10:00:00,159520.0,159795.0,159470.0,159480.0,303295,1033034
2025-11-27 11:00:00,159475.0,159650.0,159470.0,159590.0,234545,798795
2025-11-27 12:00:00,159585.0,159735.0,159285.0,159350.0,260608,875855
2025-11-27 13:00:00,159345.0,159575.0,159315.0,159550.0,183239,632024
2025-11-27 14:00:00,159555.0,159625.0,159460.0,159515.0,149891,482084
2025-11-27 15:00:00,159515.0,159705.0,159465.0,159610.0,72451,198073
2025-11-28 06:00:00,159485.0,160270.0,159465.0,160235.0,610002,1664685
2025-11-28 07:00:00,160235.0,160240.0,159575.0,159810.0,921355,2731300
2025-11-28 08:00:00,159810.0,160340.0,159505.0,159995.0,899633,2813870
2025-11-28 09:00:00,159990.0,160050.0,159615.0,159980.0,456277,1409948
2025-11-28 10:00:00,159975.0,160275.0,159830.0,160265.0,383473,1153288
2025-11-28 11:00:00,160270.0,160580.0,160250.0,160355.0,347878,1125623
2025-11-28 12:00:00,160355.0,160820.0,160315.0,160770.0,297793,1009418
2025-11-28 13:00:00,160775.0,160840.0,160350.0,160375.0,220210,697407
2025-11-28 14:00:00,160375.0,160435.0,160270.0,160320.0,191280,540121
2025-11-28 15:00:00,160315.0,160335.0,160100.0,160100.0,88186,245157
2025-12-01 06:00:00,160000.0,160360.0,159845.0,160155.0,686718,2032772
2025-12-01 07:00:00,160155.0,160245.0,158945.0,159435.0,1009250,3357425
2025-12-01 08:00:00,159435.0,160225.0,159055.0,160080.0,829214,2889357
2025-12-01 09:00:00,160085.0,160210.0,159425.0,159645.0,495941,1638388
2025-12-01 10:00:00,159645.0,159685.0,159350.0,159415.0,288433,942142
2025-12-01 11:00:00,159415.0,159735.0,159390.0,159555.0,311911,1088394
2025-12-01 12:00:00,159555.0,159675.0,159465.0,159575.0,222826,806679
2025-12-01 13:00:00,159580.0,159595.0,159370.0,159455.0,183860,707005
2025-12-01 14:00:00,159455.0,159655.0,159425.0,159475.0,189130,666226
2025-12-01 15:00:00,159470.0,159690.0,159440.0,159690.0,55280,214332
2025-12-02 06:00:00,160025.0,160480.0,159980.0,160240.0,818062,2561008
2025-12-02 07:00:00,160240.0,161020.0,159745.0,160940.0,1380060,4501824
2025-12-02 08:00:00,160940.0,161460.0,160650.0,160975.0,824194,2783508
2025-12-02 09:00:00,160970.0,161085.0,160680.0,160765.0,425259,1400816
2025-12-02 10:00:00,160770.0,161055.0,160640.0,160860.0,433239,1434479
2025-12-02 11:00:00,160860.0,161155.0,160845.0,160955.0,377089,1246523
2025-12-02 12:00:00,160960.0,161600.0,160940.0,161515.0,429588,1507344
2025-12-02 13:00:00,161515.0,161760.0,161465.0,161515.0,293369,1106523
2025-12-02 14:00:00,161510.0,162075.0,161500.0,162015.0,266382,927111
2025-12-02 15:00:00,162020.0,162425.0,162000.0,162270.0,112053,375092
2025-12-03 06:00:00,162380.0,162585.0,162100.0,162500.0,926898,2825127
2025-12-03 07:00:00,162500.0,162900.0,162290.0,162430.0,1132589,3498585
2025-12-03 08:00:00,162425.0,162695.0,162075.0,162325.0,1007079,3349437
2025-12-03 09:00:00,162320.0,162580.0,162065.0,162285.0,604784,2011853
2025-12-03 10:00:00,162285.0,162445.0,162040.0,162070.0,374427,1307388
2025-12-03 11:00:00,162075.0,162320.0,161970.0,162225.0,315331,1143125
2025-12-03 12:00:00,162220.0,162575.0,162130.0,162570.0,289033,1100049
2025-12-03 13:00:00,162570.0,162675.0,162385.0,162480.0,257881,1006844
2025-12-03 14:00:00,162480.0,162820.0,162475.0,162680.0,259890,888955
2025-12-03 15:00:00,162685.0,162885.0,162580.0,162650.0,82484,265581
2025-12-04 06:00:00,162655.0,163585.0,162650.0,163545.0,889679,2896737
2025-12-04 07:00:00,163540.0,164630.0,163275.0,164420.0,1145166,3817193
2025-12-04 08:00:00,164420.0,164880.0,164375.0,164540.0,771630,2784100
2025-12-04 09:00:00,164535.0,165285.0,164485.0,164875.0,584374,2146707
2025-12-04 10:00:00,164875.0,165025.0,164660.0,164665.0,359214,1342895
2025-12-04 11:00:00,164670.0,164700.0,164350.0,164485.0,387128,1520039
2025-12-04 12:00:00,164490.0,164910.0,164450.0,164880.0,373771,1496245
2025-12-04 13:00:00,164885.0,165175.0,164630.0,165125.0,421206,1751781
2025-12-04 14:00:00,165125.0,165395.0,164965.0,165290.0,308745,1166077
2025-12-04 15:00:00,165290.0,165505.0,165220.0,165270.0,109473,403588
2025-12-05 06:00:00,165250.0,165345.0,164960.0,165115.0,574729,1949184
2025-12-05 07:00:00,165115.0,165450.0,164970.0,165150.0,947160,3327920
2025-12-05 08:00:00,165145.0,165560.0,164790.0,165425.0,740808,2671692
2025-12-05 09:00:00,165425.0,165785.0,163445.0,163605.0,849647,3034667
2025-12-05 10:00:00,163600.0,164285.0,160900.0,162215.0,1343445,3683032
2025-12-05 11:00:00,162210.0,162900.0,160475.0,160855.0,994002,2696443
2025-12-05 12:00:00,160860.0,160915.0,158055.0,158305.0,947786,2509548
2025-12-05 13:00:00,158300.0,159190.0,158115.0,159065.0,752597,2042183
2025-12-05 14:00:00,159060.0,159095.0,157465.0,158110.0,529619,1425245
2025-12-05 15:00:00,158105.0,158480.0,157750.0,158325.0,142614,372330
2025-12-08 06:00:00,160090.0,160105.0,159305.0,159420.0,1086132,3110574
2025-12-08 07:00:00,159420.0,159790.0,158935.0,159505.0,1075997,3481865
2025-12-08 08:00:00,159500.0,159730.0,158520.0,158625.0,855445,2964111
2025-12-08 09:00:00,158630.0,158690.0,158110.0,158430.0,641904,2315261
2025-12-08 10:00:00,158425.0,159095.0,158355.0,158930.0,515885,1828324
2025-12-08 11:00:00,158930.0,159920.0,158810.0,159505.0,606706,2194368
2025-12-08 12:00:00,159510.0,159650.0,159020.0,159350.0,441447,1649831
2025-12-08 13:00:00,159350.0,159380.0,159095.0,159270.0,287311,1075515
2025-12-08 14:00:00,159270.0,159410.0,158135.0,158565.0,439475,1424507
2025-12-08 15:00:00,158565.0,158970.0,158520.0,158860.0,119378,305816
2025-12-09 06:00:00,158465.0,158665.0,157265.0,157395.0,1248633,3878291
2025-12-09 07:00:00,157395.0,157665.0,155630.0,156650.0,1388812,4879013
2025-12-09 08:00:00,156645.0,157590.0,156400.0,157240.0,924741,3306891
2025-12-09 09:00:00,157240.0,158680.0,157090.0,158220.0,960030,3311286
2025-12-09 10:00:00,158215.0,158645.0,157795.0,157920.0,568906,1977944
2025-12-09 11:00:00,157920.0,158395.0,157920.0,158215.0,443989,1564788
2025-12-09 12:00:00,158215.0,158540.0,158095.0,158450.0,360122,1302744
2025-12-09 13:00:00,158450.0,159315.0,158285.0,159140.0,462961,1705999
2025-12-09 14:00:00,159145.0,159415.0,158330.0,158430.0,466893,1542349
2025-12-09 15:00:00,158430.0,158525.0,158020.0,158210.0,120888,346102
2025-12-10 06:00:00,159300.0,160280.0,158705.0,158890.0,1204129,3746353
2025-12-10 07:00:00,158890.0,159075.0,157965.0,158830.0,1293797,4269655
2025-12-10 08:00:00,158830.0,159055.0,158495.0,158695.0,854816,2981881
2025-12-10 09:00:00,158695.0,158995.0,158320.0,158845.0,652613,2339253
2025-12-10 10:00:00,158845.0,159000.0,158545.0,158925.0,427672,1606705
2025-12-10 11:00:00,158920.0,158930.0,158635.0,158795.0,317477,1175009
2025-12-10 12:00:00,158795.0,158995.0,158680.0,158880.0,273724,1094293
2025-12-10 13:00:00,158875.0,159305.0,158300.0,159045.0,851322,2687308
2025-12-10 14:00:00,159040.0,160190.0,159040.0,159550.0,735245,2358911
2025-12-10 15:00:00,159545.0,159880.0,159450.0,159560.0,102282,272904
2025-12-11 06:00:00,158635.0,159040.0,158050.0,158900.0,988120,3095130
2025-12-11 07:00:00,158900.0,159065.0,158335.0,158810.0,1017727,3190625
2025-12-11 08:00:00,158810.0,159610.0,158710.0,159535.0,910018,3113103
2025-12-11 09:00:00,159535.0,160260.0,159410.0,159855.0,681263,2392139
2025-12-11 10:00:00,159855.0,160270.0,159820.0,160030.0,369771,1426334
2025-12-11 11:00:00,160030.0,160245.0,159785.0,159845.0,354481,1337778
2025-12-11 12:00:00,159840.0,160190.0,159835.0,160075.0,361868,1362451
2025-12-11 13:00:00,160080.0,160220.0,159840.0,160060.0,245581,966465
2025-12-11 14:00:00,160055.0,160160.0,159510.0,159620.0,303727,1041723
2025-12-11 15:00:00,159615.0,159685.0,159455.0,159465.0,99224,280501
2025-12-12 06:00:00,159715.0,160315.0,159585.0,159840.0,916566,2736792
2025-12-12 07:00:00,159840.0,161610.0,159650.0,161525.0,1257183,3983640
2025-12-12 08:00:00,161530.0,161550.0,160930.0,161080.0,743908,2530637
2025-12-12 09:00:00,161080.0,161085.0,159610.0,159710.0,766059,2586328
2025-12-12 10:00:00,159710.0,160140.0,159540.0,160130.0,471048,1594570
2025-12-12 11:00:00,160135.0,161070.0,160090.0,160855.0,550652,1918900
2025-12-12 12:00:00,160850.0,160900.0,160630.0,160685.0,287012,1010374
2025-12-12 13:00:00,160680.0,161050.0,160520.0,160885.0,302885,1081615
2025-12-12 14:00:00,160880.0,160985.0,160545.0,160915.0,259008,826855
2025-12-12 15:00:00,160920.0,161095.0,160880.0,161030.0,70217,238859
2025-12-15 06:00:00,161575.0,162955.0,161345.0,162910.0,931880,2840753
2025-12-15 07:00:00,162910.0,162925.0,161785.0,162235.0,986517,3251822
2025-12-15 08:00:00,162235.0,162785.0,162145.0,162410.0,932598,3230619
2025-12-15 09:00:00,162415.0,162715.0,162160.0,162605.0,645179,2170474
2025-12-15 10:00:00,162605.0,163300.0,162600.0,163075.0,596821,2137607
2025-12-15 11:00:00,163075.0,163105.0,162400.0,162590.0,406963,1466682
2025-12-15 12:00:00,162590.0,162685.0,162170.0,162510.0,387841,1398556
2025-12-15 13:00:00,162515.0,162660.0,162390.0,162605.0,303487,1080615
2025-12-15 14:00:00,162600.0,163115.0,162540.0,162680.0,315494,1043765
2025-12-15 15:00:00,162680.0,162935.0,162675.0,162755.0,100613,271545
2025-12-16 06:00:00,161250.0,161350.0,159900.0,160555.0,1146028,3139291
2025-12-16 07:00:00,160555.0,161165.0,160000.0,160710.0,1103983,2974171
2025-12-16 08:00:00,160705.0,160850.0,160095.0,160210.0,801381,2412561
2025-12-16 09:00:00,160210.0,160300.0,159365.0,159655.0,657447,2102952
2025-12-16 10:00:00,159650.0,160015.0,159520.0,159935.0,397781,1293117
2025-12-16 11:00:00,159930.0,160455.0,159840.0,159930.0,545262,1853261
2025-12-16 12:00:00,159930.0,160250.0,159795.0,160080.0,349045,1183851
2025-12-16 13:00:00,160080.0,160095.0,159390.0,159580.0,388090,1349881
2025-12-16 14:00:00,159580.0,159775.0,158835.0,158970.0,438497,1351765
2025-12-16 15:00:00,158970.0,158995.0,157325.0,157585.0,252575,685331
2025-12-17 06:00:00,161500.0,161690.0,160590.0,161165.0,1128715,3040881
2025-12-17 07:00:00,161165.0,161220.0,159610.0,159830.0,1139464,3523257
2025-12-17 08:00:00,159825.0,161055.0,159770.0,160870.0,934474,2985454
2025-12-17 09:00:00,160870.0,160890.0,160215.0,160250.0,572680,1745837
2025-12-17 10:00:00,160245.0,160390.0,159720.0,160325.0,488351,1546313
2025-12-17 11:00:00,160330.0,160705.0,160135.0,160425.0,463096,1514219
2025-12-17 12:00:00,160425.0,160665.0,160250.0,160475.0,348995,1158563
2025-12-17 13:00:00,160475.0,160590.0,160255.0,160360.0,231852,790865
2025-12-17 14:00:00,160355.0,160895.0,160260.0,160480.0,331103,1026788
2025-12-17 15:00:00,160485.0,160805.0,160315.0,160340.0,78021,251402
2025-12-18 06:00:00,160660.0,161080.0,159845.0,160270.0,1004089,2972399
2025-12-18 07:00:00,160265.0,161070.0,160020.0,160515.0,961682,2908469
2025-12-18 08:00:00,160510.0,161035.0,160235.0,160795.0,845562,2788784
2025-12-18 09:00:00,160795.0,161835.0,160765.0,161550.0,661578,2259310
2025-12-18 10:00:00,161555.0,161795.0,161405.0,161550.0,393998,1360718
2025-12-18 11:00:00,161550.0,161710.0,160700.0,161475.0,583502,1932504
2025-12-18 12:00:00,161475.0,161710.0,161400.0,161490.0,265684,934979
2025-12-18 13:00:00,161490.0,161510.0,160835.0,160925.0,282375,1030746
2025-12-18 14:00:00,160920.0,161465.0,160920.0,161210.0,267521,851575
2025-12-18 15:00:00,161205.0,161430.0,161205.0,161315.0,55220,181115
2025-12-19 06:00:00,161200.0,161980.0,161085.0,161225.0,864255,2506383
2025-12-19 07:00:00,161225.0,162085.0,160990.0,162045.0,964839,3051736
2025-12-19 08:00:00,162040.0,162610.0,161640.0,162515.0,824347,2744324
2025-12-19 09:00:00,162515.0,162725.0,162070.0,162175.0,471453,1566618
2025-12-19 10:00:00,162175.0,162380.0,162105.0,162240.0,269264,928797
2025-12-19 11:00:00,162235.0,162300.0,161810.0,161885.0,258199,945200
2025-12-19 12:00:00,161885.0,161965.0,161710.0,161750.0,225212,820924
2025-12-19 13:00:00,161755.0,161865.0,161675.0,161795.0,199575,716002
2025-12-19 14:00:00,161795.0,161850.0,161325.0,161450.0,232492,738115
2025-12-19 15:00:00,161455.0,161710.0,161405.0,161600.0,72007,247807
2025-12-22 06:00:00,162055.0,162415.0,161365.0,161490.0,781874,2373728
2025-12-22 07:00:00,161490.0,161575.0,160710.0,160995.0,862929,2695548
2025-12-22 08:00:00,160995.0,161330.0,160150.0,160510.0,852019,2844615
2025-12-22 09:00:00,160515.0,161040.0,160455.0,160870.0,503173,1689407
2025-12-22 10:00:00,160870.0,161350.0,160775.0,161215.0,447964,1516291
2025-12-22 11:00:00,161215.0,161350.0,160975.0,161140.0,341408,1200569
2025-12-22 12:00:00,161140.0,161300.0,160715.0,161145.0,392812,1351673
2025-12-22 13:00:00,161140.0,161190.0,160895.0,161165.0,286553,1023340
2025-12-22 14:00:00,161170.0,161285.0,160970.0,161075.0,225759,727956
2025-12-22 15:00:00,161080.0,161175.0,160905.0,161045.0,64998,218185
2025-12-23 06:00:00,161245.0,162185.0,160900.0,161770.0,855497,2630013
2025-12-23 07:00:00,161770.0,162535.0,161665.0,162390.0,884058,2810290
2025-12-23 08:00:00,162390.0,162900.0,161970.0,162845.0,759192,2468662
2025-12-23 09:00:00,162850.0,163465.0,162845.0,163125.0,501663,1767187
2025-12-23 10:00:00,163120.0,163345.0,163035.0,163245.0,255340,909462
2025-12-23 11:00:00,163250.0,163440.0,163110.0,163415.0,234478,911019
2025-12-23 12:00:00,163420.0,163420.0,162920.0,163190.0,297631,1112043
2025-12-23 13:00:00,163190.0,163340.0,163100.0,163130.0,190339,707215
2025-12-23 14:00:00,163130.0,163405.0,163050.0,163330.0,183523,633938
2025-12-23 15:00:00,163325.0,163520.0,163200.0,163400.0,83701,273216
2025-12-26 06:00:00,162935.0,162975.0,162165.0,162450.0,700818,2092593
2025-12-26 07:00:00,162450.0,162820.0,162100.0,162195.0,760887,2413041
2025-12-26 08:00:00,162195.0,163085.0,162125.0,162775.0,660123,2104324
2025-12-26 09:00:00,162775.0,163440.0,162700.0,163140.0,456197,1468661
2025-12-26 10:00:00,163145.0,163260.0,162710.0,162855.0,295081,1017239
2025-12-26 11:00:00,162850.0,163385.0,162835.0,163330.0,321585,1130222
2025-12-26 12:00:00,163335.0,163485.0,163165.0,163315.0,232432,803074
2025-12-26 13:00:00,163315.0,163530.0,163275.0,163445.0,203574,723844
2025-12-26 14:00:00,163445.0,163875.0,163380.0,163865.0,178913,606628
2025-12-26 15:00:00,163865.0,164120.0,163820.0,164050.0,72550,216661
2025-12-29 06:00:00,163850.0,164335.0,163580.0,163600.0,792947,2365086
2025-12-29 07:00:00,163600.0,163890.0,163065.0,163210.0,849788,2667779
2025-12-29 08:00:00,163215.0,163515.0,163005.0,163220.0,648718,2078290
2025-12-29 09:00:00,163215.0,163275.0,162660.0,162965.0,520838,1689071
2025-12-29 10:00:00,162965.0,163035.0,162680.0,162860.0,328425,1099283
2025-12-29 11:00:00,162865.0,163165.0,162690.0,162905.0,302467,1006802
2025-12-29 12:00:00,162900.0,163100.0,162355.0,162535.0,386952,1326658
2025-12-29 13:00:00,162530.0,162980.0,162430.0,162890.0,272994,973006
2025-12-29 14:00:00,162890.0,163130.0,162575.0,162900.0,278604,887246
2025-12-29 15:00:00,162900.0,163125.0,162830.0,162990.0,63656,193136
2025-12-30 06:00:00,163430.0,164730.0,163070.0,164370.0,856460,2498895
2025-12-30 07:00:00,164370.0,164795.0,163910.0,163915.0,855620,2634759
2025-12-30 08:00:00,163910.0,164435.0,163675.0,163740.0,725641,2376855
2025-12-30 09:00:00,163735.0,164300.0,163675.0,164235.0,430242,1466705
2025-12-30 10:00:00,164235.0,164540.0,164220.0,164335.0,311535,1070860
2025-12-30 11:00:00,164330.0,164605.0,164160.0,164555.0,290131,1005072
2025-12-30 12:00:00,164560.0,164605.0,164245.0,164345.0,223487,813592
2025-12-30 13:00:00,164345.0,164515.0,164260.0,164360.0,196246,706222
2025-12-30 14:00:00,164360.0,164430.0,163985.0,164105.0,198013,637394
2025-12-30 15:00:00,164110.0,164160.0,163740.0,163770.0,80894,272228
2026-01-02 06:00:00,163970.0,164810.0,163960.0,164765.0,638524,1915737
2026-01-02 07:00:00,164760.0,165040.0,163340.0,163455.0,810356,2632875
2026-01-02 08:00:00,163455.0,163980.0,163175.0,163500.0,729492,2404592
2026-01-02 09:00:00,163500.0,163660.0,162880.0,163100.0,550991,1716880
2026-01-02 10:00:00,163100.0,163150.0,162710.0,162890.0,356258,1137203
2026-01-02 11:00:00,162885.0,162960.0,162625.0,162680.0,277612,952294
2026-01-02 12:00:00,162675.0,162900.0,162530.0,162670.0,300537,1068460
2026-01-02 13:00:00,162665.0,163090.0,162635.0,162980.0,259465,939546
2026-01-02 14:00:00,162975.0,163055.0,162700.0,162805.0,222756,752206
2026-01-02 15:00:00,162795.0,162965.0,162600.0,162700.0,86128,292049
2026-01-05 06:00:00,163160.0,163690.0,162795.0,163175.0,882052,2729266
2026-01-05 07:00:00,163175.0,163370.0,162565.0,163295.0,943063,3045311
2026-01-05 08:00:00,163295.0,163610.0,162765.0,162905.0,888687,2934196
2026-01-05 09:00:00,162900.0,164015.0,162790.0,163975.0,657511,2158737
2026-01-05 10:00:00,163975.0,164180.0,163645.0,164140.0,400920,1335449
2026-01-05 11:00:00,164140.0,164455.0,164040.0,164435.0,367436,1275815
2026-01-05 12:00:00,164430.0,164550.0,164310.0,164500.0,315325,1124048
2026-01-05 13:00:00,164500.0,164595.0,164305.0,164320.0,248593,911843
2026-01-05 14:00:00,164325.0,164460.0,164185.0,164400.0,229548,786953
2026-01-05 15:00:00,164400.0,164430.0,164255.0,164420.0,70501,246668
2026-01-06 06:00:00,164575.0,165690.0,164525.0,165475.0,899796,2938649
2026-01-06 07:00:00,165475.0,166460.0,165400.0,166070.0,1009428,3364235
2026-01-06 08:00:00,166070.0,166655.0,165610.0,166095.0,1027242,3520680
2026-01-06 09:00:00,166095.0,166480.0,165930.0,166170.0,524292,1888419
2026-01-06 10:00:00,166165.0,166270.0,165865.0,166185.0,370749,1347355
2026-01-06 11:00:00,166180.0,166345.0,166015.0,166140.0,272482,1018293
2026-01-06 12:00:00,166140.0,166330.0,165945.0,166205.0,318518,1201271
2026-01-06 13:00:00,166205.0,166295.0,165720.0,165845.0,322012,1232668
2026-01-06 14:00:00,165845.0,166090.0,165775.0,165975.0,203629,663484
2026-01-06 15:00:00,165980.0,166200.0,165925.0,166200.0,81216,256702
2026-01-07 06:00:00,166250.0,166260.0,165565.0,165600.0,908688,2848922
2026-01-07 07:00:00,165605.0,165710.0,164915.0,165020.0,968031,3172804
2026-01-07 08:00:00,165025.0,165065.0,164260.0,164465.0,725459,2542024
2026-01-07 09:00:00,164460.0,164500.0,164010.0,164400.0,505310,1763555
2026-01-07 10:00:00,164400.0,164580.0,164285.0,164425.0,315154,1133377
2026-01-07 11:00:00,164430.0,164490.0,164225.0,164325.0,283262,1057543
2026-01-07 12:00:00,164325.0,164525.0,164205.0,164460.0,253883,976629
2026-01-07 13:00:00,164455.0,164475.0,164320.0,164385.0,195469,707711
2026-01-07 14:00:00,164380.0,164480.0,164100.0,164210.0,222072,660964
2026-01-07 15:00:00,164210.0,164295.0,164100.0,164100.0,85892,248572
2026-01-08 06:00:00,163900.0,164530.0,163745.0,164345.0,918458,2723898
2026-01-08 07:00:00,164350.0,164880.0,164050.0,164365.0,1110894,3392494
2026-01-08 08:00:00,164365.0,165080.0,164180.0,164455.0,895450,3069039
2026-01-08 09:00:00,164460.0,164960.0,164455.0,164730.0,503360,1709454
2026-01-08 10:00:00,164730.0,164850.0,164485.0,164810.0,311765,1100074
2026-01-08 11:00:00,164810.0,164885.0,164545.0,164650.0,253494,914407
2026-01-08 12:00:00,164650.0,164890.0,164430.0,164620.0,321216,1112775
2026-01-08 13:00:00,164625.0,164950.0,164605.0,164785.0,256559,890741
2026-01-08 14:00:00,164780.0,165000.0,164610.0,164930.0,202297,651144
2026-01-08 15:00:00,164925.0,164990.0,164865.0,164925.0,63313,193383
2026-01-09 06:00:00,165150.0,165690.0,164510.0,164960.0,890939,2862238
2026-01-09 07:00:00,164955.0,166185.0,164745.0,165860.0,1071855,3449707
2026-01-09 08:00:00,165860.0,166235.0,165425.0,166095.0,803815,2767844
2026-01-09 09:00:00,166090.0,166350.0,165740.0,165925.0,551022,1839620
2026-01-09 10:00:00,165925.0,166315.0,165860.0,166280.0,305917,1058963
2026-01-09 11:00:00,166280.0,166435.0,166110.0,166160.0,270015,967372
2026-01-09 12:00:00,166160.0,166180.0,165870.0,166040.0,239918,861127
2026-01-09 13:00:00,166035.0,166040.0,165645.0,165725.0,246179,915525
2026-01-09 14:00:00,165720.0,165790.0,165370.0,165435.0,193869,657076
2026-01-09 15:00:00,165430.0,165455.0,165195.0,165220.0,65182,229662
2026-01-12 06:00:00,165500.0,165800.0,164925.0,164930.0,914974,2884658
2026-01-12 07:00:00,164930.0,165245.0,164615.0,164715.0,947636,2998266
2026-01-12 08:00:00,164710.0,165480.0,164285.0,165235.0,923021,3093527
2026-01-12 09:00:00,165230.0,165615.0,165070.0,165485.0,524292,1789606
2026-01-12 10:00:00,165485.0,165570.0,165185.0,165225.0,354918,1273629
2026-01-12 11:00:00,165220.0,165435.0,165175.0,165385.0,275732,990392
2026-01-12 12:00:00,165385.0,165515.0,165265.0,165335.0,250028,945763
2026-01-12 13:00:00,165330.0,165410.0,165265.0,165365.0,178870,692548
2026-01-12 14:00:00,165370.0,165390.0,165055.0,165150.0,212326,753399
2026-01-12 15:00:00,165150.0,165355.0,165115.0,165355.0,49242,195507
2026-01-13 06:00:00,165485.0,165690.0,164370.0,164435.0,812381,2660838
2026-01-13 07:00:00,164435.0,164740.0,163740.0,164310.0,1179963,3671046
2026-01-13 08:00:00,164305.0,164995.0,164195.0,164250.0,829410,2930146
2026-01-13 09:00:00,164250.0,164275.0,163685.0,163845.0,516938,1825709
2026-01-13 10:00:00,163845.0,164090.0,163635.0,163905.0,333819,1238148
2026-01-13 11:00:00,163910.0,164150.0,163835.0,164030.0,289775,1126976
2026-01-13 12:00:00,164025.0,164150.0,163870.0,163940.0,306421,1214045
2026-01-13 13:00:00,163945.0,164075.0,163770.0,164000.0,272609,1121318
2026-01-13 14:00:00,164000.0,164080.0,163800.0,163840.0,194850,717448
2026-01-13 15:00:00,163835.0,163865.0,163705.0,163845.0,66652,255488
2026-01-14 06:00:00,164050.0,165010.0,163955.0,164955.0,914227,3025110
2026-01-14 07:00:00,164950.0,165450.0,164780.0,165020.0,1087510,3591590
2026-01-14 08:00:00,165015.0,165590.0,163825.0,165380.0,1243935,4361461
2026-01-14 09:00:00,165375.0,165810.0,165130.0,165370.0,583570,2048974
2026-01-14 10:00:00,165370.0,165625.0,165280.0,165475.0,305303,1093357
2026-01-14 11:00:00,165475.0,165780.0,165465.0,165635.0,282835,1020513
2026-01-14 12:00:00,165640.0,166385.0,165590.0,166315.0,395225,1569524
2026-01-14 13:00:00,166320.0,166740.0,166300.0,166655.0,317400,1346342
2026-01-14 14:00:00,166655.0,167195.0,166350.0,167130.0,430040,1602569
2026-01-14 15:00:00,167135.0,167315.0,167070.0,167260.0,85723,302209
2026-01-15 06:00:00,167000.0,167545.0,166805.0,167315.0,936560,2825644
2026-01-15 07:00:00,167320.0,167805.0,166880.0,167120.0,1159612,3675609
2026-01-15 08:00:00,167120.0,167180.0,166625.0,166865.0,739716,2573101
2026-01-15 09:00:00,166860.0,167375.0,166845.0,167190.0,542319,1927622
2026-01-15 10:00:00,167190.0,167480.0,167040.0,167395.0,354404,1302566
2026-01-15 11:00:00,167400.0,167610.0,167385.0,167590.0,240562,900035
2026-01-15 12:00:00,167590.0,168025.0,167575.0,167960.0,358180,1343949
2026-01-15 13:00:00,167955.0,167965.0,167440.0,167455.0,295872,1093438
2026-01-15 14:00:00,167455.0,167460.0,167175.0,167365.0,237512,817358
2026-01-15 15:00:00,167365.0,167670.0,167315.0,167580.0,77817,262755
2026-01-16 06:00:00,167420.0,167990.0,167415.0,167575.0,661656,2152625
2026-01-16 07:00:00,167575.0,167630.0,166685.0,166710.0,572635,1828272
2026-01-16 08:00:00,166710.0,166820.0,166055.0,166535.0,613632,2119701
2026-01-16 09:00:00,166535.0,166665.0,165805.0,165985.0,557524,2007100
2026-01-16 10:00:00,165985.0,166465.0,165920.0,166230.0,326468,1168519
2026-01-16 11:00:00,166235.0,166350.0,166080.0,166215.0,262266,972207
2026-01-16 12:00:00,166220.0,166430.0,166190.0,166360.0,235209,860800
2026-01-16 13:00:00,166355.0,166430.0,166265.0,166355.0,178838,679994
2026-01-16 14:00:00,166360.0,166520.0,166140.0,166220.0,184785,649077
2026-01-16 15:00:00,166220.0,166550.0,166205.0,166520.0,63890,241786
2026-01-19 06:00:00,165780.0,166550.0,165600.0,166400.0,740957,1869275
2026-01-19 07:00:00,166395.0,166745.0,165905.0,166260.0,803822,2341891
2026-01-19 08:00:00,166260.0,166520.0,165925.0,166455.0,536046,1846925
2026-01-19 09:00:00,166450.0,166550.0,166140.0,166410.0,357095,1198963
2026-01-19 10:00:00,166415.0,166855.0,166405.0,166560.0,366690,1256799
2026-01-19 11:00:00,166560.0,166635.0,166165.0,166445.0,250749,870220
2026-01-19 12:00:00,166445.0,166500.0,166315.0,166400.0,156161,511279
2026-01-19 13:00:00,166400.0,166450.0,166220.0,166260.0,106423,364336
2026-01-19 14:00:00,166260.0,166560.0,166240.0,166495.0,148207,467555
2026-01-19 15:00:00,166490.0,166590.0,166440.0,166525.0,43304,158077
2026-01-20 06:00:00,165800.0,166110.0,164895.0,165745.0,1159029,3644695
2026-01-20 07:00:00,165745.0,166185.0,165010.0,165825.0,1124481,3759127
2026-01-20 08:00:00,165830.0,167690.0,165685.0,167220.0,1030192,3682667
2026-01-20 09:00:00,167215.0,167840.0,166765.0,167785.0,641761,2238939
2026-01-20 10:00:00,167790.0,168080.0,167710.0,167915.0,381412,1373239
2026-01-20 11:00:00,167915.0,168060.0,167505.0,167670.0,339574,1207768
2026-01-20 12:00:00,167670.0,167720.0,167210.0,167320.0,314115,1171476
2026-01-20 13:00:00,167325.0,167635.0,167265.0,167565.0,256312,967890
2026-01-20 14:00:00,167565.0,167880.0,167415.0,167815.0,226980,783790
2026-01-20 15:00:00,167815.0,167875.0,167670.0,167695.0,57702,210818
2026-01-21 06:00:00,167795.0,169830.0,167795.0,169720.0,1005086,3179197
2026-01-21 07:00:00,169715.0,170550.0,169715.0,170460.0,987131,3386124
2026-01-21 08:00:00,170460.0,171490.0,170365.0,171205.0,943852,3414531
2026-01-21 09:00:00,171205.0,171435.0,170940.0,171380.0,551410,2043537
2026-01-21 10:00:00,171380.0,171815.0,171360.0,171645.0,497112,1903606
2026-01-21 11:00:00,171645.0,171760.0,171275.0,171605.0,366055,1366303
2026-01-21 12:00:00,171600.0,172530.0,171510.0,172445.0,497930,1984589
2026-01-21 13:00:00,172450.0,173250.0,172245.0,173200.0,543109,2088219
2026-01-21 14:00:00,173200.0,173960.0,173080.0,173825.0,442622,1518230
2026-01-21 15:00:00,173825.0,173845.0,173410.0,173605.0,102109,329581
2026-01-22 06:00:00,173780.0,174650.0,173350.0,174485.0,1100963,3388059
2026-01-22 07:00:00,174485.0,174840.0,174070.0,174580.0,945767,3137711
2026-01-22 08:00:00,174580.0,176820.0,174545.0,176490.0,1095791,3953781
2026-01-22 09:00:00,176490.0,179710.0,176270.0,178500.0,1040291,3194428
2026-01-22 10:00:00,178505.0,178890.0,177970.0,178345.0,648303,1880436
2026-01-22 11:00:00,178350.0,178575.0,177350.0,177885.0,681863,2029922
2026-01-22 12:00:00,177880.0,178700.0,177450.0,177620.0,501610,1500068
2026-01-22 13:00:00,177615.0,177880.0,177010.0,177270.0,440516,1377317
2026-01-22 14:00:00,177270.0,177680.0,176815.0,177265.0,389668,1130869
2026-01-22 15:00:00,177270.0,177580.0,177050.0,177360.0,82882,225512
2026-01-23 06:00:00,178510.0,178990.0,177550.0,177995.0,1045897,2862866
2026-01-23 07:00:00,178000.0,178375.0,177645.0,177780.0,920929,2891341
2026-01-23 08:00:00,177780.0,178060.0,177180.0,177715.0,833285,2850288
2026-01-23 09:00:00,177710.0,179370.0,177610.0,178960.0,813686,2851090
2026-01-23 10:00:00,178955.0,179190.0,178690.0,178760.0,377791,1391241
2026-01-23 11:00:00,178765.0,178905.0,178310.0,178415.0,462871,1642798
2026-01-23 12:00:00,178415.0,179210.0,178175.0,179115.0,433754,1597033
2026-01-23 13:00:00,179110.0,179935.0,179040.0,179660.0,379841,1431006
2026-01-23 14:00:00,179660.0,182250.0,179555.0,180515.0,817784,2349446
2026-01-23 15:00:00,180515.0,180765.0,180100.0,180620.0,121264,312558
2026-01-26 06:00:00,181100.0,183385.0,180730.0,181290.0,1463406,3642673
2026-01-26 07:00:00,181290.0,181320.0,179240.0,179450.0,1252006,3763756
2026-01-26 08:00:00,179445.0,181590.0,179135.0,180055.0,991257,2858303
2026-01-26 09:00:00,180060.0,180505.0,179530.0,180055.0,671576,1786409
2026-01-26 10:00:00,180055.0,180190.0,179370.0,179775.0,442291,1290816
2026-01-26 11:00:00,179775.0,180775.0,179725.0,179855.0,552811,1605147
2026-01-26 12:00:00,179850.0,180235.0,179560.0,179950.0,390186,1165079
2026-01-26 13:00:00,179950.0,179965.0,179260.0,179750.0,477822,1448643
2026-01-26 14:00:00,179750.0,180520.0,179725.0,180335.0,414222,1135177
2026-01-26 15:00:00,180325.0,180340.0,179745.0,179750.0,118364,318429
2026-01-27 06:00:00,181360.0,182890.0,181270.0,182315.0,1227119,3257253
2026-01-27 07:00:00,182320.0,183335.0,181875.0,183270.0,1246889,3609832
2026-01-27 08:00:00,183270.0,184260.0,183195.0,183930.0,958401,3074162
2026-01-27 09:00:00,183935.0,184495.0,183755.0,183940.0,637256,2071314
2026-01-27 10:00:00,183940.0,184785.0,183850.0,184640.0,519644,1829703
2026-01-27 11:00:00,184640.0,184750.0,183500.0,183520.0,459012,1586519
2026-01-27 12:00:00,183515.0,183820.0,183040.0,183360.0,456709,1496883
2026-01-27 13:00:00,183365.0,183650.0,183240.0,183415.0,300582,1022873
2026-01-27 14:00:00,183415.0,184220.0,183355.0,183500.0,453119,1396235
2026-01-27 15:00:00,183500.0,183570.0,182735.0,183095.0,118329,344205
2026-01-28 06:00:00,184385.0,184560.0,183475.0,184275.0,1050376,2762788
2026-01-28 07:00:00,184270.0,185895.0,183935.0,185535.0,1226043,3415960
2026-01-28 08:00:00,185535.0,186460.0,184930.0,185945.0,1116771,3261990
2026-01-28 09:00:00,185945.0,186195.0,184550.0,184950.0,922137,2452630
2026-01-28 10:00:00,184945.0,185420.0,184845.0,185115.0,508962,1509660
2026-01-28 11:00:00,185110.0,185250.0,184515.0,184820.0,520832,1659956
2026-01-28 12:00:00,184815.0,184950.0,183840.0,184360.0,451408,1370546
2026-01-28 13:00:00,184365.0,185200.0,183700.0,184645.0,719569,1895839
2026-01-28 14:00:00,184640.0,186205.0,184635.0,186045.0,563212,1496611
2026-01-28 15:00:00,186050.0,186300.0,185820.0,186300.0,110997,295464
2026-01-29 06:00:00,187700.0,188780.0,187095.0,187850.0,1091897,2837168
2026-01-29 07:00:00,187855.0,187955.0,186715.0,187310.0,1129525,3321943
2026-01-29 08:00:00,187315.0,187525.0,185325.0,185415.0,1086312,3419943
2026-01-29 09:00:00,185410.0,185865.0,182645.0,182945.0,1242298,3151068
2026-01-29 10:00:00,182945.0,184085.0,182885.0,183610.0,664069,1769498
2026-01-29 11:00:00,183610.0,185075.0,183580.0,184125.0,598001,1717943
2026-01-29 12:00:00,184125.0,184575.0,183760.0,184125.0,459972,1397449
2026-01-29 13:00:00,184135.0,184975.0,184035.0,184195.0,437900,1375869
2026-01-29 14:00:00,184190.0,184900.0,184170.0,184310.0,371998,1065705
2026-01-29 15:00:00,184310.0,184500.0,184120.0,184240.0,76638,225901
2026-01-30 06:00:00,183200.0,184205.0,182790.0,183445.0,1229447,3093682
2026-01-30 07:00:00,183450.0,184590.0,183220.0,183830.0,1125330,3074798
2026-01-30 08:00:00,183830.0,184410.0,183615.0,183865.0,827160,2539655
2026-01-30 09:00:00,183870.0,184765.0,183660.0,184110.0,719243,2286839
2026-01-30 10:00:00,184110.0,184110.0,183280.0,183430.0,640780,2109919
2026-01-30 11:00:00,183430.0,183470.0,182285.0,182380.0,727714,2443769
2026-01-30 12:00:00,182380.0,182615.0,181065.0,182425.0,812665,2599236
2026-01-30 13:00:00,182430.0,182950.0,182150.0,182465.0,623902,2004341
2026-01-30 14:00:00,182465.0,182750.0,181575.0,182295.0,475492,1417408
2026-01-30 15:00:00,182295.0,182695.0,182105.0,182695.0,84796,260708
2026-02-02 06:00:00,180820.0,183110.0,180820.0,183040.0,935292,2496737
2026-02-02 07:00:00,183040.0,183890.0,182365.0,183705.0,1055850,2954388
2026-02-02 08:00:00,183710.0,183930.0,182395.0,182565.0,1010525,3012750
2026-02-02 09:00:00,182570.0,183365.0,182315.0,182795.0,678794,2024378
2026-02-02 10:00:00,182795.0,183605.0,182475.0,183485.0,513228,1647283
2026-02-02 11:00:00,183485.0,183655.0,183145.0,183430.0,408580,1339675
2026-02-02 12:00:00,183430.0,183445.0,182870.0,182925.0,343459,1114895
2026-02-02 13:00:00,182925.0,183040.0,182560.0,182825.0,346204,1176035
2026-02-02 14:00:00,182830.0,183970.0,182715.0,183860.0,398475,1185192
2026-02-02 15:00:00,183860.0,184060.0,183610.0,183655.0,111716,278707
2026-02-03 06:00:00,184500.0,186160.0,184490.0,185840.0,1230690,3178896
2026-02-03 07:00:00,185835.0,187115.0,185155.0,187105.0,1260499,3469880
2026-02-03 08:00:00,187110.0,188315.0,186950.0,187735.0,1031503,3388791
2026-02-03 09:00:00,187735.0,187815.0,187040.0,187345.0,753997,2400543
2026-02-03 10:00:00,187350.0,187420.0,186805.0,186855.0,479106,1523413
2026-02-03 11:00:00,186850.0,186900.0,185845.0,186230.0,627661,2103050
2026-02-03 12:00:00,186230.0,186295.0,185695.0,185845.0,470862,1590110
2026-02-03 13:00:00,185840.0,186475.0,185570.0,186040.0,622434,1992231
2026-02-03 14:00:00,186040.0,186835.0,185880.0,186630.0,357902,1029860
2026-02-03 15:00:00,186630.0,186695.0,186275.0,186465.0,84644,230859
2026-02-04 06:00:00,187180.0,187435.0,185095.0,185180.0,1254480,3283653
2026-02-04 07:00:00,185175.0,185680.0,184710.0,184720.0,1044983,2936479
2026-02-04 08:00:00,184725.0,184795.0,183480.0,183575.0,1022728,3207278
2026-02-04 09:00:00,183575.0,184355.0,183280.0,183310.0,760545,2117026
2026-02-04 10:00:00,183310.0,183370.0,182085.0,182610.0,628196,1914546
2026-02-04 11:00:00,182610.0,182645.0,181370.0,181730.0,687033,2086168
2026-02-04 12:00:00,181735.0,181880.0,181040.0,181190.0,541189,1785113
2026-02-04 13:00:00,181200.0,181825.0,180935.0,181735.0,493365,1703745
2026-02-04 14:00:00,181740.0,182400.0,181705.0,181960.0,460204,1419522
2026-02-04 15:00:00,181960.0,182530.0,181950.0,182385.0,127016,325905
2026-02-05 06:00:00,182370.0,183195.0,182025.0,182720.0,1157470,3060196
2026-02-05 07:00:00,182720.0,183710.0,182575.0,183210.0,1028688,2896203
2026-02-05 08:00:00,183205.0,184870.0,183200.0,183860.0,1192460,3761731
2026-02-05 09:00:00,183860.0,184150.0,182085.0,183495.0,1018102,2970212
2026-02-05 10:00:00,183490.0,183830.0,183160.0,183730.0,660625,1996663
2026-02-05 11:00:00,183730.0,184225.0,183175.0,183865.0,578125,1854002
2026-02-05 12:00:00,183860.0,184115.0,183535.0,183775.0,406820,1299390
2026-02-05 13:00:00,183780.0,184125.0,183240.0,183640.0,382567,1284407
2026-02-05 14:00:00,183645.0,183790.0,182385.0,182815.0,459972,1368535
2026-02-05 15:00:00,182815.0,183105.0,182680.0,182980.0,84653,262135
2026-02-06 06:00:00,183860.0,184660.0,182730.0,182770.0,1148768,3122472
2026-02-06 07:00:00,182770.0,183035.0,182220.0,182400.0,981339,2872915
2026-02-06 08:00:00,182395.0,183350.0,182095.0,182355.0,1131245,3333506
2026-02-06 09:00:00,182350.0,182940.0,181925.0,182545.0,736661,2073146
2026-02-06 10:00:00,182550.0,183535.0,182440.0,183435.0,517707,1603460
2026-02-06 11:00:00,183430.0,183520.0,183030.0,183125.0,430722,1381445
2026-02-06 12:00:00,183125.0,183155.0,182275.0,182655.0,525369,1655983
2026-02-06 13:00:00,182660.0,183005.0,182615.0,182795.0,303029,956144
2026-02-06 14:00:00,182795.0,183915.0,182765.0,183600.0,415764,1178511
2026-02-06 15:00:00,183605.0,183700.0,183160.0,183380.0,78171,227983
2026-02-09 06:00:00,183780.0,185085.0,183700.0,184310.0,1111511,2968152
2026-02-09 07:00:00,184305.0,184450.0,183580.0,183845.0,1015039,2929315
2026-02-09 08:00:00,183840.0,185065.0,183785.0,184575.0,920435,2817588
2026-02-09 09:00:00,184570.0,184725.0,184090.0,184130.0,579898,1851759
2026-02-09 10:00:00,184130.0,185320.0,183990.0,185230.0,506286,1611555
2026-02-09 11:00:00,185230.0,185940.0,185180.0,185875.0,484949,1617135
2026-02-09 12:00:00,185875.0,186385.0,185380.0,186350.0,557965,1838166
2026-02-09 13:00:00,186350.0,186755.0,186215.0,186580.0,357843,1268160
2026-02-09 14:00:00,186580.0,187060.0,186535.0,186815.0,348855,1162829
2026-02-09 15:00:00,186810.0,186880.0,186645.0,186790.0,80053,253949
2026-02-10 06:00:00,185960.0,186775.0,185540.0,185865.0,989262,2735298
2026-02-10 07:00:00,185865.0,186380.0,185460.0,185795.0,1000101,2954564
2026-02-10 08:00:00,185790.0,186570.0,185635.0,186430.0,980533,3183151
2026-02-10 09:00:00,186435.0,187350.0,186300.0,186980.0,672971,2275876
2026-02-10 10:00:00,186985.0,187195.0,186470.0,186625.0,477273,1646615
2026-02-10 11:00:00,186625.0,186725.0,186225.0,186290.0,344212,1195105
2026-02-10 12:00:00,186285.0,186355.0,185560.0,185805.0,417055,1468454
2026-02-10 13:00:00,185805.0,186245.0,185685.0,186220.0,323462,1165571
2026-02-10 14:00:00,186220.0,186910.0,186100.0,186225.0,377584,1254467
2026-02-10 15:00:00,186220.0,186430.0,186170.0,186315.0,58927,183791
2026-02-11 06:00:00,187000.0,188650.0,186920.0,188405.0,1149846,3062227
2026-02-11 07:00:00,188405.0,188995.0,187805.0,188705.0,1049864,2947219
2026-02-11 08:00:00,188710.0,189865.0,188530.0,189175.0,945357,3044416
2026-02-11 09:00:00,189170.0,189560.0,188485.0,189435.0,765911,2431564
2026-02-11 10:00:00,189435.0,190955.0,189430.0,190780.0,652323,2209815
2026-02-11 11:00:00,190780.0,190950.0,190440.0,190635.0,440638,1501135
2026-02-11 12:00:00,190635.0,190655.0,189755.0,189825.0,481841,1636167
2026-02-11 13:00:00,189830.0,190700.0,189805.0,190120.0,402254,1403738
2026-02-11 14:00:00,190120.0,190560.0,189865.0,190300.0,344752,1121997
2026-02-11 15:00:00,190300.0,190350.0,189715.0,189880.0,96940,305675
2026-02-12 06:00:00,190740.0,191225.0,188855.0,189130.0,966568,2640690
2026-02-12 07:00:00,189135.0,189930.0,188860.0,188975.0,1048951,3160571
2026-02-12 08:00:00,188970.0,190150.0,188935.0,189560.0,955343,3006809
2026-02-12 09:00:00,189565.0,190285.0,189510.0,189575.0,639298,2000936
2026-02-12 10:00:00,189570.0,189670.0,188405.0,188670.0,877653,2680517
2026-02-12 11:00:00,188675.0,189065.0,188355.0,188525.0,611105,1866287
2026-02-12 12:00:00,188525.0,188530.0,187120.0,187860.0,693707,2292979
2026-02-12 13:00:00,187865.0,188440.0,187780.0,188185.0,531772,1735115
2026-02-12 14:00:00,188180.0,188655.0,187980.0,188125.0,474869,1421849
2026-02-12 15:00:00,188120.0,188135.0,187765.0,188005.0,95354,277679
2026-02-13 06:00:00,187300.0,187540.0,185040.0,185420.0,1080235,2782704
2026-02-13 07:00:00,185415.0,186385.0,184550.0,185210.0,1083082,2794355
2026-02-13 08:00:00,185205.0,185430.0,183725.0,184040.0,1021304,2670405
2026-02-13 09:00:00,184040.0,185785.0,183975.0,184945.0,886213,2262122
2026-02-13 10:00:00,184950.0,185950.0,184720.0,185630.0,548390,1536327
2026-02-13 11:00:00,185630.0,186365.0,185485.0,186240.0,428401,1378795
2026-02-13 12:00:00,186240.0,186600.0,185785.0,186365.0,449901,1402053
2026-02-13 13:00:00,186365.0,186490.0,185655.0,186085.0,464934,1355041
2026-02-13 14:00:00,186085.0,186550.0,185805.0,186405.0,262810,693878
2026-02-13 15:00:00,186400.0,186775.0,186250.0,186680.0,64837,197634
2026-02-18 10:00:00,190460.0,191695.0,189860.0,189975.0,1076933,2536167
2026-02-18 11:00:00,189975.0,190730.0,189535.0,190185.0,695234,1937248
2026-02-18 12:00:00,190185.0,190275.0,189175.0,189455.0,599986,1660828
2026-02-18 13:00:00,189450.0,189655.0,188780.0,189075.0,463017,1287587
2026-02-18 14:00:00,189070.0,190035.0,188855.0,189905.0,426265,1204630
2026-02-18 15:00:00,189910.0,190190.0,189840.0,190175.0,84112,239173
2026-02-19 06:00:00,190465.0,190705.0,189710.0,190580.0,1006071,2477881
2026-02-19 07:00:00,190580.0,190795.0,189695.0,190240.0,1110456,2785617
2026-02-19 08:00:00,190235.0,190575.0,189650.0,190500.0,818626,2205634
2026-02-19 09:00:00,190500.0,192295.0,190430.0,192280.0,883892,2538162
2026-02-19 10:00:00,192285.0,192445.0,191930.0,192160.0,468908,1454187
2026-02-19 11:00:00,192160.0,192565.0,191855.0,192055.0,454130,1435930
2026-02-19 12:00:00,192050.0,192270.0,191815.0,191990.0,379504,1197942
2026-02-19 13:00:00,191990.0,192030.0,191530.0,191675.0,347664,1128983
2026-02-19 14:00:00,191675.0,192260.0,191455.0,192135.0,362134,1062958
2026-02-19 15:00:00,192130.0,192400.0,192065.0,192250.0,76102,231894
2026-02-20 06:00:00,192345.0,192475.0,190585.0,190700.0,807605,2229608
2026-02-20 07:00:00,190705.0,190940.0,190260.0,190600.0,884976,2516897
2026-02-20 08:00:00,190595.0,191470.0,190300.0,191400.0,870042,2603797
2026-02-20 09:00:00,191405.0,192630.0,191405.0,192250.0,1069756,2854167
2026-02-20 10:00:00,192250.0,192320.0,191840.0,192230.0,473102,1425801
2026-02-20 11:00:00,192225.0,192550.0,191340.0,192440.0,574156,1819485
2026-02-20 12:00:00,192435.0,193325.0,192435.0,192960.0,609941,1887275
2026-02-20 13:00:00,192960.0,194045.0,192830.0,193865.0,395099,1316160
2026-02-20 14:00:00,193870.0,194400.0,193820.0,194125.0,319691,1017773
2026-02-20 15:00:00,194130.0,194270.0,193745.0,193745.0,77457,232773
2026-02-23 06:00:00,193590.0,193830.0,192455.0,192560.0,929567,2472751
2026-02-23 07:00:00,192560.0,193380.0,192560.0,193025.0,988573,2738411
2026-02-23 08:00:00,193025.0,194675.0,192890.0,194435.0,965997,2849899
2026-02-23 09:00:00,194440.0,194550.0,192400.0,192470.0,738759,2191272
2026-02-23 10:00:00,192475.0,192550.0,192050.0,192350.0,538806,1698111
2026-02-23 11:00:00,192345.0,192835.0,192110.0,192670.0,471357,1532416
2026-02-23 12:00:00,192665.0,192995.0,192630.0,192745.0,375921,1228036
2026-02-23 13:00:00,192750.0,192795.0,192125.0,192350.0,365781,1164262
2026-02-23 14:00:00,192350.0,192685.0,192220.0,192515.0,290665,868643
2026-02-23 15:00:00,192515.0,192580.0,192320.0,192475.0,77312,222746
2026-02-24 06:00:00,192720.0,194215.0,192515.0,193505.0,1030098,2669724
2026-02-24 07:00:00,193505.0,194290.0,192910.0,193505.0,1079659,2977636
2026-02-24 08:00:00,193505.0,194130.0,193155.0,193940.0,936021,2611053
2026-02-24 09:00:00,193940.0,194965.0,193770.0,194750.0,751008,2228485
2026-02-24 10:00:00,194750.0,195295.0,194630.0,194835.0,485099,1574456
2026-02-24 11:00:00,194835.0,195395.0,194835.0,194945.0,374993,1257212
2026-02-24 12:00:00,194940.0,195210.0,194805.0,194935.0,318789,1078169
2026-02-24 13:00:00,194930.0,195155.0,194490.0,195010.0,375235,1269488
2026-02-24 14:00:00,195005.0,195380.0,194665.0,195185.0,275062,863877
2026-02-24 15:00:00,195185.0,195210.0,194965.0,195030.0,67731,209641
2026-02-25 06:00:00,196500.0,197760.0,195835.0,196660.0,1108598,2537212
2026-02-25 07:00:00,196660.0,196710.0,194660.0,194965.0,941990,2520331
2026-02-25 08:00:00,194965.0,195625.0,194355.0,194525.0,868068,2514403
2026-02-25 09:00:00,194525.0,194635.0,194060.0,194545.0,582334,1757535
2026-02-25 10:00:00,194540.0,194795.0,194430.0,194645.0,377116,1184878
2026-02-25 11:00:00,194640.0,195145.0,194490.0,195075.0,352595,1144876
2026-02-25 12:00:00,195080.0,195115.0,194190.0,194310.0,365561,1156955
2026-02-25 13:00:00,194310.0,194325.0,193670.0,194095.0,406193,1319934
2026-02-25 14:00:00,194095.0,194665.0,193820.0,194495.0,365386,1160683
2026-02-25 15:00:00,194495.0,194645.0,194310.0,194310.0,65465,222506
2026-02-26 06:00:00,194005.0,194650.0,193815.0,194295.0,1070158,2755622
2026-02-26 07:00:00,194295.0,195035.0,193555.0,194240.0,1091916,3019092
2026-02-26 08:00:00,194240.0,194550.0,193050.0,193350.0,925534,2750210
2026-02-26 09:00:00,193350.0,193540.0,192170.0,193375.0,882123,2697567
2026-02-26 10:00:00,193370.0,194040.0,193230.0,193330.0,534746,1670630
2026-02-26 11:00:00,193330.0,193665.0,193050.0,193300.0,429822,1388473
2026-02-26 12:00:00,193295.0,193965.0,193220.0,193805.0,428073,1305946
2026-02-26 13:00:00,193800.0,194260.0,193775.0,194145.0,336415,1086151
2026-02-26 14:00:00,194145.0,194525.0,194115.0,194325.0,281448,882862
2026-02-26 15:00:00,194320.0,194485.0,194085.0,194255.0,69566,230089
2026-02-27 06:00:00,194155.0,194300.0,192170.0,193620.0,1207256,2901830
2026-02-27 07:00:00,193615.0,193695.0,192520.0,193090.0,991612,2577155
2026-02-27 08:00:00,193095.0,194200.0,192895.0,193065.0,1022192,2829201
2026-02-27 09:00:00,193065.0,193685.0,192830.0,193480.0,753077,2051391
2026-02-27 10:00:00,193480.0,193695.0,192765.0,192800.0,471847,1366387
2026-02-27 11:00:00,192800.0,193085.0,192255.0,192460.0,489180,1478518
2026-02-27 12:00:00,192460.0,192890.0,192450.0,192845.0,376006,1173650
2026-02-27 13:00:00,192845.0,192920.0,191650.0,191830.0,459545,1522532
2026-02-27 14:00:00,191835.0,192410.0,191655.0,191920.0,380094,1171237
2026-02-27 15:00:00,191920.0,192015.0,191550.0,191550.0,84012,216667
2026-03-02 06:00:00,190135.0,191210.0,189705.0,189875.0,1079206,2647892
2026-03-02 07:00:00,189875.0,191170.0,189680.0,189740.0,1144358,3071836
2026-03-02 08:00:00,189740.0,191745.0,189555.0,191370.0,1104539,3137113
2026-03-02 09:00:00,191375.0,192135.0,190955.0,191010.0,793466,2229543
2026-03-02 10:00:00,191005.0,191860.0,190860.0,191360.0,608817,1870081
2026-03-02 11:00:00,191365.0,192110.0,191305.0,192035.0,479970,1503656
2026-03-02 12:00:00,192040.0,192305.0,191810.0,192155.0,442276,1410815
2026-03-02 13:00:00,192150.0,193250.0,192145.0,192895.0,487264,1643458
2026-03-02 14:00:00,192895.0,192925.0,191855.0,192160.0,574192,1645756
2026-03-02 15:00:00,192160.0,192450.0,192135.0,192400.0,85795,234715
2026-03-03 06:00:00,188750.0,188750.0,186865.0,187265.0,1297608,3390930
2026-03-03 07:00:00,187265.0,187465.0,185350.0,185620.0,1271468,3520509
2026-03-03 08:00:00,185610.0,185765.0,183395.0,183810.0,1391940,3854582
2026-03-03 09:00:00,183805.0,184450.0,183175.0,184420.0,1076043,2986541
2026-03-03 10:00:00,184415.0,185745.0,184400.0,185585.0,931484,2739252
2026-03-03 11:00:00,185590.0,186160.0,185075.0,185795.0,736937,2138211
2026-03-03 12:00:00,185795.0,187665.0,185700.0,187090.0,753245,2333799
2026-03-03 13:00:00,187090.0,187390.0,185760.0,185930.0,869571,2649909
2026-03-03 14:00:00,185930.0,186490.0,185385.0,185715.0,530762,1581301
2026-03-03 15:00:00,185715.0,185775.0,184950.0,185000.0,131914,361525
2026-03-04 06:00:00,185995.0,188420.0,185935.0,188370.0,1115078,2921431
2026-03-04 07:00:00,188365.0,189250.0,187780.0,188100.0,1097467,3071346
2026-03-04 08:00:00,188100.0,188340.0,186070.0,186550.0,1158899,3261258
2026-03-04 09:00:00,186550.0,187330.0,186320.0,187045.0,783548,2235353
2026-03-04 10:00:00,187045.0,187265.0,186410.0,187255.0,550962,1675965
2026-03-04 11:00:00,187255.0,187765.0,187035.0,187510.0,536375,1744872
2026-03-04 12:00:00,187515.0,188120.0,187050.0,188015.0,451382,1514626
2026-03-04 13:00:00,188015.0,188645.0,187760.0,188490.0,416170,1415865
2026-03-04 14:00:00,188490.0,188940.0,188000.0,188125.0,421994,1353626
2026-03-04 15:00:00,188120.0,188235.0,187445.0,187685.0,108852,299478
2026-03-05 06:00:00,187000.0,188410.0,186370.0,187140.0,1224120,3066080
2026-03-05 07:00:00,187135.0,187435.0,186135.0,186140.0,1135659,3080004
2026-03-05 08:00:00,186135.0,186540.0,184330.0,185195.0,1260421,3635234
2026-03-05 09:00:00,185195.0,185610.0,183745.0,184195.0,980574,2691389
2026-03-05 10:00:00,184195.0,184660.0,183350.0,184390.0,828928,2410924
2026-03-05 11:00:00,184395.0,184580.0,182905.0,183485.0,800303,2399169
2026-03-05 12:00:00,183480.0,183630.0,182440.0,183215.0,751199,2166607
2026-03-05 13:00:00,183215.0,183780.0,182755.0,183130.0,620339,1961434
2026-03-05 14:00:00,183130.0,184200.0,182900.0,183315.0,673867,2030127
2026-03-05 15:00:00,183315.0,183355.0,182695.0,182805.0,126231,370180
2026-03-06 06:00:00,181500.0,182735.0,181020.0,182040.0,1206703,3080170
2026-03-06 07:00:00,182035.0,183790.0,181505.0,181760.0,1400993,3496967
2026-03-06 08:00:00,181760.0,182140.0,181035.0,181250.0,1316079,3397686
2026-03-06 09:00:00,181250.0,182630.0,181010.0,182430.0,932366,2457639
2026-03-06 10:00:00,182425.0,182940.0,181985.0,182145.0,728363,2174523
2026-03-06 11:00:00,182140.0,182580.0,181590.0,181790.0,679276,2115473
2026-03-06 12:00:00,181795.0,182985.0,181740.0,182480.0,580394,1823467
2026-03-06 13:00:00,182475.0,182785.0,182080.0,182310.0,519490,1626814
2026-03-06 14:00:00,182305.0,182695.0,181150.0,182090.0,525140,1481403
2026-03-06 15:00:00,182095.0,182265.0,181770.0,182055.0,97619,262879
2026-03-09 06:00:00,180580.0,181490.0,180300.0,180990.0,1129189,2758337
2026-03-09 07:00:00,180990.0,181785.0,180890.0,181125.0,1508123,4088355
2026-03-09 08:00:00,181125.0,181315.0,179975.0,181045.0,1354811,3610540
2026-03-09 09:00:00,181040.0,182675.0,180975.0,182110.0,808223,2461926
2026-03-09 10:00:00,182115.0,182520.0,181700.0,181880.0,608334,1923493
2026-03-09 11:00:00,181885.0,181985.0,181145.0,181250.0,515433,1633954
2026-03-09 12:00:00,181250.0,182455.0,181250.0,182075.0,547054,1799985
2026-03-09 13:00:00,182080.0,184525.0,182050.0,183790.0,1149265,3293189
2026-03-09 14:00:00,183795.0,184135.0,183110.0,184000.0,376061,1110231
2026-03-09 15:00:00,184000.0,184160.0,183700.0,183700.0,77763,187605
2026-03-10 06:00:00,183790.0,185080.0,183145.0,184785.0,1323297,3371211
2026-03-10 07:00:00,184790.0,184985.0,183375.0,183685.0,1340354,3915522
2026-03-10 08:00:00,183690.0,186325.0,182935.0,186305.0,1092435,3517521
2026-03-10 09:00:00,186305.0,186595.0,185725.0,186465.0,694672,2258031
2026-03-10 10:00:00,186465.0,186890.0,186035.0,186760.0,517086,1702013
2026-03-10 11:00:00,186760.0,187840.0,186740.0,187035.0,690580,2343477
2026-03-10 12:00:00,187030.0,187225.0,185875.0,186340.0,882797,2672917
2026-03-10 13:00:00,186340.0,186670.0,185415.0,185620.0,624261,2095414
2026-03-10 14:00:00,185625.0,186295.0,185545.0,186195.0,263435,812977
2026-03-10 15:00:00,186200.0,186240.0,185710.0,185950.0,80749,185276
2026-03-11 06:00:00,186000.0,186385.0,183625.0,183930.0,1270188,3021059
2026-03-11 07:00:00,183925.0,187545.0,183890.0,187410.0,1595027,4175546
2026-03-11 08:00:00,187405.0,188165.0,186640.0,187055.0,1200441,3220756
2026-03-11 09:00:00,187050.0,187200.0,185545.0,185595.0,762950,2254172
2026-03-11 10:00:00,185595.0,185885.0,185195.0,185815.0,559049,1695859
2026-03-11 11:00:00,185810.0,185870.0,184780.0,185260.0,650271,1969109
2026-03-11 12:00:00,185265.0,185865.0,184965.0,185675.0,501343,1559185
2026-03-11 13:00:00,185675.0,186295.0,185330.0,186180.0,424415,1400708
2026-03-11 14:00:00,186175.0,186390.0,186000.0,186075.0,202576,606413
2026-03-11 15:00:00,186070.0,186250.0,185665.0,186010.0,75126,199565
2026-03-12 06:00:00,185335.0,185360.0,183350.0,183680.0,1201618,2929487
2026-03-12 07:00:00,183685.0,184075.0,181255.0,181745.0,1667707,4529072
2026-03-12 08:00:00,181745.0,182220.0,181205.0,181325.0,1130955,3301885
2026-03-12 09:00:00,181330.0,181950.0,180520.0,181550.0,960877,2961377
2026-03-12 10:00:00,181545.0,182105.0,181360.0,181830.0,660299,1960676
2026-03-12 11:00:00,181825.0,182230.0,181185.0,181460.0,599428,1866589
2026-03-12 12:00:00,181455.0,181720.0,181150.0,181585.0,531413,1733318
2026-03-12 13:00:00,181590.0,182000.0,181000.0,181135.0,531802,1748385
2026-03-12 14:00:00,181140.0,181465.0,180910.0,181100.0,255069,817526
2026-03-12 15:00:00,181105.0,181265.0,180940.0,181205.0,68176,189897
2026-03-13 06:00:00,182220.0,182650.0,181550.0,181900.0,1145442,2857255
2026-03-13 07:00:00,181900.0,183185.0,181725.0,182875.0,1214953,3320026
2026-03-13 08:00:00,182885.0,182985.0,181180.0,181305.0,1028984,3013552
2026-03-13 09:00:00,181305.0,181440.0,180355.0,180745.0,895592,2708224
2026-03-13 10:00:00,180750.0,181460.0,180590.0,181240.0,625701,1907407
2026-03-13 11:00:00,181240.0,181310.0,179665.0,180190.0,714259,2361921
2026-03-13 12:00:00,180195.0,180965.0,179965.0,180450.0,586884,1940035
2026-03-13 13:00:00,180450.0,180490.0,179260.0,179875.0,533329,1691277
2026-03-13 14:00:00,179875.0,180085.0,179485.0,179660.0,196133,666755
2026-03-13 15:00:00,179665.0,179900.0,179380.0,179900.0,43671,134668
2026-03-16 06:00:00,181800.0,183320.0,181265.0,182315.0,1090810,2762747
2026-03-16 07:00:00,182320.0,183300.0,182145.0,183100.0,1113235,3193938
2026-03-16 08:00:00,183110.0,183215.0,181775.0,182185.0,829403,2437991
2026-03-16 09:00:00,182185.0,182415.0,181790.0,182050.0,552295,1679584
2026-03-16 10:00:00,182050.0,182235.0,181320.0,181665.0,548782,1730617
2026-03-16 11:00:00,181670.0,182485.0,181640.0,182330.0,521641,1647995
2026-03-16 12:00:00,182335.0,182960.0,182330.0,182755.0,488555,1615188
2026-03-16 13:00:00,182755.0,183100.0,181915.0,182195.0,528153,1804840
2026-03-16 14:00:00,182190.0,182210.0,181720.0,182065.0,215483,700262
2026-03-16 15:00:00,182060.0,182180.0,181980.0,182145.0,45757,139485
2026-03-17 06:00:00,181945.0,182850.0,180805.0,182005.0,1344065,3547439
2026-03-17 07:00:00,182010.0,184665.0,181705.0,184470.0,1349053,3865477
2026-03-17 08:00:00,184470.0,184685.0,183435.0,183725.0,856373,2588074
2026-03-17 09:00:00,183725.0,183755.0,182090.0,182645.0,681189,2240740
2026-03-17 10:00:00,182645.0,183420.0,182435.0,183215.0,558576,1833175
2026-03-17 11:00:00,183215.0,183660.0,183015.0,183505.0,444090,1506419
2026-03-17 12:00:00,183505.0,183860.0,181900.0,182365.0,692916,2373985
2026-03-17 13:00:00,182370.0,182540.0,181705.0,181965.0,477542,1650566
2026-03-17 14:00:00,181965.0,182380.0,181900.0,182295.0,193081,677546
2026-03-17 15:00:00,182300.0,182410.0,182155.0,182240.0,35954,119798
2026-03-18 06:00:00,183075.0,183240.0,180900.0,180950.0,1444094,3651687
2026-03-18 07:00:00,180955.0,182635.0,180860.0,182625.0,1259651,3521313
2026-03-18 08:00:00,182625.0,182945.0,181545.0,182010.0,1014366,3045804
2026-03-18 09:00:00,182010.0,182365.0,181500.0,181900.0,597906,1813288
2026-03-18 10:00:00,181900.0,183045.0,181620.0,183000.0,592144,1879116
2026-03-18 11:00:00,183000.0,183455.0,182170.0,183040.0,596224,1834353
2026-03-18 12:00:00,183040.0,183310.0,181720.0,181760.0,789201,2212404
2026-03-18 13:00:00,181760.0,182275.0,181405.0,181420.0,652653,1964792
2026-03-18 14:00:00,181420.0,181445.0,180410.0,180605.0,307099,930539
2026-03-18 15:00:00,180605.0,181075.0,180330.0,180950.0,87345,217956
2026-03-19 06:00:00,180020.0,180160.0,177480.0,178420.0,1475202,3634826
2026-03-19 07:00:00,178425.0,179885.0,177670.0,179880.0,1490779,3940248
2026-03-19 08:00:00,179880.0,180705.0,179450.0,180350.0,1069339,3021573
2026-03-19 09:00:00,180350.0,181195.0,179705.0,180550.0,771902,2331532
2026-03-19 10:00:00,180550.0,180845.0,179910.0,180230.0,612721,1805131
2026-03-19 11:00:00,180235.0,180625.0,179775.0,180175.0,544672,1609795
2026-03-19 12:00:00,180170.0,181200.0,180005.0,181130.0,520315,1611661
2026-03-19 13:00:00,181130.0,183240.0,181095.0,181720.0,981553,2806490
2026-03-19 14:00:00,181720.0,182630.0,181645.0,182205.0,281501,826428
2026-03-19 15:00:00,182205.0,182380.0,181910.0,181995.0,40752,124542
2026-03-20 06:00:00,180425.0,181600.0,180045.0,180895.0,1189929,2984253
2026-03-20 07:00:00,180895.0,181140.0,178495.0,178820.0,1320767,3899466
2026-03-20 08:00:00,178820.0,178960.0,177615.0,178455.0,1067839,3318179
2026-03-20 09:00:00,178450.0,179145.0,178185.0,178295.0,710427,2157040
2026-03-20 10:00:00,178290.0,178610.0,177755.0,178015.0,535205,1581396
2026-03-20 11:00:00,178015.0,178130.0,177255.0,177705.0,637174,1968835
2026-03-20 12:00:00,177705.0,177895.0,176410.0,176805.0,679368,2121474
2026-03-20 13:00:00,176800.0,177335.0,176385.0,177195.0,569661,1848747
2026-03-20 14:00:00,177190.0,178175.0,177040.0,178075.0,280207,891672
2026-03-20 15:00:00,178075.0,180250.0,177740.0,180250.0,102694,272030
2026-03-23 06:00:00,179805.0,180860.0,177950.0,180670.0,1694458,3927448
2026-03-23 07:00:00,180670.0,182785.0,180020.0,182775.0,1623029,4210007
2026-03-23 08:00:00,182770.0,184300.0,182725.0,183970.0,1162607,3370526
2026-03-23 09:00:00,183970.0,184415.0,182680.0,182745.0,839074,2534567
2026-03-23 10:00:00,182750.0,183435.0,182330.0,182980.0,732872,2250921
2026-03-23 11:00:00,182985.0,183985.0,182760.0,183530.0,621555,2019006
2026-03-23 12:00:00,183535.0,184600.0,182615.0,184170.0,699487,2234169
2026-03-23 13:00:00,184175.0,184265.0,183535.0,183755.0,500597,1673950
2026-03-23 14:00:00,183760.0,184385.0,183450.0,184185.0,324121,1013110
2026-03-23 15:00:00,184185.0,184295.0,183850.0,184200.0,83294,199530
2026-03-24 06:00:00,183500.0,183700.0,182275.0,182455.0,1201374,3328300
2026-03-24 07:00:00,182455.0,182690.0,181145.0,182305.0,1367889,4022805
2026-03-24 08:00:00,182310.0,183895.0,182210.0,183205.0,1308733,3989166
2026-03-24 09:00:00,183210.0,184050.0,183105.0,183270.0,720225,2056490
2026-03-24 10:00:00,183275.0,183530.0,182905.0,183085.0,532257,1713733
2026-03-24 11:00:00,183085.0,183185.0,182195.0,182940.0,807335,2604052
2026-03-24 12:00:00,182935.0,183685.0,182720.0,183365.0,650132,2081724
2026-03-24 13:00:00,183365.0,184080.0,183365.0,183820.0,451858,1537919
2026-03-24 14:00:00,183820.0,186780.0,183795.0,185565.0,586268,1738183
2026-03-24 15:00:00,185565.0,186060.0,185420.0,185665.0,69673,168098
2026-03-25 06:00:00,186880.0,187505.0,185450.0,186330.0,1300856,3473261
2026-03-25 07:00:00,186330.0,187215.0,185470.0,186315.0,1389700,4123646
2026-03-25 08:00:00,186315.0,187810.0,185920.0,187300.0,1036368,3200017
2026-03-25 09:00:00,187295.0,187370.0,185985.0,186855.0,712415,2232281
2026-03-25 10:00:00,186855.0,187245.0,186200.0,186855.0,581809,1857604
2026-03-25 11:00:00,186855.0,187430.0,186565.0,186915.0,555906,1885306
2026-03-25 12:00:00,186920.0,187595.0,186260.0,186775.0,566703,1917315
2026-03-25 13:00:00,186775.0,186885.0,186235.0,186855.0,499945,1610021
2026-03-25 14:00:00,186855.0,187205.0,186630.0,186960.0,298492,978929
2026-03-25 15:00:00,186960.0,186975.0,186500.0,186850.0,76062,202866
2026-03-26 06:00:00,184895.0,185355.0,183905.0,184565.0,1157570,3014380
2026-03-26 07:00:00,184565.0,186025.0,184465.0,185715.0,1369742,3991915
2026-03-26 08:00:00,185720.0,186320.0,184585.0,185490.0,1127060,3351253
2026-03-26 09:00:00,185490.0,185650.0,185070.0,185450.0,663059,2020245
2026-03-26 10:00:00,185450.0,185480.0,184205.0,184630.0,526374,1631201
2026-03-26 11:00:00,184630.0,184865.0,183830.0,183960.0,541833,1707065
2026-03-26 12:00:00,183965.0,184550.0,183870.0,184520.0,440955,1363389
2026-03-26 13:00:00,184525.0,184550.0,183725.0,183750.0,463294,1552259
2026-03-26 14:00:00,183745.0,185960.0,183735.0,184295.0,538336,1398651
2026-03-26 15:00:00,184295.0,184475.0,184155.0,184335.0,43611,121151
2026-03-27 06:00:00,183300.0,183875.0,182675.0,183340.0,1023222,2785802
2026-03-27 07:00:00,183340.0,183520.0,182245.0,182880.0,1224119,3575104
2026-03-27 08:00:00,182885.0,184000.0,182775.0,183910.0,876139,2671758
2026-03-27 09:00:00,183910.0,184650.0,183785.0,183880.0,684762,2200685
2026-03-27 10:00:00,183885.0,183990.0,183245.0,183415.0,456981,1542788
2026-03-27 11:00:00,183415.0,183455.0,182525.0,182600.0,490368,1558549
2026-03-27 12:00:00,182600.0,182720.0,182215.0,182515.0,415586,1372045
2026-03-27 13:00:00,182510.0,182610.0,182010.0,182420.0,395673,1381024
2026-03-27 14:00:00,182415.0,182790.0,182065.0,182350.0,247476,785674
2026-03-27 15:00:00,182350.0,182410.0,182010.0,182115.0,43427,139100
2026-03-30 06:00:00,182895.0,184260.0,181935.0,184170.0,843123,2484716
2026-03-30 07:00:00,184165.0,184970.0,183355.0,183590.0,1190357,3650406
2026-03-30 08:00:00,183600.0,185125.0,183590.0,185050.0,1030844,3027880
2026-03-30 09:00:00,185055.0,185485.0,184565.0,185200.0,642490,1983749
2026-03-30 10:00:00,185200.0,185235.0,184315.0,184430.0,478510,1553463
2026-03-30 11:00:00,184425.0,184625.0,183390.0,183740.0,615875,2019161
2026-03-30 12:00:00,183735.0,183895.0,183125.0,183265.0,489304,1590833
2026-03-30 13:00:00,183265.0,183700.0,182795.0,183610.0,518204,1738574
2026-03-30 14:00:00,183605.0,183830.0,183285.0,183615.0,239335,767480
2026-03-30 15:00:00,183620.0,183690.0,183215.0,183280.0,59996,164308
2026-03-31 06:00:00,184900.0,187030.0,184660.0,186420.0,1278036,3378073
2026-03-31 07:00:00,186420.0,187415.0,185870.0,187120.0,1298108,3808525
2026-03-31 08:00:00,187105.0,187455.0,185295.0,185395.0,966732,2947033
2026-03-31 09:00:00,185395.0,186640.0,185395.0,186135.0,677036,2162348
2026-03-31 10:00:00,186135.0,188320.0,186035.0,187850.0,894927,2592960
2026-03-31 11:00:00,187845.0,188460.0,187625.0,187725.0,756763,2213813
2026-03-31 12:00:00,187725.0,188545.0,187700.0,188220.0,521920,1647338
2026-03-31 13:00:00,188225.0,188660.0,187860.0,188615.0,414377,1408641
2026-03-31 14:00:00,188610.0,188960.0,188380.0,188610.0,220135,779741
2026-03-31 15:00:00,188610.0,189130.0,188345.0,188885.0,74961,195928
2026-04-01 06:00:00,189825.0,190255.0,189060.0,189185.0,1317756,3275859
2026-04-01 07:00:00,189190.0,189925.0,188750.0,189060.0,1346576,3737838
2026-04-01 08:00:00,189060.0,189325.0,188060.0,189295.0,1062237,3312923
2026-04-01 09:00:00,189290.0,189830.0,188980.0,189420.0,657326,2178455
2026-04-01 10:00:00,189420.0,189965.0,189060.0,189790.0,535434,1810619
2026-04-01 11:00:00,189790.0,190080.0,189385.0,189455.0,432724,1517395
2026-04-01 12:00:00,189460.0,189540.0,188450.0,188655.0,632067,2226082
2026-04-01 13:00:00,188655.0,189320.0,188370.0,188805.0,525267,1836481
2026-04-01 14:00:00,188805.0,188950.0,188540.0,188710.0,227417,763207
2026-04-01 15:00:00,188715.0,189000.0,188635.0,188800.0,61234,160721
2026-04-02 06:00:00,186110.0,186610.0,185360.0,185780.0,1158231,3220220
2026-04-02 07:00:00,185775.0,187845.0,185330.0,187655.0,1296753,3984051
2026-04-02 08:00:00,187650.0,189660.0,187480.0,188950.0,1199148,3656406
2026-04-02 09:00:00,188950.0,190105.0,188715.0,188890.0,712326,2129816
2026-04-02 10:00:00,188895.0,189060.0,188055.0,188290.0,527892,1622476
2026-04-02 11:00:00,188295.0,188645.0,187825.0,188125.0,441677,1436819
2026-04-02 12:00:00,188125.0,188645.0,187915.0,188440.0,385018,1272208
2026-04-02 13:00:00,188440.0,188935.0,188325.0,188710.0,402525,1338118
2026-04-02 14:00:00,188710.0,188860.0,188415.0,188485.0,177381,546960
2026-04-02 15:00:00,188485.0,188660.0,188350.0,188660.0,48602,153858
2026-04-06 06:00:00,189200.0,189905.0,188870.0,189305.0,873892,2204790
2026-04-06 07:00:00,189305.0,189990.0,188350.0,189570.0,1378880,3633763
2026-04-06 08:00:00,189570.0,189900.0,188630.0,188940.0,780663,1876594
2026-04-06 09:00:00,188940.0,189315.0,188475.0,189065.0,563052,1633117
2026-04-06 10:00:00,189065.0,189380.0,188800.0,189020.0,398031,1280989
2026-04-06 11:00:00,189020.0,189070.0,188475.0,188615.0,518702,1692494
2026-04-06 12:00:00,188610.0,189150.0,188395.0,188915.0,497574,1569976
2026-04-06 13:00:00,188920.0,189185.0,188715.0,189040.0,322675,1095861
2026-04-06 14:00:00,189035.0,189075.0,188750.0,188845.0,182470,618017
2026-04-06 15:00:00,188850.0,188980.0,188710.0,188795.0,47083,131968
2026-04-07 06:00:00,188160.0,188850.0,187185.0,187655.0,1239111,3191909
2026-04-07 07:00:00,187660.0,188280.0,186515.0,186760.0,1247665,3357484
2026-04-07 08:00:00,186765.0,188150.0,186335.0,187395.0,1019663,2924475
2026-04-07 09:00:00,187400.0,187715.0,186730.0,187565.0,598886,1847118
2026-04-07 10:00:00,187560.0,188090.0,187450.0,187800.0,504808,1606881
2026-04-07 11:00:00,187795.0,188535.0,187735.0,188020.0,508807,1690865
2026-04-07 12:00:00,188015.0,188175.0,187165.0,187400.0,402685,1351176
2026-04-07 13:00:00,187400.0,188835.0,187170.0,188710.0,706242,2228368
2026-04-07 14:00:00,188715.0,189480.0,188660.0,189280.0,353099,1083231
2026-04-07 15:00:00,189285.0,189530.0,189070.0,189260.0,89298,213613
2026-04-08 06:00:00,194135.0,194955.0,193440.0,194795.0,1326335,3461572
2026-04-08 07:00:00,194795.0,195430.0,192055.0,192170.0,1584797,4689123
2026-04-08 08:00:00,192170.0,192700.0,191570.0,192015.0,1080590,3438045
2026-04-08 09:00:00,192015.0,192800.0,191955.0,192700.0,580423,1997831
2026-04-08 10:00:00,192700.0,193215.0,192285.0,193120.0,453561,1658091
2026-04-08 11:00:00,193115.0,193380.0,192670.0,192980.0,486792,1771196
2026-04-08 12:00:00,192985.0,193260.0,192235.0,192285.0,540836,1936632
2026-04-08 13:00:00,192280.0,193090.0,192130.0,192895.0,431656,1568519
2026-04-08 14:00:00,192895.0,193155.0,192710.0,192955.0,222199,772238
2026-04-08 15:00:00,192960.0,193000.0,192400.0,192400.0,57453,152858
2026-04-09 06:00:00,192085.0,193865.0,192080.0,193800.0,1100289,3095928
2026-04-09 07:00:00,193800.0,195110.0,193345.0,194695.0,1275976,3946254
2026-04-09 08:00:00,194690.0,194955.0,193920.0,194700.0,866766,2833367
2026-04-09 09:00:00,194695.0,195925.0,194320.0,195405.0,757599,2528424
2026-04-09 10:00:00,195410.0,195600.0,195140.0,195415.0,412102,1447758
2026-04-09 11:00:00,195415.0,195995.0,195330.0,195675.0,435197,1623805
2026-04-09 12:00:00,195680.0,195740.0,195170.0,195555.0,446367,1663076
2026-04-09 13:00:00,195555.0,195995.0,195455.0,195730.0,408069,1552665
2026-04-09 14:00:00,195725.0,195975.0,195605.0,195905.0,182180,630954
2026-04-09 15:00:00,195905.0,196150.0,195825.0,196150.0,86705,223200
2026-04-10 06:00:00,195925.0,196490.0,195510.0,196330.0,1105853,3020630
2026-04-10 07:00:00,196325.0,197900.0,196205.0,197860.0,1242936,3853070
2026-04-10 08:00:00,197860.0,197975.0,196975.0,197080.0,841717,2889038
2026-04-10 09:00:00,197075.0,197585.0,196605.0,196760.0,602677,2055419
2026-04-10 10:00:00,196755.0,197115.0,196600.0,196855.0,366481,1297375
2026-04-10 11:00:00,196855.0,196965.0,196530.0,196920.0,330925,1198804
2026-04-10 12:00:00,196915.0,197565.0,196640.0,197145.0,407347,1504018
2026-04-10 13:00:00,197150.0,197650.0,197140.0,197545.0,284281,1067459
2026-04-10 14:00:00,197545.0,197925.0,197380.0,197835.0,178995,617207
2026-04-10 15:00:00,197835.0,198580.0,197680.0,198580.0,69526,195704
2026-04-13 06:00:00,196855.0,197220.0,196295.0,196755.0,769794,2259594
2026-04-13 07:00:00,196750.0,197405.0,196435.0,196925.0,1234085,3775777
2026-04-13 08:00:00,196920.0,197170.0,196710.0,196885.0,734088,2361460
2026-04-13 09:00:00,196885.0,196900.0,196380.0,196840.0,482742,1665504
2026-04-13 10:00:00,196835.0,197655.0,196810.0,197405.0,693280,2455029
2026-04-13 11:00:00,197405.0,198235.0,197350.0,198165.0,496848,1750982
2026-04-13 12:00:00,198165.0,198355.0,197850.0,198200.0,408887,1599589
2026-04-13 13:00:00,198200.0,198465.0,198045.0,198335.0,339395,1375827
2026-04-13 14:00:00,198335.0,198405.0,197950.0,198175.0,203631,728764
2026-04-13 15:00:00,198175.0,198240.0,197915.0,197915.0,64059,171603
2026-04-14 06:00:00,198655.0,199200.0,198105.0,198725.0,925122,2691630
2026-04-14 07:00:00,198720.0,199415.0,198170.0,199305.0,1175274,3596513
2026-04-14 08:00:00,199310.0,199570.0,198810.0,198835.0,722579,2388685
2026-04-14 09:00:00,198835.0,199035.0,198410.0,198580.0,521670,1787372
2026-04-14 10:00:00,198580.0,198875.0,198450.0,198750.0,345926,1250798
2026-04-14 11:00:00,198755.0,199165.0,198670.0,198780.0,372934,1350344
2026-04-14 12:00:00,198780.0,198945.0,198450.0,198715.0,322056,1194031
2026-04-14 13:00:00,198715.0,199160.0,198715.0,199025.0,316149,1154017
2026-04-14 14:00:00,199025.0,199065.0,198555.0,198685.0,174544,553690
2026-04-14 15:00:00,198685.0,198770.0,198470.0,198470.0,44231,121591
2026-04-15 06:00:00,202885.0,203005.0,201860.0,202235.0,792360,2262453
2026-04-15 07:00:00,202235.0,203495.0,201870.0,202630.0,1197589,3655558
2026-04-15 08:00:00,202635.0,202770.0,201635.0,201900.0,659715,2096819
2026-04-15 09:00:00,201900.0,202195.0,201515.0,201655.0,411380,1359690
2026-04-15 10:00:00,201655.0,201800.0,201210.0,201445.0,318546,1138256
2026-04-15 11:00:00,201450.0,201750.0,201350.0,201670.0,299963,1128133
2026-04-15 12:00:00,201670.0,202500.0,201475.0,202275.0,382476,1451121
2026-04-15 13:00:00,202275.0,202320.0,201605.0,201810.0,306942,1189361
2026-04-15 14:00:00,201810.0,202000.0,201715.0,201815.0,167207,622194
2026-04-15 15:00:00,201820.0,201930.0,201720.0,201720.0,33135,117599
2026-04-16 06:00:00,202065.0,202975.0,202005.0,202785.0,911831,2770958
2026-04-16 07:00:00,202785.0,202835.0,201360.0,201545.0,1286918,3915190
2026-04-16 08:00:00,201545.0,201770.0,200640.0,200805.0,795114,2685287
2026-04-16 09:00:00,200800.0,201560.0,200785.0,201480.0,520285,1808147
2026-04-16 10:00:00,201485.0,201655.0,200885.0,201140.0,369872,1361580
2026-04-16 11:00:00,201140.0,201175.0,200600.0,200765.0,333831,1225184
2026-04-16 12:00:00,200760.0,201075.0,200535.0,200660.0,353439,1315764
2026-04-16 13:00:00,200660.0,201025.0,200640.0,200930.0,277843,1004354
2026-04-16 14:00:00,200930.0,201140.0,200820.0,200930.0,136661,476334
2026-04-16 15:00:00,200925.0,200970.0,200705.0,200750.0,36399,122532
2026-04-17 06:00:00,201525.0,203195.0,201165.0,202955.0,1085265,3117587
2026-04-17 07:00:00,202960.0,203470.0,201270.0,201745.0,1301169,4040178
2026-04-17 08:00:00,201745.0,201765.0,199565.0,200130.0,931935,3212450
2026-04-17 09:00:00,200130.0,200550.0,199780.0,200270.0,527772,1832059
2026-04-17 10:00:00,200265.0,200590.0,200075.0,200490.0,311417,1178525
2026-04-17 11:00:00,200485.0,200620.0,200115.0,200485.0,363709,1406242
2026-04-17 12:00:00,200485.0,200505.0,199345.0,199770.0,376724,1474067
2026-04-17 13:00:00,199765.0,199985.0,199580.0,199605.0,291083,1182487
2026-04-17 14:00:00,199605.0,200220.0,199600.0,199910.0,194441,719995
2026-04-17 15:00:00,199910.0,199960.0,199500.0,199650.0,56422,168340
2026-04-20 06:00:00,199660.0,200300.0,199290.0,200180.0,761754,2219128
2026-04-20 07:00:00,200180.0,200745.0,199490.0,199830.0,1153151,3559148
2026-04-20 08:00:00,199830.0,200580.0,199175.0,200210.0,846621,2773336
2026-04-20 09:00:00,200215.0,200740.0,199940.0,200655.0,466937,1560938
2026-04-20 10:00:00,200655.0,200785.0,200255.0,200275.0,300086,1069008
2026-04-20 11:00:00,200270.0,200455.0,199885.0,200055.0,312015,1150983
2026-04-20 12:00:00,200055.0,200385.0,200000.0,200095.0,284520,1041869
2026-04-20 13:00:00,200090.0,200345.0,199930.0,200280.0,256330,992914
2026-04-20 14:00:00,200280.0,200305.0,200040.0,200135.0,119609,439597
2026-04-20 15:00:00,200135.0,200430.0,200115.0,200430.0,27591,103054
2026-04-22 06:00:00,200550.0,200660.0,198590.0,198950.0,1150895,3386834
2026-04-22 07:00:00,198950.0,199765.0,198000.0,198610.0,1242469,3954554
2026-04-22 08:00:00,198615.0,198865.0,197020.0,197470.0,874829,2902301
2026-04-22 09:00:00,197465.0,197530.0,196990.0,197410.0,409889,1494473
2026-04-22 10:00:00,197410.0,197510.0,196540.0,196745.0,440975,1644075
2026-04-22 11:00:00,196745.0,197065.0,196580.0,196740.0,368113,1361334
2026-04-22 12:00:00,196735.0,196960.0,196575.0,196690.0,256424,982224
2026-04-22 13:00:00,196690.0,196765.0,196365.0,196605.0,335728,1307369
2026-04-22 14:00:00,196605.0,196705.0,196430.0,196490.0,147521,524335
2026-04-22 15:00:00,196490.0,196515.0,196120.0,196135.0,90958,229750
2026-04-23 06:00:00,196275.0,196630.0,195965.0,196385.0,830996,2343946
2026-04-23 07:00:00,196385.0,197040.0,195620.0,196160.0,1159873,3702777
2026-04-23 08:00:00,196160.0,196480.0,195780.0,195975.0,734938,2461457
2026-04-23 09:00:00,195980.0,196310.0,195640.0,195740.0,503355,1777778
2026-04-23 10:00:00,195740.0,196420.0,195420.0,196200.0,422254,1588362
2026-04-23 11:00:00,196200.0,196250.0,194425.0,195515.0,1025691,3667441
2026-04-23 12:00:00,195515.0,195930.0,195425.0,195575.0,469428,1707131
2026-04-23 13:00:00,195570.0,195620.0,194905.0,195155.0,367368,1403910
2026-04-23 14:00:00,195155.0,195185.0,194740.0,194870.0,157502,547309
2026-04-23 15:00:00,194875.0,194875.0,194520.0,194520.0,65162,166006
2026-04-24 06:00:00,195330.0,195430.0,194135.0,194640.0,836931,2576098
2026-04-24 07:00:00,194645.0,195025.0,193550.0,194655.0,1142029,3787989
2026-04-24 08:00:00,194660.0,194675.0,193440.0,193775.0,767459,2673810
2026-04-24 09:00:00,193775.0,194250.0,193520.0,194045.0,512697,1837821
2026-04-24 10:00:00,194045.0,194065.0,193430.0,193690.0,348239,1265117
2026-04-24 11:00:00,193690.0,194065.0,193485.0,193860.0,313394,1164406
2026-04-24 12:00:00,193855.0,194240.0,193630.0,194195.0,308196,1132912
2026-04-24 13:00:00,194195.0,194295.0,193845.0,194165.0,293656,1112743
2026-04-24 14:00:00,194160.0,194440.0,194110.0,194350.0,159598,570084
2026-04-24 15:00:00,194345.0,194565.0,194320.0,194355.0,40593,129014
2026-04-27 06:00:00,194760.0,195245.0,194315.0,194485.0,850292,2419111
2026-04-27 07:00:00,194485.0,194800.0,193835.0,194435.0,1176016,3849852
2026-04-27 08:00:00,194435.0,194725.0,193440.0,193515.0,712725,2458633
2026-04-27 09:00:00,193520.0,193850.0,193335.0,193815.0,457905,1654014
2026-04-27 10:00:00,193815.0,193825.0,193250.0,193370.0,324384,1213352
2026-04-27 11:00:00,193370.0,193715.0,193085.0,193595.0,363298,1407925
2026-04-27 12:00:00,193595.0,193760.0,193310.0,193360.0,279301,1066069
2026-04-27 13:00:00,193360.0,193450.0,192930.0,192965.0,301228,1178900
2026-04-27 14:00:00,192970.0,193025.0,192745.0,192790.0,151435,563358
2026-04-27 15:00:00,192790.0,192845.0,192600.0,192755.0,46732,139900
2026-04-28 06:00:00,192075.0,192195.0,191210.0,191455.0,918579,2741986
2026-04-28 07:00:00,191455.0,191915.0,190550.0,191450.0,1162414,3790106
2026-04-28 08:00:00,191445.0,191790.0,190640.0,191085.0,851082,2958286
2026-04-28 09:00:00,191080.0,191860.0,191065.0,191815.0,484525,1839520
2026-04-28 10:00:00,191820.0,192095.0,191635.0,191990.0,316755,1218353
2026-04-28 11:00:00,191990.0,192310.0,191735.0,192070.0,331493,1303623
2026-04-28 12:00:00,192070.0,192180.0,191745.0,191800.0,311698,1293702
2026-04-28 13:00:00,191800.0,192005.0,191670.0,191820.0,254044,1037423
2026-04-28 14:00:00,191825.0,191960.0,191765.0,191895.0,126558,508213
2026-04-28 15:00:00,191895.0,191940.0,191645.0,191890.0,56264,181786
2026-04-29 06:00:00,191670.0,191695.0,190640.0,190705.0,802652,2299512
2026-04-29 07:00:00,190705.0,190800.0,189480.0,189555.0,1049214,3538601
2026-04-29 08:00:00,189560.0,189940.0,189300.0,189930.0,596668,2201664
2026-04-29 09:00:00,189930.0,189985.0,188685.0,188925.0,579017,2257521
2026-04-29 10:00:00,188925.0,189155.0,188755.0,188870.0,309533,1246072
2026-04-29 11:00:00,188870.0,188950.0,188510.0,188775.0,300744,1161759
2026-04-29 12:00:00,188775.0,188805.0,187880.0,188210.0,562675,2015962
2026-04-29 13:00:00,188205.0,188265.0,187495.0,187720.0,358797,1447518
2026-04-29 14:00:00,187725.0,187905.0,187200.0,187260.0,232214,924047
2026-04-29 15:00:00,187255.0,187265.0,186865.0,186900.0,57436,197842
2026-04-30 06:00:00,188500.0,189225.0,188305.0,188910.0,757387,2295935
2026-04-30 07:00:00,188905.0,189990.0,188810.0,189865.0,1010912,3276322
2026-04-30 08:00:00,189860.0,190310.0,189315.0,190010.0,770512,2768130
2026-04-30 09:00:00,190010.0,190350.0,189805.0,190180.0,395420,1466203
2026-04-30 10:00:00,190185.0,190325.0,189870.0,190130.0,312937,1177911
2026-04-30 11:00:00,190130.0,190535.0,190120.0,190365.0,288689,1142786
2026-04-30 12:00:00,190370.0,190775.0,190360.0,190690.0,232548,985457
2026-04-30 13:00:00,190685.0,191035.0,190670.0,190715.0,274552,1185761
2026-04-30 14:00:00,190720.0,190780.0,190100.0,190135.0,199599,820478
2026-04-30 15:00:00,190130.0,190215.0,189960.0,189980.0,36257,137153
2026-05-04 06:00:00,189490.0,190870.0,189490.0,190285.0,845484,2822334
2026-05-04 07:00:00,190280.0,190700.0,189685.0,189930.0,1060500,3417210
2026-05-04 08:00:00,189930.0,190440.0,189545.0,189630.0,701806,2543265
2026-05-04 09:00:00,189630.0,189975.0,188760.0,189030.0,642627,2525106
2026-05-04 10:00:00,189025.0,189175.0,188415.0,188485.0,439266,1755866
2026-05-04 11:00:00,188490.0,188895.0,188395.0,188610.0,321842,1311851
2026-05-04 12:00:00,188605.0,188815.0,188390.0,188620.0,311423,1295090
2026-05-04 13:00:00,188615.0,188790.0,188355.0,188380.0,269252,1167391
2026-05-04 14:00:00,188380.0,188485.0,188195.0,188355.0,135316,541272
2026-05-04 15:00:00,188350.0,188580.0,188335.0,188580.0,61057,175682
2026-05-05 06:00:00,189525.0,189600.0,188040.0,188155.0,913587,2722277
2026-05-05 07:00:00,188155.0,189375.0,188080.0,189010.0,1295584,4306001
2026-05-05 08:00:00,189010.0,189450.0,188600.0,189335.0,774566,2661751
2026-05-05 09:00:00,189340.0,190225.0,189065.0,190150.0,493056,1841520
2026-05-05 10:00:00,190155.0,190245.0,189320.0,189370.0,314983,1257664
2026-05-05 11:00:00,189370.0,189495.0,189040.0,189315.0,347499,1488763
2026-05-05 12:00:00,189315.0,189730.0,189275.0,189660.0,304282,1263766
2026-05-05 13:00:00,189655.0,189725.0,189300.0,189350.0,250091,1039062
2026-05-05 14:00:00,189360.0,189650.0,189340.0,189465.0,147071,540793
2026-05-05 15:00:00,189465.0,189615.0,189345.0,189400.0,55894,151154
2026-05-06 06:00:00,191440.0,192560.0,191000.0,191390.0,1146629,3438302
2026-05-06 07:00:00,191390.0,191530.0,190145.0,190200.0,1256432,4247420
2026-05-06 08:00:00,190195.0,191130.0,189635.0,190485.0,881732,3180161
2026-05-06 09:00:00,190490.0,190940.0,190195.0,190710.0,488795,1692554
2026-05-06 10:00:00,190710.0,191115.0,190440.0,190540.0,396925,1462678
2026-05-06 11:00:00,190545.0,191010.0,190145.0,190305.0,360041,1368312
2026-05-06 12:00:00,190300.0,190740.0,190230.0,190715.0,288349,1073529
2026-05-06 13:00:00,190720.0,191010.0,190435.0,190590.0,334978,1399342
2026-05-06 14:00:00,190590.0,190660.0,189870.0,190000.0,188877,732925
2026-05-06 15:00:00,190000.0,190080.0,189955.0,190000.0,37743,119480
2026-05-07 06:00:00,190300.0,190575.0,189200.0,189625.0,984626,3008115
2026-05-07 07:00:00,189625.0,189685.0,186430.0,186590.0,1489175,4753279
2026-05-07 08:00:00,186585.0,187045.0,186280.0,186950.0,718418,2575737
2026-05-07 09:00:00,186950.0,187230.0,186360.0,186490.0,527114,1999450
2026-05-07 10:00:00,186485.0,186765.0,186160.0,186250.0,402894,1560604
2026-05-07 11:00:00,186250.0,186440.0,185430.0,186145.0,585198,2240794
2026-05-07 12:00:00,186145.0,186380.0,185815.0,186065.0,440353,1653809
2026-05-07 13:00:00,186060.0,186115.0,185385.0,185605.0,348244,1327318
2026-05-07 14:00:00,185605.0,185840.0,185360.0,185495.0,215482,725988
2026-05-07 15:00:00,185500.0,185525.0,185180.0,185260.0,63741,174863
2026-05-08 06:00:00,186000.0,187850.0,185800.0,187730.0,1016322,3089496
2026-05-08 07:00:00,187730.0,188255.0,187210.0,187595.0,1237617,4024618
2026-05-08 08:00:00,187595.0,188065.0,187035.0,187590.0,796369,2730148
2026-05-08 09:00:00,187590.0,187650.0,187005.0,187105.0,467692,1602588
2026-05-08 10:00:00,187100.0,187515.0,187090.0,187140.0,320582,1178713
2026-05-08 11:00:00,187145.0,187320.0,186890.0,187080.0,302105,1131323
2026-05-08 12:00:00,187085.0,187485.0,187005.0,187175.0,311292,1171726
2026-05-08 13:00:00,187180.0,187305.0,186700.0,186925.0,263224,1048136
2026-05-08 14:00:00,186925.0,187130.0,186635.0,186995.0,151666,612569
2026-05-08 15:00:00,187000.0,187190.0,186855.0,187190.0,51364,157064
2026-05-11 06:00:00,187400.0,187400.0,185670.0,185920.0,930866,2725455
2026-05-11 07:00:00,185920.0,186955.0,185460.0,185655.0,1380844,4379078
2026-05-11 08:00:00,185650.0,185755.0,184840.0,184965.0,858748,3043938
2026-05-11 09:00:00,184965.0,185055.0,184525.0,184655.0,473450,1698064
2026-05-11 10:00:00,184655.0,184660.0,184040.0,184495.0,418282,1586575
2026-05-11 11:00:00,184490.0,184610.0,184180.0,184395.0,339616,1322414
2026-05-11 12:00:00,184400.0,184675.0,184205.0,184445.0,321739,1251885
2026-05-11 13:00:00,184450.0,184475.0,183940.0,184365.0,350069,1395786
2026-05-11 14:00:00,184370.0,184450.0,184165.0,184365.0,146567,515068
2026-05-11 15:00:00,184365.0,184965.0,184310.0,184600.0,71899,208545
2026-05-12 06:00:00,183800.0,183935.0,183115.0,183545.0,937493,2716121
2026-05-12 07:00:00,183540.0,184090.0,182520.0,183470.0,1392565,4402103
2026-05-12 08:00:00,183470.0,183645.0,182205.0,182480.0,883798,2972953
2026-05-12 09:00:00,182480.0,182880.0,182145.0,182445.0,470547,1705517
2026-05-12 10:00:00,182445.0,182600.0,182160.0,182330.0,338055,1308412
2026-05-12 11:00:00,182330.0,182775.0,182280.0,182350.0,364481,1385406
2026-05-12 12:00:00,182350.0,182965.0,182170.0,182670.0,371947,1463048
2026-05-12 13:00:00,182665.0,183185.0,182660.0,182775.0,360901,1456312
2026-05-12 14:00:00,182775.0,182880.0,182585.0,182855.0,133393,503560
2026-05-12 15:00:00,182855.0,182960.0,182700.0,182770.0,54822,151815
2026-05-13 06:00:00,182750.0,182900.0,181560.0,182075.0,832948,2498825
2026-05-13 07:00:00,182075.0,182440.0,180825.0,181955.0,1184932,3939597
2026-05-13 08:00:00,181950.0,182565.0,181805.0,182350.0,660009,2268332
2026-05-13 09:00:00,182350.0,182560.0,182155.0,182465.0,371709,1407471
2026-05-13 10:00:00,182465.0,182740.0,182080.0,182105.0,364969,1437402
2026-05-13 11:00:00,182105.0,182125.0,180385.0,180575.0,511041,2094015
2026-05-13 12:00:00,180575.0,180860.0,178790.0,179595.0,955125,3170982
2026-05-13 13:00:00,179590.0,179670.0,178890.0,179170.0,416516,1438179
2026-05-13 14:00:00,179170.0,179350.0,178845.0,179230.0,218367,743911
2026-05-13 15:00:00,179225.0,179260.0,178935.0,179105.0,49170,144668
2026-05-14 06:00:00,179055.0,180785.0,179055.0,180680.0,865548,2581187
2026-05-14 07:00:00,180675.0,180865.0,179705.0,180105.0,1175378,3782584
2026-05-14 08:00:00,180105.0,181110.0,180035.0,180960.0,790598,2739140
2026-05-14 09:00:00,180965.0,181185.0,180845.0,181070.0,375599,1451887
2026-05-14 10:00:00,181070.0,181220.0,180725.0,181020.0,345602,1338791
2026-05-14 11:00:00,181025.0,181550.0,181000.0,181125.0,386862,1456104
2026-05-14 12:00:00,181120.0,181135.0,180435.0,180550.0,377431,1472250
2026-05-14 13:00:00,180555.0,180815.0,180375.0,180490.0,305994,1240918
2026-05-14 14:00:00,180485.0,180745.0,180385.0,180635.0,145535,525760
2026-05-14 15:00:00,180645.0,180720.0,180510.0,180675.0,49649,140745
2026-05-15 06:00:00,179000.0,179270.0,177460.0,177505.0,1027687,3021443
2026-05-15 07:00:00,177510.0,178150.0,177220.0,177825.0,1051352,3441055
2026-05-15 08:00:00,177825.0,178935.0,177530.0,178105.0,850804,2917653
2026-05-15 09:00:00,178100.0,178690.0,178095.0,178475.0,436769,1574753
2026-05-15 10:00:00,178470.0,178960.0,178335.0,178725.0,333796,1227213
2026-05-15 11:00:00,178725.0,179025.0,178615.0,178955.0,323121,1190901
2026-05-15 12:00:00,178960.0,179135.0,178335.0,178615.0,422317,1593668
2026-05-15 13:00:00,178610.0,179405.0,178440.0,179280.0,360680,1339874
2026-05-15 14:00:00,179275.0,179305.0,178840.0,179210.0,193734,677395
2026-05-15 15:00:00,179210.0,179425.0,179055.0,179360.0,32185,113366
2026-05-18 06:00:00,179000.0,179550.0,178050.0,178395.0,1055788,2975656
2026-05-18 07:00:00,178400.0,178955.0,177845.0,178705.0,1109191,3636562
2026-05-18 08:00:00,178700.0,178785.0,177830.0,178490.0,727868,2486633
2026-05-18 09:00:00,178490.0,178920.0,178210.0,178740.0,462537,1678020
2026-05-18 10:00:00,178740.0,178920.0,178400.0,178725.0,359937,1307284
2026-05-18 11:00:00,178730.0,178780.0,178220.0,178270.0,300207,1122095
2026-05-18 12:00:00,178270.0,178280.0,177580.0,177710.0,418654,1663362
2026-05-18 13:00:00,177710.0,179190.0,177660.0,179165.0,553405,2035489
2026-05-18 14:00:00,179165.0,179310.0,178890.0,179220.0,203100,718018
2026-05-18 15:00:00,179225.0,179530.0,179185.0,179530.0,56335,160246
2026-05-19 06:00:00,178560.0,178700.0,176425.0,176530.0,955560,3187301
2026-05-19 07:00:00,176535.0,177280.0,175200.0,177155.0,1278007,4677361
2026-05-19 08:00:00,177160.0,177720.0,176130.0,176380.0,915945,3293538
2026-05-19 09:00:00,176385.0,176655.0,176040.0,176275.0,503834,1872603
2026-05-19 10:00:00,176275.0,177085.0,175945.0,176960.0,494369,1883722
2026-05-19 11:00:00,176965.0,177020.0,176390.0,176460.0,397561,1512011
2026-05-19 12:00:00,176460.0,176500.0,175775.0,175900.0,417601,1566359
2026-05-19 13:00:00,175895.0,175930.0,175485.0,175685.0,351519,1384091
2026-05-19 14:00:00,175685.0,176230.0,175650.0,176195.0,186274,688515
2026-05-19 15:00:00,176190.0,176555.0,176175.0,176465.0,62401,186607
2026-05-20 06:00:00,176465.0,177520.0,176180.0,176800.0,801187,2275699
2026-05-20 07:00:00,176800.0,179095.0,176705.0,178920.0,1137934,4026724
2026-05-20 08:00:00,178925.0,179315.0,177830.0,178670.0,919651,3277859
2026-05-20 09:00:00,178675.0,179665.0,178600.0,179025.0,588492,2164198
2026-05-20 10:00:00,179025.0,179765.0,178985.0,179695.0,365129,1380622
2026-05-20 11:00:00,179700.0,179945.0,179410.0,179480.0,317791,1271778
2026-05-20 12:00:00,179475.0,179835.0,179355.0,179705.0,260132,1081858
2026-05-20 13:00:00,179700.0,179890.0,179215.0,179305.0,277962,1164390
2026-05-20 14:00:00,179300.0,179305.0,178745.0,178805.0,184626,725216
2026-05-20 15:00:00,178805.0,178890.0,178455.0,178650.0,53699,165498
2026-05-21 06:00:00,178060.0,178855.0,177415.0,177865.0,915982,2754979
2026-05-21 07:00:00,177860.0,178810.0,177305.0,178345.0,1055018,3709580
2026-05-21 08:00:00,178345.0,178430.0,177625.0,178045.0,656816,2327382
2026-05-21 09:00:00,178040.0,178420.0,177825.0,178240.0,394690,1495101
2026-05-21 10:00:00,178235.0,178595.0,178210.0,178425.0,297433,1136951
2026-05-21 11:00:00,178425.0,180355.0,178425.0,179665.0,767493,3010642
2026-05-21 12:00:00,179670.0,179785.0,178675.0,178830.0,436038,1721927
2026-05-21 13:00:00,178835.0,179495.0,178825.0,179375.0,323109,1242655
2026-05-21 14:00:00,179370.0,179380.0,178905.0,179105.0,151922,589187
2026-05-21 15:00:00,179110.0,179140.0,178700.0,178700.0,73805,207282
2026-05-22 06:00:00,178495.0,178910.0,177675.0,178015.0,913768,2733853
2026-05-22 07:00:00,178020.0,178205.0,177365.0,178015.0,1055548,3527585
2026-05-22 08:00:00,178015.0,178025.0,176400.0,176420.0,710497,2591806
2026-05-22 09:00:00,176415.0,177165.0,176310.0,177030.0,409157,1502337
2026-05-22 10:00:00,177035.0,177505.0,176990.0,177450.0,305934,1127703
2026-05-22 11:00:00,177450.0,178240.0,177390.0,177850.0,421263,1613925
2026-05-22 12:00:00,177850.0,177975.0,177620.0,177885.0,252149,951494
2026-05-22 13:00:00,177880.0,178030.0,177530.0,177675.0,263887,1027926
2026-05-22 14:00:00,177680.0,178020.0,177580.0,177760.0,149801,537382
2026-05-22 15:00:00,177765.0,177915.0,177715.0,177745.0,41353,129655
2026-05-25 06:00:00,179270.0,180275.0,178570.0,178660.0,838569,2509416
2026-05-25 07:00:00,178660.0,178795.0,178080.0,178170.0,708757,2287155
2026-05-25 08:00:00,178175.0,178410.0,178010.0,178175.0,357858,1253689
2026-05-25 09:00:00,178175.0,178495.0,178030.0,178225.0,333684,1229851
2026-05-25 10:00:00,178230.0,178460.0,177845.0,178410.0,292549,1085020
2026-05-25 11:00:00,178415.0,178910.0,178355.0,178735.0,288642,1038153
2026-05-25 12:00:00,178735.0,179130.0,178680.0,179110.0,250206,942031
2026-05-25 13:00:00,179105.0,179185.0,178700.0,179175.0,271267,992475
2026-05-25 14:00:00,179170.0,179475.0,179115.0,179370.0,168826,608120
2026-05-25 15:00:00,179370.0,179470.0,179290.0,179290.0,67845,180538
2026-05-26 06:00:00,178910.0,179235.0,178365.0,178635.0,961860,2921956
2026-05-26 07:00:00,178640.0,178930.0,176985.0,177265.0,1246759,4294385
2026-05-26 08:00:00,177260.0,177775.0,176780.0,177705.0,687101,2382926
2026-05-26 09:00:00,177705.0,177710.0,176865.0,177320.0,437193,1578211
2026-05-26 10:00:00,177325.0,177415.0,176765.0,177050.0,322329,1176520
2026-05-26 11:00:00,177050.0,177335.0,176900.0,177175.0,275759,1014990
2026-05-26 12:00:00,177170.0,177380.0,176960.0,177160.0,285356,1065318
2026-05-26 13:00:00,177155.0,177725.0,177055.0,177710.0,243438,978182
2026-05-26 14:00:00,177710.0,177990.0,177660.0,177980.0,166416,621534
2026-05-26 15:00:00,177975.0,177985.0,177660.0,177725.0,57145,162013
2026-05-27 06:00:00,177360.0,179655.0,177025.0,178935.0,1319900,4075285
2026-05-27 07:00:00,178935.0,179250.0,177595.0,178400.0,1212621,4106598
2026-05-27 08:00:00,178400.0,178440.0,177370.0,178245.0,739712,2627041
2026-05-27 09:00:00,178245.0,178415.0,177590.0,177880.0,505844,1863497
2026-05-27 10:00:00,177880.0,177970.0,177530.0,177580.0,275279,1036302
2026-05-27 11:00:00,177580.0,177630.0,176650.0,177155.0,360241,1384309
2026-05-27 12:00:00,177160.0,177445.0,176850.0,177090.0,308080,1254115
2026-05-27 13:00:00,177095.0,177250.0,176930.0,177085.0,216979,890096
2026-05-27 14:00:00,177080.0,177200.0,176880.0,176995.0,136646,504680
2026-05-27 15:00:00,176995.0,177030.0,176770.0,176875.0,52409,156081
2026-05-28 06:00:00,175870.0,177600.0,175695.0,177115.0,946335,2751840
2026-05-28 07:00:00,177115.0,177680.0,175715.0,176780.0,1176912,4010390
2026-05-28 08:00:00,176775.0,177990.0,176465.0,176850.0,878435,3021762
2026-05-28 09:00:00,176855.0,177145.0,176630.0,176715.0,433083,1579366
2026-05-28 10:00:00,176715.0,177100.0,176560.0,177005.0,309392,1198958
2026-05-28 11:00:00,177005.0,177250.0,176610.0,177190.0,322202,1272292
2026-05-28 12:00:00,177195.0,177225.0,176470.0,176635.0,298734,1139446
2026-05-28 13:00:00,176635.0,176650.0,176210.0,176275.0,245695,968788
2026-05-28 14:00:00,176280.0,176305.0,175645.0,175700.0,201952,746241
2026-05-28 15:00:00,175700.0,175785.0,175450.0,175550.0,67051,188822
2026-05-29 06:00:00,176000.0,176370.0,175505.0,175735.0,1050185,3096818
2026-05-29 07:00:00,175740.0,176095.0,173905.0,174370.0,1461040,4917274
2026-05-29 08:00:00,174370.0,174640.0,173675.0,174505.0,850649,3038665
2026-05-29 09:00:00,174500.0,175135.0,174205.0,174455.0,501072,1880823
2026-05-29 10:00:00,174455.0,174520.0,174225.0,174295.0,262898,1035050
2026-05-29 11:00:00,174290.0,175105.0,174280.0,174925.0,344537,1295657
2026-05-29 12:00:00,174925.0,175085.0,174715.0,174920.0,284420,1080321
2026-05-29 13:00:00,174920.0,175420.0,174805.0,175055.0,324234,1350776
2026-05-29 14:00:00,175055.0,175240.0,174815.0,174880.0,144657,526430
2026-05-29 15:00:00,174880.0,175165.0,174720.0,174755.0,41901,137943
2026-06-01 06:00:00,175280.0,176325.0,174845.0,175025.0,851491,2555515
2026-06-01 07:00:00,175030.0,175225.0,173030.0,173445.0,1223818,3890550
2026-06-01 08:00:00,173445.0,173985.0,172845.0,172940.0,791265,2709917
2026-06-01 09:00:00,172935.0,173690.0,172805.0,173230.0,459036,1622770
2026-06-01 10:00:00,173230.0,173560.0,172645.0,173535.0,414708,1562170
2026-06-01 11:00:00,173535.0,173790.0,173090.0,173345.0,449519,1692217
2026-06-01 12:00:00,173345.0,173475.0,173165.0,173330.0,263769,1019540
2026-06-01 13:00:00,173325.0,173655.0,173140.0,173260.0,276294,1100454
2026-06-01 14:00:00,173260.0,173380.0,172940.0,173055.0,176032,688531
2026-06-01 15:00:00,173055.0,173150.0,172805.0,172855.0,38226,149474
2026-06-02 06:00:00,173200.0,174300.0,173105.0,173975.0,1062013,3276494
2026-06-02 07:00:00,173975.0,174940.0,173715.0,174240.0,1289366,4319943
2026-06-02 08:00:00,174245.0,175855.0,173760.0,175395.0,991227,3567354
2026-06-02 09:00:00,175395.0,175795.0,175205.0,175675.0,406640,1526720
2026-06-02 10:00:00,175680.0,175690.0,175135.0,175205.0,297179,1158943
2026-06-02 11:00:00,175210.0,175255.0,174650.0,175020.0,402782,1599581
2026-06-02 12:00:00,175025.0,175790.0,175025.0,175475.0,342612,1345421
2026-06-02 13:00:00,175475.0,175540.0,175160.0,175250.0,248669,969918
2026-06-02 14:00:00,175245.0,175590.0,175015.0,175295.0,199792,785742
2026-06-02 15:00:00,175290.0,175340.0,175130.0,175230.0,42397,157710
2026-06-03 06:00:00,174615.0,174685.0,171690.0,172330.0,1140274,3445400
2026-06-03 07:00:00,172330.0,173070.0,171885.0,172685.0,1139467,4000053
2026-06-03 08:00:00,172680.0,172775.0,171540.0,172000.0,933297,3303414
2026-06-03 09:00:00,172000.0,172215.0,171365.0,171535.0,506370,1899627
2026-06-03 10:00:00,171535.0,171540.0,170885.0,171090.0,441525,1672501
2026-06-03 11:00:00,171085.0,171295.0,170755.0,170835.0,346554,1366433
2026-06-03 12:00:00,170840.0,171095.0,170650.0,170965.0,395316,1579877
2026-06-03 13:00:00,170970.0,171090.0,170720.0,170930.0,269553,1109055
2026-06-03 14:00:00,170930.0,171015.0,170805.0,170925.0,115937,469516
2026-06-03 15:00:00,170920.0,170940.0,170640.0,170725.0,40687,149004
2026-06-05 06:00:00,171095.0,171675.0,170565.0,170880.0,936091,2745468
2026-06-05 07:00:00,170885.0,171200.0,169945.0,170560.0,1299831,4240126
2026-06-05 08:00:00,170555.0,171055.0,170210.0,170735.0,693001,2398347
2026-06-05 09:00:00,170735.0,170965.0,169770.0,169850.0,525553,1893305
2026-06-05 10:00:00,169845.0,170040.0,169635.0,169825.0,383563,1398338
2026-06-05 11:00:00,169825.0,170200.0,169545.0,170020.0,351727,1329573
2026-06-05 12:00:00,170015.0,170470.0,169685.0,169980.0,429148,1663594
2026-06-05 13:00:00,169980.0,170000.0,169500.0,169615.0,373967,1389786
2026-06-05 14:00:00,169610.0,169630.0,169075.0,169355.0,227466,815449
2026-06-05 15:00:00,169355.0,169525.0,169255.0,169520.0,36958,109755
2026-06-08 06:00:00,170360.0,170375.0,169195.0,169575.0,1028299,3106174
2026-06-08 07:00:00,169575.0,170230.0,169100.0,169225.0,1184042,3930141
2026-06-08 08:00:00,169225.0,169945.0,168790.0,169790.0,822982,2845047
2026-06-08 09:00:00,169785.0,169910.0,169170.0,169275.0,507770,1863205
2026-06-08 10:00:00,169270.0,169290.0,168860.0,168890.0,301137,1078850
2026-06-08 11:00:00,168890.0,169060.0,168635.0,169040.0,373203,1385697
2026-06-08 12:00:00,169035.0,169285.0,168965.0,169160.0,330435,1279416
2026-06-08 13:00:00,169160.0,169250.0,168915.0,169025.0,283450,1155410
2026-06-08 14:00:00,169025.0,169345.0,169000.0,169225.0,140075,524296
2026-06-08 15:00:00,169220.0,169265.0,169100.0,169265.0,40923,120993
2026-06-09 06:00:00,169970.0,170770.0,169800.0,170400.0,1008260,3150000
2026-06-09 07:00:00,170405.0,170835.0,169725.0,170215.0,1311538,4527112
2026-06-09 08:00:00,170215.0,171205.0,169965.0,170485.0,1047015,3512118
2026-06-09 09:00:00,170485.0,170735.0,169505.0,169665.0,668055,2314840
2026-06-09 10:00:00,169655.0,170015.0,168710.0,169525.0,755612,2579063
2026-06-09 11:00:00,169525.0,170315.0,169475.0,169895.0,525350,1893897
2026-06-09 12:00:00,169895.0,170480.0,169815.0,170390.0,364689,1359115
2026-06-09 13:00:00,170395.0,170405.0,169705.0,170145.0,338252,1348885
2026-06-09 14:00:00,170145.0,170240.0,169990.0,170140.0,116448,445297
2026-06-09 15:00:00,170150.0,170265.0,170010.0,170060.0,41589,131317
2026-06-10 06:00:00,169265.0,169900.0,168585.0,169265.0,1051640,3111147
2026-06-10 07:00:00,169270.0,169640.0,168415.0,169420.0,1099050,3617278
2026-06-10 08:00:00,169420.0,169530.0,168390.0,168545.0,694743,2319595
2026-06-10 09:00:00,168540.0,169120.0,168470.0,168995.0,628413,2213234
2026-06-10 10:00:00,169000.0,169255.0,168805.0,169145.0,359132,1262320
2026-06-10 11:00:00,169145.0,169320.0,168750.0,168815.0,390400,1386301
2026-06-10 12:00:00,168820.0,168920.0,168610.0,168825.0,299753,987489
2026-06-10 13:00:00,168825.0,169195.0,168705.0,168935.0,280662,986539
2026-06-10 14:00:00,168940.0,168985.0,168700.0,168750.0,117420,425504
2026-06-10 15:00:00,168745.0,168835.0,168650.0,168750.0,33767,102477
2026-06-11 06:00:00,169900.0,170105.0,168910.0,169065.0,1170237,3401337
2026-06-11 07:00:00,169070.0,169800.0,168690.0,169325.0,1200148,3855508
2026-06-11 08:00:00,169325.0,169430.0,168810.0,168900.0,644119,2131263
2026-06-11 09:00:00,168895.0,169210.0,168780.0,168835.0,426266,1499924
2026-06-11 10:00:00,168840.0,169110.0,168710.0,168825.0,331802,1122214
2026-06-11 11:00:00,168820.0,170725.0,168505.0,170400.0,878491,3075789
2026-06-11 12:00:00,170400.0,170840.0,170090.0,170565.0,541478,1912177
2026-06-11 13:00:00,170565.0,172370.0,170560.0,171820.0,592756,2188150
2026-06-11 14:00:00,171825.0,172100.0,171600.0,171685.0,197107,677621
2026-06-11 15:00:00,171690.0,171935.0,171635.0,171825.0,63431,194057
2026-06-12 06:00:00,171895.0,172085.0,170050.0,170330.0,873701,2814395
2026-06-12 07:00:00,170330.0,172800.0,169890.0,172040.0,1551252,5210952
2026-06-12 08:00:00,172035.0,172440.0,171360.0,172145.0,795704,2712004
2026-06-12 09:00:00,172150.0,172475.0,171600.0,171640.0,509942,1793216
2026-06-12 10:00:00,171640.0,171900.0,171040.0,171355.0,457539,1693765
2026-06-12 11:00:00,171360.0,171580.0,171215.0,171295.0,358591,1351078
2026-06-12 12:00:00,171295.0,171520.0,171115.0,171240.0,310862,1180346
2026-06-12 13:00:00,171235.0,171535.0,171080.0,171275.0,276405,1129520
2026-06-12 14:00:00,171270.0,171435.0,171210.0,171310.0,87073,342337
2026-06-12 15:00:00,171310.0,171390.0,171150.0,171160.0,20691,84859
2026-06-15 06:00:00,171700.0,173760.0,171700.0,173715.0,971042,2799110
2026-06-15 07:00:00,173710.0,174465.0,173095.0,173955.0,1164413,3787041
2026-06-15 08:00:00,173955.0,173960.0,172455.0,172565.0,751000,2667256
2026-06-15 09:00:00,172565.0,172880.0,172415.0,172455.0,391446,1387256
2026-06-15 10:00:00,172455.0,172580.0,171660.0,171825.0,435939,1577676
2026-06-15 11:00:00,171820.0,171830.0,171160.0,171215.0,386735,1410731
2026-06-15 12:00:00,171220.0,171275.0,170515.0,170755.0,434708,1560415
2026-06-15 13:00:00,170755.0,170790.0,170450.0,170645.0,284184,1077296
2026-06-15 14:00:00,170640.0,170835.0,170560.0,170610.0,142606,533372
2026-06-15 15:00:00,170610.0,170625.0,170355.0,170370.0,56279,175700
2026-06-16 06:00:00,170975.0,170975.0,169440.0,169545.0,1215250,3641553
2026-06-16 07:00:00,169550.0,170065.0,169075.0,169515.0,1213054,3897450
2026-06-16 08:00:00,169515.0,170035.0,169080.0,169635.0,843364,2793706
2026-06-16 09:00:00,169640.0,169945.0,169350.0,169855.0,422496,1423406
2026-06-16 10:00:00,169860.0,170230.0,169720.0,169985.0,397472,1417771
2026-06-16 11:00:00,169985.0,170170.0,169790.0,169890.0,293905,1075482
2026-06-16 12:00:00,169890.0,169990.0,169535.0,169570.0,218528,839080
2026-06-16 13:00:00,169570.0,169800.0,169385.0,169575.0,237062,848822
2026-06-16 14:00:00,169575.0,169665.0,169235.0,169325.0,159900,486458
2026-06-16 15:00:00,169325.0,169470.0,169205.0,169470.0,45368,135827
2026-06-17 06:00:00,172820.0,173885.0,172360.0,173800.0,959477,2789723
2026-06-17 07:00:00,173800.0,175070.0,173570.0,174015.0,1295053,4012278
2026-06-17 08:00:00,174015.0,174920.0,173975.0,174550.0,742535,2434810
2026-06-17 09:00:00,174550.0,174715.0,174150.0,174585.0,373265,1249589
2026-06-17 10:00:00,174590.0,174950.0,174555.0,174935.0,251023,900415
2026-06-17 11:00:00,174935.0,175330.0,174410.0,174865.0,443600,1743277
2026-06-17 12:00:00,174870.0,174880.0,173100.0,173400.0,875770,3061390
2026-06-17 13:00:00,173400.0,173535.0,171160.0,171480.0,750998,2735844
2026-06-17 14:00:00,171475.0,171675.0,171300.0,171400.0,180196,635661
2026-06-17 15:00:00,171405.0,171545.0,171325.0,171480.0,24754,97009
2026-06-18 06:00:00,171800.0,171940.0,170230.0,171320.0,1045480,3072210
2026-06-18 07:00:00,171320.0,172470.0,171065.0,172070.0,1246615,4220149
2026-06-18 08:00:00,172065.0,172890.0,171910.0,172010.0,694725,2507068
2026-06-18 09:00:00,172005.0,172220.0,171490.0,171575.0,492692,1824381
2026-06-18 10:00:00,171575.0,171665.0,171150.0,171425.0,315996,1204851
2026-06-18 11:00:00,171425.0,171615.0,171200.0,171410.0,298577,1153847
2026-06-18 12:00:00,171415.0,171800.0,171080.0,171545.0,357757,1397867
2026-06-18 13:00:00,171545.0,171695.0,171285.0,171510.0,245289,991706
2026-06-18 14:00:00,171510.0,171790.0,171435.0,171755.0,96783,394412
2026-06-18 15:00:00,171755.0,172015.0,171715.0,172015.0,33630,120388
2026-06-19 06:00:00,171700.0,171735.0,170855.0,171455.0,764475,2414838
2026-06-19 07:00:00,171450.0,171945.0,170730.0,170765.0,890631,2931891
2026-06-19 08:00:00,170770.0,171670.0,170745.0,171530.0,533258,1826761
2026-06-19 09:00:00,171530.0,171735.0,171215.0,171300.0,264070,939682
2026-06-19 10:00:00,171305.0,171405.0,170975.0,171030.0,209278,752793
2026-06-19 11:00:00,171030.0,171920.0,171000.0,171765.0,256714,954941
2026-06-19 12:00:00,171765.0,171825.0,171580.0,171655.0,183951,684797
2026-06-19 13:00:00,171660.0,171705.0,171250.0,171350.0,204676,800492
2026-06-19 14:00:00,171350.0,171490.0,171255.0,171355.0,101760,404576
2026-06-19 15:00:00,171360.0,171925.0,171350.0,171645.0,27860,105587
2026-06-22 06:00:00,171590.0,171605.0,170210.0,171385.0,1006007,3012336
2026-06-22 07:00:00,171385.0,173480.0,171305.0,172885.0,1302531,4465166
2026-06-22 08:00:00,172890.0,173765.0,172670.0,173700.0,699354,2421445
2026-06-22 09:00:00,173705.0,173845.0,173200.0,173215.0,391286,1399457
2026-06-22 10:00:00,173215.0,173730.0,172960.0,173620.0,311206,1110074
2026-06-22 11:00:00,173615.0,173770.0,173170.0,173345.0,277228,1059377
2026-06-22 12:00:00,173345.0,173700.0,173335.0,173560.0,231568,942439
2026-06-22 13:00:00,173565.0,173890.0,173455.0,173510.0,264453,1045443
2026-06-22 14:00:00,173515.0,173695.0,173270.0,173665.0,133479,529709
2026-06-22 15:00:00,173665.0,173680.0,173455.0,173490.0,39998,116569
2026-06-23 06:00:00,172205.0,172685.0,171440.0,171685.0,911797,2605482
2026-06-23 07:00:00,171690.0,173100.0,171400.0,172865.0,1307555,4356625
2026-06-23 08:00:00,172870.0,174185.0,172790.0,173920.0,799327,2822182
2026-06-23 09:00:00,173920.0,174275.0,173475.0,173860.0,414557,1554909
2026-06-23 10:00:00,173860.0,174720.0,173825.0,174400.0,355981,1373810
2026-06-23 11:00:00,174400.0,174640.0,174205.0,174470.0,257713,989111
2026-06-23 12:00:00,174470.0,174610.0,174060.0,174170.0,260449,991090
2026-06-23 13:00:00,174170.0,174775.0,174145.0,174375.0,298613,1200177
2026-06-23 14:00:00,174375.0,174775.0,174245.0,174685.0,152836,606249
2026-06-23 15:00:00,174685.0,174940.0,174635.0,174800.0,63510,184212
2026-06-24 06:00:00,174500.0,174685.0,172810.0,172980.0,972895,2880003
2026-06-24 07:00:00,172985.0,174400.0,172210.0,173300.0,1435073,4630043
2026-06-24 08:00:00,173295.0,173660.0,172545.0,172950.0,722285,2460061
2026-06-24 09:00:00,172950.0,173455.0,172765.0,173100.0,456786,1654711
2026-06-24 10:00:00,173095.0,173480.0,172910.0,173170.0,303298,1121099
2026-06-24 11:00:00,173170.0,173315.0,172615.0,172950.0,348304,1332316
2026-06-24 12:00:00,172945.0,173545.0,172945.0,173420.0,312805,1176945
2026-06-24 13:00:00,173420.0,173710.0,173255.0,173505.0,280248,1055172
2026-06-24 14:00:00,173500.0,174195.0,173450.0,174145.0,176412,625828
2026-06-24 15:00:00,174150.0,174520.0,174125.0,174250.0,55437,187500
2026-06-25 06:00:00,174310.0,175245.0,173755.0,174480.0,1123890,3162643
2026-06-25 07:00:00,174475.0,175815.0,173860.0,174270.0,1198290,3824432
2026-06-25 08:00:00,174270.0,176275.0,174255.0,175510.0,791036,2668579
2026-06-25 09:00:00,175510.0,176115.0,175260.0,175865.0,405841,1365282
2026-06-25 10:00:00,175870.0,176235.0,175435.0,175630.0,327041,1166604
2026-06-25 11:00:00,175630.0,175750.0,175115.0,175415.0,290123,973156
2026-06-25 12:00:00,175410.0,175445.0,174825.0,175120.0,367930,1303753
2026-06-25 13:00:00,175125.0,175200.0,174735.0,174850.0,227390,803550
2026-06-25 14:00:00,174850.0,175090.0,174825.0,174865.0,117630,383539
2026-06-25 15:00:00,174860.0,174885.0,174650.0,174650.0,34216,105477
2026-06-26 06:00:00,174000.0,175560.0,173765.0,174585.0,944030,2849909
2026-06-26 07:00:00,174590.0,174705.0,173795.0,174550.0,1135199,3604769
2026-06-26 08:00:00,174550.0,175900.0,174300.0,175645.0,840415,2950799
2026-06-26 09:00:00,175645.0,176520.0,175635.0,176450.0,545121,2027476
2026-06-26 10:00:00,176455.0,176700.0,176200.0,176395.0,332962,1269054
2026-06-26 11:00:00,176400.0,176790.0,176365.0,176660.0,330217,1253424
2026-06-26 12:00:00,176655.0,176920.0,176330.0,176415.0,317530,1256241
2026-06-26 13:00:00,176415.0,176510.0,176110.0,176200.0,288247,1155554
2026-06-26 14:00:00,176200.0,176590.0,176105.0,176345.0,192286,789276
2026-06-26 15:00:00,176340.0,176485.0,176170.0,176290.0,45367,172655
2026-06-29 06:00:00,177200.0,177205.0,175590.0,176310.0,990382,3028905
2026-06-29 07:00:00,176315.0,176680.0,174980.0,175840.0,1136071,3662918
2026-06-29 08:00:00,175835.0,176285.0,175285.0,175765.0,693924,2183579
2026-06-29 09:00:00,175765.0,175850.0,175275.0,175325.0,303573,1069603
2026-06-29 10:00:00,175325.0,176240.0,175260.0,176005.0,279520,960341
2026-06-29 11:00:00,176005.0,176185.0,175910.0,176060.0,148364,493668
2026-06-29 12:00:00,176060.0,176410.0,176050.0,176245.0,165280,558452
2026-06-29 13:00:00,176240.0,176270.0,175775.0,175850.0,197501,683087
2026-06-29 14:00:00,175855.0,176095.0,175805.0,175935.0,113284,388843
2026-06-29 15:00:00,175935.0,176000.0,175760.0,175760.0,41653,121595
2026-06-30 06:00:00,175910.0,176140.0,174330.0,174675.0,1322180,3710739
2026-06-30 07:00:00,174670.0,174685.0,173025.0,173805.0,1317086,3997272
2026-06-30 08:00:00,173810.0,174795.0,173495.0,174110.0,848650,2896399
2026-06-30 09:00:00,174110.0,174725.0,174030.0,174675.0,438625,1570578
2026-06-30 10:00:00,174675.0,175160.0,174640.0,174745.0,345049,1301678
2026-06-30 11:00:00,174750.0,175445.0,174665.0,175375.0,353678,1380209
2026-06-30 12:00:00,175380.0,175385.0,174910.0,175025.0,292532,1138243
2026-06-30 13:00:00,175025.0,175090.0,174730.0,174805.0,244792,952758
2026-06-30 14:00:00,174810.0,174870.0,174540.0,174720.0,124780,435845
2026-06-30 15:00:00,174720.0,174725.0,174565.0,174590.0,37858,113421
2026-07-01 06:00:00,174005.0,174230.0,172190.0,172385.0,1145315,3070283
2026-07-01 07:00:00,172385.0,174270.0,172050.0,173830.0,1324264,4266067
2026-07-01 08:00:00,173830.0,174480.0,173660.0,173705.0,699074,2417214
2026-07-01 09:00:00,173705.0,174540.0,173465.0,174270.0,459217,1597099
2026-07-01 10:00:00,174265.0,174640.0,174210.0,174355.0,271109,938517
2026-07-01 11:00:00,174360.0,174685.0,174005.0,174145.0,292876,1003521
2026-07-01 12:00:00,174145.0,174310.0,173915.0,174105.0,233979,819081
2026-07-01 13:00:00,174105.0,174565.0,174000.0,174280.0,271223,964663
2026-07-01 14:00:00,174280.0,174645.0,174105.0,174545.0,138339,503814
2026-07-01 15:00:00,174540.0,174585.0,174430.0,174530.0,35601,115366
2026-07-02 06:00:00,174560.0,176655.0,173910.0,175745.0,1303849,3531449
2026-07-02 07:00:00,175745.0,177055.0,175070.0,175925.0,1359011,4315070
2026-07-02 08:00:00,175925.0,176180.0,174630.0,174945.0,838131,2814870
2026-07-02 09:00:00,174945.0,175115.0,174240.0,174745.0,485428,1644739
2026-07-02 10:00:00,174740.0,175000.0,174475.0,174530.0,335902,1206048
2026-07-02 11:00:00,174525.0,174815.0,174515.0,174595.0,250967,914290
2026-07-02 12:00:00,174595.0,175305.0,174500.0,175225.0,307753,1135841
2026-07-02 13:00:00,175225.0,175295.0,174695.0,175280.0,250877,951949
2026-07-02 14:00:00,175285.0,175420.0,175120.0,175290.0,128854,460881
2026-07-02 15:00:00,175295.0,175355.0,175105.0,175175.0,36827,115577
2026-07-03 06:00:00,175725.0,176790.0,175550.0,176325.0,1025890,2941252
2026-07-03 07:00:00,176325.0,176515.0,175300.0,176055.0,1105154,3498001
2026-07-03 08:00:00,176055.0,176775.0,176020.0,176685.0,525417,1829546
2026-07-03 09:00:00,176690.0,177020.0,176635.0,176900.0,287577,1062952
2026-07-03 10:00:00,176900.0,177175.0,176870.0,176905.0,206566,806780
2026-07-03 11:00:00,176910.0,177085.0,176740.0,176935.0,182515,706418
2026-07-03 12:00:00,176935.0,176945.0,176730.0,176815.0,150535,574664
2026-07-03 13:00:00,176815.0,176870.0,176510.0,176790.0,174220,689582
2026-07-03 14:00:00,176790.0,176880.0,176530.0,176830.0,117730,452352
2026-07-03 15:00:00,176830.0,176910.0,176710.0,176910.0,24796,91987
2026-07-06 06:00:00,176600.0,176835.0,175000.0,175110.0,1037427,2994283
2026-07-06 07:00:00,175110.0,175480.0,174470.0,174705.0,1315129,4224367
2026-07-06 08:00:00,174695.0,174805.0,173855.0,174120.0,665335,2244944
2026-07-06 09:00:00,174125.0,174465.0,174015.0,174220.0,420266,1520632
2026-07-06 10:00:00,174215.0,174400.0,174065.0,174295.0,259079,931480
2026-07-06 11:00:00,174295.0,174875.0,174215.0,174810.0,382982,1454215
2026-07-06 12:00:00,174810.0,174900.0,174550.0,174670.0,286170,1070360
2026-07-06 13:00:00,174670.0,174720.0,174425.0,174615.0,243381,934818
2026-07-06 14:00:00,174615.0,174835.0,174585.0,174810.0,110874,409087
2026-07-06 15:00:00,174805.0,174850.0,174480.0,174535.0,73838,196720
2026-07-07 06:00:00,174370.0,175690.0,174260.0,175130.0,1071981,3411098
2026-07-07 07:00:00,175130.0,175795.0,174545.0,174710.0,1407069,4830701
2026-07-07 08:00:00,174705.0,175085.0,173575.0,174230.0,892056,3168880
2026-07-07 09:00:00,174235.0,174245.0,173620.0,173695.0,430977,1590483
2026-07-07 10:00:00,173695.0,173825.0,173545.0,173760.0,237303,892658
2026-07-07 11:00:00,173755.0,174210.0,173750.0,174020.0,335613,1258351
2026-07-07 12:00:00,174015.0,174345.0,173710.0,174145.0,349380,1380025
2026-07-07 13:00:00,174145.0,174190.0,173870.0,174035.0,291037,1161166
2026-07-07 14:00:00,174035.0,174195.0,173925.0,173955.0,98369,377839
2026-07-07 15:00:00,173955.0,173965.0,173600.0,173600.0,49913,146239
2026-07-08 06:00:00,172230.0,173885.0,172065.0,173565.0,980902,2733069
2026-07-08 07:00:00,173560.0,173800.0,172005.0,172740.0,1294989,4606012
2026-07-08 08:00:00,172745.0,173115.0,172135.0,172235.0,708328,2470973
2026-07-08 09:00:00,172230.0,172675.0,172075.0,172260.0,396234,1390220
2026-07-08 10:00:00,172255.0,172970.0,172170.0,172790.0,327791,1195282
2026-07-08 11:00:00,172790.0,172885.0,172480.0,172605.0,287588,1063773
2026-07-08 12:00:00,172605.0,173000.0,172595.0,172810.0,285753,1037409
2026-07-08 13:00:00,172810.0,173070.0,172790.0,172865.0,218608,804062
2026-07-08 14:00:00,172865.0,172875.0,172430.0,172545.0,147680,532762
2026-07-08 15:00:00,172545.0,172720.0,172495.0,172665.0,44120,119270
2026-07-09 06:00:00,173025.0,173860.0,172460.0,173150.0,971011,3110657
2026-07-09 07:00:00,173150.0,173825.0,172830.0,173110.0,990165,3373275
2026-07-09 08:00:00,173110.0,174495.0,173100.0,174465.0,764372,2764325
2026-07-09 09:00:00,174460.0,174720.0,174115.0,174460.0,369805,1417671
2026-07-09 10:00:00,174460.0,174755.0,174360.0,174465.0,235683,897400
2026-07-09 11:00:00,174465.0,174970.0,174370.0,174860.0,274684,1098925
2026-07-09 12:00:00,174865.0,174925.0,174605.0,174870.0,225029,957591
2026-07-09 13:00:00,174875.0,175080.0,174765.0,175040.0,227023,991078
2026-07-09 14:00:00,175045.0,175230.0,174955.0,175160.0,132700,569059
2026-07-09 15:00:00,175165.0,175490.0,175155.0,175490.0,55172,197608
2026-07-10 06:00:00,175900.0,179300.0,175900.0,178315.0,1289367,3954668
2026-07-10 07:00:00,178310.0,178780.0,177545.0,178505.0,1055626,3690022
2026-07-10 08:00:00,178505.0,179060.0,178005.0,178715.0,821365,3151561
2026-07-10 09:00:00,178720.0,178755.0,178145.0,178430.0,383463,1532759
2026-07-10 10:00:00,178430.0,179545.0,178415.0,179375.0,356953,1502830
2026-07-10 11:00:00,179375.0,179475.0,179240.0,179335.0,216613,954287
2026-07-10 12:00:00,179330.0,179940.0,179325.0,179495.0,300549,1306261
2026-07-10 13:00:00,179490.0,179955.0,179425.0,179925.0,217769,996971
2026-07-10 14:00:00,179925.0,180595.0,179905.0,180440.0,188750,829584
2026-07-10 15:00:00,180445.0,180670.0,180400.0,180515.0,42707,169720
2026-07-13 06:00:00,179670.0,180235.0,179475.0,180145.0,1000024,2780928
2026-07-13 07:00:00,180150.0,180245.0,178955.0,179455.0,1120396,3724588
2026-07-13 08:00:00,179450.0,179495.0,178490.0,178775.0,655319,2350065
2026-07-13 09:00:00,178775.0,178850.0,178250.0,178365.0,384505,1482616
2026-07-13 10:00:00,178360.0,178450.0,177815.0,177860.0,351945,1459079
2026-07-13 11:00:00,177860.0,178065.0,177460.0,177540.0,353035,1474102
2026-07-13 12:00:00,177540.0,177795.0,177410.0,177765.0,283591,1198634
2026-07-13 13:00:00,177765.0,177900.0,177385.0,177455.0,291200,1224318
2026-07-13 14:00:00,177450.0,177690.0,177055.0,177125.0,204885,857111
2026-07-13 15:00:00,177120.0,177400.0,176990.0,177400.0,55803,199405
2026-07-14 06:00:00,178140.0,179220.0,177285.0,178235.0,1184869,3595733
2026-07-14 07:00:00,178235.0,178720.0,177755.0,178635.0,1055198,3550279
2026-07-14 08:00:00,178640.0,178970.0,177905.0,178080.0,708115,2466593
2026-07-14 09:00:00,178085.0,178490.0,177855.0,177910.0,456870,1640199
2026-07-14 10:00:00,177910.0,178180.0,177560.0,178025.0,322261,1255251
2026-07-14 11:00:00,178025.0,178060.0,177755.0,177810.0,230795,904714
2026-07-14 12:00:00,177805.0,178515.0,177805.0,178460.0,277470,1097399
2026-07-14 13:00:00,178460.0,178595.0,178185.0,178485.0,243327,985015
2026-07-14 14:00:00,178485.0,178660.0,178360.0,178525.0,138556,559738
2026-07-14 15:00:00,178520.0,178550.0,178200.0,178200.0,48908,154212
2026-07-15 06:00:00,178050.0,178665.0,176980.0,178425.0,987749,3010247
2026-07-15 07:00:00,178425.0,178500.0,177365.0,177755.0,1046860,3408145
2026-07-15 08:00:00,177750.0,178080.0,177350.0,177885.0,648135,2332583
2026-07-15 09:00:00,177885.0,178130.0,177390.0,177480.0,394379,1472689
2026-07-15 10:00:00,177475.0,177560.0,177035.0,177150.0,329127,1234090
2026-07-15 11:00:00,177145.0,177945.0,177140.0,177825.0,333830,1291452
2026-07-15 12:00:00,177825.0,178050.0,177685.0,177810.0,247544,944285
2026-07-15 13:00:00,177805.0,178080.0,177665.0,177695.0,208188,804839
2026-07-15 14:00:00,177695.0,177945.0,177610.0,177715.0,126140,481584
2026-07-15 15:00:00,177720.0,177920.0,177670.0,177920.0,42476,129249
2026-07-16 06:00:00,177505.0,178765.0,177240.0,177305.0,969389,2848631
2026-07-16 07:00:00,177310.0,177365.0,175410.0,175705.0,1161003,3873821
2026-07-16 08:00:00,175700.0,176870.0,175650.0,176635.0,719455,2550064
2026-07-16 09:00:00,176630.0,176850.0,176340.0,176720.0,425511,1533293
2026-07-16 10:00:00,176720.0,176775.0,176060.0,176105.0,327941,1249805
2026-07-16 11:00:00,176105.0,176145.0,175355.0,175450.0,370656,1464204
2026-07-16 12:00:00,175455.0,175575.0,175160.0,175390.0,313208,1228399
2026-07-16 13:00:00,175395.0,175450.0,175205.0,175435.0,216036,866744
2026-07-16 14:00:00,175435.0,175520.0,175100.0,175275.0,153047,558649
2026-07-16 15:00:00,175270.0,175290.0,175140.0,175255.0,37826,116679
2026-07-17 06:00:00,174550.0,175650.0,174515.0,175295.0,950634,2854870
2026-07-17 07:00:00,175290.0,175890.0,174790.0,175755.0,1181763,3959645
2026-07-17 08:00:00,175765.0,175795.0,175075.0,175675.0,592098,2096919
2026-07-17 09:00:00,175670.0,176065.0,175475.0,175955.0,382739,1433488
2026-07-17 10:00:00,175950.0,176025.0,175275.0,175385.0,347636,1386892
2026-07-17 11:00:00,175380.0,175550.0,175040.0,175055.0,259731,1053446
2026-07-17 12:00:00,175060.0,175070.0,174810.0,174925.0,241494,944328
2026-07-17 13:00:00,174920.0,175335.0,174740.0,175230.0,248264,1010861
2026-07-17 14:00:00,175225.0,175275.0,174870.0,174935.0,122292,474737
2026-07-17 15:00:00,174935.0,175100.0,174880.0,175070.0,31549,121394
2026-07-20 06:00:00,175580.0,175705.0,174725.0,175260.0,925948,2922938
2026-07-20 07:00:00,175260.0,175955.0,174530.0,175120.0,1071422,3690177
2026-07-20 08:00:00,175125.0,175800.0,174900.0,175555.0,603694,2104958
2026-07-20 09:00:00,175555.0,175650.0,175145.0,175465.0,356309,1316536
2026-07-20 10:00:00,175465.0,175710.0,174905.0,174960.0,303240,1124136
2026-07-20 11:00:00,174960.0,175175.0,174845.0,175150.0,214920,809432
2026-07-20 12:00:00,175150.0,175365.0,174960.0,175095.0,250458,988139
2026-07-20 13:00:00,175095.0,175235.0,174930.0,175005.0,238431,957438
2026-07-20 14:00:00,175000.0,175045.0,174625.0,174745.0,139373,550099
2026-07-20 15:00:00,174745.0,174750.0,174560.0,174665.0,44275,135761
2026-07-21 06:00:00,175245.0,175345.0,174425.0,174665.0,957516,2891046
2026-07-21 07:00:00,174665.0,175100.0,173870.0,174070.0,1147828,3868153
2026-07-21 08:00:00,174070.0,174610.0,173515.0,173595.0,655725,2256356
2026-07-21 09:00:00,173590.0,174160.0,173500.0,173960.0,335730,1227574
2026-07-21 10:00:00,173965.0,174415.0,173935.0,174335.0,232401,845218
2026-07-21 11:00:00,174335.0,174700.0,174220.0,174690.0,330180,1301277
2026-07-21 12:00:00,174690.0,174785.0,174520.0,174735.0,213408,813906
2026-07-21 13:00:00,174730.0,174845.0,174605.0,174680.0,198191,832554
2026-07-21 14:00:00,174675.0,174690.0,174490.0,174635.0,109286,430237
2026-07-21 15:00:00,174635.0,174735.0,174610.0,174690.0,44599,135966
2026-07-22 06:00:00,174250.0,175755.0,174245.0,175645.0,1064927,3386556
2026-07-22 07:00:00,175645.0,178270.0,175435.0,177875.0,1350953,4624212
2026-07-22 08:00:00,177875.0,177985.0,176585.0,176825.0,714595,2717248
2026-07-22 09:00:00,176820.0,177560.0,176705.0,177465.0,438075,1729293
2026-07-22 10:00:00,177460.0,177885.0,177400.0,177795.0,302841,1216891
2026-07-22 11:00:00,177795.0,178775.0,177755.0,178705.0,367544,1581076
2026-07-22 12:00:00,178705.0,179020.0,178555.0,178960.0,306893,1339638
2026-07-22 13:00:00,178965.0,179000.0,178700.0,178880.0,228453,990083
2026-07-22 14:00:00,178880.0,179230.0,178840.0,179030.0,163966,698252
2026-07-22 15:00:00,179030.0,179160.0,178775.0,178775.0,50945,165859
2026-07-23 06:00:00,178400.0,178800.0,177740.0,178275.0,775417,2267816
2026-07-23 07:00:00,178275.0,179125.0,177400.0,178210.0,1241493,4275693
2026-07-23 08:00:00,178220.0,178825.0,177960.0,178530.0,687247,2406826
2026-07-23 09:00:00,178535.0,178655.0,177540.0,177775.0,497437,1903568
2026-07-23 10:00:00,177775.0,177910.0,177625.0,177770.0,212447,825610
2026-07-23 11:00:00,177770.0,177905.0,177440.0,177545.0,310890,1193617
2026-07-23 12:00:00,177545.0,178000.0,177500.0,177935.0,259879,1010664
2026-07-23 13:00:00,177935.0,178075.0,177635.0,177790.0,266926,1044736
2026-07-23 14:00:00,177785.0,177915.0,177700.0,177850.0,89762,345703
2026-07-23 15:00:00,177850.0,178025.0,177790.0,178025.0,23192,95056
2026-07-24 06:00:00,177860.0,177875.0,176155.0,176295.0,846081,2487237
2026-07-24 07:00:00,176295.0,176470.0,175725.0,176130.0,1009844,3414507
2026-07-24 08:00:00,176135.0,176600.0,176065.0,176395.0,628053,2265375
2026-07-24 09:00:00,176390.0,176445.0,175850.0,176020.0,431116,1628875
2026-07-24 10:00:00,176015.0,176070.0,175280.0,175430.0,278645,1104132
2026-07-24 11:00:00,175435.0,175495.0,175210.0,175295.0,219898,924756
2026-07-24 12:00:00,175295.0,175435.0,175225.0,175400.0,162225,696638
2026-07-24 13:00:00,175405.0,175450.0,174955.0,175045.0,199418,867042
2026-07-24 14:00:00,175045.0,175125.0,174860.0,174930.0,106208,462619
2026-07-24 15:00:00,174935.0,174950.0,174700.0,174700.0,35727,139564
2026-07-27 06:00:00,175440.0,176130.0,175440.0,175840.0,597635,1897400
2026-07-27 07:00:00,175840.0,175960.0,175130.0,175515.0,997599,3401210
2026-07-27 08:00:00,175515.0,176280.0,175065.0,176270.0,690006,2456506
2026-07-27 09:00:00,176270.0,176395.0,175620.0,175900.0,392814,1436571
2026-07-27 10:00:00,175900.0,176135.0,175775.0,175820.0,271773,1030499
2026-07-27 11:00:00,175825.0,176085.0,175635.0,176065.0,254206,975253
2026-07-27 12:00:00,176065.0,176190.0,175770.0,176120.0,234412,918605
2026-07-27 13:00:00,176125.0,176650.0,176055.0,176595.0,248112,1032794
2026-07-27 14:00:00,176595.0,176870.0,176415.0,176780.0,155965,622061
2026-07-27 15:00:00,176775.0,176870.0,176700.0,176760.0,47281,157495
2026-07-28 06:00:00,177010.0,179520.0,177010.0,179115.0,1158524,3419667
2026-07-28 07:00:00,179115.0,179625.0,177470.0,177700.0,1172787,4137267
2026-07-28 08:00:00,177695.0,178610.0,177685.0,178000.0,597259,2169573
2026-07-28 09:00:00,178000.0,178235.0,177600.0,178200.0,399444,1555997
2026-07-28 10:00:00,178200.0,178340.0,177860.0,177975.0,272730,1085961
2026-07-28 11:00:00,177970.0,178155.0,177600.0,177735.0,283301,1155952
2026-07-28 12:00:00,177740.0,177765.0,177255.0,177345.0,265272,1069548
2026-07-28 13:00:00,177345.0,177625.0,177300.0,177445.0,224582,900888
2026-07-28 14:00:00,177445.0,177925.0,177390.0,177670.0,159849,615979
2026-07-28 15:00:00,177670.0,177845.0,177645.0,177645.0,42641,129213
2026-07-29 06:00:00,177985.0,178565.0,177285.0,177885.0,866853,2456798
2026-07-29 07:00:00,177885.0,177910.0,175795.0,176050.0,1066122,3799364
2026-07-29 08:00:00,176050.0,176385.0,175605.0,175870.0,549320,2134023
2026-07-29 09:00:00,175870.0,176095.0,175715.0,175825.0,306666,1242592
2026-07-29 10:00:00,175825.0,175885.0,175380.0,175560.0,283409,1174018
2026-07-29 11:00:00,175560.0,175585.0,175100.0,175225.0,304314,1302850
2026-07-29 12:00:00,175225.0,176230.0,175035.0,176205.0,718205,2596051
2026-07-29 13:00:00,176210.0,176480.0,174750.0,174790.0,596305,2235112
2026-07-29 14:00:00,174790.0,174830.0,174155.0,174190.0,207424,774923
2026-07-29 15:00:00,174190.0,174250.0,174000.0,174000.0,38197,131052
2026-07-30 06:00:00,174995.0,175730.0,174510.0,175175.0,794483,2364097
2026-07-30 07:00:00,175170.0,175865.0,174945.0,175620.0,958688,3222520
2026-07-30 08:00:00,175620.0,176210.0,175440.0,176080.0,623737,2235052
2026-07-30 09:00:00,176080.0,176520.0,175720.0,176470.0,372747,1416607
2026-07-30 10:00:00,176470.0,176905.0,176435.0,176810.0,270118,1082349
2026-07-30 11:00:00,176805.0,176990.0,176695.0,176730.0,246916,999610
2026-07-30 12:00:00,176730.0,177240.0,176670.0,177165.0,233153,970042
2026-07-30 13:00:00,177170.0,177970.0,177150.0,177910.0,337659,1501008
2026-07-30 14:00:00,177910.0,178220.0,177885.0,178045.0,188500,816743
2026-07-30 15:00:00,178050.0,178095.0,177600.0,177600.0,55309,174918
2026-07-31 09:00:00,177470.0,179155.0,176985.0,178655.0,497739,1374205
2026-07-31 10:00:00,178655.0,179135.0,178240.0,178650.0,574520,2050045
2026-07-31 11:00:00,178645.0,179240.0,178460.0,179025.0,431377,1623833
2026-07-31 12:00:00,179020.0,179465.0,178900.0,179380.0,376647,1445067
2026-07-31 13:00:00,179375.0,179495.0,178635.0,179000.0,364704,1403858
2026-07-31 14:00:00,179000.0,179125.0,178510.0,178595.0,197471,719993
2026-07-31 15:00:00,178595.0,178790.0,178560.0,178725.0,49609,158496
2026-08-03 06:00:00,179590.0,179715.0,178400.0,179540.0,887259,2738226
2026-08-03 07:00:00,179540.0,179670.0,177505.0,177685.0,1095396,3735629
2026-08-03 08:00:00,177680.0,178210.0,177410.0,177885.0,603057,2141955
2026-08-03 09:00:00,177885.0,178080.0,177720.0,177940.0,310913,1148991
2026-08-03 10:00:00,177940.0,178010.0,177750.0,177885.0,191047,739068
2026-08-03 11:00:00,177890.0,178295.0,177820.0,178090.0,276145,1044484
2026-08-03 12:00:00,178090.0,178365.0,178035.0,178070.0,249215,974460
2026-08-03 13:00:00,178065.0,178695.0,178065.0,178530.0,304224,1219589
2026-08-03 14:00:00,178530.0,178800.0,178455.0,178580.0,181789,714547
2026-08-03 15:00:00,178580.0,178790.0,178500.0,178650.0,71378,190554
2026-08-04 06:00:00,179225.0,181115.0,178740.0,180695.0,1138461,3503497
2026-08-04 07:00:00,180690.0,181930.0,178785.0,178965.0,1295789,4403635
2026-08-04 08:00:00,178970.0,179395.0,178785.0,179335.0,493922,1791594
2026-08-04 09:00:00,179335.0,179555.0,178925.0,179025.0,366333,1430363
2026-08-04 10:00:00,179030.0,179105.0,178310.0,178885.0,372788,1497975
2026-08-04 11:00:00,178880.0,179010.0,178410.0,178485.0,290857,1183477
2026-08-04 12:00:00,178485.0,178530.0,178020.0,178385.0,441972,1823832
2026-08-04 13:00:00,178390.0,178480.0,178170.0,178225.0,235937,981598
2026-08-04 14:00:00,178220.0,178505.0,178175.0,178275.0,164507,642345
2026-08-04 15:00:00,178280.0,178360.0,178210.0,178360.0,39020,122518
2026-08-05 06:00:00,178990.0,179815.0,178650.0,179635.0,1036630,3027800
2026-08-05 07:00:00,179630.0,180135.0,179005.0,179780.0,1194212,4104522
2026-08-05 08:00:00,179785.0,180720.0,179060.0,179235.0,851902,3083359
2026-08-05 09:00:00,179235.0,179485.0,178720.0,178955.0,367319,1342492
2026-08-05 10:00:00,178960.0,179000.0,178620.0,178725.0,251030,947612
2026-08-05 11:00:00,178725.0,178845.0,178390.0,178595.0,308777,1180106
2026-08-05 12:00:00,178590.0,178835.0,178450.0,178465.0,236221,903979
2026-08-05 13:00:00,178465.0,178500.0,178030.0,178065.0,249271,978769
2026-08-05 14:00:00,178060.0,178310.0,178045.0,178150.0,118791,466727
2026-08-05 15:00:00,178150.0,178230.0,178050.0,178230.0,32877,117881
2026-08-06 06:00:00,178400.0,178435.0,176510.0,177005.0,1102446,3110277
2026-08-06 07:00:00,177005.0,177890.0,176560.0,176990.0,1350829,4497038
2026-08-06 08:00:00,176990.0,177575.0,176645.0,177155.0,692196,2450243
2026-08-06 09:00:00,177155.0,177370.0,176505.0,176565.0,431454,1595381
2026-08-06 10:00:00,176560.0,176645.0,176165.0,176280.0,300013,1129458
2026-08-06 11:00:00,176280.0,176550.0,176120.0,176480.0,232367,896332
2026-08-06 12:00:00,176480.0,176520.0,176225.0,176310.0,238310,913722
2026-08-06 13:00:00,176315.0,176430.0,175770.0,175930.0,287841,1096658
2026-08-06 14:00:00,175935.0,175945.0,175550.0,175655.0,150175,567140
2026-08-06 15:00:00,175650.0,175825.0,175580.0,175825.0,45695,132802
2026-08-07 06:00:00,176420.0,176825.0,175300.0,176180.0,1010146,2884066
2026-08-07 07:00:00,176180.0,176335.0,174735.0,174830.0,1047319,3561366
2026-08-07 08:00:00,174830.0,174880.0,173160.0,173230.0,735784,2821544
2026-08-07 09:00:00,173230.0,173370.0,172755.0,173000.0,533090,2062939
2026-08-07 10:00:00,172995.0,173180.0,172575.0,172815.0,349970,1337932
2026-08-07 11:00:00,172815.0,172925.0,172640.0,172835.0,233267,932450
2026-08-07 12:00:00,172835.0,172850.0,172275.0,172415.0,290091,1153127
2026-08-07 13:00:00,172415.0,172860.0,172375.0,172675.0,301858,1173899
2026-08-07 14:00:00,172675.0,172705.0,172420.0,172515.0,137010,547637
2026-08-07 15:00:00,172515.0,172670.0,172430.0,172670.0,37662,149080
2026-08-10 06:00:00,173025.0,173700.0,172670.0,172900.0,791224,2326012
2026-08-10 07:00:00,172905.0,173170.0,171795.0,171935.0,1129212,3608733
2026-08-10 08:00:00,171935.0,172735.0,171670.0,172435.0,824604,2869028
2026-08-10 09:00:00,172435.0,172835.0,172190.0,172280.0,424880,1487205
2026-08-10 10:00:00,172275.0,172600.0,172170.0,172500.0,327095,1197050
2026-08-10 11:00:00,172495.0,172585.0,172115.0,172480.0,324521,1226903
2026-08-10 12:00:00,172485.0,172625.0,172370.0,172490.0,247620,933926
2026-08-10 13:00:00,172490.0,172790.0,172290.0,172400.0,267146,1037253
2026-08-10 14:00:00,172400.0,172510.0,172250.0,172280.0,114269,425585
2026-08-10 15:00:00,172280.0,172405.0,172205.0,172250.0,50824,147502
2026-08-11 06:00:00,172325.0,172505.0,171505.0,172035.0,795061,2245648
2026-08-11 07:00:00,172035.0,172345.0,171270.0,171400.0,1082020,3382693
2026-08-11 08:00:00,171405.0,171465.0,170100.0,170270.0,690255,2433898
2026-08-11 09:00:00,170270.0,170390.0,168780.0,168880.0,602028,2358331
2026-08-11 10:00:00,168885.0,169180.0,168325.0,168330.0,371825,1382581
2026-08-11 11:00:00,168330.0,168425.0,167935.0,167980.0,375382,1375836
2026-08-11 12:00:00,167980.0,168095.0,167565.0,167750.0,370634,1362420
2026-08-11 13:00:00,167750.0,168255.0,167685.0,167880.0,351579,1279923
2026-08-11 14:00:00,167890.0,168140.0,167880.0,167995.0,163766,577078
2026-08-11 15:00:00,168000.0,168300.0,167970.0,168300.0,48822,146757
2026-08-12 06:00:00,172260.0,172260.0,171045.0,171855.0,852389,2239543
2026-08-12 07:00:00,171855.0,172045.0,170545.0,171000.0,1295367,4179131
2026-08-12 08:00:00,171000.0,171800.0,170860.0,171260.0,792377,2770906
2026-08-12 09:00:00,171260.0,171465.0,170995.0,171110.0,310007,1104535
2026-08-12 10:00:00,171110.0,171640.0,171110.0,171455.0,275610,998023
2026-08-12 11:00:00,171450.0,171665.0,171165.0,171485.0,265791,1010218
2026-08-12 12:00:00,171485.0,171490.0,170810.0,171070.0,251617,971965
2026-08-12 13:00:00,171070.0,171420.0,170805.0,170840.0,242882,960318
2026-08-12 14:00:00,170835.0,171010.0,170270.0,170345.0,169758,672408
2026-08-12 15:00:00,170340.0,170435.0,170225.0,170430.0,43600,129229
2026-08-13 06:00:00,170665.0,170810.0,169370.0,170205.0,934063,2679327
2026-08-13 07:00:00,170210.0,171865.0,170070.0,170785.0,1170905,3946013
2026-08-13 08:00:00,170785.0,171070.0,170240.0,170375.0,636707,2318069
2026-08-13 09:00:00,170370.0,170385.0,169725.0,169770.0,391763,1455062
2026-08-13 10:00:00,169765.0,170460.0,169450.0,170455.0,383191,1455805
2026-08-13 11:00:00,170455.0,170700.0,170270.0,170495.0,340854,1319015
2026-08-13 12:00:00,170495.0,170685.0,170165.0,170200.0,295856,1126927
2026-08-13 13:00:00,170200.0,170350.0,170045.0,170165.0,232475,894218
2026-08-13 14:00:00,170160.0,170440.0,170135.0,170405.0,130501,507030
2026-08-13 15:00:00,170410.0,170970.0,170355.0,170775.0,80792,241498
2026-08-14 06:00:00,171100.0,171240.0,169035.0,169425.0,952799,2814353
2026-08-14 07:00:00,169430.0,170100.0,168800.0,169235.0,1194292,4026520
2026-08-14 08:00:00,169235.0,169365.0,168310.0,168505.0,678482,2388738
2026-08-14 09:00:00,168505.0,168895.0,168405.0,168695.0,353604,1294880
2026-08-14 10:00:00,168695.0,168780.0,168245.0,168350.0,291137,1069716
2026-08-14 11:00:00,168350.0,168375.0,167975.0,168100.0,247258,931416
2026-08-14 12:00:00,168100.0,168925.0,168065.0,168845.0,327317,1308376
2026-08-14 13:00:00,168850.0,170180.0,168695.0,169810.0,448034,1820157
2026-08-14 14:00:00,169810.0,170170.0,169755.0,170020.0,190439,725762
2026-08-14 15:00:00,170020.0,170280.0,169830.0,169975.0,69834,202543
2026-08-17 06:00:00,170245.0,171160.0,169385.0,169655.0,815526,2319674
2026-08-17 07:00:00,169660.0,171170.0,169515.0,169730.0,1225393,4013469
2026-08-17 08:00:00,169730.0,170465.0,169525.0,169645.0,754430,2568106
2026-08-17 09:00:00,169640.0,170155.0,169560.0,169840.0,402847,1435469
2026-08-17 10:00:00,169840.0,170080.0,169560.0,169705.0,297716,1107509
2026-08-17 11:00:00,169710.0,170110.0,169565.0,169775.0,349019,1291618
2026-08-17 12:00:00,169780.0,170040.0,169540.0,169920.0,276505,1034930
2026-08-17 13:00:00,169925.0,170235.0,169810.0,170040.0,228463,869279
2026-08-17 14:00:00,170040.0,170040.0,169675.0,169850.0,152213,578214
2026-08-17 15:00:00,169855.0,170190.0,169845.0,169975.0,61736,175008
2026-08-18 06:00:00,169640.0,170180.0,168555.0,170165.0,802351,2326308
2026-08-18 07:00:00,170160.0,171435.0,169630.0,171360.0,1238065,4215069
2026-08-18 08:00:00,171355.0,171500.0,169705.0,169735.0,678188,2503537
2026-08-18 09:00:00,169735.0,170155.0,169725.0,169840.0,367891,1397076
2026-08-18 10:00:00,169840.0,169875.0,169435.0,169825.0,275347,1063896
2026-08-18 11:00:00,169820.0,170100.0,169765.0,169840.0,305078,1197349
2026-08-18 12:00:00,169840.0,170295.0,169310.0,169415.0,357235,1377438
2026-08-18 13:00:00,169415.0,169530.0,169240.0,169375.0,245761,957275
2026-08-18 14:00:00,169375.0,169475.0,169170.0,169430.0,122095,467909
2026-08-18 15:00:00,169435.0,169640.0,169325.0,169640.0,73726,198629
2026-08-19 06:00:00,169635.0,171970.0,168680.0,171570.0,625584,3624481
2026-08-19 07:00:00,171575.0,173530.0,171470.0,173300.0,587427,4053103
2026-08-19 08:00:00,173295.0,173370.0,172265.0,172575.0,320129,2424920
2026-08-19 09:00:00,172580.0,172620.0,171130.0,171225.0,204407,1527295
2026-08-19 10:00:00,171220.0,171370.0,170785.0,171035.0,160944,1261392
2026-08-19 11:00:00,171035.0,171230.0,170710.0,170875.0,141927,1115365
2026-08-19 12:00:00,170870.0,171150.0,170600.0,170700.0,144747,1160718
2026-08-19 13:00:00,170700.0,170945.0,170460.0,170845.0,128989,1032762
2026-08-19 14:00:00,170840.0,171020.0,170765.0,170920.0,67312,483038
2026-08-19 15:00:00,170925.0,171165.0,170905.0,171035.0,19472,163155
2026-08-20 06:00:00,170650.0,170650.0,169310.0,170065.0,1026361,2780882
2026-08-20 07:00:00,170070.0,171285.0,169715.0,170805.0,1331414,4321724
2026-08-20 08:00:00,170810.0,172295.0,170740.0,172230.0,807486,2723351
2026-08-20 09:00:00,172225.0,172770.0,171230.0,171360.0,584453,2043729
2026-08-20 10:00:00,171360.0,171555.0,170455.0,170485.0,368470,1325978
2026-08-20 11:00:00,170485.0,170600.0,170230.0,170510.0,320249,1112656
2026-08-20 12:00:00,170515.0,170800.0,170390.0,170520.0,288882,1042002
2026-08-20 13:00:00,170525.0,170935.0,170385.0,170745.0,272605,1015344
2026-08-20 14:00:00,170745.0,170925.0,170605.0,170770.0,138714,514157
2026-08-20 15:00:00,170770.0,171020.0,170710.0,170990.0,56490,147468
2026-08-21 06:00:00,172250.0,172500.0,171025.0,172025.0,935486,2690843
2026-08-21 07:00:00,172025.0,173730.0,171305.0,173600.0,1330684,4314429
2026-08-21 08:00:00,173600.0,174440.0,173130.0,173775.0,751296,2793698
2026-08-21 09:00:00,173780.0,175010.0,173730.0,174495.0,476903,1838271
2026-08-21 10:00:00,174490.0,174655.0,173810.0,174045.0,366582,1388147
2026-08-21 11:00:00,174045.0,174100.0,173680.0,173830.0,258732,934427
2026-08-21 12:00:00,173830.0,174420.0,173825.0,174000.0,312321,1115977
2026-08-21 13:00:00,174000.0,174150.0,173625.0,173865.0,260211,1019964
2026-08-21 14:00:00,173870.0,174320.0,173775.0,174090.0,174543,587738
2026-08-21 15:00:00,174090.0,174245.0,174035.0,174035.0,36350,113821
