time,open,high,low,close,tick_volume,real_volume
2021-08-23 06:00:00,5372.0,5382.5,5351.5,5360.5,200743,556045
2021-08-23 07:00:00,5360.0,5395.0,5353.0,5377.5,246903,694456
2021-08-23 08:00:00,5377.5,5394.5,5374.5,5380.5,152079,449445
2021-08-23 09:00:00,5380.5,5408.5,5379.5,5391.0,131264,413066
2021-08-23 10:00:00,5391.5,5393.5,5376.0,5388.0,84893,274876
2021-08-23 11:00:00,5388.0,5399.5,5378.5,5390.0,93782,301719
2021-08-23 12:00:00,5390.0,5402.5,5381.5,5383.0,83865,253690
2021-08-23 13:00:00,5382.5,5391.5,5375.5,5388.0,64601,205990
2021-08-23 14:00:00,5388.5,5398.0,5382.5,5387.0,42378,139159
2021-08-24 06:00:00,5368.5,5371.0,5331.0,5344.5,213658,648629
2021-08-24 07:00:00,5344.5,5353.5,5321.5,5327.5,207272,648663
2021-08-24 08:00:00,5327.5,5328.5,5276.5,5283.5,201012,709986
2021-08-24 09:00:00,5283.5,5284.0,5266.0,5283.5,101717,365171
2021-08-24 10:00:00,5283.0,5285.0,5255.5,5263.5,103609,369677
2021-08-24 11:00:00,5263.5,5269.5,5255.5,5267.5,70887,251615
2021-08-24 12:00:00,5268.0,5270.0,5253.0,5255.5,69277,243002
2021-08-24 13:00:00,5256.0,5269.0,5255.0,5267.0,54252,197473
2021-08-24 14:00:00,5266.5,5269.0,5251.0,5256.5,44315,166324
2021-08-25 06:00:00,5271.5,5274.0,5234.5,5246.5,231690,691391
2021-08-25 07:00:00,5246.5,5275.0,5230.5,5265.5,229973,731277
2021-08-25 08:00:00,5266.0,5272.0,5245.5,5250.5,166654,520997
2021-08-25 09:00:00,5251.0,5255.0,5232.5,5250.5,115562,399502
2021-08-25 10:00:00,5250.0,5254.5,5242.0,5252.0,66768,222869
2021-08-25 11:00:00,5252.0,5259.0,5242.5,5242.5,78080,245881
2021-08-25 12:00:00,5243.0,5246.0,5210.5,5212.0,114584,398882
2021-08-25 13:00:00,5212.0,5220.0,5210.5,5215.0,49333,160782
2021-08-25 14:00:00,5215.0,5225.0,5213.0,5218.0,30648,119479
2021-08-26 06:00:00,5228.0,5245.0,5219.5,5234.0,170722,482479
2021-08-26 07:00:00,5234.5,5252.5,5234.0,5243.5,163151,486995
2021-08-26 08:00:00,5243.5,5259.5,5234.0,5253.0,173507,545289
2021-08-26 09:00:00,5253.0,5261.5,5240.5,5245.5,105934,361351
2021-08-26 10:00:00,5245.5,5252.5,5239.5,5252.0,58067,197298
2021-08-26 11:00:00,5251.5,5261.0,5247.0,5256.0,61566,206526
2021-08-26 12:00:00,5256.0,5265.0,5251.0,5262.0,58999,203662
2021-08-26 13:00:00,5262.0,5270.5,5250.0,5259.0,81549,282019
2021-08-26 14:00:00,5259.0,5270.0,5256.0,5267.0,38358,138922
2021-08-27 06:00:00,5258.5,5263.5,5236.0,5239.0,180996,527181
2021-08-27 07:00:00,5238.5,5255.0,5226.0,5238.0,182980,571441
2021-08-27 08:00:00,5238.0,5245.5,5208.5,5212.0,220159,718880
2021-08-27 09:00:00,5211.5,5217.0,5193.0,5197.5,101813,339295
2021-08-27 10:00:00,5197.0,5209.5,5196.5,5203.0,69731,252793
2021-08-27 11:00:00,5203.0,5214.5,5200.0,5213.0,60665,224130
2021-08-27 12:00:00,5213.5,5214.5,5189.0,5193.5,74343,265185
2021-08-27 13:00:00,5194.0,5200.0,5192.0,5198.5,41643,146863
2021-08-27 14:00:00,5198.0,5214.5,5195.0,5206.0,41134,166761
2021-08-30 06:00:00,5200.0,5227.5,5199.5,5212.5,189514,522043
2021-08-30 07:00:00,5212.5,5222.5,5201.5,5213.5,152376,460938
2021-08-30 08:00:00,5213.0,5213.5,5183.5,5186.5,162969,532306
2021-08-30 09:00:00,5186.5,5201.0,5183.5,5193.0,89280,309770
2021-08-30 10:00:00,5193.5,5199.5,5185.5,5190.5,62326,200725
2021-08-30 11:00:00,5190.5,5201.0,5181.0,5197.5,79535,290307
2021-08-30 12:00:00,5197.0,5199.0,5184.0,5188.0,58065,196357
2021-08-30 13:00:00,5188.0,5194.0,5185.5,5190.0,40756,138451
2021-08-30 14:00:00,5189.5,5195.5,5184.0,5185.0,32127,119135
2021-08-31 06:00:00,5207.0,5220.0,5184.0,5193.0,191598,541769
2021-08-31 07:00:00,5192.5,5198.5,5165.0,5172.5,180612,568613
2021-08-31 08:00:00,5172.0,5176.0,5138.0,5141.0,166191,560176
2021-08-31 09:00:00,5141.0,5167.5,5139.5,5163.0,103902,392948
2021-08-31 10:00:00,5163.0,5183.0,5158.5,5179.0,102990,342754
2021-08-31 11:00:00,5179.5,5198.5,5174.0,5187.0,94092,316872
2021-08-31 12:00:00,5186.5,5196.5,5182.5,5189.5,66620,235599
2021-08-31 13:00:00,5190.0,5206.0,5187.5,5194.0,65241,232070
2021-08-31 14:00:00,5194.5,5194.5,5170.0,5172.0,33601,128824
2021-09-01 06:00:00,5177.0,5185.5,5164.0,5172.0,195247,538958
2021-09-01 07:00:00,5172.0,5192.5,5162.5,5178.0,202574,642988
2021-09-01 08:00:00,5178.0,5184.0,5167.0,5177.0,124628,457313
2021-09-01 09:00:00,5177.0,5209.0,5169.5,5203.0,132755,478311
2021-09-01 10:00:00,5203.0,5204.0,5185.0,5200.5,84923,289602
2021-09-01 11:00:00,5200.5,5203.5,5175.5,5183.5,76155,250682
2021-09-01 12:00:00,5183.5,5196.5,5182.5,5187.0,64599,205244
2021-09-01 13:00:00,5187.5,5210.5,5186.0,5202.5,63770,207848
2021-09-01 14:00:00,5203.0,5219.0,5202.5,5207.5,44557,167073
2021-09-02 06:00:00,5194.0,5215.5,5189.5,5203.5,215343,595243
2021-09-02 07:00:00,5203.5,5220.0,5198.0,5209.0,181294,567458
2021-09-02 08:00:00,5208.5,5209.0,5161.5,5164.0,193728,661888
2021-09-02 09:00:00,5164.5,5187.0,5162.5,5185.0,113926,433796
2021-09-02 10:00:00,5185.0,5189.5,5172.0,5179.5,74600,271959
2021-09-02 11:00:00,5179.0,5193.0,5174.0,5189.0,76919,303787
2021-09-02 12:00:00,5189.0,5211.5,5178.0,5204.0,101138,381867
2021-09-02 13:00:00,5204.5,5208.5,5198.5,5201.5,60507,228648
2021-09-02 14:00:00,5201.0,5214.0,5195.5,5202.0,44275,169161
2021-09-03 06:00:00,5192.5,5193.5,5150.0,5175.0,242117,730837
2021-09-03 07:00:00,5175.0,5206.5,5164.5,5199.5,208662,669126
2021-09-03 08:00:00,5200.0,5210.0,5182.5,5192.0,161854,585021
2021-09-03 09:00:00,5192.0,5202.0,5183.5,5188.5,91606,345021
2021-09-03 10:00:00,5188.5,5202.5,5183.5,5197.0,54711,183541
2021-09-03 11:00:00,5197.5,5207.0,5191.5,5204.5,54031,194674
2021-09-03 12:00:00,5204.5,5210.0,5200.5,5202.5,55852,201877
2021-09-03 13:00:00,5202.5,5214.0,5199.5,5202.5,43688,163664
2021-09-03 14:00:00,5203.0,5220.0,5200.0,5217.0,39453,155231
2021-09-06 06:00:00,5207.5,5230.5,5204.0,5224.5,107467,298678
2021-09-06 07:00:00,5225.0,5227.0,5206.0,5208.5,130894,391562
2021-09-06 08:00:00,5208.5,5210.0,5182.5,5184.0,104336,334104
2021-09-06 09:00:00,5184.5,5188.5,5173.0,5181.0,76979,250692
2021-09-06 10:00:00,5180.5,5186.0,5177.5,5186.0,33188,99410
2021-09-06 11:00:00,5185.5,5186.0,5180.0,5184.5,19553,62204
2021-09-06 12:00:00,5184.0,5192.5,5182.0,5191.0,28656,96614
2021-09-06 13:00:00,5191.0,5196.0,5186.0,5194.5,27783,94816
2021-09-06 14:00:00,5194.5,5195.0,5186.5,5189.0,20907,77596
2021-09-08 06:00:00,5211.5,5241.0,5210.5,5216.0,211765,612197
2021-09-08 07:00:00,5216.0,5253.5,5216.0,5253.0,195489,604064
2021-09-08 08:00:00,5253.0,5306.0,5248.5,5298.0,192565,688399
2021-09-08 09:00:00,5298.0,5327.0,5292.5,5301.5,155935,627771
2021-09-08 10:00:00,5302.0,5316.5,5286.5,5311.5,107966,378311
2021-09-08 11:00:00,5311.5,5321.5,5288.5,5307.5,101159,358841
2021-09-08 12:00:00,5307.5,5330.0,5300.0,5327.0,86511,306718
2021-09-08 13:00:00,5327.0,5343.0,5325.0,5341.0,75348,302163
2021-09-08 14:00:00,5341.0,5351.5,5330.0,5335.0,51214,194818
2021-09-09 06:00:00,5322.0,5351.5,5304.0,5326.5,302586,935490
2021-09-09 07:00:00,5326.5,5334.5,5285.0,5302.5,248492,806860
2021-09-09 08:00:00,5302.5,5305.5,5278.0,5286.5,161477,563480
2021-09-09 09:00:00,5286.5,5306.5,5281.0,5293.5,108506,403980
2021-09-09 10:00:00,5293.5,5301.0,5286.0,5298.0,63506,237168
2021-09-09 11:00:00,5298.5,5328.0,5292.5,5322.0,121042,424201
2021-09-09 12:00:00,5322.0,5344.0,5310.5,5321.0,100833,393619
2021-09-09 13:00:00,5321.0,5326.0,5210.5,5244.0,159095,572131
2021-09-09 14:00:00,5244.0,5254.0,5212.0,5226.5,70127,221395
2021-09-10 06:00:00,5179.0,5241.0,5174.0,5234.5,234388,761961
2021-09-10 07:00:00,5234.5,5243.0,5218.5,5224.5,187945,556136
2021-09-10 08:00:00,5224.0,5255.5,5218.5,5242.0,157609,515711
2021-09-10 09:00:00,5242.5,5254.5,5231.0,5235.5,104124,364078
2021-09-10 10:00:00,5235.0,5241.5,5231.0,5235.5,46204,151418
2021-09-10 11:00:00,5235.5,5282.5,5233.0,5266.5,132929,458223
2021-09-10 12:00:00,5266.5,5279.0,5260.5,5268.0,66260,222352
2021-09-10 13:00:00,5268.0,5287.0,5266.0,5282.5,58250,201586
2021-09-10 14:00:00,5283.0,5284.5,5260.5,5268.0,33278,133735
2021-09-13 06:00:00,5253.0,5257.0,5218.0,5241.5,238401,672338
2021-09-13 07:00:00,5241.5,5254.0,5230.5,5239.5,207395,600173
2021-09-13 08:00:00,5239.0,5252.0,5221.0,5225.0,161705,507756
2021-09-13 09:00:00,5225.5,5231.5,5216.0,5225.0,106189,335573
2021-09-13 10:00:00,5225.5,5235.5,5222.5,5230.0,63829,214510
2021-09-13 11:00:00,5230.0,5247.0,5225.5,5237.0,71206,241908
2021-09-13 12:00:00,5237.0,5251.5,5237.0,5247.0,61170,216703
2021-09-13 13:00:00,5247.5,5251.0,5236.0,5238.0,45603,157235
2021-09-13 14:00:00,5238.0,5241.0,5229.5,5233.5,29642,105802
2021-09-14 06:00:00,5250.0,5252.5,5212.5,5222.0,229705,663864
2021-09-14 07:00:00,5222.0,5259.5,5218.0,5256.5,198053,616401
2021-09-14 08:00:00,5257.0,5266.5,5238.0,5246.5,162245,525645
2021-09-14 09:00:00,5246.0,5248.5,5227.5,5237.0,85993,294496
2021-09-14 10:00:00,5237.0,5259.5,5233.0,5252.0,74183,246316
2021-09-14 11:00:00,5252.0,5256.0,5241.0,5254.5,70690,237788
2021-09-14 12:00:00,5254.5,5266.0,5250.5,5262.5,69920,238267
2021-09-14 13:00:00,5262.5,5278.0,5262.0,5272.0,58700,202893
2021-09-14 14:00:00,5271.5,5272.5,5250.0,5263.0,39757,125240
2021-09-15 06:00:00,5255.0,5276.0,5243.5,5263.5,213394,692366
2021-09-15 07:00:00,5264.0,5284.5,5261.0,5268.0,212578,724203
2021-09-15 08:00:00,5268.0,5281.5,5260.5,5267.0,139529,531921
2021-09-15 09:00:00,5267.0,5275.0,5264.5,5267.0,67410,254794
2021-09-15 10:00:00,5267.0,5273.0,5254.5,5260.0,69550,249810
2021-09-15 11:00:00,5260.0,5274.0,5256.5,5269.0,70264,235850
2021-09-15 12:00:00,5269.0,5276.0,5251.0,5263.0,69749,239208
2021-09-15 13:00:00,5263.5,5266.0,5247.0,5248.5,59957,203106
2021-09-15 14:00:00,5249.0,5257.0,5227.0,5241.5,40721,160157
2021-09-16 06:00:00,5250.0,5272.5,5243.5,5265.0,168561,503416
2021-09-16 07:00:00,5265.5,5290.0,5261.0,5279.5,188725,678700
2021-09-16 08:00:00,5279.5,5288.5,5262.5,5266.5,135174,450032
2021-09-16 09:00:00,5266.0,5272.0,5257.5,5265.0,71470,265404
2021-09-16 10:00:00,5265.0,5273.0,5261.0,5271.5,48073,175015
2021-09-16 11:00:00,5272.0,5279.5,5265.5,5279.0,49610,164573
2021-09-16 12:00:00,5279.0,5292.0,5276.5,5278.5,73823,265477
2021-09-16 13:00:00,5279.0,5287.5,5275.0,5276.5,50247,169959
2021-09-16 14:00:00,5276.5,5283.0,5265.0,5265.0,31577,117115
2021-09-17 06:00:00,5266.5,5312.5,5261.5,5304.0,200055,661940
2021-09-17 07:00:00,5304.0,5354.5,5301.0,5352.0,202339,721941
2021-09-17 08:00:00,5352.0,5358.0,5324.5,5327.0,165363,690413
2021-09-17 09:00:00,5327.5,5329.5,5302.5,5307.5,111484,468487
2021-09-17 10:00:00,5307.5,5310.0,5289.0,5297.0,77116,272124
2021-09-17 11:00:00,5296.5,5313.5,5293.0,5306.0,75234,271118
2021-09-17 12:00:00,5306.0,5312.0,5291.5,5297.0,61876,230370
2021-09-17 13:00:00,5296.5,5301.0,5284.0,5298.0,56348,206906
2021-09-17 14:00:00,5298.0,5306.5,5295.0,5297.5,32135,124261
2021-09-20 06:00:00,5331.0,5356.5,5330.5,5342.5,194228,547193
2021-09-20 07:00:00,5342.5,5347.5,5316.0,5339.0,216538,632270
2021-09-20 08:00:00,5339.5,5349.0,5327.5,5340.0,152747,457587
2021-09-20 09:00:00,5340.0,5343.5,5324.0,5336.5,88770,300503
2021-09-20 10:00:00,5337.0,5371.0,5335.5,5370.0,104909,340286
2021-09-20 11:00:00,5370.0,5370.5,5343.5,5355.0,102012,333884
2021-09-20 12:00:00,5355.0,5378.5,5351.5,5374.5,93260,295608
2021-09-20 13:00:00,5374.5,5387.5,5336.0,5338.0,103069,346981
2021-09-20 14:00:00,5338.0,5348.0,5332.0,5336.0,38202,130847
2021-09-21 06:00:00,5320.5,5334.5,5302.5,5319.5,190525,530599
2021-09-21 07:00:00,5319.5,5332.5,5307.0,5313.0,181333,521754
2021-09-21 08:00:00,5313.0,5346.0,5310.5,5325.5,171649,528767
2021-09-21 09:00:00,5325.5,5334.5,5296.0,5299.0,134105,453016
2021-09-21 10:00:00,5299.5,5303.5,5286.5,5299.0,77038,272055
2021-09-21 11:00:00,5298.5,5301.5,5276.5,5285.5,82642,291246
2021-09-21 12:00:00,5285.5,5298.0,5271.5,5276.5,76127,280121
2021-09-21 13:00:00,5277.0,5294.5,5273.5,5294.0,55398,194483
2021-09-21 14:00:00,5294.0,5300.0,5277.5,5277.5,34243,130332
2021-09-22 06:00:00,5262.0,5288.0,5257.5,5285.5,155393,452473
2021-09-22 07:00:00,5285.5,5299.5,5282.0,5292.5,134824,453214
2021-09-22 08:00:00,5292.0,5297.0,5280.5,5291.5,109971,355465
2021-09-22 09:00:00,5291.0,5293.5,5277.0,5280.5,77462,271729
2021-09-22 10:00:00,5280.0,5293.5,5276.0,5289.0,57686,207099
2021-09-22 11:00:00,5289.0,5293.5,5279.5,5284.0,47953,170427
2021-09-22 12:00:00,5284.0,5327.0,5259.5,5316.0,232920,770864
2021-09-22 13:00:00,5316.0,5325.0,5300.0,5310.0,97061,312659
2021-09-22 14:00:00,5310.5,5313.0,5294.5,5298.5,31828,115294
2021-09-23 06:00:00,5268.0,5305.0,5263.0,5299.5,185379,563666
2021-09-23 07:00:00,5300.0,5311.5,5284.0,5290.0,170669,558866
2021-09-23 08:00:00,5290.0,5316.0,5282.5,5292.5,143172,499945
2021-09-23 09:00:00,5292.5,5311.0,5289.0,5296.5,88961,307015
2021-09-23 10:00:00,5296.0,5303.5,5289.0,5302.0,53821,192008
2021-09-23 11:00:00,5301.5,5303.5,5293.5,5302.5,43459,160566
2021-09-23 12:00:00,5302.5,5314.5,5299.0,5307.5,63124,233737
2021-09-23 13:00:00,5308.0,5317.5,5307.5,5314.5,42299,149348
2021-09-23 14:00:00,5314.5,5318.5,5305.5,5311.5,30719,123506
2021-09-24 06:00:00,5320.0,5349.0,5320.0,5347.5,150656,501850
2021-09-24 07:00:00,5348.0,5358.0,5336.0,5340.5,157103,528112
2021-09-24 08:00:00,5340.5,5360.0,5336.0,5354.5,122641,409478
2021-09-24 09:00:00,5354.0,5358.0,5343.5,5348.0,60223,201546
2021-09-24 10:00:00,5347.5,5350.5,5335.0,5342.5,55112,188292
2021-09-24 11:00:00,5342.0,5350.5,5336.0,5349.5,50426,181388
2021-09-24 12:00:00,5350.0,5355.5,5340.0,5342.5,58289,215701
2021-09-24 13:00:00,5342.5,5355.5,5342.0,5349.0,39252,141573
2021-09-24 14:00:00,5349.0,5351.0,5338.5,5343.0,24238,89838
2021-09-27 06:00:00,5326.0,5349.0,5311.5,5345.5,209895,640048
2021-09-27 07:00:00,5345.5,5356.5,5331.5,5333.0,191448,760825
2021-09-27 08:00:00,5332.5,5354.0,5332.0,5351.5,117734,416274
2021-09-27 09:00:00,5352.0,5370.5,5350.0,5360.0,99386,388463
2021-09-27 10:00:00,5360.5,5365.0,5353.5,5364.5,54743,192701
2021-09-27 11:00:00,5364.0,5379.0,5362.5,5372.5,71407,263119
2021-09-27 12:00:00,5372.5,5392.5,5369.0,5387.5,78975,306423
2021-09-27 13:00:00,5387.5,5389.5,5370.0,5382.5,62593,265441
2021-09-27 14:00:00,5382.5,5399.0,5378.5,5395.5,35485,156867
2021-09-28 06:00:00,5408.5,5416.5,5400.0,5406.5,208775,795338
2021-09-28 07:00:00,5406.0,5428.5,5391.0,5417.0,199481,735699
2021-09-28 08:00:00,5416.5,5439.5,5411.0,5437.0,163011,544998
2021-09-28 09:00:00,5437.5,5445.0,5429.0,5430.5,93454,356349
2021-09-28 10:00:00,5430.5,5445.0,5423.5,5438.5,74420,276448
2021-09-28 11:00:00,5438.5,5451.0,5434.0,5450.0,69444,252752
2021-09-28 12:00:00,5449.5,5454.0,5427.5,5430.0,71907,269738
2021-09-28 13:00:00,5430.0,5436.0,5424.0,5428.5,63565,225736
2021-09-28 14:00:00,5429.0,5442.0,5426.0,5431.0,30732,119590
2021-09-29 06:00:00,5410.0,5439.0,5410.0,5422.0,191800,599506
2021-09-29 07:00:00,5422.5,5446.0,5420.0,5433.5,173747,551053
2021-09-29 08:00:00,5433.5,5438.5,5418.0,5425.0,135074,462830
2021-09-29 09:00:00,5425.5,5426.0,5390.0,5407.5,117142,438800
2021-09-29 10:00:00,5407.5,5422.0,5403.5,5417.0,70416,268098
2021-09-29 11:00:00,5417.0,5444.5,5416.0,5444.0,96570,379515
2021-09-29 12:00:00,5444.0,5447.0,5424.0,5431.5,82493,313499
2021-09-29 13:00:00,5431.0,5434.0,5421.5,5430.5,48747,185056
2021-09-29 14:00:00,5430.0,5431.0,5412.5,5412.5,29798,117353
2021-09-30 06:00:00,5431.5,5443.0,5392.5,5414.0,198118,645253
2021-09-30 07:00:00,5414.0,5474.0,5414.0,5471.5,244369,930273
2021-09-30 08:00:00,5471.5,5484.5,5459.0,5473.5,142046,593471
2021-09-30 09:00:00,5473.0,5478.5,5438.0,5476.0,131873,574700
2021-09-30 10:00:00,5475.5,5491.0,5466.5,5482.0,91535,345796
2021-09-30 11:00:00,5482.5,5490.5,5474.5,5483.5,63935,221247
2021-09-30 12:00:00,5483.5,5500.0,5463.5,5470.5,105382,412199
2021-09-30 13:00:00,5470.5,5474.0,5458.0,5474.0,59393,229547
2021-09-30 14:00:00,5473.5,5483.0,5464.0,5467.5,31620,124294
2021-10-01 06:00:00,5442.5,5456.0,5431.0,5442.5,154631,494186
2021-10-01 07:00:00,5443.0,5443.5,5405.0,5418.5,181059,610448
2021-10-01 08:00:00,5418.5,5424.5,5396.5,5413.0,182709,619146
2021-10-01 09:00:00,5413.0,5414.5,5384.0,5391.5,110899,401023
2021-10-01 10:00:00,5391.0,5406.0,5389.5,5400.0,65869,232591
2021-10-01 11:00:00,5399.5,5400.0,5382.0,5386.0,58192,209951
2021-10-01 12:00:00,5386.5,5388.0,5376.0,5382.5,62891,224905
2021-10-01 13:00:00,5382.5,5400.0,5381.5,5393.0,50557,190021
2021-10-01 14:00:00,5392.5,5400.0,5383.0,5387.0,40051,166147
2021-10-04 06:00:00,5408.5,5414.5,5395.5,5408.5,154991,444812
2021-10-04 07:00:00,5408.5,5445.5,5407.5,5442.0,179729,555263
2021-10-04 08:00:00,5442.5,5464.0,5431.5,5459.5,134986,436345
2021-10-04 09:00:00,5459.0,5465.0,5454.0,5455.0,82606,283385
2021-10-04 10:00:00,5455.0,5468.0,5452.5,5457.5,66155,228253
2021-10-04 11:00:00,5458.0,5468.0,5453.0,5468.0,61146,224291
2021-10-04 12:00:00,5468.0,5470.5,5460.0,5467.0,58795,214028
2021-10-04 13:00:00,5467.0,5479.5,5466.0,5468.5,69538,254780
2021-10-04 14:00:00,5468.5,5482.0,5463.0,5481.0,33696,150568
2021-10-05 06:00:00,5450.0,5478.5,5446.5,5470.5,219097,670831
2021-10-05 07:00:00,5470.5,5494.0,5464.0,5485.0,197805,597153
2021-10-05 08:00:00,5485.0,5496.5,5479.0,5490.0,105525,356351
2021-10-05 09:00:00,5490.0,5496.5,5460.5,5483.5,124919,471988
2021-10-05 10:00:00,5484.0,5493.0,5483.5,5491.0,44958,139084
2021-10-05 11:00:00,5490.5,5499.5,5483.5,5492.5,64986,217914
2021-10-05 12:00:00,5492.0,5497.0,5482.0,5493.0,56194,184035
2021-10-05 13:00:00,5493.0,5510.5,5483.5,5506.5,62336,217048
2021-10-05 14:00:00,5506.5,5509.0,5495.5,5501.0,40364,135122
2021-10-05 15:00:00,5501.0,5501.0,5501.0,5501.0,1,25
2021-10-06 06:00:00,5535.0,5541.0,5509.0,5527.5,228547,731123
2021-10-06 07:00:00,5527.5,5540.0,5513.0,5536.0,196845,615231
2021-10-06 08:00:00,5536.0,5547.5,5518.0,5521.0,165078,597551
2021-10-06 09:00:00,5521.5,5544.0,5518.0,5536.0,87933,324978
2021-10-06 10:00:00,5535.5,5558.0,5532.0,5547.5,91739,309767
2021-10-06 11:00:00,5547.0,5551.0,5526.5,5526.5,72717,261408
2021-10-06 12:00:00,5526.5,5532.5,5496.0,5505.5,116422,453555
2021-10-06 13:00:00,5505.0,5512.0,5498.0,5505.5,46924,167325
2021-10-06 14:00:00,5506.0,5518.5,5503.0,5512.5,32755,127481
2021-10-07 06:00:00,5491.5,5526.0,5487.5,5518.0,192778,594431
2021-10-07 07:00:00,5518.0,5547.5,5517.5,5538.0,193118,640322
2021-10-07 08:00:00,5538.0,5541.0,5523.0,5531.5,136260,466380
2021-10-07 09:00:00,5531.0,5544.0,5520.5,5526.0,102438,400387
2021-10-07 10:00:00,5526.0,5533.0,5522.0,5527.5,54549,222696
2021-10-07 11:00:00,5528.0,5535.0,5511.0,5516.5,78873,299257
2021-10-07 12:00:00,5516.5,5527.5,5506.0,5522.5,74698,294235
2021-10-07 13:00:00,5522.5,5535.5,5518.0,5534.0,42440,163833
2021-10-07 14:00:00,5534.5,5540.5,5523.5,5538.5,43922,195833
2021-10-08 06:00:00,5519.0,5528.0,5494.0,5517.0,240705,713333
2021-10-08 07:00:00,5517.0,5533.0,5504.5,5531.5,174473,547959
2021-10-08 08:00:00,5531.5,5548.5,5524.5,5532.0,148745,519290
2021-10-08 09:00:00,5532.5,5542.0,5523.0,5535.5,84009,308826
2021-10-08 10:00:00,5535.5,5548.5,5532.0,5547.0,60905,247932
2021-10-08 11:00:00,5547.5,5549.5,5527.0,5529.0,66743,265063
2021-10-08 12:00:00,5529.5,5536.5,5521.0,5528.5,60028,233971
2021-10-08 13:00:00,5528.5,5539.5,5524.0,5531.5,50421,207955
2021-10-08 14:00:00,5531.5,5540.0,5522.0,5529.5,29754,135142
2021-10-11 06:00:00,5517.0,5532.0,5509.0,5529.5,157199,446674
2021-10-11 07:00:00,5529.5,5542.0,5518.5,5531.5,149917,458997
2021-10-11 08:00:00,5531.5,5544.5,5524.5,5542.0,102951,328456
2021-10-11 09:00:00,5541.5,5546.5,5527.0,5529.5,77214,272760
2021-10-11 10:00:00,5529.5,5542.5,5528.5,5540.0,45710,153926
2021-10-11 11:00:00,5547.0,5548.0,5547.0,5548.0,623,2070
2021-10-11 12:00:00,5550.0,5555.0,5533.0,5544.0,47234,160553
2021-10-11 13:00:00,5544.5,5555.5,5544.0,5554.0,29354,94204
2021-10-11 14:00:00,5554.5,5561.5,5551.5,5554.5,33214,117902
2021-10-13 06:00:00,5532.5,5555.0,5526.0,5551.5,195248,615942
2021-10-13 07:00:00,5551.5,5563.0,5536.5,5552.5,218085,789818
2021-10-13 08:00:00,5552.0,5575.0,5551.5,5567.0,150506,578086
2021-10-13 09:00:00,5567.0,5580.0,5556.5,5569.5,104305,373661
2021-10-13 10:00:00,5570.0,5577.5,5560.0,5576.0,57103,210834
2021-10-13 11:00:00,5575.5,5589.0,5575.5,5583.0,68885,236972
2021-10-13 12:00:00,5582.5,5586.0,5514.5,5527.0,172498,723014
2021-10-13 13:00:00,5526.5,5531.5,5520.0,5524.0,45580,173782
2021-10-13 14:00:00,5524.0,5538.0,5521.0,5530.5,37443,152624
2021-10-14 06:00:00,5487.0,5508.0,5480.5,5490.5,207363,677440
2021-10-14 07:00:00,5490.5,5520.0,5488.5,5508.0,179839,647731
2021-10-14 08:00:00,5507.5,5525.0,5505.5,5514.0,120730,443359
2021-10-14 09:00:00,5514.5,5543.0,5513.5,5518.5,120513,450682
2021-10-14 10:00:00,5518.0,5531.5,5514.5,5518.0,61145,229697
2021-10-14 11:00:00,5518.0,5533.5,5517.0,5532.5,49296,183273
2021-10-14 12:00:00,5532.0,5545.0,5531.0,5534.0,64976,250127
2021-10-14 13:00:00,5534.5,5538.5,5529.0,5530.0,43501,164881
2021-10-14 14:00:00,5530.0,5537.0,5523.0,5527.5,28391,120387
2021-10-15 06:00:00,5501.0,5512.0,5484.5,5501.0,204706,701066
2021-10-15 07:00:00,5500.5,5520.0,5467.5,5468.0,217145,783272
2021-10-15 08:00:00,5468.5,5471.0,5447.0,5454.5,154491,617662
2021-10-15 09:00:00,5454.5,5463.0,5447.5,5458.5,88182,352888
2021-10-15 10:00:00,5459.0,5461.0,5448.0,5459.5,51434,195424
2021-10-15 11:00:00,5459.5,5463.5,5452.5,5461.5,44512,186235
2021-10-15 12:00:00,5461.5,5471.5,5457.0,5469.0,66067,266020
2021-10-15 13:00:00,5469.0,5476.0,5464.0,5467.0,45320,194836
2021-10-15 14:00:00,5467.0,5475.0,5464.5,5475.0,27723,124194
2021-10-18 06:00:00,5480.0,5527.0,5476.5,5521.0,222000,700266
2021-10-18 07:00:00,5521.5,5554.5,5521.0,5538.0,199352,724074
2021-10-18 08:00:00,5538.0,5550.0,5531.0,5544.0,119332,439394
2021-10-18 09:00:00,5544.5,5547.0,5532.5,5532.5,73696,298202
2021-10-18 10:00:00,5532.5,5535.5,5524.0,5529.5,67510,261465
2021-10-18 11:00:00,5529.0,5531.0,5515.5,5525.0,76802,299998
2021-10-18 12:00:00,5525.0,5528.0,5513.0,5520.0,61200,233129
2021-10-18 13:00:00,5520.0,5534.0,5518.0,5531.0,50812,192607
2021-10-18 14:00:00,5531.0,5532.0,5522.0,5524.0,28473,119813
2021-10-19 06:00:00,5555.0,5584.5,5551.0,5574.5,243254,889613
2021-10-19 07:00:00,5574.0,5576.5,5555.5,5556.5,156760,531872
2021-10-19 08:00:00,5556.5,5564.0,5546.5,5557.0,140063,506717
2021-10-19 09:00:00,5557.0,5586.5,5556.0,5563.5,125983,489324
2021-10-19 10:00:00,5563.5,5577.5,5561.0,5575.5,70897,251961
2021-10-19 11:00:00,5575.5,5587.5,5570.5,5587.5,73486,263267
2021-10-19 12:00:00,5587.0,5616.0,5584.0,5606.5,137319,540369
2021-10-19 13:00:00,5607.0,5623.0,5578.5,5605.5,132636,552436
2021-10-19 14:00:00,5605.5,5608.0,5576.5,5595.5,64030,260719
2021-10-20 06:00:00,5592.0,5604.0,5574.0,5580.5,188740,620083
2021-10-20 07:00:00,5580.5,5591.5,5561.0,5577.0,198044,658979
2021-10-20 08:00:00,5577.0,5581.5,5551.0,5560.0,161518,589331
2021-10-20 09:00:00,5560.5,5563.5,5544.0,5558.0,93135,330991
2021-10-20 10:00:00,5558.5,5565.0,5548.0,5552.0,58629,218342
2021-10-20 11:00:00,5552.0,5573.0,5548.0,5560.0,91762,326370
2021-10-20 12:00:00,5560.5,5563.0,5529.5,5550.0,103833,390407
2021-10-20 13:00:00,5550.0,5574.5,5542.5,5571.0,59870,220514
2021-10-20 14:00:00,5571.5,5611.5,5567.0,5606.5,65981,282882
2021-10-21 06:00:00,5671.5,5683.5,5636.0,5657.5,235148,782508
2021-10-21 07:00:00,5657.5,5664.5,5629.5,5640.0,191449,622453
2021-10-21 08:00:00,5640.5,5656.0,5633.5,5633.5,139829,461272
2021-10-21 09:00:00,5634.0,5666.5,5633.5,5654.5,120315,404651
2021-10-21 10:00:00,5654.0,5670.5,5646.5,5660.5,86871,295371
2021-10-21 11:00:00,5660.0,5697.5,5657.0,5689.5,133829,481591
2021-10-21 12:00:00,5689.5,5699.0,5663.0,5678.0,113265,403979
2021-10-21 13:00:00,5677.5,5681.0,5660.5,5675.5,64131,213360
2021-10-21 14:00:00,5675.5,5678.5,5648.5,5667.0,47579,170755
2021-10-22 06:00:00,5690.0,5717.5,5680.0,5713.5,225346,714066
2021-10-22 07:00:00,5713.5,5725.5,5696.0,5699.0,210335,708517
2021-10-22 08:00:00,5699.5,5739.0,5692.0,5735.5,213218,743509
2021-10-22 09:00:00,5735.5,5762.0,5727.0,5728.5,168078,603780
2021-10-22 10:00:00,5728.5,5737.0,5701.5,5713.5,109075,368285
2021-10-22 11:00:00,5714.0,5719.5,5662.5,5680.0,143425,488668
2021-10-22 12:00:00,5680.0,5686.5,5649.5,5659.0,127794,435151
2021-10-22 13:00:00,5658.5,5662.0,5629.0,5631.5,75725,250332
2021-10-22 14:00:00,5631.5,5664.0,5631.0,5657.5,40529,147560
2021-10-25 06:00:00,5661.0,5667.0,5616.5,5619.0,206174,619787
2021-10-25 07:00:00,5619.5,5626.0,5604.5,5606.0,158248,517702
2021-10-25 08:00:00,5606.5,5613.5,5587.0,5594.5,148822,516365
2021-10-25 09:00:00,5595.0,5614.0,5585.5,5606.5,105510,367710
2021-10-25 10:00:00,5606.5,5610.5,5573.0,5573.0,96339,321034
2021-10-25 11:00:00,5573.0,5575.0,5554.0,5557.5,103513,363832
2021-10-25 12:00:00,5558.0,5564.5,5545.5,5546.5,92223,339044
2021-10-25 13:00:00,5546.5,5564.0,5543.0,5558.5,62243,223137
2021-10-25 14:00:00,5558.5,5570.5,5554.0,5563.0,45184,157146
2021-10-26 06:00:00,5558.0,5581.5,5552.5,5574.5,230823,691809
2021-10-26 07:00:00,5574.0,5597.0,5563.5,5590.5,164436,520971
2021-10-26 08:00:00,5590.0,5593.0,5566.0,5580.0,142675,487999
2021-10-26 09:00:00,5580.0,5594.0,5577.5,5586.5,101336,340413
2021-10-26 10:00:00,5586.5,5611.5,5586.0,5597.0,91969,321232
2021-10-26 11:00:00,5597.5,5598.5,5573.0,5586.0,94239,320039
2021-10-26 12:00:00,5586.0,5586.5,5569.0,5570.0,66281,227366
2021-10-26 13:00:00,5570.0,5579.0,5566.0,5576.5,50343,182745
2021-10-26 14:00:00,5576.0,5584.5,5570.0,5571.0,24672,91993
2021-10-27 06:00:00,5573.0,5576.5,5552.5,5562.5,203931,640818
2021-10-27 07:00:00,5562.5,5576.0,5559.5,5563.5,151185,453663
2021-10-27 08:00:00,5563.0,5592.0,5539.5,5589.5,237049,843278
2021-10-27 09:00:00,5590.0,5596.0,5579.0,5586.5,96482,355516
2021-10-27 10:00:00,5586.0,5587.0,5572.0,5580.5,69159,251143
2021-10-27 11:00:00,5581.0,5587.0,5566.5,5570.0,71930,267146
2021-10-27 12:00:00,5570.0,5574.0,5552.5,5569.0,84955,309057
2021-10-27 13:00:00,5569.0,5579.5,5556.5,5557.0,71173,270913
2021-10-27 14:00:00,5557.5,5559.0,5539.5,5540.5,43113,143089
2021-10-28 06:00:00,5556.0,5626.0,5552.0,5617.5,260115,840804
2021-10-28 07:00:00,5617.0,5624.5,5595.0,5600.0,170432,561690
2021-10-28 08:00:00,5600.5,5624.0,5595.5,5620.0,147351,502824
2021-10-28 09:00:00,5620.0,5637.5,5612.0,5614.0,129777,478301
2021-10-28 10:00:00,5613.5,5624.0,5601.0,5613.0,83678,309649
2021-10-28 11:00:00,5613.0,5621.5,5589.5,5603.5,107236,384082
2021-10-28 12:00:00,5603.0,5622.5,5595.0,5619.0,64219,233057
2021-10-28 13:00:00,5619.5,5632.5,5616.5,5628.0,61453,224494
2021-10-28 14:00:00,5627.5,5665.5,5621.0,5646.5,72976,270726
2021-10-29 06:00:00,5670.0,5687.0,5663.0,5668.5,174376,556113
2021-10-29 07:00:00,5669.0,5685.0,5648.0,5682.5,184646,636223
2021-10-29 08:00:00,5682.0,5695.5,5657.0,5668.5,142892,534146
2021-10-29 09:00:00,5668.5,5679.5,5651.5,5662.5,102717,414452
2021-10-29 10:00:00,5662.5,5692.5,5661.0,5677.5,78955,265517
2021-10-29 11:00:00,5677.0,5685.0,5663.5,5679.0,77419,292663
2021-10-29 12:00:00,5679.0,5681.5,5629.0,5646.0,97806,354408
2021-10-29 13:00:00,5646.0,5685.5,5643.0,5674.5,73319,264505
2021-10-29 14:00:00,5674.0,5683.0,5662.0,5665.0,32163,117965
2021-11-01 06:00:00,5658.5,5687.0,5652.5,5679.0,132542,401571
2021-11-01 07:00:00,5679.0,5693.0,5671.0,5692.5,119299,389807
2021-11-01 08:00:00,5692.5,5711.5,5687.0,5708.0,116612,389255
2021-11-01 09:00:00,5708.0,5719.0,5706.0,5709.5,79321,271831
2021-11-01 10:00:00,5709.5,5712.0,5701.5,5704.0,45654,162962
2021-11-01 11:00:00,5704.0,5712.0,5700.0,5706.0,59255,208745
2021-11-01 12:00:00,5706.0,5711.0,5698.0,5698.0,53522,196068
2021-11-01 13:00:00,5698.0,5705.5,5698.0,5700.5,39269,144168
2021-11-01 14:00:00,5701.0,5717.0,5697.0,5714.5,30549,121715
2021-11-03 06:00:00,5703.0,5717.0,5685.5,5708.5,187617,582440
2021-11-03 07:00:00,5708.0,5725.5,5694.5,5719.0,174256,553396
2021-11-03 08:00:00,5719.0,5728.0,5677.0,5692.5,177766,612472
2021-11-03 09:00:00,5693.0,5704.5,5644.0,5645.0,138406,484860
2021-11-03 10:00:00,5645.5,5651.5,5631.5,5642.5,105341,385317
2021-11-03 11:00:00,5642.5,5656.5,5638.0,5654.5,60705,202599
2021-11-03 12:00:00,5654.5,5657.0,5611.0,5615.0,147421,462818
2021-11-03 13:00:00,5615.0,5627.5,5606.5,5618.0,80627,255431
2021-11-03 14:00:00,5617.5,5620.0,5573.5,5582.5,60142,193738
2021-11-04 06:00:00,5596.5,5646.5,5590.5,5631.0,181761,553292
2021-11-04 07:00:00,5631.0,5639.5,5613.5,5618.5,156355,507795
2021-11-04 08:00:00,5618.5,5625.0,5590.0,5611.0,164802,534935
2021-11-04 09:00:00,5611.0,5629.0,5610.0,5616.0,90775,298487
2021-11-04 10:00:00,5615.5,5649.0,5606.5,5643.0,108216,375677
2021-11-04 11:00:00,5643.0,5648.5,5630.5,5646.5,78204,262831
2021-11-04 12:00:00,5646.5,5652.5,5629.5,5648.5,83577,279129
2021-11-04 13:00:00,5649.0,5654.5,5634.0,5635.0,50699,184891
2021-11-04 14:00:00,5635.0,5637.5,5620.0,5631.0,34955,121216
2021-11-05 06:00:00,5624.0,5633.0,5587.5,5595.0,209406,584366
2021-11-05 07:00:00,5595.0,5606.5,5553.0,5559.0,195721,605414
2021-11-05 08:00:00,5559.0,5584.5,5547.5,5564.5,133055,417993
2021-11-05 09:00:00,5564.5,5573.0,5558.0,5562.0,66176,208801
2021-11-05 10:00:00,5562.5,5567.0,5536.5,5554.0,83733,278211
2021-11-05 11:00:00,5554.0,5559.5,5537.5,5546.0,73924,259504
2021-11-05 12:00:00,5545.5,5546.0,5527.5,5538.5,73837,271312
2021-11-05 13:00:00,5538.0,5550.0,5533.5,5547.5,52166,179594
2021-11-05 14:00:00,5547.5,5569.5,5542.5,5565.5,41850,134524
2021-11-08 06:00:00,5581.5,5621.0,5581.0,5614.5,171131,481889
2021-11-08 07:00:00,5615.0,5618.5,5589.0,5592.0,152727,437411
2021-11-08 08:00:00,5592.5,5594.5,5570.0,5571.0,142045,408026
2021-11-08 09:00:00,5571.0,5579.5,5562.0,5571.0,80378,244036
2021-11-08 10:00:00,5570.5,5577.0,5566.0,5573.5,56376,171423
2021-11-08 11:00:00,5573.0,5578.5,5559.0,5568.5,68519,212736
2021-11-08 12:00:00,5568.5,5581.0,5562.0,5571.0,62433,207554
2021-11-08 13:00:00,5570.5,5577.0,5561.0,5564.0,48107,158043
2021-11-08 14:00:00,5564.0,5574.0,5559.0,5565.5,43485,144466
2021-11-08 15:00:00,5565.5,5571.5,5564.5,5570.5,5898,23250
2021-11-09 06:00:00,5570.5,5571.5,5535.0,5541.0,159423,456568
2021-11-09 07:00:00,5540.5,5547.0,5511.5,5515.0,171078,512652
2021-11-09 08:00:00,5515.5,5519.5,5492.5,5501.0,155134,499315
2021-11-09 09:00:00,5501.5,5526.5,5500.0,5510.0,117403,392041
2021-11-09 10:00:00,5509.5,5524.0,5508.0,5522.0,65244,219865
2021-11-09 11:00:00,5521.5,5523.0,5496.5,5497.0,65782,212277
2021-11-09 12:00:00,5496.5,5507.0,5476.0,5498.5,100762,340259
2021-11-09 13:00:00,5498.0,5531.5,5495.5,5511.0,67437,228496
2021-11-09 14:00:00,5511.0,5531.0,5502.0,5506.0,61426,199759
2021-11-09 15:00:00,5505.5,5510.5,5499.0,5499.5,6368,28127
2021-11-10 06:00:00,5524.0,5530.0,5478.5,5480.5,198792,580922
2021-11-10 07:00:00,5480.5,5489.5,5456.5,5461.5,243321,756716
2021-11-10 08:00:00,5462.0,5479.0,5454.0,5475.0,138168,441884
2021-11-10 09:00:00,5474.5,5507.0,5470.0,5499.0,142016,438147
2021-11-10 10:00:00,5498.5,5509.0,5483.5,5488.5,97895,300026
2021-11-10 11:00:00,5488.5,5507.5,5488.0,5499.5,76256,247672
2021-11-10 12:00:00,5499.0,5528.5,5497.5,5514.0,126372,417508
2021-11-10 13:00:00,5513.5,5525.5,5506.0,5520.5,60153,197121
2021-11-10 14:00:00,5520.0,5524.0,5509.0,5516.5,45224,160353
2021-11-10 15:00:00,5516.5,5518.5,5505.0,5510.5,7058,30890
2021-11-11 06:00:00,5502.0,5504.5,5458.5,5459.0,154296,433173
2021-11-11 07:00:00,5459.0,5466.5,5449.0,5455.5,140634,417808
2021-11-11 08:00:00,5455.5,5456.5,5418.0,5426.5,168904,556717
2021-11-11 09:00:00,5426.5,5428.5,5410.0,5415.0,103589,371282
2021-11-11 10:00:00,5415.0,5429.0,5412.5,5417.5,68040,228336
2021-11-11 11:00:00,5417.5,5424.0,5406.0,5423.5,76502,247606
2021-11-11 12:00:00,5423.5,5433.5,5417.5,5419.0,75820,241356
2021-11-11 13:00:00,5419.5,5427.0,5412.0,5420.5,61412,212126
2021-11-11 14:00:00,5420.5,5433.0,5419.5,5422.5,36802,131387
2021-11-11 15:00:00,5422.5,5423.5,5408.0,5413.5,11115,44698
2021-11-12 06:00:00,5420.0,5445.5,5410.5,5440.0,188598,546439
2021-11-12 07:00:00,5440.0,5441.5,5416.0,5434.0,174609,549580
2021-11-12 08:00:00,5434.0,5446.5,5424.0,5437.0,130784,414219
2021-11-12 09:00:00,5437.0,5448.0,5428.5,5444.5,86351,275009
2021-11-12 10:00:00,5444.0,5460.0,5440.5,5451.0,76358,264578
2021-11-12 11:00:00,5451.0,5479.0,5446.5,5477.5,85657,306471
2021-11-12 12:00:00,5477.5,5485.0,5471.5,5472.5,80406,273261
2021-11-12 13:00:00,5473.0,5479.5,5470.5,5473.0,36942,129499
2021-11-12 14:00:00,5472.5,5475.5,5464.5,5472.0,35275,124718
2021-11-12 15:00:00,5472.5,5484.0,5466.0,5477.0,12684,46884
2021-11-16 06:00:00,5460.5,5478.0,5446.0,5446.5,201662,575343
2021-11-16 07:00:00,5446.0,5470.0,5444.5,5468.5,176770,555494
2021-11-16 08:00:00,5469.0,5511.0,5468.0,5509.5,169027,559431
2021-11-16 09:00:00,5509.5,5522.0,5504.0,5520.0,91744,324066
2021-11-16 10:00:00,5520.0,5524.0,5509.5,5513.5,66178,244452
2021-11-16 11:00:00,5513.5,5521.5,5505.5,5508.5,70366,244557
2021-11-16 12:00:00,5509.0,5515.5,5504.5,5514.0,52533,184934
2021-11-16 13:00:00,5514.0,5518.0,5503.0,5514.0,53281,177135
2021-11-16 14:00:00,5514.0,5517.5,5505.0,5512.0,42023,148184
2021-11-16 15:00:00,5512.5,5522.5,5511.5,5518.0,9714,45901
2021-11-17 06:00:00,5500.0,5507.0,5482.0,5482.5,150513,443825
2021-11-17 07:00:00,5483.0,5516.5,5479.0,5512.5,151555,459361
2021-11-17 08:00:00,5512.5,5532.5,5508.0,5524.0,135887,446901
2021-11-17 09:00:00,5524.0,5532.0,5512.0,5514.0,84605,281895
2021-11-17 10:00:00,5513.5,5529.5,5511.0,5521.0,55343,179706
2021-11-17 11:00:00,5521.5,5526.0,5504.5,5522.0,74106,262344
2021-11-17 12:00:00,5522.0,5547.0,5521.5,5545.0,77965,271272
2021-11-17 13:00:00,5545.5,5546.5,5535.0,5539.5,37683,121650
2021-11-17 14:00:00,5539.5,5541.5,5525.5,5537.5,40432,133358
2021-11-17 15:00:00,5537.5,5549.5,5537.0,5541.5,11287,45678
2021-11-18 06:00:00,5537.0,5563.5,5536.5,5544.0,160694,458149
2021-11-18 07:00:00,5544.5,5572.0,5543.5,5562.5,153338,455395
2021-11-18 08:00:00,5563.0,5576.0,5552.0,5563.0,129776,421507
2021-11-18 09:00:00,5563.0,5578.5,5547.5,5555.0,113911,387711
2021-11-18 10:00:00,5555.0,5565.0,5543.5,5561.5,73201,236849
2021-11-18 11:00:00,5561.5,5583.0,5556.0,5580.5,66170,203307
2021-11-18 12:00:00,5580.5,5587.0,5573.5,5586.0,59570,189883
2021-11-18 13:00:00,5586.5,5590.0,5578.0,5581.0,38336,124015
2021-11-18 14:00:00,5580.5,5587.5,5575.5,5577.5,32560,122547
2021-11-18 15:00:00,5577.0,5578.5,5566.0,5572.0,9116,43383
2021-11-19 06:00:00,5589.0,5590.0,5556.0,5569.5,153898,453408
2021-11-19 07:00:00,5569.5,5579.0,5552.5,5570.0,177330,523335
2021-11-19 08:00:00,5569.5,5571.0,5531.0,5542.0,160360,526206
2021-11-19 09:00:00,5542.0,5574.0,5532.5,5570.0,104001,360258
2021-11-19 10:00:00,5570.5,5587.0,5568.0,5583.5,85818,288121
2021-11-19 11:00:00,5583.0,5621.0,5579.0,5600.5,112947,371436
2021-11-19 12:00:00,5600.0,5624.0,5599.0,5624.0,65414,217627
2021-11-19 13:00:00,5623.5,5624.5,5613.0,5619.5,39284,130079
2021-11-19 14:00:00,5619.0,5621.5,5613.0,5620.0,29019,95148
2021-11-19 15:00:00,5620.5,5624.0,5615.0,5624.0,8889,37651
2021-11-22 06:00:00,5611.5,5623.0,5597.5,5605.5,154593,425906
2021-11-22 07:00:00,5605.0,5610.0,5572.5,5576.5,176434,533296
2021-11-22 08:00:00,5577.0,5598.0,5572.0,5595.0,159513,496355
2021-11-22 09:00:00,5595.5,5614.5,5581.0,5589.0,123915,384332
2021-11-22 10:00:00,5588.5,5599.0,5579.5,5597.0,71040,217106
2021-11-22 11:00:00,5596.5,5604.0,5588.5,5598.5,60933,185296
2021-11-22 12:00:00,5598.5,5620.0,5590.0,5615.5,91079,295266
2021-11-22 13:00:00,5615.5,5620.0,5593.0,5601.5,58124,192703
2021-11-22 14:00:00,5601.5,5610.0,5597.0,5605.5,34829,118940
2021-11-22 15:00:00,5605.0,5606.5,5590.0,5593.0,11143,44927
2021-11-23 06:00:00,5615.0,5641.0,5603.5,5635.5,162410,467363
2021-11-23 07:00:00,5635.5,5652.5,5625.5,5647.5,176925,514771
2021-11-23 08:00:00,5647.5,5655.5,5639.5,5643.0,128099,425584
2021-11-23 09:00:00,5643.5,5665.0,5643.0,5664.0,105129,367718
2021-11-23 10:00:00,5664.0,5669.5,5651.0,5656.5,78653,265403
2021-11-23 11:00:00,5656.0,5659.5,5645.0,5652.0,60077,204152
2021-11-23 12:00:00,5651.5,5653.0,5611.5,5618.5,112521,403679
2021-11-23 13:00:00,5618.5,5623.0,5609.0,5614.0,54610,189143
2021-11-23 14:00:00,5613.5,5625.0,5585.5,5597.0,63945,237344
2021-11-23 15:00:00,5597.0,5598.0,5572.5,5576.5,14421,56034
2021-11-24 06:00:00,5583.0,5597.5,5560.0,5595.5,183110,528715
2021-11-24 07:00:00,5595.5,5628.0,5595.0,5623.0,175421,584908
2021-11-24 08:00:00,5623.5,5624.5,5604.0,5609.5,131729,448314
2021-11-24 09:00:00,5609.5,5612.0,5591.0,5603.5,118634,393587
2021-11-24 10:00:00,5604.0,5607.0,5590.0,5599.5,68451,222772
2021-11-24 11:00:00,5600.0,5607.0,5588.0,5600.0,63699,199648
2021-11-24 12:00:00,5599.5,5601.0,5589.0,5595.0,48378,181539
2021-11-24 13:00:00,5594.5,5603.5,5591.5,5600.0,42634,138917
2021-11-24 14:00:00,5599.5,5608.5,5594.5,5606.0,30072,95380
2021-11-24 15:00:00,5606.0,5612.5,5605.0,5612.5,8430,33500
2021-11-25 06:00:00,5591.5,5601.5,5574.0,5587.0,136481,357677
2021-11-25 07:00:00,5587.0,5602.0,5578.0,5591.0,126792,359715
2021-11-25 08:00:00,5591.0,5603.5,5567.0,5567.5,109872,351358
2021-11-25 09:00:00,5567.5,5571.0,5552.5,5560.0,73907,241636
2021-11-25 10:00:00,5560.0,5569.0,5555.0,5566.5,50663,160684
2021-11-25 11:00:00,5566.5,5571.0,5561.5,5568.5,37635,115377
2021-11-25 12:00:00,5568.5,5584.0,5568.0,5579.5,46041,155314
2021-11-25 13:00:00,5579.5,5580.5,5563.5,5569.0,37683,118407
2021-11-25 14:00:00,5569.5,5574.0,5566.0,5567.0,16274,50885
2021-11-25 15:00:00,5567.0,5573.5,5566.0,5572.5,5990,30230
2021-11-26 06:00:00,5668.0,5670.0,5606.5,5608.0,184643,541063
2021-11-26 07:00:00,5608.0,5616.5,5590.0,5590.5,161289,511089
2021-11-26 08:00:00,5590.5,5608.0,5583.5,5588.0,140670,446382
2021-11-26 09:00:00,5588.0,5604.5,5581.5,5590.0,112509,380867
2021-11-26 10:00:00,5589.5,5614.0,5585.5,5597.5,90829,295755
2021-11-26 11:00:00,5597.0,5597.0,5577.5,5581.5,73693,214455
2021-11-26 12:00:00,5581.5,5595.5,5575.5,5594.0,53768,181180
2021-11-26 13:00:00,5594.5,5604.0,5590.0,5598.0,43804,139258
2021-11-26 14:00:00,5598.0,5608.0,5596.0,5606.0,25444,85830
2021-11-26 15:00:00,5606.0,5615.0,5605.5,5614.0,9177,34017
2021-11-29 06:00:00,5600.0,5609.0,5583.0,5602.5,159196,447876
2021-11-29 07:00:00,5602.5,5612.5,5595.0,5608.5,125038,385081
2021-11-29 08:00:00,5608.5,5626.5,5581.0,5623.5,179723,583164
2021-11-29 09:00:00,5623.5,5641.5,5618.0,5626.0,115105,366238
2021-11-29 10:00:00,5626.0,5630.0,5617.0,5623.0,57483,187430
2021-11-29 11:00:00,5623.5,5630.0,5607.5,5609.0,68501,225656
2021-11-29 12:00:00,5609.5,5621.5,5604.5,5608.5,58583,192801
2021-11-29 13:00:00,5608.5,5621.5,5606.5,5612.5,47472,157825
2021-11-29 14:00:00,5612.5,5617.0,5602.5,5609.0,41545,137862
2021-11-29 15:00:00,5609.5,5610.0,5599.0,5603.5,6829,24309
2021-11-30 06:00:00,5637.0,5648.0,5627.5,5646.5,133411,422056
2021-11-30 07:00:00,5646.5,5652.5,5632.5,5645.5,133761,425039
2021-11-30 08:00:00,5645.5,5649.5,5619.5,5642.5,128386,453784
2021-11-30 09:00:00,5642.5,5692.5,5615.0,5692.0,185958,617627
2021-11-30 10:00:00,5692.0,5707.0,5678.5,5691.0,148755,493764
2021-11-30 11:00:00,5691.0,5701.5,5665.0,5673.0,97189,309748
2021-11-30 12:00:00,5673.0,5686.5,5664.0,5682.5,83703,269140
2021-11-30 13:00:00,5682.5,5688.5,5672.5,5673.0,46050,133491
2021-11-30 14:00:00,5673.0,5674.5,5653.5,5659.5,56810,173885
2021-11-30 15:00:00,5659.5,5661.5,5632.5,5639.5,14189,67110
2021-12-01 06:00:00,5620.0,5652.5,5612.5,5648.0,140379,437926
2021-12-01 07:00:00,5647.5,5658.0,5640.0,5653.5,139197,450365
2021-12-01 08:00:00,5653.0,5664.5,5651.0,5653.0,113828,379370
2021-12-01 09:00:00,5653.0,5661.0,5643.0,5654.0,98479,294853
2021-12-01 10:00:00,5654.0,5675.0,5653.0,5672.0,75637,239451
2021-12-01 11:00:00,5672.0,5689.0,5665.5,5686.5,77824,245686
2021-12-01 12:00:00,5686.5,5705.0,5684.0,5703.5,108283,362056
2021-12-01 13:00:00,5703.5,5709.0,5694.5,5706.5,65112,201959
2021-12-01 14:00:00,5706.0,5717.5,5698.0,5717.0,56525,169916
2021-12-01 15:00:00,5716.5,5733.0,5716.0,5730.0,21487,88689
2021-12-02 06:00:00,5700.5,5714.5,5687.0,5688.0,169855,490702
2021-12-02 07:00:00,5688.0,5688.0,5655.0,5660.5,158991,525492
2021-12-02 08:00:00,5661.0,5681.5,5659.0,5662.5,135882,436960
2021-12-02 09:00:00,5662.5,5678.5,5658.0,5663.5,98077,332306
2021-12-02 10:00:00,5664.0,5669.0,5648.0,5660.5,94340,329859
2021-12-02 11:00:00,5660.5,5686.5,5659.5,5674.0,91528,321352
2021-12-02 12:00:00,5673.5,5698.0,5673.5,5685.5,81170,285145
2021-12-02 13:00:00,5685.5,5694.5,5682.5,5693.5,42778,144090
2021-12-02 14:00:00,5693.5,5694.0,5663.5,5673.5,42312,134498
2021-12-02 15:00:00,5673.5,5683.5,5671.0,5679.0,12546,52512
2021-12-03 06:00:00,5685.0,5707.0,5681.0,5682.5,118619,318413
2021-12-03 07:00:00,5682.5,5683.0,5633.0,5635.5,202228,631671
2021-12-03 08:00:00,5635.5,5690.0,5634.5,5682.0,159331,484741
2021-12-03 09:00:00,5682.0,5714.0,5681.5,5702.0,133574,420968
2021-12-03 10:00:00,5701.5,5715.0,5682.5,5708.5,96459,295389
2021-12-03 11:00:00,5708.5,5712.5,5677.5,5690.5,89325,283440
2021-12-03 12:00:00,5691.0,5697.5,5681.0,5683.0,63388,187913
2021-12-03 13:00:00,5683.5,5715.0,5682.5,5710.5,66904,225096
2021-12-03 14:00:00,5710.5,5718.5,5682.5,5685.5,54182,170426
2021-12-03 15:00:00,5685.0,5689.5,5677.0,5685.5,12360,45820
2021-12-06 06:00:00,5676.0,5730.0,5667.0,5727.0,164443,501959
2021-12-06 07:00:00,5726.5,5729.5,5706.5,5706.5,124499,400763
2021-12-06 08:00:00,5706.5,5734.0,5706.0,5721.0,142803,452852
2021-12-06 09:00:00,5721.5,5727.0,5702.5,5714.0,102253,342632
2021-12-06 10:00:00,5714.0,5721.5,5711.5,5714.5,49038,155495
2021-12-06 11:00:00,5714.0,5731.0,5711.5,5723.0,66206,215384
2021-12-06 12:00:00,5723.5,5730.0,5718.0,5718.5,57697,193991
2021-12-06 13:00:00,5718.5,5726.0,5715.5,5723.0,43201,146318
2021-12-06 14:00:00,5722.5,5725.5,5713.5,5718.0,34149,114655
2021-12-06 15:00:00,5718.0,5729.0,5718.0,5724.0,9958,37952
2021-12-07 06:00:00,5697.0,5703.5,5667.5,5670.5,180418,542240
2021-12-07 07:00:00,5670.5,5683.0,5654.0,5675.5,191316,617755
2021-12-07 08:00:00,5676.0,5684.0,5668.5,5669.5,107309,328979
2021-12-07 09:00:00,5669.5,5689.0,5666.5,5667.5,98162,312455
2021-12-07 10:00:00,5667.0,5681.0,5661.0,5662.5,83267,275736
2021-12-07 11:00:00,5662.0,5667.0,5652.0,5660.0,63534,209191
2021-12-07 12:00:00,5660.0,5677.0,5652.5,5658.0,81073,278322
2021-12-07 13:00:00,5657.5,5665.5,5644.0,5648.5,66938,233710
2021-12-07 14:00:00,5649.0,5665.5,5639.0,5639.5,54971,194852
2021-12-07 15:00:00,5640.0,5652.0,5638.5,5651.0,11708,46764
2021-12-08 06:00:00,5634.0,5664.5,5631.0,5645.0,195774,576987
2021-12-08 07:00:00,5645.0,5649.5,5605.0,5607.5,184259,644245
2021-12-08 08:00:00,5607.5,5619.5,5576.0,5579.0,170890,594966
2021-12-08 09:00:00,5579.5,5591.0,5575.0,5579.0,83988,284260
2021-12-08 10:00:00,5579.0,5588.5,5554.0,5569.0,96579,335726
2021-12-08 11:00:00,5569.5,5573.0,5565.5,5572.0,43603,152670
2021-12-08 12:00:00,5572.0,5578.5,5561.5,5564.5,57056,181202
2021-12-08 13:00:00,5564.0,5569.5,5555.0,5564.0,48544,166500
2021-12-08 14:00:00,5563.5,5566.0,5555.0,5558.0,36596,113583
2021-12-08 15:00:00,5558.0,5570.0,5557.5,5560.0,13243,49714
2021-12-09 06:00:00,5564.0,5570.0,5545.0,5552.5,158224,458619
2021-12-09 07:00:00,5553.0,5593.0,5552.5,5590.5,174183,544024
2021-12-09 08:00:00,5590.5,5603.0,5575.0,5590.0,122543,412917
2021-12-09 09:00:00,5590.5,5604.0,5589.5,5602.0,65677,222934
2021-12-09 10:00:00,5602.0,5609.0,5591.5,5608.5,66199,224297
2021-12-09 11:00:00,5608.5,5625.5,5608.0,5614.0,75322,264843
2021-12-09 12:00:00,5614.5,5621.5,5608.5,5610.0,61142,217682
2021-12-09 13:00:00,5609.5,5613.0,5599.0,5600.0,53595,192794
2021-12-09 14:00:00,5600.0,5609.5,5597.5,5606.0,36319,119590
2021-12-09 15:00:00,5606.5,5607.5,5598.0,5598.5,10274,47331
2021-12-10 06:00:00,5585.0,5609.5,5584.0,5604.0,116983,347387
2021-12-10 07:00:00,5603.5,5621.0,5585.0,5616.0,212450,679411
2021-12-10 08:00:00,5616.0,5660.0,5606.5,5618.5,247959,898462
2021-12-10 09:00:00,5618.0,5642.0,5616.0,5628.5,91871,286909
2021-12-10 10:00:00,5628.5,5632.0,5618.0,5624.5,53353,184192
2021-12-10 11:00:00,5624.5,5639.0,5619.5,5636.5,43890,145073
2021-12-10 12:00:00,5636.0,5645.0,5633.0,5642.5,52121,166187
2021-12-10 13:00:00,5642.5,5643.0,5634.0,5638.5,27796,86718
2021-12-10 14:00:00,5638.5,5640.0,5632.0,5633.5,23506,76928
2021-12-10 15:00:00,5633.5,5642.5,5630.0,5638.5,8270,34561
2021-12-13 06:00:00,5629.0,5656.5,5628.0,5635.5,146744,418149
2021-12-13 07:00:00,5635.0,5659.0,5624.5,5651.5,197195,601517
2021-12-13 08:00:00,5651.0,5669.0,5647.5,5656.5,123011,381718
2021-12-13 09:00:00,5656.5,5701.5,5653.0,5698.0,131976,441360
2021-12-13 10:00:00,5698.0,5700.0,5658.5,5682.5,136874,523029
2021-12-13 11:00:00,5682.5,5693.5,5681.5,5691.5,48522,153466
2021-12-13 12:00:00,5691.0,5696.0,5682.0,5690.5,49949,153498
2021-12-13 13:00:00,5690.5,5701.0,5688.0,5697.5,42724,130658
2021-12-13 14:00:00,5698.0,5704.5,5688.0,5699.5,36561,109654
2021-12-13 15:00:00,5699.5,5705.0,5695.5,5704.5,11813,41811
2021-12-14 06:00:00,5686.5,5699.0,5675.5,5678.5,146241,413439
2021-12-14 07:00:00,5678.5,5680.0,5640.0,5667.5,205137,647463
2021-12-14 08:00:00,5668.0,5669.0,5645.5,5657.0,126689,424053
2021-12-14 09:00:00,5657.0,5686.5,5656.0,5682.5,95320,290758
2021-12-14 10:00:00,5683.0,5694.0,5676.5,5693.0,63220,214574
2021-12-14 11:00:00,5692.5,5705.0,5686.0,5705.0,66360,217314
2021-12-14 12:00:00,5704.5,5720.0,5703.0,5714.0,83582,275477
2021-12-14 13:00:00,5713.5,5718.5,5707.5,5716.5,49369,162314
2021-12-14 14:00:00,5716.0,5717.5,5706.5,5710.5,34373,114523
2021-12-14 15:00:00,5710.5,5712.0,5702.0,5703.0,7304,28609
2021-12-15 06:00:00,5700.5,5723.5,5679.5,5720.5,210330,590459
2021-12-15 07:00:00,5720.5,5746.5,5715.0,5719.5,217908,700375
2021-12-15 08:00:00,5720.0,5745.0,5705.5,5742.5,136988,405806
2021-12-15 09:00:00,5743.0,5746.0,5726.0,5745.5,93022,310956
2021-12-15 10:00:00,5745.0,5748.5,5725.5,5733.0,87673,303275
2021-12-15 11:00:00,5733.0,5741.5,5725.5,5736.5,56267,196247
2021-12-15 12:00:00,5736.0,5746.0,5729.0,5743.0,52882,154365
2021-12-15 13:00:00,5744.0,5755.5,5720.5,5727.0,133975,433892
2021-12-15 14:00:00,5727.0,5729.5,5703.5,5704.5,65801,229584
2021-12-15 15:00:00,5704.5,5710.5,5699.5,5703.5,12705,40946
2021-12-16 06:00:00,5688.0,5726.5,5683.0,5696.0,224764,610771
2021-12-16 07:00:00,5696.0,5709.0,5683.0,5703.5,156593,446868
2021-12-16 08:00:00,5703.5,5736.0,5696.5,5731.5,159582,489211
2021-12-16 09:00:00,5731.0,5743.5,5692.5,5696.5,136888,459415
2021-12-16 10:00:00,5697.0,5713.5,5677.5,5683.0,103808,337355
2021-12-16 11:00:00,5683.5,5695.5,5677.5,5691.5,67015,189114
2021-12-16 12:00:00,5691.0,5695.5,5677.5,5689.5,62077,192172
2021-12-16 13:00:00,5689.0,5707.0,5682.5,5696.5,58815,178599
2021-12-16 14:00:00,5696.5,5709.0,5691.5,5705.0,34173,109146
2021-12-16 15:00:00,5705.0,5713.0,5703.0,5706.5,9763,37291
2021-12-17 06:00:00,5701.5,5730.0,5700.5,5726.0,161892,443106
2021-12-17 07:00:00,5726.0,5731.5,5707.5,5717.5,137948,410526
2021-12-17 08:00:00,5717.5,5721.5,5700.0,5703.5,105435,338526
2021-12-17 09:00:00,5704.0,5711.0,5678.5,5690.5,117928,388924
2021-12-17 10:00:00,5690.0,5697.5,5679.0,5691.0,65837,215808
2021-12-17 11:00:00,5691.0,5693.5,5676.5,5691.5,59715,190543
2021-12-17 12:00:00,5691.5,5702.0,5685.5,5693.0,45250,145233
2021-12-17 13:00:00,5693.5,5703.0,5692.5,5699.5,36964,116824
2021-12-17 14:00:00,5699.5,5704.0,5690.0,5701.5,35279,116833
2021-12-17 15:00:00,5701.5,5714.0,5700.5,5709.0,12443,48864
2021-12-20 06:00:00,5724.5,5734.0,5711.0,5712.5,148480,409307
2021-12-20 07:00:00,5712.5,5722.0,5702.0,5721.0,141399,410464
2021-12-20 08:00:00,5721.0,5727.5,5709.0,5716.0,117058,338171
2021-12-20 09:00:00,5715.5,5745.0,5707.5,5737.5,114140,347189
2021-12-20 10:00:00,5738.0,5741.5,5729.0,5734.5,65021,206644
2021-12-20 11:00:00,5734.5,5740.5,5728.0,5739.5,50218,157941
2021-12-20 12:00:00,5740.0,5750.5,5733.5,5746.0,52911,150248
2021-12-20 13:00:00,5746.0,5759.0,5743.5,5757.0,62897,203717
2021-12-20 14:00:00,5757.5,5759.0,5748.5,5750.0,41045,137014
2021-12-20 15:00:00,5750.0,5759.5,5748.5,5757.5,12552,50440
2021-12-21 06:00:00,5734.5,5742.0,5725.5,5726.5,122631,344248
2021-12-21 07:00:00,5726.0,5750.5,5722.0,5749.5,126471,376060
2021-12-21 08:00:00,5749.0,5765.0,5748.0,5759.0,155046,496425
2021-12-21 09:00:00,5759.0,5759.5,5745.5,5757.5,70667,241321
2021-12-21 10:00:00,5758.0,5763.5,5747.0,5758.5,63713,203549
2021-12-21 11:00:00,5758.5,5768.0,5755.5,5761.5,51806,185234
2021-12-21 12:00:00,5761.5,5764.0,5749.0,5750.0,56823,185830
2021-12-21 13:00:00,5750.5,5757.0,5745.0,5749.5,38730,135753
2021-12-21 14:00:00,5750.0,5756.5,5745.5,5756.0,24915,78481
2021-12-21 15:00:00,5755.5,5759.0,5751.0,5757.0,10052,38025
2021-12-22 06:00:00,5744.5,5752.0,5714.5,5716.5,145152,412953
2021-12-22 07:00:00,5717.0,5737.5,5715.0,5734.0,116106,350978
2021-12-22 08:00:00,5734.0,5748.5,5725.5,5735.0,108721,344097
2021-12-22 09:00:00,5735.5,5739.5,5716.5,5726.0,82324,271542
2021-12-22 10:00:00,5726.0,5728.0,5709.0,5712.5,59821,193736
2021-12-22 11:00:00,5712.5,5714.0,5690.0,5690.5,62732,193038
2021-12-22 12:00:00,5691.0,5693.0,5678.0,5681.0,62479,205712
2021-12-22 13:00:00,5681.0,5684.0,5670.5,5676.5,54258,178942
2021-12-22 14:00:00,5676.5,5677.5,5667.5,5669.5,32751,114561
2021-12-22 15:00:00,5669.0,5670.5,5655.0,5663.5,15232,65628
2021-12-23 06:00:00,5665.0,5669.5,5635.5,5661.0,145924,428885
2021-12-23 07:00:00,5660.5,5686.0,5659.5,5684.0,108264,346439
2021-12-23 08:00:00,5684.0,5726.0,5682.5,5719.0,136833,476672
2021-12-23 09:00:00,5719.0,5726.0,5712.0,5723.0,78837,276973
2021-12-23 10:00:00,5723.0,5725.5,5683.0,5689.5,129374,492560
2021-12-23 11:00:00,5690.0,5695.0,5662.5,5681.0,93176,313016
2021-12-23 12:00:00,5681.5,5682.5,5666.0,5668.0,48466,141988
2021-12-23 13:00:00,5668.0,5678.0,5667.0,5670.5,31520,87413
2021-12-23 14:00:00,5670.0,5686.5,5669.0,5685.5,27246,83703
2021-12-23 15:00:00,5686.0,5689.5,5671.0,5671.0,10529,36259
2021-12-27 06:00:00,5670.5,5711.0,5670.5,5699.5,136034,372262
2021-12-27 07:00:00,5700.0,5701.0,5660.5,5665.5,139220,408584
2021-12-27 08:00:00,5665.0,5675.0,5650.5,5666.5,111564,307935
2021-12-27 09:00:00,5666.5,5672.0,5648.5,5655.0,70577,196890
2021-12-27 10:00:00,5655.5,5662.0,5639.5,5645.0,55744,158455
2021-12-27 11:00:00,5645.0,5648.0,5636.5,5642.0,43201,128954
2021-12-27 12:00:00,5642.5,5647.0,5638.0,5645.0,41344,135645
2021-12-27 13:00:00,5644.5,5646.0,5638.5,5642.5,26218,80062
2021-12-27 14:00:00,5642.0,5643.5,5632.5,5635.0,22649,73236
2021-12-27 15:00:00,5635.5,5636.0,5626.5,5628.0,12583,44355
2021-12-28 06:00:00,5622.0,5663.5,5620.0,5662.0,130609,359735
2021-12-28 07:00:00,5662.0,5664.5,5635.5,5637.5,121099,349397
2021-12-28 08:00:00,5637.5,5645.5,5627.0,5632.5,97287,282751
2021-12-28 09:00:00,5633.0,5652.0,5626.0,5642.5,82535,250731
2021-12-28 10:00:00,5642.0,5645.5,5628.5,5637.0,52849,167995
2021-12-28 11:00:00,5637.0,5653.0,5634.0,5649.5,51344,166667
2021-12-28 12:00:00,5649.0,5651.0,5635.5,5636.5,49448,151552
2021-12-28 13:00:00,5636.5,5643.5,5636.0,5640.5,26383,93571
2021-12-28 14:00:00,5640.0,5640.5,5623.0,5628.5,41277,145086
2021-12-28 15:00:00,5628.0,5631.5,5625.5,5631.0,5680,20474
2021-12-29 06:00:00,5638.5,5648.0,5624.5,5642.0,121705,331421
2021-12-29 07:00:00,5642.0,5660.0,5639.5,5652.0,89286,255182
2021-12-29 08:00:00,5651.5,5667.5,5648.0,5667.5,90741,292563
2021-12-29 09:00:00,5667.5,5681.0,5667.0,5680.0,83969,261839
2021-12-29 10:00:00,5679.5,5694.5,5672.0,5692.0,64621,193699
2021-12-29 11:00:00,5691.5,5699.5,5688.5,5699.0,49886,155190
2021-12-29 12:00:00,5699.0,5699.5,5690.5,5693.5,40980,131525
2021-12-29 13:00:00,5693.5,5698.5,5691.0,5694.0,31979,104384
2021-12-29 14:00:00,5694.0,5697.0,5690.5,5694.0,22735,77909
2021-12-29 15:00:00,5694.5,5712.0,5693.0,5703.0,17493,64440
2021-12-30 06:00:00,5735.0,5742.5,5683.5,5684.5,115569,346860
2021-12-30 07:00:00,5684.5,5685.0,5601.5,5607.5,172922,599170
2021-12-30 08:00:00,5607.0,5638.5,5586.5,5605.0,144490,494137
2021-12-30 09:00:00,5605.0,5641.5,5604.0,5614.5,87799,327400
2021-12-30 10:00:00,5614.5,5625.5,5606.5,5615.0,52190,184757
2021-12-30 11:00:00,5614.5,5619.0,5596.0,5600.0,44886,155408
2021-12-30 12:00:00,5600.5,5624.0,5598.0,5617.5,46412,144082
2021-12-30 13:00:00,5617.5,5618.5,5610.0,5614.0,24519,79538
2021-12-30 14:00:00,5614.0,5615.5,5604.5,5609.0,22047,72408
2021-12-30 15:00:00,5608.5,5612.5,5598.0,5611.0,8565,33175
2022-01-03 06:00:00,5609.5,5633.5,5595.0,5620.5,155552,418627
2022-01-03 07:00:00,5620.5,5652.0,5620.0,5651.5,141738,403925
2022-01-03 08:00:00,5651.0,5686.5,5650.5,5678.5,124423,381786
2022-01-03 09:00:00,5678.0,5704.5,5676.0,5698.0,92895,301374
2022-01-03 10:00:00,5698.0,5710.0,5692.5,5699.0,66234,209443
2022-01-03 11:00:00,5698.5,5703.0,5686.5,5699.5,55555,184393
2022-01-03 12:00:00,5700.0,5707.5,5696.0,5698.5,45246,153227
2022-01-03 13:00:00,5698.5,5703.0,5695.5,5701.0,31753,100292
2022-01-03 14:00:00,5701.0,5717.0,5696.5,5712.0,42949,136912
2022-01-03 15:00:00,5712.0,5729.0,5712.0,5727.0,16652,62904
2022-01-04 06:00:00,5704.5,5737.5,5702.5,5726.0,191902,491452
2022-01-04 07:00:00,5726.0,5744.5,5716.5,5729.5,163436,431512
2022-01-04 08:00:00,5729.5,5746.5,5685.5,5689.5,185826,535982
2022-01-04 09:00:00,5689.0,5709.0,5672.5,5705.5,129913,387830
2022-01-04 10:00:00,5705.0,5718.5,5697.0,5711.5,74947,234241
2022-01-04 11:00:00,5711.5,5719.0,5702.5,5717.5,53865,165770
2022-01-04 12:00:00,5717.5,5730.0,5707.5,5723.0,63418,197756
2022-01-04 13:00:00,5723.0,5731.0,5717.0,5724.0,40125,129011
2022-01-04 14:00:00,5724.0,5726.0,5717.5,5720.5,25163,79611
2022-01-04 15:00:00,5720.5,5723.0,5712.0,5712.5,8605,31107
2022-01-05 06:00:00,5715.0,5726.0,5688.5,5717.5,170970,438750
2022-01-05 07:00:00,5718.0,5719.5,5694.0,5697.5,166120,440868
2022-01-05 08:00:00,5697.0,5709.5,5675.5,5681.5,122525,379457
2022-01-05 09:00:00,5681.5,5706.5,5678.0,5695.0,87070,253039
2022-01-05 10:00:00,5695.0,5723.0,5691.5,5718.0,73218,241409
2022-01-05 11:00:00,5718.0,5722.5,5697.0,5712.5,80110,249737
2022-01-05 12:00:00,5712.5,5721.5,5708.0,5711.0,59306,182658
2022-01-05 13:00:00,5711.0,5747.0,5706.5,5745.0,107083,358641
2022-01-05 14:00:00,5745.5,5757.0,5738.5,5750.0,59542,189178
2022-01-05 15:00:00,5749.5,5754.5,5727.0,5727.0,13976,49776
2022-01-06 06:00:00,5727.0,5756.0,5718.0,5730.0,168713,445112
2022-01-06 07:00:00,5730.5,5744.0,5721.0,5734.5,137014,376631
2022-01-06 08:00:00,5734.5,5750.0,5718.5,5745.5,137654,428563
2022-01-06 09:00:00,5745.0,5757.0,5727.5,5734.0,124712,391102
2022-01-06 10:00:00,5734.0,5741.0,5726.5,5734.0,62237,201478
2022-01-06 11:00:00,5734.0,5743.5,5723.5,5728.0,57066,185203
2022-01-06 12:00:00,5728.5,5733.5,5712.0,5714.0,53562,175522
2022-01-06 13:00:00,5714.0,5719.5,5701.5,5711.5,54813,167219
2022-01-06 14:00:00,5711.5,5721.0,5707.5,5718.0,27209,82755
2022-01-06 15:00:00,5717.5,5723.5,5712.0,5715.5,10701,36595
2022-01-07 06:00:00,5711.5,5732.5,5695.5,5723.5,125871,332534
2022-01-07 07:00:00,5723.5,5740.0,5700.0,5730.5,169423,455418
2022-01-07 08:00:00,5730.5,5736.0,5674.0,5676.0,169559,526785
2022-01-07 09:00:00,5676.5,5693.0,5672.5,5686.5,95817,299462
2022-01-07 10:00:00,5686.5,5687.5,5655.5,5657.0,83685,269369
2022-01-07 11:00:00,5657.0,5666.5,5648.5,5661.0,65900,231828
2022-01-07 12:00:00,5660.5,5669.5,5655.0,5660.0,54657,165782
2022-01-07 13:00:00,5659.5,5667.5,5654.5,5662.0,34761,108653
2022-01-07 14:00:00,5662.0,5668.0,5660.0,5664.0,22524,73333
2022-01-07 15:00:00,5663.5,5666.0,5659.5,5666.0,8371,34060
2022-01-10 06:00:00,5673.5,5688.5,5657.5,5684.5,154412,393958
2022-01-10 07:00:00,5684.0,5697.0,5671.5,5696.5,144748,381643
2022-01-10 08:00:00,5696.0,5720.0,5695.5,5716.5,126130,369616
2022-01-10 09:00:00,5716.5,5720.0,5702.0,5709.5,78100,239977
2022-01-10 10:00:00,5709.5,5718.5,5704.0,5708.5,64264,198458
2022-01-10 11:00:00,5708.0,5714.5,5703.5,5710.0,46770,141840
2022-01-10 12:00:00,5710.0,5711.0,5694.5,5704.0,71761,245133
2022-01-10 13:00:00,5704.0,5706.0,5695.5,5701.5,42825,148540
2022-01-10 14:00:00,5701.5,5706.5,5696.0,5697.5,29660,99077
2022-01-10 15:00:00,5698.0,5700.5,5688.5,5690.5,11861,45762
2022-01-11 06:00:00,5679.5,5701.0,5674.0,5685.5,146748,397475
2022-01-11 07:00:00,5686.0,5689.0,5659.0,5681.5,191170,549530
2022-01-11 08:00:00,5681.5,5691.5,5664.5,5665.0,138261,407123
2022-01-11 09:00:00,5665.0,5666.5,5633.0,5637.0,146371,471235
2022-01-11 10:00:00,5637.0,5640.0,5604.0,5624.5,107347,377259
2022-01-11 11:00:00,5625.0,5634.0,5620.5,5622.0,48987,165173
2022-01-11 12:00:00,5622.0,5628.5,5607.5,5609.0,72450,243504
2022-01-11 13:00:00,5609.5,5612.5,5593.5,5605.5,72305,263109
2022-01-11 14:00:00,5605.0,5610.5,5595.0,5599.0,39731,123130
2022-01-11 15:00:00,5599.0,5600.0,5588.5,5597.5,14658,46263
2022-01-12 06:00:00,5604.5,5624.5,5600.0,5611.0,162042,410730
2022-01-12 07:00:00,5611.5,5620.5,5571.0,5584.0,236357,653040
2022-01-12 08:00:00,5584.0,5604.0,5574.0,5574.5,175986,510282
2022-01-12 09:00:00,5574.5,5589.0,5573.0,5578.0,95240,302587
2022-01-12 10:00:00,5578.0,5588.0,5573.5,5576.5,69442,225765
2022-01-12 11:00:00,5577.0,5581.5,5560.5,5565.0,87778,284592
2022-01-12 12:00:00,5565.0,5571.0,5552.5,5552.5,108955,337747
2022-01-12 13:00:00,5552.5,5564.0,5552.5,5559.0,92768,258678
2022-01-12 14:00:00,5559.5,5563.0,5543.5,5543.5,44280,133606
2022-01-12 15:00:00,5544.0,5561.0,5542.5,5560.0,13973,52283
2022-01-13 06:00:00,5573.0,5577.0,5555.0,5567.5,176791,459183
2022-01-13 07:00:00,5567.5,5575.5,5547.0,5547.5,192630,536301
2022-01-13 08:00:00,5547.5,5549.5,5521.0,5526.5,178957,609893
2022-01-13 09:00:00,5527.0,5549.0,5526.5,5536.5,114143,371923
2022-01-13 10:00:00,5536.0,5538.5,5523.5,5533.0,82879,274816
2022-01-13 11:00:00,5532.5,5549.5,5531.0,5543.0,69639,223342
2022-01-13 12:00:00,5543.5,5548.0,5534.0,5534.0,57934,182633
2022-01-13 13:00:00,5534.5,5552.0,5531.0,5548.0,50636,168843
2022-01-13 14:00:00,5548.5,5560.0,5543.0,5549.0,56062,182028
2022-01-13 15:00:00,5549.0,5560.0,5547.0,5548.5,11460,34838
2022-01-14 06:00:00,5550.0,5565.0,5543.5,5563.0,126333,314564
2022-01-14 07:00:00,5562.5,5567.0,5545.5,5562.5,177066,505233
2022-01-14 08:00:00,5563.0,5571.5,5550.5,5554.0,137306,420673
2022-01-14 09:00:00,5554.5,5560.0,5544.5,5554.0,82555,270326
2022-01-14 10:00:00,5554.0,5570.5,5548.0,5559.0,76416,252651
2022-01-14 11:00:00,5559.5,5565.5,5554.0,5564.0,48208,147741
2022-01-14 12:00:00,5564.5,5566.5,5540.5,5541.5,60231,192425
2022-01-14 13:00:00,5541.0,5542.5,5527.0,5530.5,61673,210688
2022-01-14 14:00:00,5530.5,5555.0,5529.5,5547.0,45962,153130
2022-01-14 15:00:00,5546.5,5555.5,5545.5,5553.5,10376,33046
2022-01-17 06:00:00,5555.0,5559.0,5522.0,5531.0,136393,373565
2022-01-17 07:00:00,5530.5,5531.0,5512.5,5518.5,132627,366744
2022-01-17 08:00:00,5519.0,5537.0,5516.5,5525.0,100530,270986
2022-01-17 09:00:00,5525.0,5535.0,5521.5,5524.5,70503,193943
2022-01-17 10:00:00,5525.0,5546.5,5522.0,5540.5,68733,212078
2022-01-17 11:00:00,5540.5,5543.5,5530.0,5532.0,45512,131398
2022-01-17 12:00:00,5532.0,5544.0,5526.5,5540.0,53886,168228
2022-01-17 13:00:00,5540.5,5547.5,5538.0,5544.0,30319,87107
2022-01-17 14:00:00,5544.5,5547.5,5538.5,5541.5,29775,82105
2022-01-17 15:00:00,5541.5,5545.0,5530.0,5532.5,7046,21477
2022-01-18 06:00:00,5551.5,5567.5,5546.5,5549.0,139388,382582
2022-01-18 07:00:00,5548.5,5552.0,5524.5,5525.5,182969,539581
2022-01-18 08:00:00,5525.5,5545.0,5521.0,5538.0,141294,409420
2022-01-18 09:00:00,5538.5,5554.5,5535.0,5536.0,98728,303569
2022-01-18 10:00:00,5536.5,5553.5,5535.0,5550.0,72060,228110
2022-01-18 11:00:00,5549.5,5598.0,5549.0,5590.5,121125,417898
2022-01-18 12:00:00,5590.5,5599.0,5587.0,5587.0,62314,209088
2022-01-18 13:00:00,5587.0,5589.0,5572.0,5577.0,54900,203254
2022-01-18 14:00:00,5576.5,5589.5,5574.0,5584.5,35582,108942
2022-01-18 15:00:00,5585.0,5589.0,5583.0,5584.0,9883,44019
2022-01-19 06:00:00,5560.0,5567.0,5537.0,5538.0,157434,479151
2022-01-19 07:00:00,5538.5,5541.5,5531.0,5536.5,138104,452061
2022-01-19 08:00:00,5536.5,5540.5,5486.5,5488.5,219687,796097
2022-01-19 09:00:00,5489.0,5504.0,5480.0,5488.0,123819,485676
2022-01-19 10:00:00,5488.0,5494.5,5475.0,5482.0,83772,288347
2022-01-19 11:00:00,5482.0,5487.5,5472.0,5481.0,64811,229344
2022-01-19 12:00:00,5481.0,5485.0,5475.0,5478.0,56691,203699
2022-01-19 13:00:00,5478.0,5483.5,5475.0,5481.5,34892,121918
2022-01-19 14:00:00,5481.0,5481.5,5458.0,5460.5,61651,215117
2022-01-19 15:00:00,5460.5,5462.5,5451.5,5454.0,21535,81267
2022-01-20 06:00:00,5460.0,5474.0,5451.5,5458.0,158515,479071
2022-01-20 07:00:00,5458.5,5459.0,5413.0,5425.5,200765,681148
2022-01-20 08:00:00,5426.0,5442.5,5414.5,5430.0,123100,403077
2022-01-20 09:00:00,5430.5,5440.0,5416.5,5419.5,97089,350617
2022-01-20 10:00:00,5419.0,5426.5,5413.5,5420.5,63187,225647
2022-01-20 11:00:00,5420.5,5424.0,5390.0,5410.0,82271,320838
2022-01-20 12:00:00,5410.0,5421.5,5399.5,5401.5,77548,271523
2022-01-20 13:00:00,5402.0,5439.0,5398.5,5428.5,77042,298047
2022-01-20 14:00:00,5428.5,5456.0,5426.5,5450.0,63343,204943
2022-01-20 15:00:00,5449.5,5450.0,5430.5,5430.5,14341,51915
2022-01-21 06:00:00,5451.0,5479.5,5436.5,5463.0,185161,530742
2022-01-21 07:00:00,5463.5,5485.0,5452.5,5453.5,171854,498344
2022-01-21 08:00:00,5453.5,5460.0,5420.5,5433.5,164161,524148
2022-01-21 09:00:00,5433.5,5446.5,5424.5,5430.5,110177,346818
2022-01-21 10:00:00,5431.0,5442.0,5413.0,5434.0,96917,335548
2022-01-21 11:00:00,5434.0,5459.0,5432.0,5456.5,67592,229772
2022-01-21 12:00:00,5456.5,5472.0,5452.0,5467.5,82216,282344
2022-01-21 13:00:00,5468.0,5473.5,5463.0,5468.5,49604,171161
2022-01-21 14:00:00,5468.0,5471.5,5459.5,5462.5,48304,152394
2022-01-21 15:00:00,5462.5,5478.0,5461.0,5469.5,11210,38202
2022-01-24 06:00:00,5487.0,5499.0,5476.5,5487.0,153060,430379
2022-01-24 07:00:00,5487.0,5494.5,5480.0,5492.0,127077,375064
2022-01-24 08:00:00,5492.0,5511.0,5484.0,5510.0,164975,523423
2022-01-24 09:00:00,5510.0,5524.5,5485.0,5502.5,152471,517770
2022-01-24 10:00:00,5502.0,5529.0,5501.5,5519.0,93909,331024
2022-01-24 11:00:00,5519.0,5533.5,5515.5,5517.5,92308,326026
2022-01-24 12:00:00,5517.5,5521.0,5501.5,5505.5,78499,275975
2022-01-24 13:00:00,5505.5,5521.5,5498.5,5515.5,69913,255515
2022-01-24 14:00:00,5515.0,5518.0,5497.0,5499.5,66832,248924
2022-01-24 15:00:00,5500.0,5502.0,5487.0,5497.0,11489,44296
2022-01-25 06:00:00,5506.0,5528.5,5506.0,5520.5,142074,373623
2022-01-25 07:00:00,5521.0,5526.0,5502.5,5505.0,110840,325858
2022-01-25 08:00:00,5505.5,5512.0,5492.5,5502.5,146210,441793
2022-01-25 09:00:00,5503.0,5513.0,5484.0,5489.5,108470,389462
2022-01-25 10:00:00,5489.0,5500.0,5480.5,5489.0,76888,271706
2022-01-25 11:00:00,5488.5,5490.5,5458.5,5469.5,92954,347038
2022-01-25 12:00:00,5469.5,5474.5,5448.0,5450.0,79523,275843
2022-01-25 13:00:00,5450.0,5455.0,5435.0,5442.0,63588,237629
2022-01-25 14:00:00,5442.0,5460.0,5440.5,5448.5,64807,227868
2022-01-25 15:00:00,5449.0,5457.5,5445.5,5451.5,15015,55706
2022-01-26 06:00:00,5433.0,5446.5,5423.0,5438.0,155011,442265
2022-01-26 07:00:00,5437.5,5438.5,5417.5,5428.5,143171,420651
2022-01-26 08:00:00,5428.5,5463.5,5428.0,5444.0,185340,590332
2022-01-26 09:00:00,5444.0,5451.0,5435.5,5442.0,97663,322888
2022-01-26 10:00:00,5441.5,5449.5,5431.5,5442.5,65260,222081
2022-01-26 11:00:00,5442.0,5445.0,5422.0,5426.0,56353,194215
2022-01-26 12:00:00,5426.0,5432.5,5406.0,5411.0,95797,312988
2022-01-26 13:00:00,5410.5,5456.0,5397.0,5442.5,186913,618011
2022-01-26 14:00:00,5442.5,5472.5,5442.0,5446.5,110416,390662
2022-01-26 15:00:00,5446.5,5451.0,5434.5,5439.0,12858,49983
2022-01-27 06:00:00,5435.0,5438.0,5379.5,5385.0,188017,628378
2022-01-27 07:00:00,5385.0,5399.0,5362.5,5364.5,166008,585929
2022-01-27 08:00:00,5364.5,5385.0,5356.0,5370.0,176246,641432
2022-01-27 09:00:00,5369.5,5421.0,5369.0,5416.0,152376,624822
2022-01-27 10:00:00,5415.5,5430.0,5408.5,5428.0,96425,425284
2022-01-27 11:00:00,5428.0,5436.5,5413.0,5421.5,97346,395295
2022-01-27 12:00:00,5421.5,5439.0,5419.0,5434.0,78138,304027
2022-01-27 13:00:00,5434.5,5436.0,5424.5,5426.5,52316,204989
2022-01-27 14:00:00,5426.5,5427.0,5405.0,5413.5,48452,176125
2022-01-27 15:00:00,5414.0,5414.5,5402.5,5411.5,10970,40703
2022-01-28 06:00:00,5430.0,5435.0,5394.0,5401.0,171284,506716
2022-01-28 07:00:00,5401.0,5410.0,5376.0,5383.5,204861,629119
2022-01-28 08:00:00,5384.0,5400.5,5380.0,5394.5,117913,424982
2022-01-28 09:00:00,5394.5,5415.5,5384.5,5407.0,121049,447968
2022-01-28 10:00:00,5407.0,5410.0,5390.0,5397.5,76551,262586
2022-01-28 11:00:00,5397.5,5405.0,5388.0,5402.5,64189,238658
2022-01-28 12:00:00,5402.5,5403.5,5386.0,5391.5,53858,190567
2022-01-28 13:00:00,5391.5,5399.0,5387.0,5392.0,47952,189005
2022-01-28 14:00:00,5392.0,5400.5,5380.5,5384.0,40036,145560
2022-01-28 15:00:00,5384.0,5384.0,5368.0,5370.5,13219,42609
2022-01-31 06:00:00,5399.5,5436.0,5391.0,5414.0,135701,415605
2022-01-31 07:00:00,5414.0,5429.0,5393.0,5400.0,124856,407744
2022-01-31 08:00:00,5400.5,5410.0,5390.0,5405.0,103632,332629
2022-01-31 09:00:00,5404.5,5406.0,5342.5,5349.0,149399,579035
2022-01-31 10:00:00,5349.0,5354.0,5322.5,5328.5,111041,434564
2022-01-31 11:00:00,5328.5,5344.5,5327.5,5344.0,67719,249570
2022-01-31 12:00:00,5344.5,5352.5,5338.5,5339.5,66655,236777
2022-01-31 13:00:00,5339.5,5350.0,5338.0,5344.0,40287,145666
2022-01-31 14:00:00,5343.5,5356.0,5341.5,5349.0,50081,201205
2022-01-31 15:00:00,5349.0,5349.5,5339.0,5345.0,11755,46139
2022-02-01 06:00:00,5334.0,5337.5,5308.0,5322.0,161554,466953
2022-02-01 07:00:00,5322.0,5354.0,5316.0,5325.0,194375,594106
2022-02-01 08:00:00,5325.0,5334.0,5312.5,5316.5,149920,494210
2022-02-01 09:00:00,5316.5,5332.5,5310.5,5317.5,114687,411598
2022-02-01 10:00:00,5317.5,5326.5,5312.0,5318.5,59878,206102
2022-02-01 11:00:00,5318.5,5328.5,5317.0,5322.0,49212,168643
2022-02-01 12:00:00,5322.0,5326.0,5306.5,5309.5,60103,204221
2022-02-01 13:00:00,5309.0,5313.5,5302.5,5309.5,54939,211267
2022-02-01 14:00:00,5309.0,5310.5,5301.5,5306.5,36327,134470
2022-02-01 15:00:00,5306.5,5308.5,5301.5,5301.5,10393,41904
2022-02-02 06:00:00,5300.0,5305.0,5290.5,5295.0,122120,423530
2022-02-02 07:00:00,5295.0,5330.0,5294.0,5329.5,171957,566180
2022-02-02 08:00:00,5329.0,5345.0,5318.5,5342.5,116966,395158
2022-02-02 09:00:00,5342.5,5350.0,5327.5,5336.0,97845,367915
2022-02-02 10:00:00,5336.0,5349.0,5332.0,5342.0,79106,289497
2022-02-02 11:00:00,5342.0,5344.0,5328.5,5330.0,45595,164746
2022-02-02 12:00:00,5330.0,5336.5,5314.5,5317.5,76561,266022
2022-02-02 13:00:00,5317.0,5323.5,5306.5,5310.5,49935,188307
2022-02-02 14:00:00,5310.5,5312.5,5300.0,5301.0,37664,137431
2022-02-02 15:00:00,5301.0,5307.5,5294.0,5296.0,17730,67429
2022-02-03 06:00:00,5308.0,5341.0,5306.5,5340.5,154582,435582
2022-02-03 07:00:00,5340.5,5354.5,5333.0,5347.0,134653,434161
2022-02-03 08:00:00,5347.0,5356.0,5321.5,5335.5,181783,625574
2022-02-03 09:00:00,5336.0,5343.0,5304.5,5320.5,125104,436252
2022-02-03 10:00:00,5321.0,5343.5,5308.5,5339.5,88869,304178
2022-02-03 11:00:00,5339.5,5343.5,5326.5,5328.0,68119,226250
2022-02-03 12:00:00,5328.0,5336.0,5327.0,5328.5,40351,142001
2022-02-03 13:00:00,5329.0,5333.5,5321.5,5329.5,46900,165272
2022-02-03 14:00:00,5329.5,5333.0,5310.5,5320.5,49165,177477
2022-02-03 15:00:00,5320.5,5322.5,5310.0,5318.0,12306,45904
2022-02-04 06:00:00,5329.5,5335.0,5311.5,5323.0,129530,383085
2022-02-04 07:00:00,5323.0,5372.0,5322.0,5366.5,202310,608201
2022-02-04 08:00:00,5366.0,5372.0,5344.0,5361.5,151762,473739
2022-02-04 09:00:00,5362.0,5380.0,5358.5,5374.5,96088,314368
2022-02-04 10:00:00,5374.0,5381.0,5356.5,5358.5,81980,268560
2022-02-04 11:00:00,5358.0,5364.5,5356.0,5358.5,40720,140322
2022-02-04 12:00:00,5358.5,5361.0,5353.0,5356.0,39833,141950
2022-02-04 13:00:00,5356.0,5364.5,5351.5,5355.0,41531,150373
2022-02-04 14:00:00,5354.5,5358.0,5346.5,5357.0,31284,112050
2022-02-04 15:00:00,5356.5,5361.0,5352.5,5359.0,10659,38349
2022-02-07 06:00:00,5345.0,5352.0,5320.5,5322.0,163305,442982
2022-02-07 07:00:00,5322.0,5339.5,5314.0,5327.0,159399,443145
2022-02-07 08:00:00,5327.0,5343.5,5316.5,5317.5,128171,365656
2022-02-07 09:00:00,5318.0,5331.0,5314.5,5318.5,79149,244271
2022-02-07 10:00:00,5318.5,5325.0,5307.0,5321.5,74842,229044
2022-02-07 11:00:00,5321.5,5324.5,5293.0,5302.0,90211,301261
2022-02-07 12:00:00,5302.0,5307.5,5292.5,5295.0,64974,206429
2022-02-07 13:00:00,5295.0,5297.0,5278.5,5282.0,60474,215354
2022-02-07 14:00:00,5282.0,5290.0,5281.0,5283.0,40758,140049
2022-02-07 15:00:00,5283.0,5294.5,5281.5,5289.0,16690,57137
2022-02-08 06:00:00,5295.0,5301.5,5277.5,5284.5,144708,389558
2022-02-08 07:00:00,5285.0,5316.0,5284.5,5301.0,186454,556739
2022-02-08 08:00:00,5300.5,5303.5,5278.0,5293.5,157344,440549
2022-02-08 09:00:00,5294.0,5312.0,5291.0,5301.0,106842,317578
2022-02-08 10:00:00,5301.0,5302.5,5288.0,5297.5,58729,191891
2022-02-08 11:00:00,5297.0,5304.5,5294.5,5299.5,46605,150594
2022-02-08 12:00:00,5299.5,5303.5,5291.0,5292.5,47915,151490
2022-02-08 13:00:00,5293.0,5294.0,5280.0,5287.0,46898,161075
2022-02-08 14:00:00,5286.5,5292.5,5283.0,5285.5,39923,126778
2022-02-08 15:00:00,5285.0,5290.0,5281.0,5284.0,10391,43770
2022-02-09 06:00:00,5275.0,5297.5,5261.0,5295.5,166229,506269
2022-02-09 07:00:00,5295.0,5315.0,5284.5,5311.0,173377,499191
2022-02-09 08:00:00,5311.0,5314.0,5301.0,5307.5,107064,324029
2022-02-09 09:00:00,5307.5,5308.5,5281.5,5290.5,116627,386694
2022-02-09 10:00:00,5291.0,5301.5,5283.0,5289.5,70276,229422
2022-02-09 11:00:00,5290.0,5290.0,5243.0,5249.0,117766,413325
2022-02-09 12:00:00,5248.5,5252.0,5237.5,5243.5,76711,267007
2022-02-09 13:00:00,5243.5,5254.5,5241.0,5251.0,54251,175256
2022-02-09 14:00:00,5251.0,5263.0,5249.0,5259.0,48029,165405
2022-02-09 15:00:00,5259.0,5266.0,5256.5,5263.0,11803,48904
2022-02-10 06:00:00,5257.5,5269.0,5245.5,5252.5,185068,475698
2022-02-10 07:00:00,5253.0,5270.5,5235.0,5248.5,232069,663088
2022-02-10 08:00:00,5248.5,5261.5,5205.0,5208.5,206627,644130
2022-02-10 09:00:00,5208.0,5218.0,5194.0,5213.0,131391,449836
2022-02-10 10:00:00,5213.0,5223.0,5203.0,5222.0,87679,285314
2022-02-10 11:00:00,5222.5,5274.0,5218.5,5250.5,157291,538905
2022-02-10 12:00:00,5251.0,5264.0,5228.0,5253.5,116339,365934
2022-02-10 13:00:00,5253.5,5264.5,5243.5,5261.5,67899,213604
2022-02-10 14:00:00,5261.5,5276.5,5257.0,5272.0,63375,187673
2022-02-10 15:00:00,5272.0,5278.0,5267.0,5268.5,10966,36140
2022-02-11 06:00:00,5252.5,5263.0,5215.0,5222.0,174460,479222
2022-02-11 07:00:00,5221.5,5239.0,5203.0,5234.5,171292,499247
2022-02-11 08:00:00,5235.0,5244.0,5217.0,5221.0,161794,455721
2022-02-11 09:00:00,5220.5,5224.0,5206.0,5215.5,129840,397718
2022-02-11 10:00:00,5215.5,5229.5,5206.0,5219.5,91293,283960
2022-02-11 11:00:00,5219.5,5223.0,5201.0,5212.5,82338,249627
2022-02-11 12:00:00,5212.0,5270.0,5201.0,5244.0,174809,529671
2022-02-11 13:00:00,5243.5,5266.5,5235.0,5262.0,157157,458938
2022-02-11 14:00:00,5262.0,5286.0,5253.0,5269.5,82184,247600
2022-02-11 15:00:00,5269.5,5278.0,5263.5,5272.5,11953,38663
2022-02-14 06:00:00,5272.5,5285.0,5222.0,5239.0,208390,553046
2022-02-14 07:00:00,5239.0,5240.0,5213.5,5225.0,169780,487789
2022-02-14 08:00:00,5225.0,5236.0,5218.0,5220.0,119007,356073
2022-02-14 09:00:00,5220.5,5249.0,5219.0,5244.5,126648,400549
2022-02-14 10:00:00,5244.0,5246.5,5227.0,5233.0,79811,255978
2022-02-14 11:00:00,5233.5,5243.0,5221.0,5223.0,66155,206033
2022-02-14 12:00:00,5222.5,5247.5,5214.0,5238.5,106046,345887
2022-02-14 13:00:00,5238.5,5242.0,5222.0,5237.5,94484,298995
2022-02-14 14:00:00,5237.5,5243.0,5230.5,5237.0,43594,143120
2022-02-14 15:00:00,5237.0,5238.5,5227.5,5227.5,13175,42646
2022-02-15 06:00:00,5211.5,5234.0,5209.5,5231.0,165296,435638
2022-02-15 07:00:00,5231.5,5231.5,5198.5,5201.0,195852,530338
2022-02-15 08:00:00,5201.0,5208.0,5182.0,5207.5,174073,517224
2022-02-15 09:00:00,5207.5,5212.5,5189.0,5191.0,102771,331021
2022-02-15 10:00:00,5191.0,5204.0,5189.0,5198.0,65473,215234
2022-02-15 11:00:00,5198.0,5211.0,5196.5,5204.0,62767,198557
2022-02-15 12:00:00,5204.5,5206.5,5195.0,5195.5,43661,134777
2022-02-15 13:00:00,5195.0,5202.5,5192.5,5196.0,46590,151729
2022-02-15 14:00:00,5196.5,5197.5,5183.5,5185.5,36479,118966
2022-02-15 15:00:00,5185.5,5188.0,5174.5,5174.5,14221,55034
2022-02-16 06:00:00,5175.0,5189.5,5165.0,5171.5,201947,583911
2022-02-16 07:00:00,5171.0,5192.0,5169.0,5187.0,172136,507506
2022-02-16 08:00:00,5187.0,5190.0,5169.0,5171.5,155098,474618
2022-02-16 09:00:00,5172.0,5175.5,5157.5,5173.5,101591,330676
2022-02-16 10:00:00,5173.0,5180.5,5161.5,5174.5,79664,252003
2022-02-16 11:00:00,5174.0,5178.0,5160.5,5162.0,66062,205554
2022-02-16 12:00:00,5162.0,5171.0,5148.5,5151.5,99281,352351
2022-02-16 13:00:00,5152.0,5159.5,5142.0,5143.0,95517,294255
2022-02-16 14:00:00,5142.5,5147.0,5136.5,5143.0,45350,139797
2022-02-16 15:00:00,5143.5,5152.0,5142.0,5151.5,15537,56841
2022-02-17 06:00:00,5165.0,5166.5,5138.0,5152.5,136050,365902
2022-02-17 07:00:00,5152.5,5162.0,5141.0,5155.5,173000,501454
2022-02-17 08:00:00,5155.5,5193.5,5148.5,5191.0,175829,548109
2022-02-17 09:00:00,5191.0,5191.5,5173.5,5176.0,102496,325894
2022-02-17 10:00:00,5176.5,5181.5,5169.0,5169.0,64332,205649
2022-02-17 11:00:00,5169.0,5177.0,5163.0,5175.5,63321,199808
2022-02-17 12:00:00,5175.5,5186.0,5173.5,5183.0,63342,198948
2022-02-17 13:00:00,5183.0,5185.0,5176.5,5176.5,36425,125417
2022-02-17 14:00:00,5176.5,5187.0,5176.0,5179.5,42565,136133
2022-02-17 15:00:00,5179.5,5189.0,5179.5,5183.0,13101,46219
2022-02-18 06:00:00,5176.0,5178.0,5144.0,5151.0,159621,438541
2022-02-18 07:00:00,5151.0,5160.5,5137.0,5145.5,168368,494115
2022-02-18 08:00:00,5146.0,5153.0,5133.5,5136.0,136269,417529
2022-02-18 09:00:00,5136.5,5140.5,5125.0,5135.5,116543,378783
2022-02-18 10:00:00,5135.5,5148.0,5128.5,5131.5,95374,334172
2022-02-18 11:00:00,5131.0,5145.0,5113.0,5143.5,103427,352153
2022-02-18 12:00:00,5144.0,5149.0,5135.0,5145.0,74023,274943
2022-02-18 13:00:00,5145.5,5150.0,5142.0,5149.0,38078,141117
2022-02-18 14:00:00,5149.0,5157.5,5144.5,5147.0,56362,217822
2022-02-18 15:00:00,5147.0,5148.0,5141.5,5146.5,12429,40405
2022-02-21 06:00:00,5140.5,5163.0,5137.0,5139.5,169104,479512
2022-02-21 07:00:00,5139.0,5139.5,5109.0,5111.0,166051,492495
2022-02-21 08:00:00,5110.5,5114.5,5095.5,5097.5,123301,419140
2022-02-21 09:00:00,5097.5,5104.0,5081.5,5085.5,104603,342439
2022-02-21 10:00:00,5085.0,5102.0,5084.5,5099.5,59600,207145
2022-02-21 11:00:00,5100.0,5105.5,5091.0,5104.5,60701,189725
2022-02-21 12:00:00,5104.0,5111.0,5099.0,5103.5,65837,215154
2022-02-21 13:00:00,5103.5,5119.0,5102.0,5113.0,61337,192724
2022-02-21 14:00:00,5113.0,5119.5,5113.0,5114.0,28182,87651
2022-02-21 15:00:00,5114.0,5114.5,5106.5,5112.5,13060,48658
2022-02-22 06:00:00,5102.0,5106.5,5081.0,5094.0,221673,636837
2022-02-22 07:00:00,5094.0,5095.5,5062.0,5063.5,175117,559107
2022-02-22 08:00:00,5063.5,5077.0,5055.5,5058.0,140716,458563
2022-02-22 09:00:00,5058.0,5065.0,5055.0,5057.0,95953,345886
2022-02-22 10:00:00,5057.5,5071.5,5054.5,5067.0,81062,296603
2022-02-22 11:00:00,5067.0,5068.0,5056.0,5064.0,55017,190744
2022-02-22 12:00:00,5063.5,5075.0,5059.0,5069.5,70837,239403
2022-02-22 13:00:00,5070.0,5077.0,5050.0,5056.5,99344,342130
2022-02-22 14:00:00,5056.0,5067.5,5052.0,5065.5,55658,216393
2022-02-22 15:00:00,5066.0,5069.0,5060.5,5066.0,12741,52472
2022-02-23 06:00:00,5050.5,5055.5,5015.5,5016.0,217142,673436
2022-02-23 07:00:00,5016.0,5020.0,5002.0,5004.5,153977,518305
2022-02-23 08:00:00,5004.5,5016.0,5001.5,5010.0,129061,452262
2022-02-23 09:00:00,5010.0,5036.0,5010.0,5035.0,121118,439022
2022-02-23 10:00:00,5035.0,5040.0,5018.5,5022.5,87370,300220
2022-02-23 11:00:00,5022.5,5023.5,5008.5,5013.0,73197,269827
2022-02-23 12:00:00,5013.5,5018.0,4997.5,4999.5,99276,342513
2022-02-23 13:00:00,4999.5,5012.5,4998.0,5006.0,69704,252378
2022-02-23 14:00:00,5005.5,5011.0,5000.5,5010.5,38894,144047
2022-02-23 15:00:00,5010.5,5017.5,5004.0,5012.0,16830,84895
2022-02-24 06:00:00,5060.0,5094.0,5037.0,5090.5,279150,790288
2022-02-24 07:00:00,5090.0,5108.0,5082.0,5105.5,202084,648720
2022-02-24 08:00:00,5105.5,5148.5,5096.0,5141.5,224168,743982
2022-02-24 09:00:00,5141.5,5152.0,5127.5,5140.0,144831,548894
2022-02-24 10:00:00,5140.0,5142.0,5116.0,5126.0,121318,444732
2022-02-24 11:00:00,5126.0,5148.5,5120.0,5147.0,87150,298146
2022-02-24 12:00:00,5147.0,5166.0,5130.0,5139.0,140029,492445
2022-02-24 13:00:00,5139.0,5143.5,5092.5,5106.5,137146,483729
2022-02-24 14:00:00,5106.5,5124.0,5085.0,5120.0,89278,328995
2022-02-24 15:00:00,5120.0,5131.0,5118.0,5125.0,12137,42802
2022-02-25 06:00:00,5165.0,5170.0,5124.0,5142.0,276310,737800
2022-02-25 07:00:00,5142.5,5178.0,5142.0,5166.0,193237,563280
2022-02-25 08:00:00,5165.5,5196.5,5163.5,5195.0,147005,457097
2022-02-25 09:00:00,5195.5,5208.0,5191.0,5200.5,106183,374633
2022-02-25 10:00:00,5200.5,5215.5,5192.0,5196.5,107254,373162
2022-02-25 11:00:00,5196.0,5222.0,5194.0,5218.0,75108,251307
2022-02-25 12:00:00,5218.0,5225.5,5200.0,5205.0,84810,281311
2022-02-25 13:00:00,5204.5,5206.0,5185.5,5199.5,74422,253814
2022-02-25 14:00:00,5200.0,5208.0,5193.0,5198.0,49173,155426
2022-02-25 15:00:00,5198.0,5215.0,5191.5,5214.5,17040,68590
2022-03-02 10:00:00,5268.0,5268.0,5190.5,5195.5,252537,812445
2022-03-02 11:00:00,5195.5,5202.5,5185.0,5188.0,110126,344296
2022-03-02 12:00:00,5187.5,5188.5,5155.0,5156.5,129087,400782
2022-03-02 13:00:00,5156.0,5158.5,5145.0,5151.5,82552,270291
2022-03-02 14:00:00,5151.0,5152.0,5138.0,5145.5,63301,194000
2022-03-02 15:00:00,5145.5,5145.5,5125.5,5144.5,24221,80916
2022-03-03 06:00:00,5151.0,5157.5,5112.5,5116.0,249590,606409
2022-03-03 07:00:00,5116.5,5120.5,5065.5,5074.5,223629,669025
2022-03-03 08:00:00,5074.5,5097.5,5064.5,5087.0,161416,509855
2022-03-03 09:00:00,5087.5,5093.5,5069.0,5082.0,126116,408422
2022-03-03 10:00:00,5081.5,5106.5,5077.0,5097.5,128610,404967
2022-03-03 11:00:00,5097.5,5113.5,5080.5,5083.0,136808,407865
2022-03-03 12:00:00,5083.0,5084.5,5062.0,5063.0,87415,263291
2022-03-03 13:00:00,5063.0,5071.0,5061.5,5067.5,57145,184898
2022-03-03 14:00:00,5068.0,5073.0,5061.5,5068.0,56566,179002
2022-03-03 15:00:00,5068.0,5075.0,5063.0,5075.0,15849,50292
2022-03-04 06:00:00,5089.5,5098.5,5064.5,5093.0,274158,733971
2022-03-04 07:00:00,5093.5,5134.0,5087.0,5125.0,250951,688657
2022-03-04 08:00:00,5125.0,5139.0,5115.0,5122.0,165894,493661
2022-03-04 09:00:00,5122.5,5132.5,5115.0,5121.0,111662,348864
2022-03-04 10:00:00,5121.0,5136.5,5116.5,5125.0,79964,276141
2022-03-04 11:00:00,5125.0,5132.0,5099.5,5103.0,109931,381582
2022-03-04 12:00:00,5103.0,5118.5,5092.5,5116.5,86189,288749
2022-03-04 13:00:00,5116.0,5124.5,5107.5,5116.5,65972,213968
2022-03-04 14:00:00,5116.5,5117.5,5102.5,5103.0,48503,156357
2022-03-04 15:00:00,5103.0,5105.5,5094.0,5099.5,15186,52109
2022-03-07 06:00:00,5114.5,5136.0,5082.0,5088.0,255602,709599
2022-03-07 07:00:00,5087.5,5098.0,5066.5,5083.5,198936,574399
2022-03-07 08:00:00,5083.0,5107.5,5074.0,5103.0,178134,516315
2022-03-07 09:00:00,5103.5,5114.0,5093.5,5103.5,125125,394720
2022-03-07 10:00:00,5103.0,5124.0,5098.5,5121.0,113972,366494
2022-03-07 11:00:00,5121.0,5130.5,5113.0,5129.0,99161,339896
2022-03-07 12:00:00,5129.0,5130.0,5116.5,5124.5,71297,247810
2022-03-07 13:00:00,5124.5,5125.5,5107.0,5115.0,93489,360199
2022-03-07 14:00:00,5115.0,5138.0,5112.0,5134.0,79475,293753
2022-03-07 15:00:00,5134.0,5152.0,5134.0,5152.0,20911,94215
2022-03-08 06:00:00,5121.0,5130.0,5097.0,5121.0,270401,700719
2022-03-08 07:00:00,5121.0,5135.5,5108.0,5132.5,208684,598870
2022-03-08 08:00:00,5132.5,5134.5,5109.5,5122.0,202457,600376
2022-03-08 09:00:00,5122.0,5132.0,5114.5,5125.5,126455,430930
2022-03-08 10:00:00,5125.0,5132.0,5117.0,5123.0,81863,285542
2022-03-08 11:00:00,5122.5,5124.0,5083.0,5092.5,185384,591349
2022-03-08 12:00:00,5092.5,5108.0,5079.5,5100.5,121259,394102
2022-03-08 13:00:00,5101.0,5108.0,5085.0,5088.5,80565,265523
2022-03-08 14:00:00,5088.0,5101.5,5085.5,5099.0,46831,169046
2022-03-08 15:00:00,5099.5,5100.5,5093.0,5093.0,9949,47388
2022-03-09 06:00:00,5060.0,5069.0,5047.5,5057.0,189408,502374
2022-03-09 07:00:00,5057.0,5062.5,5042.0,5044.5,162222,483810
2022-03-09 08:00:00,5044.0,5051.0,5026.0,5040.5,217492,677967
2022-03-09 09:00:00,5041.0,5043.0,5020.5,5025.5,115873,412685
2022-03-09 10:00:00,5025.0,5032.5,5018.0,5026.0,82446,265177
2022-03-09 11:00:00,5026.5,5042.0,5024.5,5032.5,103540,296269
2022-03-09 12:00:00,5032.5,5041.5,5031.0,5039.0,62470,190805
2022-03-09 13:00:00,5039.5,5050.0,5038.5,5045.0,66973,225663
2022-03-09 14:00:00,5045.0,5046.0,5035.5,5043.5,54075,170785
2022-03-09 15:00:00,5043.5,5046.0,5036.5,5044.5,11864,41496
2022-03-10 06:00:00,5059.0,5075.0,5051.5,5073.5,165782,454663
2022-03-10 07:00:00,5073.5,5098.0,5063.5,5089.5,219294,647340
2022-03-10 08:00:00,5089.5,5106.5,5077.0,5079.0,148826,466872
2022-03-10 09:00:00,5078.5,5090.5,5073.0,5082.0,116998,346695
2022-03-10 10:00:00,5082.0,5093.0,5072.5,5074.5,71974,224445
2022-03-10 11:00:00,5074.0,5086.5,5071.5,5081.5,72452,226576
2022-03-10 12:00:00,5081.5,5083.0,5041.5,5043.5,100610,334531
2022-03-10 13:00:00,5044.0,5050.5,5043.5,5047.0,43696,152167
2022-03-10 14:00:00,5047.0,5053.5,5045.0,5050.0,32789,120782
2022-03-10 15:00:00,5049.5,5050.5,5041.0,5043.0,10634,40255
2022-03-11 06:00:00,5030.5,5038.5,5013.0,5036.0,184997,505454
2022-03-11 07:00:00,5036.0,5050.0,5027.0,5048.5,169253,473497
2022-03-11 08:00:00,5048.0,5063.0,5041.0,5061.0,123463,379684
2022-03-11 09:00:00,5061.5,5073.5,5058.5,5068.5,92588,303393
2022-03-11 10:00:00,5069.0,5086.5,5060.5,5080.5,85441,274657
2022-03-11 11:00:00,5080.5,5084.5,5075.0,5077.5,52083,176767
2022-03-11 12:00:00,5077.5,5085.0,5074.0,5081.5,52922,185140
2022-03-11 13:00:00,5081.5,5089.0,5077.0,5082.0,48843,173450
2022-03-11 14:00:00,5082.0,5107.5,5081.5,5104.0,82930,282715
2022-03-11 15:00:00,5104.0,5111.5,5101.5,5104.5,17782,64070
2022-03-14 06:00:00,5084.5,5094.0,5070.0,5072.0,154969,448923
2022-03-14 07:00:00,5072.0,5103.5,5064.5,5095.0,176736,545979
2022-03-14 08:00:00,5094.5,5102.0,5088.5,5091.5,116823,365921
2022-03-14 09:00:00,5092.0,5113.5,5090.5,5109.0,90136,290676
2022-03-14 10:00:00,5109.5,5135.0,5108.0,5132.5,104059,371882
2022-03-14 11:00:00,5132.5,5149.5,5125.5,5146.5,86473,298839
2022-03-14 12:00:00,5147.0,5166.0,5137.5,5162.0,100465,326524
2022-03-14 13:00:00,5162.0,5162.0,5144.5,5147.0,79434,252938
2022-03-14 14:00:00,5147.0,5155.0,5141.5,5151.0,39413,124129
2022-03-15 06:00:00,5133.0,5147.5,5118.5,5138.5,213457,570908
2022-03-15 07:00:00,5139.0,5177.0,5135.5,5162.5,196706,582944
2022-03-15 08:00:00,5162.0,5167.0,5147.5,5155.0,120189,356642
2022-03-15 09:00:00,5155.0,5170.0,5148.5,5168.0,103667,317975
2022-03-15 10:00:00,5168.0,5176.0,5156.0,5171.0,87778,268846
2022-03-15 11:00:00,5170.5,5187.0,5162.5,5186.5,86171,267327
2022-03-15 12:00:00,5186.5,5195.0,5182.0,5183.5,78342,269504
2022-03-15 13:00:00,5183.5,5188.0,5178.0,5183.5,52734,175874
2022-03-15 14:00:00,5183.0,5193.0,5180.0,5187.0,31765,104335
2022-03-16 06:00:00,5162.0,5179.5,5142.0,5177.0,195390,585923
2022-03-16 07:00:00,5177.0,5178.0,5152.0,5165.5,175761,600162
2022-03-16 08:00:00,5165.0,5165.0,5125.0,5142.5,181145,639167
2022-03-16 09:00:00,5142.5,5144.0,5121.5,5132.0,98843,332708
2022-03-16 10:00:00,5132.0,5144.5,5126.0,5140.5,86304,280328
2022-03-16 11:00:00,5141.0,5147.5,5132.0,5143.0,73212,266867
2022-03-16 12:00:00,5144.0,5170.0,5120.0,5127.0,199937,600000
2022-03-16 13:00:00,5127.0,5135.0,5114.0,5114.5,99816,312888
2022-03-16 14:00:00,5114.0,5121.0,5095.0,5098.5,44100,155150
2022-03-17 06:00:00,5096.0,5122.0,5090.5,5108.0,227380,638747
2022-03-17 07:00:00,5108.0,5123.0,5102.5,5114.0,177149,543941
2022-03-17 08:00:00,5114.0,5128.5,5095.5,5096.0,142684,480296
2022-03-17 09:00:00,5096.0,5098.0,5062.0,5062.5,127578,486704
2022-03-17 10:00:00,5063.0,5069.5,5052.0,5053.5,87116,331691
2022-03-17 11:00:00,5054.0,5064.0,5050.5,5064.0,64475,225720
2022-03-17 12:00:00,5063.5,5067.0,5054.5,5056.5,69729,224737
2022-03-17 13:00:00,5056.5,5063.0,5052.0,5058.0,53454,186233
2022-03-17 14:00:00,5057.5,5064.0,5048.5,5060.5,48660,199511
2022-03-18 06:00:00,5069.0,5088.0,5057.0,5077.0,176457,505166
2022-03-18 07:00:00,5077.0,5094.5,5065.0,5072.0,171396,498922
2022-03-18 08:00:00,5072.0,5085.0,5062.5,5070.5,142088,430999
2022-03-18 09:00:00,5071.0,5071.5,5031.0,5034.0,160292,551450
2022-03-18 10:00:00,5034.0,5036.5,5018.5,5028.0,76504,283894
2022-03-18 11:00:00,5028.0,5028.0,5012.0,5025.0,70147,238330
2022-03-18 12:00:00,5025.0,5034.0,5021.0,5027.0,61923,207740
2022-03-18 13:00:00,5027.0,5039.5,5027.0,5035.5,50217,177326
2022-03-18 14:00:00,5036.0,5044.0,5033.5,5044.0,29803,108833
2022-03-21 06:00:00,5046.5,5048.0,5018.0,5020.0,178791,477816
2022-03-21 07:00:00,5019.5,5022.5,4985.5,4990.5,180662,543688
2022-03-21 08:00:00,4990.5,4995.0,4952.5,4954.0,162795,542649
2022-03-21 09:00:00,4953.5,4967.0,4947.0,4966.0,90815,331325
2022-03-21 10:00:00,4965.5,4974.0,4954.0,4972.0,93814,311421
2022-03-21 11:00:00,4972.0,4987.0,4969.5,4977.5,98246,335605
2022-03-21 12:00:00,4978.0,4985.0,4958.0,4963.5,85148,289019
2022-03-21 13:00:00,4963.0,4971.5,4958.5,4960.0,51417,175695
2022-03-21 14:00:00,4960.5,4968.0,4951.0,4955.0,35035,128199
2022-03-22 06:00:00,4950.0,4958.0,4925.5,4928.0,189950,573185
2022-03-22 07:00:00,4928.5,4957.5,4919.0,4939.0,254849,763233
2022-03-22 08:00:00,4938.5,4953.0,4930.5,4937.5,165223,515816
2022-03-22 09:00:00,4937.5,4965.5,4936.5,4951.0,117298,383344
2022-03-22 10:00:00,4951.0,4959.5,4945.5,4948.5,70332,224564
2022-03-22 11:00:00,4948.5,4950.0,4934.5,4937.5,75306,232019
2022-03-22 12:00:00,4938.0,4944.0,4930.5,4932.5,93352,310012
2022-03-22 13:00:00,4933.0,4938.0,4926.0,4929.0,55778,196269
2022-03-22 14:00:00,4929.0,4934.0,4920.5,4926.0,38457,139216
2022-03-23 06:00:00,4931.5,4933.5,4905.0,4913.5,211309,589630
2022-03-23 07:00:00,4913.5,4924.0,4893.0,4894.5,197878,620452
2022-03-23 08:00:00,4894.0,4895.0,4858.0,4864.5,205877,763308
2022-03-23 09:00:00,4864.5,4877.5,4853.5,4861.0,102563,372483
2022-03-23 10:00:00,4860.5,4869.5,4855.5,4862.5,86153,324151
2022-03-23 11:00:00,4862.5,4869.0,4859.0,4866.0,58135,216089
2022-03-23 12:00:00,4866.0,4868.0,4845.5,4852.5,84734,313536
2022-03-23 13:00:00,4853.0,4856.5,4847.0,4856.5,54767,216557
2022-03-23 14:00:00,4856.5,4857.0,4832.0,4841.0,42142,165367
2022-03-24 06:00:00,4844.5,4844.5,4810.5,4822.0,164794,511343
2022-03-24 07:00:00,4822.5,4850.0,4811.0,4812.5,267437,807432
2022-03-24 08:00:00,4812.0,4815.0,4775.0,4795.0,232753,808290
2022-03-24 09:00:00,4794.5,4848.0,4794.5,4830.5,182258,680246
2022-03-24 10:00:00,4830.0,4867.0,4824.0,4855.0,117529,399176
2022-03-24 11:00:00,4854.5,4869.5,4815.0,4823.5,117620,399319
2022-03-24 12:00:00,4824.0,4844.0,4819.5,4839.5,78507,253211
2022-03-24 13:00:00,4839.5,4847.5,4826.5,4841.0,60171,207226
2022-03-24 14:00:00,4841.0,4850.0,4827.5,4838.5,51127,176087
2022-03-25 06:00:00,4831.0,4833.0,4792.0,4804.5,206658,577329
2022-03-25 07:00:00,4804.5,4809.5,4784.0,4805.0,188192,541321
2022-03-25 08:00:00,4805.0,4805.5,4762.5,4766.0,165665,509061
2022-03-25 09:00:00,4766.0,4782.5,4753.0,4764.5,128888,437720
2022-03-25 10:00:00,4764.5,4774.0,4759.5,4773.0,71204,226637
2022-03-25 11:00:00,4773.0,4779.5,4765.5,4777.5,62358,186499
2022-03-25 12:00:00,4777.5,4778.5,4754.0,4759.5,64766,191402
2022-03-25 13:00:00,4759.0,4764.0,4750.5,4754.5,48040,159818
2022-03-25 14:00:00,4754.5,4756.0,4738.0,4751.5,41003,126414
2022-03-28 06:00:00,4747.0,4790.0,4740.0,4775.0,248428,716148
2022-03-28 07:00:00,4775.0,4813.0,4774.5,4800.0,204483,624072
2022-03-28 08:00:00,4799.5,4825.5,4799.0,4813.0,146044,464445
2022-03-28 09:00:00,4813.0,4816.0,4793.5,4797.5,117772,388749
2022-03-28 10:00:00,4797.5,4804.5,4783.0,4786.5,78539,243404
2022-03-28 11:00:00,4787.0,4798.5,4780.5,4797.5,91182,278336
2022-03-28 12:00:00,4797.5,4805.0,4763.0,4772.5,114489,359072
2022-03-28 13:00:00,4772.5,4796.0,4768.5,4779.0,73787,239090
2022-03-28 14:00:00,4779.0,4780.5,4756.5,4772.0,51005,140644
2022-03-29 06:00:00,4743.5,4767.5,4721.0,4758.0,302178,807495
2022-03-29 07:00:00,4758.0,4777.5,4735.5,4745.0,258906,779541
2022-03-29 08:00:00,4745.0,4757.5,4726.0,4751.5,215318,689346
2022-03-29 09:00:00,4751.5,4767.0,4739.5,4756.5,115603,378567
2022-03-29 10:00:00,4756.5,4774.0,4754.5,4771.0,78554,264056
2022-03-29 11:00:00,4771.5,4788.5,4770.5,4775.0,107692,359051
2022-03-29 12:00:00,4774.5,4775.5,4763.5,4765.0,65366,234770
2022-03-29 13:00:00,4765.5,4773.5,4759.5,4760.5,57518,198025
2022-03-29 14:00:00,4761.0,4765.5,4758.5,4762.5,27519,95414
2022-03-30 06:00:00,4765.0,4766.0,4731.0,4731.5,243903,625784
2022-03-30 07:00:00,4731.5,4755.0,4729.0,4738.5,205914,602192
2022-03-30 08:00:00,4738.5,4769.0,4737.0,4761.0,173976,588363
2022-03-30 09:00:00,4761.5,4791.0,4761.0,4774.5,113834,381555
2022-03-30 10:00:00,4774.5,4779.5,4766.0,4778.5,57889,185373
2022-03-30 11:00:00,4778.0,4794.0,4777.0,4785.0,81077,272660
2022-03-30 12:00:00,4785.5,4787.0,4770.5,4773.5,71223,235912
2022-03-30 13:00:00,4773.5,4790.5,4773.0,4787.5,51221,167834
2022-03-30 14:00:00,4787.0,4791.0,4771.5,4774.0,40109,140339
2022-03-31 06:00:00,4816.5,4834.0,4798.0,4799.5,252178,701529
2022-03-31 07:00:00,4800.0,4809.0,4771.5,4772.0,203544,647989
2022-03-31 08:00:00,4771.5,4790.5,4770.0,4790.5,140004,515279
2022-03-31 09:00:00,4790.0,4795.5,4763.0,4763.5,102827,383876
2022-03-31 10:00:00,4763.0,4770.0,4760.0,4767.5,59820,260674
2022-03-31 11:00:00,4767.0,4779.5,4766.5,4778.5,55452,227097
2022-03-31 12:00:00,4778.5,4796.0,4776.5,4795.0,71616,303419
2022-03-31 13:00:00,4795.0,4803.5,4790.0,4800.0,61447,254900
2022-03-31 14:00:00,4799.5,4800.0,4775.0,4781.0,37820,147304
2022-04-01 06:00:00,4770.0,4770.5,4724.5,4732.5,218359,656802
2022-04-01 07:00:00,4732.0,4748.5,4729.5,4736.5,174963,549264
2022-04-01 08:00:00,4736.0,4740.0,4725.0,4733.5,116063,388039
2022-04-01 09:00:00,4733.5,4739.0,4726.5,4730.0,69522,256128
2022-04-01 10:00:00,4730.0,4743.0,4729.5,4736.5,58069,192800
2022-04-01 11:00:00,4737.0,4741.0,4729.0,4730.0,51907,162168
2022-04-01 12:00:00,4730.0,4730.5,4695.5,4699.5,119082,449290
2022-04-01 13:00:00,4700.0,4707.5,4697.0,4702.0,52920,198201
2022-04-01 14:00:00,4702.0,4703.5,4688.0,4692.5,44828,170347
2022-04-04 06:00:00,4690.5,4708.5,4662.0,4666.5,234118,617686
2022-04-04 07:00:00,4667.0,4669.0,4637.5,4645.5,171348,534012
2022-04-04 08:00:00,4645.0,4657.5,4641.0,4644.0,111302,346225
2022-04-04 09:00:00,4643.5,4656.0,4638.0,4653.5,83916,298087
2022-04-04 10:00:00,4654.0,4656.0,4649.0,4654.5,40228,145675
2022-04-04 11:00:00,4654.5,4658.5,4648.5,4650.0,52563,166849
2022-04-04 12:00:00,4650.0,4653.0,4643.0,4645.5,63866,230034
2022-04-04 13:00:00,4645.0,4648.5,4637.0,4640.5,55485,205268
2022-04-04 14:00:00,4641.0,4643.0,4622.0,4626.0,52340,206104
2022-04-05 06:00:00,4626.0,4657.5,4613.0,4647.0,280553,726835
2022-04-05 07:00:00,4647.0,4672.5,4644.0,4652.5,203126,565186
2022-04-05 08:00:00,4652.0,4702.0,4649.5,4694.0,211827,636865
2022-04-05 09:00:00,4694.0,4705.0,4690.5,4692.0,84779,272252
2022-04-05 10:00:00,4692.0,4697.5,4677.0,4681.5,87962,260206
2022-04-05 11:00:00,4681.5,4690.5,4670.5,4687.5,83625,253866
2022-04-05 12:00:00,4687.5,4697.0,4681.0,4683.0,81364,242445
2022-04-05 13:00:00,4683.0,4694.0,4681.5,4688.5,62209,204884
2022-04-05 14:00:00,4688.5,4704.5,4681.0,4684.5,59128,222313
2022-04-06 06:00:00,4680.5,4717.0,4675.0,4714.5,264064,673173
2022-04-06 07:00:00,4714.0,4744.0,4713.0,4740.5,197294,570926
2022-04-06 08:00:00,4740.0,4743.0,4717.5,4724.5,148446,453716
2022-04-06 09:00:00,4724.0,4735.0,4718.5,4720.0,92049,293726
2022-04-06 10:00:00,4719.5,4731.5,4713.0,4730.5,62670,195706
2022-04-06 11:00:00,4731.0,4741.0,4726.0,4735.0,77036,242500
2022-04-06 12:00:00,4735.5,4750.5,4704.0,4735.5,213177,646640
2022-04-06 13:00:00,4735.5,4751.5,4726.5,4743.0,71074,230563
2022-04-06 14:00:00,4743.0,4755.5,4741.0,4750.5,39604,148424
2022-04-07 06:00:00,4735.0,4750.5,4717.0,4726.0,271934,689269
2022-04-07 07:00:00,4726.0,4779.0,4720.5,4777.0,278801,763728
2022-04-07 08:00:00,4776.0,4795.5,4772.5,4791.0,174672,541123
2022-04-07 09:00:00,4791.0,4800.0,4782.0,4791.0,93748,317451
2022-04-07 10:00:00,4790.5,4792.5,4781.0,4781.0,67398,211874
2022-04-07 11:00:00,4781.5,4782.0,4767.5,4768.5,85286,267013
2022-04-07 12:00:00,4769.0,4787.0,4767.5,4769.5,85088,295967
2022-04-07 13:00:00,4769.5,4775.0,4762.5,4766.5,66840,216407
2022-04-07 14:00:00,4766.5,4783.0,4766.0,4782.5,39551,145465
2022-04-08 06:00:00,4769.0,4783.0,4740.5,4766.5,296173,757618
2022-04-08 07:00:00,4767.0,4819.0,4760.0,4802.0,265665,754596
2022-04-08 08:00:00,4802.0,4802.0,4769.0,4777.0,172897,520372
2022-04-08 09:00:00,4777.0,4782.5,4773.0,4777.0,61817,214130
2022-04-08 10:00:00,4777.0,4777.5,4762.0,4769.5,64772,210313
2022-04-08 11:00:00,4770.0,4779.0,4753.5,4754.5,66709,228930
2022-04-08 12:00:00,4754.0,4758.5,4730.5,4731.5,101726,352035
2022-04-08 13:00:00,4731.5,4740.5,4726.0,4736.0,61453,206141
2022-04-08 14:00:00,4736.0,4738.5,4718.5,4723.5,38268,140452
2022-04-11 06:00:00,4737.5,4764.0,4707.5,4715.5,281097,744074
2022-04-11 07:00:00,4715.5,4741.5,4709.0,4728.0,233479,631900
2022-04-11 08:00:00,4728.0,4752.5,4716.5,4735.0,189945,543271
2022-04-11 09:00:00,4734.5,4743.0,4725.0,4728.0,102688,321351
2022-04-11 10:00:00,4728.0,4738.0,4722.5,4731.5,80486,248398
2022-04-11 11:00:00,4731.5,4742.5,4717.5,4727.5,93202,282622
2022-04-11 12:00:00,4728.0,4730.5,4702.0,4708.0,102081,313074
2022-04-11 13:00:00,4708.0,4718.0,4704.5,4714.5,61813,187334
2022-04-11 14:00:00,4714.5,4721.0,4709.5,4715.0,33177,108510
2022-04-12 06:00:00,4701.0,4717.0,4646.0,4649.5,369992,998188
2022-04-12 07:00:00,4649.0,4668.0,4643.0,4663.0,206575,627932
2022-04-12 08:00:00,4663.0,4682.0,4660.0,4677.5,137230,446019
2022-04-12 09:00:00,4678.0,4702.5,4676.0,4693.5,127682,419285
2022-04-12 10:00:00,4693.0,4702.5,4683.5,4695.0,89509,280705
2022-04-12 11:00:00,4695.5,4716.0,4695.0,4706.0,100615,333162
2022-04-12 12:00:00,4706.0,4709.0,4694.5,4697.0,72672,244227
2022-04-12 13:00:00,4696.5,4703.0,4693.5,4697.5,47590,152305
2022-04-12 14:00:00,4697.0,4700.0,4692.0,4698.0,25542,87875
2022-04-13 06:00:00,4691.5,4708.0,4672.0,4685.0,272720,715625
2022-04-13 07:00:00,4685.0,4725.5,4676.0,4714.5,249382,723892
2022-04-13 08:00:00,4714.5,4720.5,4697.5,4711.0,141991,469509
2022-04-13 09:00:00,4711.0,4714.5,4703.5,4705.5,69033,241815
2022-04-13 10:00:00,4705.0,4705.5,4690.0,4692.0,77672,234539
2022-04-13 11:00:00,4692.0,4707.5,4683.5,4703.0,75225,230400
2022-04-13 12:00:00,4703.5,4711.5,4697.0,4701.0,66626,216841
2022-04-13 13:00:00,4701.0,4711.0,4700.0,4707.5,40302,138744
2022-04-13 14:00:00,4707.5,4713.0,4698.5,4711.0,31974,112644
2022-04-14 06:00:00,4714.5,4747.0,4709.0,4743.0,216232,601373
2022-04-14 07:00:00,4743.0,4759.0,4729.5,4748.0,227596,682717
2022-04-14 08:00:00,4748.0,4753.0,4724.0,4734.0,142874,460509
2022-04-14 09:00:00,4733.5,4737.0,4713.0,4725.0,128049,430678
2022-04-14 10:00:00,4725.0,4740.0,4717.0,4730.5,74133,240531
2022-04-14 11:00:00,4730.5,4743.0,4711.5,4713.0,84903,281567
2022-04-14 12:00:00,4713.0,4724.5,4709.0,4716.5,86160,300788
2022-04-14 13:00:00,4716.5,4717.0,4705.0,4714.0,47251,169234
2022-04-14 14:00:00,4714.0,4722.0,4711.0,4717.5,23101,94972
2022-04-18 06:00:00,4703.0,4724.5,4694.0,4715.5,216849,577112
2022-04-18 07:00:00,4715.0,4715.5,4674.0,4674.5,201409,592499
2022-04-18 08:00:00,4674.5,4695.5,4674.0,4689.5,109101,349907
2022-04-18 09:00:00,4689.0,4702.0,4682.5,4693.0,80714,265601
2022-04-18 10:00:00,4693.5,4704.5,4684.0,4684.5,69381,223422
2022-04-18 11:00:00,4684.5,4686.5,4667.5,4677.5,94958,311321
2022-04-18 12:00:00,4677.5,4679.0,4664.5,4669.0,73498,259430
2022-04-18 13:00:00,4669.0,4677.0,4665.5,4665.5,44963,162783
2022-04-18 14:00:00,4665.5,4670.0,4660.0,4670.0,36451,131782
2022-04-19 06:00:00,4680.0,4682.5,4659.5,4667.0,259227,729908
2022-04-19 07:00:00,4667.0,4685.0,4653.5,4668.0,242842,745902
2022-04-19 08:00:00,4667.5,4698.0,4665.0,4692.5,162560,571077
2022-04-19 09:00:00,4692.5,4699.5,4684.0,4684.0,80897,278759
2022-04-19 10:00:00,4684.0,4690.5,4680.0,4688.0,49202,169485
2022-04-19 11:00:00,4688.0,4691.0,4677.0,4679.5,62726,225791
2022-04-19 12:00:00,4679.5,4694.5,4678.0,4689.5,75656,273163
2022-04-19 13:00:00,4689.5,4690.5,4680.5,4681.0,40759,165143
2022-04-19 14:00:00,4680.5,4687.5,4680.0,4682.0,25169,104586
2022-04-20 06:00:00,4660.5,4692.0,4658.5,4683.5,214583,589206
2022-04-20 07:00:00,4684.0,4685.0,4648.5,4666.5,208515,645377
2022-04-20 08:00:00,4666.5,4669.0,4627.0,4628.0,168831,566901
2022-04-20 09:00:00,4628.0,4638.0,4620.5,4629.5,97880,339106
2022-04-20 10:00:00,4630.0,4638.0,4626.5,4630.5,62592,235163
2022-04-20 11:00:00,4630.5,4639.0,4622.0,4627.0,59466,238893
2022-04-20 12:00:00,4627.0,4634.0,4620.0,4632.0,67594,256780
2022-04-20 13:00:00,4631.5,4638.5,4629.5,4630.0,49248,198925
2022-04-20 14:00:00,4630.0,4638.5,4626.5,4634.0,27953,120674
2022-04-22 06:00:00,4692.0,4721.5,4681.0,4701.0,262105,815181
2022-04-22 07:00:00,4701.0,4738.5,4700.5,4737.5,229827,699804
2022-04-22 08:00:00,4737.5,4761.5,4725.0,4753.5,154818,532897
2022-04-22 09:00:00,4753.0,4783.0,4752.0,4777.5,108590,394827
2022-04-22 10:00:00,4777.0,4803.0,4773.0,4797.0,99608,368572
2022-04-22 11:00:00,4797.5,4808.5,4789.0,4806.5,97666,341959
2022-04-22 12:00:00,4806.5,4849.0,4802.5,4846.5,147776,544195
2022-04-22 13:00:00,4846.5,4848.5,4789.0,4815.5,159528,566093
2022-04-22 14:00:00,4815.5,4823.5,4800.5,4805.0,63158,202161
2022-04-25 06:00:00,4826.0,4862.5,4811.0,4813.0,331609,916436
2022-04-25 07:00:00,4812.5,4884.0,4812.0,4869.5,293544,834257
2022-04-25 08:00:00,4869.5,4942.5,4866.0,4941.0,218641,696126
2022-04-25 09:00:00,4941.0,4956.5,4920.0,4952.5,149561,498669
2022-04-25 10:00:00,4952.5,4957.5,4914.5,4915.5,129720,418917
2022-04-25 11:00:00,4916.0,4927.5,4890.5,4893.0,134886,417589
2022-04-25 12:00:00,4892.5,4897.5,4863.5,4888.0,125928,398941
2022-04-25 13:00:00,4887.5,4894.5,4874.0,4885.0,95652,292738
2022-04-25 14:00:00,4884.5,4895.0,4878.0,4887.0,41280,133830
2022-04-26 06:00:00,4912.0,4944.5,4898.0,4938.0,291951,766585
2022-04-26 07:00:00,4938.0,4973.0,4934.5,4967.0,254270,730751
2022-04-26 08:00:00,4967.0,5006.0,4962.0,4998.5,233472,769538
2022-04-26 09:00:00,4999.0,5005.0,4976.0,4994.0,147172,477344
2022-04-26 10:00:00,4994.0,4994.0,4956.0,4960.0,122986,374514
2022-04-26 11:00:00,4959.5,4978.0,4956.5,4975.5,95015,300112
2022-04-26 12:00:00,4975.5,4989.0,4962.5,4985.0,91077,286026
2022-04-26 13:00:00,4985.0,5000.0,4982.5,4996.0,67562,204996
2022-04-26 14:00:00,4996.0,5010.0,4988.5,5005.0,64826,207072
2022-04-27 06:00:00,4992.5,5044.5,4984.0,5006.0,381054,1067186
2022-04-27 07:00:00,5006.5,5026.5,4994.0,5009.0,303459,837999
2022-04-27 08:00:00,5009.5,5038.0,5003.0,5035.0,203222,638723
2022-04-27 09:00:00,5035.0,5036.5,5009.0,5010.0,129910,422018
2022-04-27 10:00:00,5009.5,5014.0,4971.5,4993.5,155938,528867
2022-04-27 11:00:00,4993.5,5003.5,4945.5,4946.0,148184,455436
2022-04-27 12:00:00,4945.5,4964.5,4932.0,4964.0,126656,435812
2022-04-27 13:00:00,4964.5,4977.0,4958.0,4973.0,95258,303937
2022-04-27 14:00:00,4972.5,4978.5,4958.0,4969.5,41746,136810
2022-04-28 06:00:00,4988.5,5022.5,4986.5,5016.0,315126,802721
2022-04-28 07:00:00,5016.0,5034.0,4997.0,5025.5,226308,610500
2022-04-28 08:00:00,5025.5,5047.5,5020.0,5026.0,187640,574370
2022-04-28 09:00:00,5026.0,5028.0,4998.0,4999.0,142419,427651
2022-04-28 10:00:00,4999.5,5001.5,4965.5,4981.5,125275,399347
2022-04-28 11:00:00,4981.5,4987.0,4969.5,4976.5,94781,283604
2022-04-28 12:00:00,4976.5,4979.5,4965.0,4966.5,84026,269782
2022-04-28 13:00:00,4967.0,4970.5,4938.0,4942.0,100794,327749
2022-04-28 14:00:00,4942.5,4955.0,4940.0,4942.0,46044,153325
2022-04-29 06:00:00,4948.5,4965.0,4907.0,4931.5,287879,738266
2022-04-29 07:00:00,4931.5,4969.0,4923.0,4937.5,199309,556002
2022-04-29 08:00:00,4938.0,5003.5,4933.5,5000.0,197459,686070
2022-04-29 09:00:00,5000.0,5007.0,4961.5,4979.0,139709,502559
2022-04-29 10:00:00,4978.5,4994.5,4973.0,4989.5,75990,215452
2022-04-29 11:00:00,4989.5,4999.0,4971.5,4972.5,82314,245161
2022-04-29 12:00:00,4972.5,4995.0,4964.0,4990.0,102713,329845
2022-04-29 13:00:00,4989.5,5003.5,4987.0,4992.0,81071,224417
2022-04-29 14:00:00,4991.5,5029.0,4988.0,5018.0,70252,230403
2022-05-02 06:00:00,5010.0,5069.0,5009.5,5063.0,254890,639524
2022-05-02 07:00:00,5063.5,5080.0,5054.5,5072.5,196516,504906
2022-05-02 08:00:00,5073.0,5082.5,5055.0,5074.0,191504,515177
2022-05-02 09:00:00,5074.5,5089.5,5070.5,5072.5,114298,343312
2022-05-02 10:00:00,5073.0,5092.5,5069.0,5089.5,87424,263570
2022-05-02 11:00:00,5089.5,5120.0,5087.0,5112.0,127293,411776
2022-05-02 12:00:00,5111.5,5134.0,5107.5,5128.0,143456,424420
2022-05-02 13:00:00,5128.5,5129.5,5108.5,5117.0,122838,363485
2022-05-02 14:00:00,5117.0,5139.5,5117.0,5132.5,57227,176591
2022-05-03 06:00:00,5085.0,5097.0,5070.5,5074.5,301949,789052
2022-05-03 07:00:00,5074.5,5091.0,5057.0,5058.5,229826,637197
2022-05-03 08:00:00,5058.0,5076.5,5050.5,5053.0,180837,541499
2022-05-03 09:00:00,5052.5,5064.5,5037.0,5043.5,155396,458165
2022-05-03 10:00:00,5044.0,5056.0,5026.5,5029.0,120182,378873
2022-05-03 11:00:00,5029.5,5032.0,5000.5,5008.0,114133,356692
2022-05-03 12:00:00,5007.5,5020.5,5003.0,5006.5,116805,362776
2022-05-03 13:00:00,5006.0,5017.5,5001.0,5008.5,75568,227236
2022-05-03 14:00:00,5008.5,5015.5,5002.5,5002.5,35122,122536
2022-05-04 06:00:00,5010.0,5046.5,5005.0,5044.0,271463,679909
2022-05-04 07:00:00,5044.0,5074.0,5043.0,5070.0,226913,606677
2022-05-04 08:00:00,5069.5,5073.0,5048.5,5054.0,173433,446609
2022-05-04 09:00:00,5054.0,5063.5,5034.0,5039.5,121452,354111
2022-05-04 10:00:00,5039.5,5044.0,5029.0,5036.0,77986,210997
2022-05-04 11:00:00,5036.0,5055.0,5032.5,5046.5,98461,263225
2022-05-04 12:00:00,5046.0,5078.5,4939.0,4961.5,428177,1209540
2022-05-04 13:00:00,4961.0,4968.5,4934.0,4943.0,175462,490269
2022-05-04 14:00:00,4943.5,4963.5,4937.5,4963.5,48536,172335
2022-05-05 06:00:00,4989.5,5028.5,4971.5,5020.0,287458,719416
2022-05-05 07:00:00,5020.0,5029.0,4995.0,5021.5,257758,693931
2022-05-05 08:00:00,5021.5,5068.5,5021.0,5055.0,221488,610000
2022-05-05 09:00:00,5055.0,5096.0,5054.5,5089.0,173083,482060
2022-05-05 10:00:00,5089.0,5098.0,5079.5,5080.0,122452,330172
2022-05-05 11:00:00,5080.5,5093.0,5059.5,5087.0,158760,444351
2022-05-05 12:00:00,5087.0,5092.5,5061.5,5070.0,110615,322398
2022-05-05 13:00:00,5070.0,5073.0,5053.5,5055.5,88558,244728
2022-05-05 14:00:00,5055.5,5070.5,5053.5,5070.5,38130,129268
2022-05-06 06:00:00,5063.0,5127.5,5045.0,5122.0,398812,984960
2022-05-06 07:00:00,5122.0,5152.5,5113.0,5135.5,272266,714984
2022-05-06 08:00:00,5136.0,5141.0,5083.5,5095.5,263162,687016
2022-05-06 09:00:00,5095.5,5103.5,5068.5,5100.0,173348,467916
2022-05-06 10:00:00,5100.0,5104.5,5078.0,5089.0,113733,280298
2022-05-06 11:00:00,5089.0,5120.5,5080.5,5117.5,103226,272279
2022-05-06 12:00:00,5117.0,5125.5,5106.5,5118.0,91670,251903
2022-05-06 13:00:00,5118.5,5121.5,5095.0,5110.5,84344,223590
2022-05-06 14:00:00,5110.5,5137.0,5109.5,5116.0,45841,134434
2022-05-09 06:00:00,5180.0,5194.0,5155.5,5167.0,294262,686324
2022-05-09 07:00:00,5167.5,5187.5,5149.0,5181.5,245771,625800
2022-05-09 08:00:00,5181.5,5190.0,5155.5,5178.0,211657,559327
2022-05-09 09:00:00,5178.0,5184.5,5151.0,5159.5,137807,366719
2022-05-09 10:00:00,5160.0,5168.0,5137.5,5155.0,131396,328204
2022-05-09 11:00:00,5155.0,5180.0,5153.5,5173.0,132895,347513
2022-05-09 12:00:00,5172.5,5187.5,5163.5,5185.5,98676,260899
2022-05-09 13:00:00,5185.0,5196.5,5176.5,5190.0,102401,280877
2022-05-09 14:00:00,5190.0,5198.0,5185.0,5197.0,30588,93110
2022-05-10 06:00:00,5190.5,5196.0,5161.5,5162.5,289480,716986
2022-05-10 07:00:00,5162.0,5184.0,5148.0,5163.5,260933,660885
2022-05-10 08:00:00,5163.5,5200.0,5161.5,5186.0,199020,558889
2022-05-10 09:00:00,5186.0,5196.5,5172.0,5183.0,140911,400192
2022-05-10 10:00:00,5183.5,5197.5,5175.5,5182.5,109647,287999
2022-05-10 11:00:00,5182.5,5188.5,5149.0,5151.0,138902,389799
2022-05-10 12:00:00,5151.0,5164.0,5143.0,5158.5,116548,344711
2022-05-10 13:00:00,5158.0,5171.5,5149.0,5167.0,76780,227321
2022-05-10 14:00:00,5167.0,5170.5,5161.0,5166.5,26473,76745
2022-05-11 06:00:00,5130.0,5198.5,5127.5,5195.0,333092,816827
2022-05-11 07:00:00,5195.0,5203.0,5124.5,5132.5,339288,933557
2022-05-11 08:00:00,5132.5,5160.0,5131.5,5154.0,220369,570118
2022-05-11 09:00:00,5153.5,5157.0,5123.5,5136.0,142151,394957
2022-05-11 10:00:00,5136.0,5157.0,5125.5,5156.5,111248,324043
2022-05-11 11:00:00,5156.5,5168.0,5153.0,5164.0,121296,366167
2022-05-11 12:00:00,5164.0,5164.5,5147.5,5156.5,106172,311738
2022-05-11 13:00:00,5156.5,5180.5,5156.0,5175.5,77408,232831
2022-05-11 14:00:00,5176.0,5183.5,5165.5,5170.5,33749,103135
2022-05-12 06:00:00,5201.5,5238.5,5197.5,5202.0,287447,754001
2022-05-12 07:00:00,5202.0,5212.5,5184.0,5197.0,295204,781485
2022-05-12 08:00:00,5197.5,5205.0,5146.0,5147.0,231556,685104
2022-05-12 09:00:00,5147.5,5166.0,5134.0,5165.0,133901,417833
2022-05-12 10:00:00,5165.5,5170.5,5151.0,5165.5,113838,341877
2022-05-12 11:00:00,5165.5,5175.0,5155.5,5158.5,101326,291997
2022-05-12 12:00:00,5158.0,5183.0,5147.5,5181.0,105868,336652
2022-05-12 13:00:00,5181.0,5188.5,5166.0,5170.0,98379,274405
2022-05-12 14:00:00,5170.0,5170.5,5153.5,5162.0,44916,144874
2022-05-13 06:00:00,5149.5,5173.5,5143.0,5173.0,246447,622987
2022-05-13 07:00:00,5173.0,5176.0,5157.0,5158.5,184292,521945
2022-05-13 08:00:00,5158.5,5159.0,5109.0,5117.5,234320,729209
2022-05-13 09:00:00,5117.5,5124.0,5095.0,5105.5,120112,379984
2022-05-13 10:00:00,5105.5,5108.5,5090.0,5100.0,83543,261926
2022-05-13 11:00:00,5100.0,5101.0,5072.5,5085.0,110020,363276
2022-05-13 12:00:00,5084.5,5096.5,5071.5,5073.5,92903,287082
2022-05-13 13:00:00,5073.5,5084.5,5072.5,5083.5,55461,181874
2022-05-13 14:00:00,5083.0,5088.5,5078.0,5088.5,37275,133227
2022-05-16 06:00:00,5104.0,5128.0,5084.5,5121.5,263819,698172
2022-05-16 07:00:00,5121.5,5122.5,5059.5,5083.5,291677,783202
2022-05-16 08:00:00,5083.0,5102.5,5054.5,5079.0,253939,663979
2022-05-16 09:00:00,5079.5,5108.5,5075.5,5089.5,151878,411667
2022-05-16 10:00:00,5089.0,5118.5,5087.5,5116.5,112628,329170
2022-05-16 11:00:00,5117.0,5119.5,5085.5,5089.5,99502,277637
2022-05-16 12:00:00,5089.5,5090.5,5062.5,5064.0,99542,288272
2022-05-16 13:00:00,5064.5,5081.0,5062.5,5075.0,69774,197627
2022-05-16 14:00:00,5075.5,5085.0,5073.5,5084.0,30533,95260
2022-05-17 06:00:00,5025.0,5031.0,4990.0,4998.5,266041,756042
2022-05-17 07:00:00,4998.5,5007.0,4981.0,4986.0,232131,710503
2022-05-17 08:00:00,4986.0,5014.0,4984.0,4996.0,186494,604735
2022-05-17 09:00:00,4996.0,5003.5,4971.0,4978.0,135010,420761
2022-05-17 10:00:00,4978.0,4982.5,4966.5,4972.0,80549,255231
2022-05-17 11:00:00,4972.0,4974.0,4960.0,4968.0,77724,254598
2022-05-17 12:00:00,4968.0,4989.0,4947.5,4959.0,209404,632051
2022-05-17 13:00:00,4959.0,4965.0,4955.5,4962.5,57217,164225
2022-05-17 14:00:00,4962.5,4970.0,4958.5,4958.5,30174,102665
2022-05-18 06:00:00,4973.5,4978.0,4940.5,4965.5,212135,588440
2022-05-18 07:00:00,4965.5,4988.5,4957.0,4972.5,237949,678585
2022-05-18 08:00:00,4972.5,4996.0,4966.0,4975.0,178561,545311
2022-05-18 09:00:00,4975.5,4998.0,4973.5,4989.5,108360,362562
2022-05-18 10:00:00,4989.0,4999.5,4978.5,4986.5,87101,253530
2022-05-18 11:00:00,4986.5,5018.5,4985.0,5011.0,115354,366847
2022-05-18 12:00:00,5011.5,5017.5,4990.5,5010.5,110573,344886
2022-05-18 13:00:00,5010.5,5011.0,4996.0,4998.5,73095,208446
2022-05-18 14:00:00,4998.5,5009.0,4986.0,4986.0,32580,110436
2022-05-19 06:00:00,4955.0,4974.5,4938.0,4939.5,257684,673714
2022-05-19 07:00:00,4939.0,4946.5,4924.0,4933.5,216446,630092
2022-05-19 08:00:00,4933.0,4964.5,4922.5,4952.5,191702,590846
2022-05-19 09:00:00,4953.0,4954.5,4909.5,4918.5,136412,457092
2022-05-19 10:00:00,4918.5,4926.5,4906.5,4907.5,75765,244704
2022-05-19 11:00:00,4907.5,4915.5,4895.5,4901.5,98802,299175
2022-05-19 12:00:00,4901.0,4912.5,4899.0,4910.5,70535,250046
2022-05-19 13:00:00,4910.0,4937.5,4908.0,4935.5,77901,298914
2022-05-19 14:00:00,4935.0,4956.0,4932.0,4950.5,46969,173500
2022-05-20 06:00:00,4919.0,4936.5,4914.0,4923.5,219935,576629
2022-05-20 07:00:00,4924.0,4928.0,4896.5,4897.0,238985,677888
2022-05-20 08:00:00,4897.5,4902.5,4871.0,4877.0,194509,611391
2022-05-20 09:00:00,4877.0,4894.0,4867.0,4875.0,116546,377694
2022-05-20 10:00:00,4875.0,4888.0,4874.5,4881.0,86808,285144
2022-05-20 11:00:00,4880.5,4903.5,4880.0,4883.0,102709,339149
2022-05-20 12:00:00,4883.0,4893.0,4871.5,4882.0,110404,336453
2022-05-20 13:00:00,4882.0,4891.0,4875.5,4885.5,73413,219557
2022-05-20 14:00:00,4885.5,4898.0,4885.0,4893.0,34246,113651
2022-05-23 06:00:00,4855.0,4863.0,4825.0,4829.0,228910,611739
2022-05-23 07:00:00,4829.0,4829.5,4801.0,4811.5,183666,561925
2022-05-23 08:00:00,4811.5,4817.5,4802.5,4808.5,153448,484037
2022-05-23 09:00:00,4808.5,4813.5,4801.0,4806.0,86956,280314
2022-05-23 10:00:00,4806.5,4811.5,4797.0,4811.5,77680,261302
2022-05-23 11:00:00,4811.5,4821.0,4807.5,4818.5,82089,242701
2022-05-23 12:00:00,4819.0,4825.5,4816.0,4818.5,71027,212058
2022-05-23 13:00:00,4818.0,4825.5,4815.0,4817.0,56332,184931
2022-05-23 14:00:00,4817.0,4827.5,4815.0,4827.5,33526,124400
2022-05-24 06:00:00,4848.0,4848.0,4810.0,4814.0,239249,663757
2022-05-24 07:00:00,4814.0,4814.0,4785.0,4787.5,254244,763422
2022-05-24 08:00:00,4787.5,4847.0,4786.5,4839.5,258425,816038
2022-05-24 09:00:00,4839.5,4864.5,4835.5,4840.5,177129,607851
2022-05-24 10:00:00,4841.0,4843.5,4826.0,4832.5,94895,337658
2022-05-24 11:00:00,4832.5,4837.5,4812.0,4814.0,82812,259942
2022-05-24 12:00:00,4814.5,4833.5,4801.5,4832.0,99023,330901
2022-05-24 13:00:00,4832.5,4836.0,4815.5,4820.5,74400,239196
2022-05-24 14:00:00,4820.5,4831.0,4819.5,4830.0,27890,94358
2022-05-25 06:00:00,4850.0,4872.0,4838.0,4840.0,235063,622822
2022-05-25 07:00:00,4840.5,4854.5,4831.5,4831.5,185307,498304
2022-05-25 08:00:00,4831.5,4844.0,4822.5,4841.0,160653,472110
2022-05-25 09:00:00,4841.0,4869.5,4837.5,4857.5,119709,365373
2022-05-25 10:00:00,4857.5,4867.5,4853.0,4858.0,67051,204438
2022-05-25 11:00:00,4858.5,4867.5,4841.0,4846.5,76040,221640
2022-05-25 12:00:00,4846.0,4858.5,4816.5,4819.5,187416,559150
2022-05-25 13:00:00,4820.0,4829.5,4812.5,4828.0,65925,194966
2022-05-25 14:00:00,4828.0,4840.5,4826.5,4832.0,27504,95567
2022-05-26 06:00:00,4819.0,4848.0,4817.0,4838.0,235524,645086
2022-05-26 07:00:00,4838.0,4840.0,4812.5,4813.0,238409,724530
2022-05-26 08:00:00,4813.0,4815.0,4781.0,4782.0,188180,629775
2022-05-26 09:00:00,4782.5,4793.0,4780.0,4788.0,83712,278284
2022-05-26 10:00:00,4788.0,4793.5,4780.0,4781.0,56698,176671
2022-05-26 11:00:00,4780.5,4787.5,4774.0,4786.0,80164,250048
2022-05-26 12:00:00,4786.0,4786.5,4754.5,4758.0,107436,367560
2022-05-26 13:00:00,4758.0,4768.5,4757.0,4766.0,53503,160104
2022-05-26 14:00:00,4766.0,4774.5,4763.5,4774.0,35918,118664
2022-05-27 06:00:00,4765.5,4776.5,4747.5,4768.0,259246,679467
2022-05-27 07:00:00,4768.0,4784.0,4752.0,4759.0,211583,641816
2022-05-27 08:00:00,4758.5,4766.5,4729.0,4733.0,170034,571423
2022-05-27 09:00:00,4733.0,4739.0,4717.0,4727.5,106995,384566
2022-05-27 10:00:00,4728.0,4743.5,4725.5,4742.0,65337,213527
2022-05-27 11:00:00,4742.5,4746.5,4733.0,4733.0,60670,182759
2022-05-27 12:00:00,4733.5,4748.0,4731.5,4739.5,68881,218759
2022-05-27 13:00:00,4740.0,4744.0,4730.0,4740.0,55309,171679
2022-05-27 14:00:00,4740.5,4744.5,4731.0,4732.0,24456,82632
2022-05-30 06:00:00,4714.5,4724.5,4692.5,4701.5,169051,449627
2022-05-30 07:00:00,4701.5,4717.0,4694.0,4714.0,150419,400666
2022-05-30 08:00:00,4714.0,4744.5,4709.5,4738.0,156342,461945
2022-05-30 09:00:00,4738.0,4746.0,4728.0,4744.5,88574,282122
2022-05-30 10:00:00,4744.0,4746.0,4731.5,4734.0,50976,164498
2022-05-30 11:00:00,4734.0,4745.0,4732.0,4744.5,53480,177342
2022-05-30 12:00:00,4744.5,4756.5,4738.0,4750.0,60838,204897
2022-05-30 13:00:00,4749.5,4758.0,4747.5,4754.5,35807,126345
2022-05-30 14:00:00,4755.0,4757.5,4750.0,4755.0,27378,101473
2022-05-31 06:00:00,4804.5,4821.5,4792.5,4805.0,241907,684488
2022-05-31 07:00:00,4805.5,4806.5,4740.0,4746.0,227866,751509
2022-05-31 08:00:00,4746.5,4786.0,4742.5,4785.5,174035,598561
2022-05-31 09:00:00,4785.5,4794.5,4769.5,4771.0,125315,467034
2022-05-31 10:00:00,4771.0,4782.0,4766.0,4775.0,77413,269319
2022-05-31 11:00:00,4775.0,4793.0,4770.5,4793.0,71648,240875
2022-05-31 12:00:00,4793.0,4799.0,4785.5,4794.5,75588,263078
2022-05-31 13:00:00,4794.5,4800.0,4785.0,4796.0,61696,208006
2022-05-31 14:00:00,4795.5,4797.0,4771.5,4776.5,40541,153780
2022-06-01 06:00:00,4774.5,4790.0,4765.0,4776.5,217615,575271
2022-06-01 07:00:00,4776.0,4804.0,4762.0,4796.0,246187,709807
2022-06-01 08:00:00,4796.0,4841.0,4795.0,4834.0,231484,718468
2022-06-01 09:00:00,4834.0,4850.0,4829.5,4842.0,109913,379089
2022-06-01 10:00:00,4842.5,4854.0,4840.5,4851.5,69720,236846
2022-06-01 11:00:00,4851.0,4855.0,4832.5,4844.5,90627,294463
2022-06-01 12:00:00,4845.0,4848.5,4831.5,4833.0,87958,278462
2022-06-01 13:00:00,4833.0,4847.5,4830.0,4846.0,55570,186483
2022-06-01 14:00:00,4846.5,4859.5,4844.5,4859.5,35353,119912
2022-06-02 06:00:00,4830.0,4847.0,4813.5,4822.5,204471,529352
2022-06-02 07:00:00,4823.0,4849.5,4816.5,4838.5,247461,673525
2022-06-02 08:00:00,4838.5,4846.0,4817.5,4825.0,207978,623772
2022-06-02 09:00:00,4824.5,4836.0,4816.5,4821.0,106274,326142
2022-06-02 10:00:00,4821.0,4824.0,4816.0,4820.5,52558,165205
2022-06-02 11:00:00,4820.0,4840.0,4811.5,4835.5,93788,304323
2022-06-02 12:00:00,4836.0,4840.0,4825.0,4830.0,62797,218409
2022-06-02 13:00:00,4830.0,4835.5,4825.0,4826.0,41753,134529
2022-06-02 14:00:00,4825.5,4839.5,4825.5,4839.5,30507,107923
2022-06-03 06:00:00,4860.0,4870.0,4838.0,4847.0,222004,587506
2022-06-03 07:00:00,4847.0,4848.5,4815.0,4820.5,232963,641852
2022-06-03 08:00:00,4820.0,4830.0,4818.0,4826.0,118347,345173
2022-06-03 09:00:00,4826.0,4844.0,4826.0,4837.0,94005,273354
2022-06-03 10:00:00,4837.0,4837.0,4819.0,4821.0,67676,206735
2022-06-03 11:00:00,4820.5,4831.5,4813.5,4828.5,67508,201436
2022-06-03 12:00:00,4828.5,4836.5,4819.0,4821.0,60844,191318
2022-06-03 13:00:00,4821.0,4825.0,4814.0,4815.5,40929,131269
2022-06-03 14:00:00,4815.0,4821.5,4810.0,4812.0,24232,82204
2022-06-06 06:00:00,4795.0,4809.5,4785.0,4807.0,145484,400917
2022-06-06 07:00:00,4806.5,4824.5,4788.0,4813.0,196209,551246
2022-06-06 08:00:00,4812.5,4838.0,4812.0,4827.0,157682,443411
2022-06-06 09:00:00,4827.0,4842.0,4824.0,4835.0,97685,307265
2022-06-06 10:00:00,4835.0,4838.5,4826.5,4836.5,64031,211451
2022-06-06 11:00:00,4836.0,4843.0,4818.5,4820.5,80739,253756
2022-06-06 12:00:00,4820.0,4837.5,4819.5,4836.0,63463,214109
2022-06-06 13:00:00,4836.0,4839.5,4830.0,4832.0,45599,141037
2022-06-06 14:00:00,4831.5,4836.5,4821.0,4831.0,32060,111775
2022-06-07 06:00:00,4832.0,4908.5,4832.0,4906.5,266373,792538
2022-06-07 07:00:00,4906.5,4948.5,4900.0,4940.5,291106,1008267
2022-06-07 08:00:00,4940.5,4969.0,4930.0,4937.0,239540,835152
2022-06-07 09:00:00,4937.0,4940.5,4913.5,4921.5,128408,469260
2022-06-07 10:00:00,4921.0,4923.5,4898.0,4900.5,104633,339035
2022-06-07 11:00:00,4901.0,4905.5,4891.0,4900.0,104344,365150
2022-06-07 12:00:00,4900.0,4908.0,4893.0,4902.0,75221,246838
2022-06-07 13:00:00,4901.5,4912.0,4897.0,4908.0,58720,197359
2022-06-07 14:00:00,4908.0,4909.5,4900.0,4906.0,26299,88383
2022-06-08 06:00:00,4910.5,4940.5,4898.0,4927.0,300263,763350
2022-06-08 07:00:00,4927.0,4934.5,4880.0,4885.5,269729,732620
2022-06-08 08:00:00,4885.0,4912.5,4883.0,4904.5,163197,469477
2022-06-08 09:00:00,4904.5,4917.5,4888.0,4905.0,111467,335839
2022-06-08 10:00:00,4905.0,4928.5,4901.0,4925.5,95267,285159
2022-06-08 11:00:00,4925.0,4934.5,4918.0,4919.0,82399,254373
2022-06-08 12:00:00,4918.5,4932.5,4916.5,4919.0,73606,225317
2022-06-08 13:00:00,4919.0,4923.0,4911.0,4922.5,51968,181096
2022-06-08 14:00:00,4922.5,4934.0,4919.0,4933.0,24670,94059
2022-06-09 06:00:00,4928.5,4930.0,4897.5,4917.5,245168,650324
2022-06-09 07:00:00,4917.5,4949.0,4912.0,4925.0,252313,729586
2022-06-09 08:00:00,4925.0,4944.0,4913.5,4940.5,192464,587006
2022-06-09 09:00:00,4940.5,4945.0,4906.0,4920.0,148704,465865
2022-06-09 10:00:00,4919.5,4928.5,4916.0,4920.5,65582,213683
2022-06-09 11:00:00,4921.0,4924.5,4908.5,4909.0,73047,234225
2022-06-09 12:00:00,4909.0,4934.0,4909.0,4933.0,76673,243381
2022-06-09 13:00:00,4933.0,4952.0,4931.5,4947.0,68375,224102
2022-06-09 14:00:00,4947.0,4951.5,4935.5,4936.0,36437,131447
2022-06-10 06:00:00,4936.5,4976.0,4914.0,4966.0,332467,887688
2022-06-10 07:00:00,4966.5,5026.0,4961.0,5014.0,272549,831481
2022-06-10 08:00:00,5014.0,5041.5,5014.0,5034.0,186181,602029
2022-06-10 09:00:00,5034.0,5037.5,5018.0,5025.0,98283,341017
2022-06-10 10:00:00,5024.5,5036.5,5021.0,5028.5,69871,248001
2022-06-10 11:00:00,5028.5,5031.5,5009.5,5014.5,88238,310100
2022-06-10 12:00:00,5014.0,5018.0,5001.5,5012.0,87382,307869
2022-06-10 13:00:00,5012.0,5019.5,5002.5,5018.0,59822,203806
2022-06-10 14:00:00,5018.0,5020.0,5009.5,5017.5,26959,93705
2022-06-13 06:00:00,5066.0,5097.0,5058.0,5090.0,276580,771810
2022-06-13 07:00:00,5089.5,5127.5,5089.0,5124.0,246791,748947
2022-06-13 08:00:00,5124.0,5163.0,5119.5,5162.0,172488,573099
2022-06-13 09:00:00,5162.0,5165.5,5123.5,5127.5,152682,497553
2022-06-13 10:00:00,5127.0,5136.5,5116.5,5134.5,108140,362967
2022-06-13 11:00:00,5135.0,5144.0,5115.5,5116.5,104586,339481
2022-06-13 12:00:00,5116.5,5139.5,5114.5,5136.5,94358,299971
2022-06-13 13:00:00,5137.0,5159.0,5124.5,5139.0,126928,404288
2022-06-13 14:00:00,5139.0,5154.0,5131.5,5142.0,48346,160911
2022-06-14 06:00:00,5139.0,5147.0,5110.5,5132.0,281384,725150
2022-06-14 07:00:00,5132.0,5154.5,5116.0,5139.5,220659,639901
2022-06-14 08:00:00,5139.5,5154.0,5133.5,5147.5,149247,467114
2022-06-14 09:00:00,5148.0,5163.0,5139.0,5158.0,117157,392551
2022-06-14 10:00:00,5158.5,5177.5,5151.0,5166.5,101409,346507
2022-06-14 11:00:00,5166.5,5166.5,5135.5,5161.5,113713,384115
2022-06-14 12:00:00,5161.5,5170.0,5145.0,5168.0,117026,415328
2022-06-14 13:00:00,5168.0,5172.5,5155.0,5159.0,70354,234842
2022-06-14 14:00:00,5159.5,5161.0,5140.5,5143.5,32800,109650
2022-06-15 06:00:00,5119.0,5139.5,5102.5,5131.0,262406,708612
2022-06-15 07:00:00,5131.5,5156.5,5123.0,5124.5,249009,710913
2022-06-15 08:00:00,5125.0,5153.5,5120.0,5140.0,177791,538708
2022-06-15 09:00:00,5140.0,5149.5,5131.5,5135.5,100227,336700
2022-06-15 10:00:00,5135.5,5143.0,5124.5,5133.0,90284,288097
2022-06-15 11:00:00,5132.5,5135.5,5112.5,5122.5,77628,225493
2022-06-15 12:00:00,5121.5,5155.0,5063.5,5088.5,432241,1143151
2022-06-15 13:00:00,5088.5,5093.5,5039.5,5048.0,180440,544554
2022-06-15 14:00:00,5048.0,5085.0,5046.5,5077.5,45986,161179
2022-06-17 06:00:00,5135.0,5169.0,5124.5,5140.0,257028,743857
2022-06-17 07:00:00,5139.5,5156.0,5127.0,5146.5,219826,598775
2022-06-17 08:00:00,5146.0,5167.5,5140.5,5150.0,175873,546140
2022-06-17 09:00:00,5149.5,5167.5,5147.0,5160.0,120089,403403
2022-06-17 10:00:00,5160.5,5164.0,5145.5,5155.5,78119,234337
2022-06-17 11:00:00,5155.5,5156.0,5141.5,5148.0,77503,218299
2022-06-17 12:00:00,5148.5,5158.0,5132.5,5156.0,90123,272234
2022-06-17 13:00:00,5155.5,5166.5,5150.0,5165.0,59247,189026
2022-06-17 14:00:00,5165.5,5176.0,5160.0,5172.5,28766,98594
2022-06-20 06:00:00,5167.5,5182.0,5155.0,5181.5,196023,560583
2022-06-20 07:00:00,5182.0,5207.5,5180.0,5200.5,190927,576493
2022-06-20 08:00:00,5200.5,5202.5,5166.0,5169.5,133742,427490
2022-06-20 09:00:00,5169.5,5178.5,5162.5,5165.0,88156,282549
2022-06-20 10:00:00,5165.0,5171.5,5159.0,5169.0,62913,219153
2022-06-20 11:00:00,5169.0,5193.0,5168.5,5189.0,61251,203441
2022-06-20 12:00:00,5189.5,5198.5,5186.5,5197.5,43298,139903
2022-06-20 13:00:00,5197.5,5209.0,5195.0,5206.5,41074,147492
2022-06-20 14:00:00,5206.0,5213.0,5201.5,5208.0,32797,123776
2022-06-21 06:00:00,5194.0,5198.0,5172.0,5197.5,226120,627513
2022-06-21 07:00:00,5197.5,5202.0,5163.5,5168.0,238796,675289
2022-06-21 08:00:00,5168.5,5171.5,5134.0,5141.0,178109,567524
2022-06-21 09:00:00,5140.5,5155.5,5137.5,5152.0,84992,297798
2022-06-21 10:00:00,5152.0,5157.0,5146.0,5149.0,58295,193570
2022-06-21 11:00:00,5149.0,5159.0,5144.0,5158.5,76472,258808
2022-06-21 12:00:00,5159.0,5168.5,5156.0,5166.5,74904,250600
2022-06-21 13:00:00,5166.5,5172.0,5163.5,5169.0,50243,178440
2022-06-21 14:00:00,5169.5,5171.5,5140.0,5143.0,40847,151007
2022-06-22 06:00:00,5181.5,5189.0,5158.0,5165.5,195530,558055
2022-06-22 07:00:00,5165.0,5196.5,5158.0,5182.5,251057,757355
2022-06-22 08:00:00,5183.0,5188.5,5141.5,5152.5,189780,555540
2022-06-22 09:00:00,5153.0,5174.0,5148.5,5172.0,108535,343611
2022-06-22 10:00:00,5172.5,5176.0,5162.0,5175.5,71599,223041
2022-06-22 11:00:00,5175.5,5178.0,5158.0,5158.5,72825,220261
2022-06-22 12:00:00,5158.5,5178.0,5147.0,5176.5,85629,295461
2022-06-22 13:00:00,5176.5,5192.5,5174.5,5191.0,63931,219023
2022-06-22 14:00:00,5191.0,5210.0,5189.5,5208.0,43577,160883
2022-06-23 06:00:00,5208.5,5226.0,5183.5,5186.5,247697,793471
2022-06-23 07:00:00,5187.0,5200.5,5180.0,5182.5,208396,660866
2022-06-23 08:00:00,5183.0,5210.0,5178.5,5187.5,202320,614411
2022-06-23 09:00:00,5188.0,5217.5,5187.0,5215.0,133599,437879
2022-06-23 10:00:00,5215.0,5224.5,5210.5,5217.0,84789,271134
2022-06-23 11:00:00,5217.0,5242.5,5216.5,5236.5,103428,335398
2022-06-23 12:00:00,5236.5,5245.5,5230.0,5243.0,65071,207072
2022-06-23 13:00:00,5243.0,5247.5,5234.0,5241.0,59316,186950
2022-06-23 14:00:00,5241.0,5260.0,5240.5,5253.5,35480,131876
2022-06-24 06:00:00,5240.0,5243.5,5215.0,5230.5,193529,527844
2022-06-24 07:00:00,5231.0,5286.0,5228.5,5271.0,241819,758914
2022-06-24 08:00:00,5270.5,5271.0,5215.0,5258.0,230551,742081
2022-06-24 09:00:00,5258.0,5258.0,5232.5,5249.0,101519,292484
2022-06-24 10:00:00,5248.5,5256.5,5241.5,5247.5,56517,168474
2022-06-24 11:00:00,5247.5,5256.5,5237.0,5247.0,64885,212075
2022-06-24 12:00:00,5247.0,5275.0,5237.5,5273.0,72377,235510
2022-06-24 13:00:00,5273.0,5277.0,5261.5,5261.5,52824,168088
2022-06-24 14:00:00,5261.5,5270.5,5249.5,5254.0,36190,115091
2022-06-27 06:00:00,5250.0,5284.0,5236.5,5261.5,234977,660525
2022-06-27 07:00:00,5261.0,5273.5,5244.0,5245.0,238840,680549
2022-06-27 08:00:00,5245.5,5246.0,5220.0,5223.0,206874,620466
2022-06-27 09:00:00,5223.0,5226.5,5210.5,5216.5,108816,354742
2022-06-27 10:00:00,5216.0,5224.5,5211.0,5219.0,60500,188071
2022-06-27 11:00:00,5218.5,5234.0,5217.5,5232.5,79351,265509
2022-06-27 12:00:00,5233.0,5242.0,5230.5,5233.0,62148,203927
2022-06-27 13:00:00,5232.5,5245.5,5232.0,5243.0,43965,138707
2022-06-27 14:00:00,5243.0,5247.5,5238.0,5247.5,27860,92821
2022-06-28 06:00:00,5240.5,5252.0,5200.5,5206.5,280004,792446
2022-06-28 07:00:00,5206.5,5221.5,5193.5,5211.5,207505,625878
2022-06-28 08:00:00,5212.0,5228.5,5197.5,5223.5,173070,541872
2022-06-28 09:00:00,5224.0,5271.5,5223.0,5259.0,155185,540737
2022-06-28 10:00:00,5259.5,5268.5,5251.5,5267.5,78173,275575
2022-06-28 11:00:00,5268.0,5274.0,5258.5,5260.0,75563,236456
2022-06-28 12:00:00,5259.5,5285.0,5252.0,5276.5,103164,338269
2022-06-28 13:00:00,5276.5,5279.5,5266.5,5273.0,52765,159150
2022-06-28 14:00:00,5273.0,5277.0,5265.0,5274.0,29480,95880
2022-06-29 06:00:00,5256.0,5260.0,5222.5,5224.0,260055,706892
2022-06-29 07:00:00,5224.5,5238.5,5213.0,5229.0,229192,690085
2022-06-29 08:00:00,5229.0,5247.0,5223.5,5234.5,199292,622068
2022-06-29 09:00:00,5234.5,5259.5,5227.5,5243.5,127970,420735
2022-06-29 10:00:00,5244.0,5250.5,5224.0,5228.0,92340,279649
2022-06-29 11:00:00,5228.5,5230.5,5209.0,5210.5,94090,305917
2022-06-29 12:00:00,5210.5,5213.0,5199.0,5204.5,83568,282439
2022-06-29 13:00:00,5205.0,5208.5,5192.5,5195.5,60123,210705
2022-06-29 14:00:00,5195.5,5197.5,5179.5,5187.0,37499,134127
2022-06-30 06:00:00,5263.0,5295.0,5254.5,5290.5,243956,687633
2022-06-30 07:00:00,5290.5,5314.0,5287.0,5296.5,200092,641558
2022-06-30 08:00:00,5296.0,5298.5,5265.5,5274.0,170520,541301
2022-06-30 09:00:00,5274.0,5283.0,5260.5,5262.5,100009,342220
2022-06-30 10:00:00,5262.5,5276.5,5234.5,5237.5,117579,382059
2022-06-30 11:00:00,5237.5,5244.0,5231.0,5238.5,68741,215866
2022-06-30 12:00:00,5239.0,5274.5,5235.0,5270.5,89307,299913
2022-06-30 13:00:00,5270.0,5280.0,5265.5,5275.0,76566,256791
2022-06-30 14:00:00,5275.0,5303.0,5274.5,5298.5,42950,161962
2022-07-01 06:00:00,5325.0,5351.0,5320.0,5340.0,223530,638518
2022-07-01 07:00:00,5340.5,5371.0,5339.5,5366.5,223313,643879
2022-07-01 08:00:00,5366.5,5380.0,5358.0,5367.0,189118,599692
2022-07-01 09:00:00,5367.0,5374.0,5343.5,5350.0,124042,381620
2022-07-01 10:00:00,5350.0,5361.0,5344.0,5356.5,75498,230821
2022-07-01 11:00:00,5356.5,5357.5,5328.5,5337.5,87657,289645
2022-07-01 12:00:00,5338.0,5351.5,5332.5,5347.5,78856,254648
2022-07-01 13:00:00,5348.0,5369.0,5346.5,5362.5,69066,230787
2022-07-01 14:00:00,5363.0,5378.5,5362.0,5373.0,31003,107491
2022-07-04 06:00:00,5342.5,5375.5,5341.5,5359.0,173512,455938
2022-07-04 07:00:00,5359.5,5361.0,5349.0,5356.0,133455,350070
2022-07-04 08:00:00,5356.0,5375.0,5329.0,5336.5,164710,464736
2022-07-04 09:00:00,5336.5,5339.5,5331.0,5339.0,52756,153376
2022-07-04 10:00:00,5339.0,5344.5,5336.0,5342.5,40101,119660
2022-07-04 11:00:00,5343.0,5358.5,5340.5,5355.0,60376,177242
2022-07-04 12:00:00,5355.0,5366.0,5354.0,5364.0,44812,138297
2022-07-04 13:00:00,5363.5,5368.5,5362.0,5366.0,25146,71695
2022-07-04 14:00:00,5365.5,5373.5,5360.0,5372.0,30174,101743
2022-07-05 06:00:00,5395.0,5421.0,5388.5,5409.5,268917,785886
2022-07-05 07:00:00,5409.5,5443.5,5408.5,5435.5,226143,674090
2022-07-05 08:00:00,5435.5,5439.0,5421.0,5432.5,169842,475287
2022-07-05 09:00:00,5433.0,5439.0,5427.0,5430.0,82853,263803
2022-07-05 10:00:00,5429.5,5443.0,5425.0,5439.5,77311,231122
2022-07-05 11:00:00,5439.5,5442.5,5427.5,5436.5,77598,246038
2022-07-05 12:00:00,5436.5,5443.0,5429.0,5438.5,70281,229704
2022-07-05 13:00:00,5438.5,5439.5,5423.5,5428.0,61127,195297
2022-07-05 14:00:00,5428.0,5437.0,5424.5,5428.0,39605,140260
2022-07-06 06:00:00,5442.0,5458.5,5431.5,5442.5,240794,656146
2022-07-06 07:00:00,5442.5,5458.0,5431.0,5448.0,229785,614577
2022-07-06 08:00:00,5448.0,5473.5,5444.5,5473.0,217354,615779
2022-07-06 09:00:00,5472.5,5500.0,5467.5,5494.0,147679,453421
2022-07-06 10:00:00,5494.0,5499.5,5479.5,5481.5,68274,214487
2022-07-06 11:00:00,5481.5,5482.5,5468.5,5471.0,86826,279069
2022-07-06 12:00:00,5471.5,5486.0,5450.0,5456.0,171622,501574
2022-07-06 13:00:00,5456.0,5463.0,5449.5,5460.5,53399,165521
2022-07-06 14:00:00,5461.0,5469.5,5457.0,5463.5,27275,92543
2022-07-07 06:00:00,5443.0,5451.0,5427.0,5443.0,225341,594944
2022-07-07 07:00:00,5443.0,5448.5,5383.0,5383.5,271229,804452
2022-07-07 08:00:00,5384.0,5399.5,5368.0,5370.5,172510,545002
2022-07-07 09:00:00,5370.0,5391.5,5366.0,5388.5,99224,315472
2022-07-07 10:00:00,5388.5,5390.5,5373.5,5376.5,62372,193344
2022-07-07 11:00:00,5376.5,5380.0,5370.5,5377.0,46648,161079
2022-07-07 12:00:00,5377.0,5390.0,5376.5,5383.0,58377,185392
2022-07-07 13:00:00,5382.5,5385.0,5376.5,5380.0,35925,102541
2022-07-07 14:00:00,5380.0,5388.5,5375.0,5375.5,29589,111884
2022-07-08 06:00:00,5392.0,5403.0,5367.5,5382.0,306658,813011
2022-07-08 07:00:00,5382.5,5382.5,5335.0,5361.0,279173,815165
2022-07-08 08:00:00,5360.5,5366.5,5314.0,5319.5,194523,563431
2022-07-08 09:00:00,5319.5,5334.0,5315.0,5330.5,88258,280562
2022-07-08 10:00:00,5330.5,5347.5,5327.5,5342.5,69590,240795
2022-07-08 11:00:00,5342.0,5344.0,5326.5,5331.0,66253,210437
2022-07-08 12:00:00,5330.5,5332.0,5303.5,5306.0,76188,262628
2022-07-08 13:00:00,5306.0,5309.0,5293.5,5301.5,62566,232081
2022-07-08 14:00:00,5301.0,5303.0,5283.5,5287.5,31888,128885
2022-07-11 06:00:00,5343.0,5384.5,5329.5,5370.5,256728,702969
2022-07-11 07:00:00,5370.5,5393.0,5369.5,5377.5,204574,587784
2022-07-11 08:00:00,5377.5,5390.5,5368.0,5384.0,164743,508747
2022-07-11 09:00:00,5384.0,5388.0,5373.0,5373.5,73471,252597
2022-07-11 10:00:00,5373.5,5386.5,5372.5,5383.0,56483,181130
2022-07-11 11:00:00,5383.0,5389.0,5377.5,5385.0,46089,162693
2022-07-11 12:00:00,5385.5,5404.5,5384.0,5403.5,97336,312994
2022-07-11 13:00:00,5403.5,5406.5,5396.5,5402.5,59355,204360
2022-07-11 14:00:00,5402.0,5417.5,5397.0,5409.0,44791,167947
2022-07-12 06:00:00,5409.0,5435.5,5400.0,5421.0,292139,789167
2022-07-12 07:00:00,5421.5,5458.5,5416.5,5447.0,224863,629985
2022-07-12 08:00:00,5447.5,5453.5,5436.5,5452.0,146653,458050
2022-07-12 09:00:00,5452.0,5458.0,5440.0,5449.0,114108,356399
2022-07-12 10:00:00,5448.5,5451.0,5435.5,5445.0,71852,224545
2022-07-12 11:00:00,5445.5,5457.0,5442.0,5448.0,61287,176545
2022-07-12 12:00:00,5448.0,5465.5,5447.0,5463.0,66625,205768
2022-07-12 13:00:00,5463.5,5472.0,5462.0,5468.0,60245,206507
2022-07-12 14:00:00,5468.0,5472.0,5466.0,5466.0,28326,112316
2022-07-13 06:00:00,5447.0,5492.5,5435.5,5474.0,337293,908064
2022-07-13 07:00:00,5474.0,5477.5,5422.0,5440.0,293435,808355
2022-07-13 08:00:00,5439.5,5455.0,5399.5,5404.0,244634,729548
2022-07-13 09:00:00,5404.5,5411.5,5391.5,5407.0,110861,336038
2022-07-13 10:00:00,5407.0,5407.0,5395.0,5404.0,60110,182060
2022-07-13 11:00:00,5404.5,5405.0,5389.5,5401.5,70840,207872
2022-07-13 12:00:00,5402.0,5428.0,5401.5,5410.5,122804,363734
2022-07-13 13:00:00,5410.5,5436.0,5409.0,5430.5,69638,214086
2022-07-13 14:00:00,5430.0,5440.0,5418.5,5419.0,36776,123627
2022-07-14 06:00:00,5500.0,5504.5,5463.5,5477.5,241540,646752
2022-07-14 07:00:00,5477.5,5515.0,5469.5,5502.5,289495,849738
2022-07-14 08:00:00,5503.0,5511.0,5460.0,5470.0,211997,659435
2022-07-14 09:00:00,5469.5,5476.0,5439.0,5450.5,186004,568768
2022-07-14 10:00:00,5450.0,5477.0,5448.0,5465.0,89521,256874
2022-07-14 11:00:00,5464.5,5468.0,5448.0,5455.0,80442,234280
2022-07-14 12:00:00,5455.5,5464.0,5440.0,5461.5,84849,257628
2022-07-14 13:00:00,5461.0,5468.0,5453.0,5457.0,49614,153142
2022-07-14 14:00:00,5457.0,5459.5,5444.0,5445.5,30720,98725
2022-07-15 06:00:00,5432.0,5460.0,5426.5,5431.0,260847,699664
2022-07-15 07:00:00,5430.5,5471.0,5421.5,5466.5,256934,694368
2022-07-15 08:00:00,5467.0,5467.5,5399.0,5405.0,243731,722170
2022-07-15 09:00:00,5404.5,5410.0,5397.0,5406.5,78975,247989
2022-07-15 10:00:00,5406.5,5425.5,5405.5,5423.5,50519,170549
2022-07-15 11:00:00,5423.5,5434.0,5417.0,5423.5,74553,245636
2022-07-15 12:00:00,5423.0,5430.0,5415.5,5417.5,51824,159327
2022-07-15 13:00:00,5418.0,5431.5,5417.0,5427.0,41979,141659
2022-07-15 14:00:00,5427.0,5432.5,5421.0,5431.5,21989,84274
2022-07-18 06:00:00,5395.0,5405.5,5385.0,5397.0,230838,612831
2022-07-18 07:00:00,5397.0,5412.5,5380.5,5385.5,230315,643542
2022-07-18 08:00:00,5385.5,5392.5,5372.0,5375.5,159810,450757
2022-07-18 09:00:00,5375.5,5398.5,5373.5,5394.0,114387,326305
2022-07-18 10:00:00,5394.0,5397.0,5386.5,5394.0,52977,161874
2022-07-18 11:00:00,5394.5,5428.5,5391.5,5427.5,101189,335221
2022-07-18 12:00:00,5428.0,5440.5,5420.5,5438.0,99598,334101
2022-07-18 13:00:00,5438.5,5448.0,5433.0,5444.5,60309,204379
2022-07-18 14:00:00,5444.5,5459.0,5441.0,5457.5,40213,163030
2022-07-19 06:00:00,5428.0,5448.5,5408.0,5410.5,250991,740983
2022-07-19 07:00:00,5410.5,5421.5,5390.5,5402.5,252472,736748
2022-07-19 08:00:00,5402.0,5419.0,5392.0,5410.5,188226,540091
2022-07-19 09:00:00,5410.5,5428.0,5401.5,5410.0,119554,350645
2022-07-19 10:00:00,5410.0,5416.5,5383.0,5389.5,100193,310855
2022-07-19 11:00:00,5389.5,5405.5,5384.0,5405.0,68780,222072
2022-07-19 12:00:00,5405.0,5423.5,5396.0,5420.5,86061,290503
2022-07-19 13:00:00,5420.5,5438.5,5420.5,5435.5,63296,208777
2022-07-19 14:00:00,5435.5,5442.0,5423.0,5430.0,33433,114162
2022-07-20 06:00:00,5448.5,5467.0,5435.0,5436.0,280572,800763
2022-07-20 07:00:00,5436.0,5440.5,5404.5,5434.5,280576,773044
2022-07-20 08:00:00,5435.0,5452.0,5423.0,5448.0,217032,630041
2022-07-20 09:00:00,5448.5,5460.0,5442.5,5450.0,105380,354444
2022-07-20 10:00:00,5450.0,5471.5,5440.5,5465.0,105329,366063
2022-07-20 11:00:00,5465.0,5484.5,5465.0,5479.0,123677,412271
2022-07-20 12:00:00,5479.0,5480.0,5460.0,5475.5,90352,297547
2022-07-20 13:00:00,5475.5,5478.5,5467.5,5474.0,52165,162647
2022-07-20 14:00:00,5473.5,5487.5,5472.5,5486.0,33917,130646
2022-07-21 06:00:00,5477.0,5492.5,5442.5,5457.5,325874,908039
2022-07-21 07:00:00,5457.5,5498.5,5449.5,5479.5,310712,896309
2022-07-21 08:00:00,5480.0,5507.5,5478.0,5498.0,170619,539280
2022-07-21 09:00:00,5497.5,5517.5,5490.0,5509.5,143499,453265
2022-07-21 10:00:00,5510.0,5519.5,5500.5,5515.5,92257,298847
2022-07-21 11:00:00,5515.5,5527.0,5511.5,5518.0,81562,262747
2022-07-21 12:00:00,5518.0,5523.5,5508.0,5512.5,73355,261477
2022-07-21 13:00:00,5512.5,5516.5,5500.0,5509.0,61053,204929
2022-07-21 14:00:00,5509.0,5514.0,5503.0,5510.0,32975,119414
2022-07-22 06:00:00,5494.0,5500.0,5463.0,5472.5,215590,621578
2022-07-22 07:00:00,5472.5,5477.5,5447.0,5460.5,237963,715486
2022-07-22 08:00:00,5460.0,5466.0,5445.5,5456.0,161757,484784
2022-07-22 09:00:00,5456.0,5473.5,5453.0,5468.5,92108,291062
2022-07-22 10:00:00,5469.0,5472.5,5457.0,5471.5,71922,231661
2022-07-22 11:00:00,5471.0,5505.5,5468.0,5498.5,110882,395260
2022-07-22 12:00:00,5498.5,5512.0,5498.0,5512.0,66169,220421
2022-07-22 13:00:00,5512.0,5515.0,5507.0,5507.5,45692,169929
2022-07-22 14:00:00,5507.5,5511.0,5505.0,5509.0,24184,95313
2022-07-25 06:00:00,5481.5,5487.0,5452.5,5453.5,179261,544700
2022-07-25 07:00:00,5454.0,5454.0,5411.0,5414.0,246594,777748
2022-07-25 08:00:00,5414.0,5427.0,5406.0,5421.0,175201,621150
2022-07-25 09:00:00,5421.0,5427.0,5408.0,5408.5,91151,337649
2022-07-25 10:00:00,5409.0,5415.5,5405.0,5408.5,68001,240594
2022-07-25 11:00:00,5408.5,5410.0,5397.0,5402.0,74136,264600
2022-07-25 12:00:00,5402.0,5403.5,5374.0,5376.5,121983,438612
2022-07-25 13:00:00,5377.0,5386.0,5376.5,5379.5,52455,179077
2022-07-25 14:00:00,5379.0,5382.5,5364.0,5364.5,55336,219749
2022-07-26 06:00:00,5390.0,5399.0,5358.5,5367.5,311259,860672
2022-07-26 07:00:00,5367.5,5397.0,5341.0,5346.5,307123,916337
2022-07-26 08:00:00,5346.0,5376.5,5342.5,5358.0,220179,668928
2022-07-26 09:00:00,5358.5,5375.0,5355.5,5375.0,103556,308667
2022-07-26 10:00:00,5375.0,5383.0,5362.5,5367.0,94926,284257
2022-07-26 11:00:00,5367.5,5376.0,5360.5,5361.0,79763,249291
2022-07-26 12:00:00,5361.0,5377.0,5347.5,5362.0,114220,364937
2022-07-26 13:00:00,5362.5,5365.0,5354.5,5357.0,51741,169637
2022-07-26 14:00:00,5357.0,5358.5,5345.5,5358.0,32456,116513
2022-07-27 06:00:00,5342.5,5354.0,5325.5,5329.5,241466,640010
2022-07-27 07:00:00,5329.5,5333.0,5312.5,5315.0,239850,700124
2022-07-27 08:00:00,5315.0,5329.0,5304.0,5313.5,191991,606163
2022-07-27 09:00:00,5313.5,5315.5,5296.5,5301.0,112342,389317
2022-07-27 10:00:00,5301.0,5312.5,5297.0,5309.0,72758,233614
2022-07-27 11:00:00,5309.0,5311.5,5295.0,5304.5,67603,209892
2022-07-27 12:00:00,5304.5,5315.0,5257.5,5262.0,256931,734522
2022-07-27 13:00:00,5262.0,5269.5,5245.0,5252.0,105052,356886
2022-07-27 14:00:00,5252.0,5258.5,5241.0,5247.5,42959,148177
2022-07-28 06:00:00,5265.5,5276.0,5199.0,5212.5,315115,907458
2022-07-28 07:00:00,5212.5,5219.0,5178.0,5209.0,272261,889869
2022-07-28 08:00:00,5209.0,5239.0,5200.5,5218.0,212241,673074
2022-07-28 09:00:00,5218.5,5228.0,5208.5,5218.5,106626,344414
2022-07-28 10:00:00,5218.0,5219.5,5196.5,5206.5,72467,236421
2022-07-28 11:00:00,5207.0,5210.5,5196.0,5201.0,72363,234061
2022-07-28 12:00:00,5201.0,5207.0,5171.5,5172.5,95403,341485
2022-07-28 13:00:00,5172.0,5175.0,5161.5,5163.5,72591,263088
2022-07-28 14:00:00,5164.0,5190.0,5161.0,5186.5,43068,162739
2022-07-29 06:00:00,5210.0,5228.0,5193.0,5211.5,303116,830389
2022-07-29 07:00:00,5211.5,5261.0,5211.0,5242.0,267250,771276
2022-07-29 08:00:00,5242.0,5256.0,5223.5,5247.5,178788,603720
2022-07-29 09:00:00,5248.0,5251.5,5218.5,5230.0,120096,390403
2022-07-29 10:00:00,5230.5,5247.0,5226.0,5237.0,76763,244684
2022-07-29 11:00:00,5237.5,5252.0,5231.5,5241.0,68515,216058
2022-07-29 12:00:00,5240.5,5247.5,5217.0,5219.0,73577,235420
2022-07-29 13:00:00,5219.0,5231.0,5217.0,5220.5,51195,170314
2022-07-29 14:00:00,5220.5,5224.0,5215.5,5221.0,29686,105018
2022-08-01 06:00:00,5204.0,5220.5,5175.5,5220.0,280053,818593
2022-08-01 07:00:00,5220.0,5242.0,5216.0,5220.5,239217,681538
2022-08-01 08:00:00,5220.5,5240.0,5181.0,5182.5,243621,716313
2022-08-01 09:00:00,5182.0,5199.0,5181.5,5199.0,95827,295136
2022-08-01 10:00:00,5198.5,5224.0,5195.5,5221.5,97073,307265
2022-08-01 11:00:00,5222.0,5249.0,5219.5,5238.0,110721,354999
2022-08-01 12:00:00,5238.5,5244.0,5226.5,5232.0,84351,256470
2022-08-01 13:00:00,5231.5,5234.5,5223.0,5224.5,49036,148540
2022-08-01 14:00:00,5224.0,5234.5,5221.5,5234.5,26013,85618
2022-08-02 06:00:00,5247.5,5269.0,5241.0,5247.5,307024,819845
2022-08-02 07:00:00,5247.5,5282.5,5234.0,5277.5,334539,986624
2022-08-02 08:00:00,5277.5,5293.0,5270.5,5280.5,224183,703480
2022-08-02 09:00:00,5280.5,5290.0,5271.5,5288.5,110744,358858
2022-08-02 10:00:00,5288.5,5289.5,5273.0,5282.5,75064,237950
2022-08-02 11:00:00,5282.5,5315.5,5281.5,5310.5,124454,438567
2022-08-02 12:00:00,5310.0,5325.0,5309.5,5318.0,113923,399038
2022-08-02 13:00:00,5318.5,5323.0,5311.0,5321.5,58974,215195
2022-08-02 14:00:00,5322.0,5329.5,5320.0,5323.0,34585,134936
2022-08-03 06:00:00,5293.0,5315.5,5287.0,5306.5,232975,650554
2022-08-03 07:00:00,5306.5,5332.0,5303.5,5317.5,236181,684867
2022-08-03 08:00:00,5317.0,5358.5,5317.0,5343.0,232460,748560
2022-08-03 09:00:00,5343.0,5351.5,5311.5,5313.0,131452,432415
2022-08-03 10:00:00,5312.5,5317.0,5300.0,5302.0,102085,326050
2022-08-03 11:00:00,5302.0,5311.0,5298.0,5301.5,61477,193124
2022-08-03 12:00:00,5301.5,5331.5,5299.5,5328.5,84780,275437
2022-08-03 13:00:00,5329.0,5332.5,5316.5,5320.0,53360,174862
2022-08-03 14:00:00,5319.5,5332.5,5316.5,5327.5,30690,109739
2022-08-04 06:00:00,5327.5,5336.5,5295.5,5307.0,256246,709101
2022-08-04 07:00:00,5307.0,5312.0,5273.5,5281.5,244300,714250
2022-08-04 08:00:00,5281.5,5300.0,5281.0,5291.0,164895,484182
2022-08-04 09:00:00,5291.5,5292.5,5255.5,5257.0,144930,470916
2022-08-04 10:00:00,5257.5,5260.5,5243.0,5255.5,95012,332734
2022-08-04 11:00:00,5256.0,5256.5,5240.0,5254.0,84972,277813
2022-08-04 12:00:00,5253.5,5267.0,5240.5,5252.5,103896,353963
2022-08-04 13:00:00,5252.5,5265.5,5252.0,5263.0,44565,152507
2022-08-04 14:00:00,5263.0,5265.0,5249.5,5251.0,40818,137964
2022-08-05 06:00:00,5263.5,5316.0,5243.5,5299.5,362454,1036080
2022-08-05 07:00:00,5299.5,5305.0,5256.5,5260.0,312284,900318
2022-08-05 08:00:00,5260.0,5280.0,5223.0,5224.0,239116,772840
2022-08-05 09:00:00,5224.0,5257.5,5223.5,5238.0,132260,430041
2022-08-05 10:00:00,5238.0,5242.0,5216.0,5220.5,104014,348382
2022-08-05 11:00:00,5220.5,5229.5,5217.0,5227.5,64874,203924
2022-08-05 12:00:00,5228.0,5233.0,5204.5,5211.5,105354,348746
2022-08-05 13:00:00,5211.0,5213.5,5203.0,5205.5,45303,145497
2022-08-05 14:00:00,5205.5,5207.0,5194.0,5202.0,28985,104816
2022-08-08 06:00:00,5181.0,5186.0,5151.0,5158.5,237585,636071
2022-08-08 07:00:00,5158.5,5165.5,5139.0,5152.5,205985,583275
2022-08-08 08:00:00,5152.0,5177.5,5148.5,5163.5,199294,591359
2022-08-08 09:00:00,5163.0,5175.5,5155.0,5170.0,121425,365978
2022-08-08 10:00:00,5170.0,5170.5,5150.5,5157.0,82669,254609
2022-08-08 11:00:00,5157.0,5158.5,5142.5,5147.5,97732,314201
2022-08-08 12:00:00,5147.5,5156.0,5143.5,5149.5,77300,232708
2022-08-08 13:00:00,5149.5,5153.5,5143.0,5149.0,53023,172072
2022-08-08 14:00:00,5149.5,5150.0,5142.0,5149.0,31637,109078
2022-08-09 06:00:00,5154.5,5163.5,5129.5,5137.0,291523,801227
2022-08-09 07:00:00,5136.5,5148.0,5126.0,5146.5,224691,640271
2022-08-09 08:00:00,5147.0,5182.5,5147.0,5164.5,200381,625470
2022-08-09 09:00:00,5164.0,5176.5,5159.0,5163.5,102357,317536
2022-08-09 10:00:00,5163.5,5170.0,5157.0,5159.5,73023,227496
2022-08-09 11:00:00,5159.5,5177.0,5158.0,5169.0,76685,254540
2022-08-09 12:00:00,5169.5,5185.0,5164.0,5180.0,85887,285436
2022-08-09 13:00:00,5180.0,5181.5,5160.5,5162.0,59054,202711
2022-08-09 14:00:00,5162.0,5164.0,5156.5,5158.0,27216,108539
2022-08-10 06:00:00,5147.5,5179.0,5065.5,5092.5,340834,1075059
2022-08-10 07:00:00,5092.5,5107.0,5076.0,5096.5,233292,710438
2022-08-10 08:00:00,5096.5,5097.5,5066.0,5079.0,204199,727401
2022-08-10 09:00:00,5079.5,5093.0,5076.0,5086.0,97496,360881
2022-08-10 10:00:00,5086.5,5090.5,5080.0,5089.5,49609,164605
2022-08-10 11:00:00,5089.5,5096.5,5079.0,5095.0,67232,231942
2022-08-10 12:00:00,5095.5,5128.5,5094.5,5121.0,121789,434873
2022-08-10 13:00:00,5120.5,5126.5,5115.0,5115.0,57534,192799
2022-08-10 14:00:00,5115.5,5127.0,5112.5,5125.5,29671,111943
2022-08-11 06:00:00,5110.0,5120.0,5090.0,5097.5,296621,836589
2022-08-11 07:00:00,5097.5,5124.0,5095.0,5103.0,249813,749077
2022-08-11 08:00:00,5103.0,5170.5,5102.0,5169.5,246462,836944
2022-08-11 09:00:00,5169.5,5189.0,5165.5,5171.5,149761,563411
2022-08-11 10:00:00,5171.0,5177.0,5161.0,5172.0,70320,230680
2022-08-11 11:00:00,5172.0,5184.5,5169.5,5181.0,88761,311294
2022-08-11 12:00:00,5180.5,5200.5,5178.5,5193.5,89776,312512
2022-08-11 13:00:00,5193.5,5198.0,5187.0,5189.0,52840,205590
2022-08-11 14:00:00,5188.5,5193.5,5184.5,5188.0,29155,112160
2022-08-12 06:00:00,5182.5,5192.5,5151.0,5151.0,219793,652291
2022-08-12 07:00:00,5151.5,5154.5,5129.0,5137.0,182273,594380
2022-08-12 08:00:00,5137.5,5152.0,5118.5,5120.0,209162,699621
2022-08-12 09:00:00,5120.0,5127.5,5110.5,5115.5,93530,346216
2022-08-12 10:00:00,5115.5,5123.5,5101.0,5107.0,77686,287968
2022-08-12 11:00:00,5106.5,5111.0,5100.5,5102.0,63077,237749
2022-08-12 12:00:00,5101.5,5103.5,5092.0,5097.0,67782,266757
2022-08-12 13:00:00,5096.5,5104.0,5092.5,5101.0,47094,183774
2022-08-12 14:00:00,5101.0,5108.0,5096.5,5099.5,31037,123520
2022-08-15 06:00:00,5138.5,5166.0,5132.5,5134.0,258889,773146
2022-08-15 07:00:00,5133.5,5145.0,5124.5,5129.0,212397,607768
2022-08-15 08:00:00,5129.5,5140.0,5112.0,5116.5,157330,464686
2022-08-15 09:00:00,5116.5,5120.5,5106.5,5107.0,85550,275414
2022-08-15 10:00:00,5107.5,5115.5,5100.0,5111.5,78595,265654
2022-08-15 11:00:00,5111.0,5133.0,5106.5,5124.0,90991,298375
2022-08-15 12:00:00,5124.0,5138.0,5118.5,5124.5,83610,265523
2022-08-15 13:00:00,5125.0,5127.0,5114.0,5116.5,46534,158533
2022-08-15 14:00:00,5117.0,5124.0,5110.5,5122.0,27611,98908
2022-08-16 06:00:00,5143.5,5161.0,5135.0,5144.0,249615,710499
2022-08-16 07:00:00,5144.0,5159.0,5138.0,5148.5,212363,677779
2022-08-16 08:00:00,5148.5,5175.5,5146.5,5172.5,193655,598857
2022-08-16 09:00:00,5172.5,5174.0,5163.0,5167.5,70344,229506
2022-08-16 10:00:00,5167.0,5176.5,5160.0,5175.0,65232,213591
2022-08-16 11:00:00,5174.5,5178.0,5150.5,5151.5,87307,315035
2022-08-16 12:00:00,5151.5,5171.0,5151.0,5168.0,81716,292842
2022-08-16 13:00:00,5168.5,5173.5,5162.5,5164.0,44102,151088
2022-08-16 14:00:00,5163.5,5176.0,5161.5,5172.5,23008,81039
2022-08-17 06:00:00,5200.0,5235.5,5197.0,5218.0,251202,798984
2022-08-17 07:00:00,5218.5,5230.5,5195.0,5200.5,232412,753166
2022-08-17 08:00:00,5200.5,5204.5,5183.0,5191.5,174611,556849
2022-08-17 09:00:00,5191.5,5196.0,5178.5,5194.5,91893,316228
2022-08-17 10:00:00,5194.5,5204.5,5189.5,5198.0,69807,256292
2022-08-17 11:00:00,5198.0,5209.0,5190.5,5199.5,74070,233876
2022-08-17 12:00:00,5199.0,5201.5,5168.0,5192.0,165511,551774
2022-08-17 13:00:00,5192.0,5196.0,5184.5,5187.5,51215,157110
2022-08-17 14:00:00,5187.5,5193.5,5180.0,5188.5,26997,91520
2022-08-18 06:00:00,5184.5,5186.0,5147.5,5172.0,221753,672629
2022-08-18 07:00:00,5172.5,5218.5,5165.5,5210.0,235037,768002
2022-08-18 08:00:00,5209.5,5218.5,5191.5,5193.5,133251,465949
2022-08-18 09:00:00,5193.5,5209.5,5187.0,5207.0,86091,290639
2022-08-18 10:00:00,5207.5,5223.5,5206.5,5222.5,79950,271865
2022-08-18 11:00:00,5223.0,5226.0,5209.0,5210.0,83384,298726
2022-08-18 12:00:00,5210.5,5216.0,5204.0,5205.0,61748,213606
2022-08-18 13:00:00,5205.5,5205.5,5189.0,5190.0,54124,207865
2022-08-18 14:00:00,5190.5,5193.5,5183.0,5186.0,24929,110284
2022-08-19 06:00:00,5219.0,5231.5,5186.0,5192.0,246716,773995
2022-08-19 07:00:00,5192.5,5227.0,5188.5,5216.5,216798,685088
2022-08-19 08:00:00,5216.5,5237.0,5197.0,5225.5,182495,609451
2022-08-19 09:00:00,5225.5,5235.0,5213.5,5215.5,93673,325470
2022-08-19 10:00:00,5216.0,5217.5,5199.5,5206.0,67629,233008
2022-08-19 11:00:00,5206.0,5210.5,5189.0,5192.0,69217,228220
2022-08-19 12:00:00,5192.0,5207.0,5183.0,5206.0,73162,279941
2022-08-19 13:00:00,5206.5,5207.0,5183.5,5185.0,57622,217760
2022-08-19 14:00:00,5185.0,5190.0,5184.0,5187.0,26369,109144
2022-08-22 06:00:00,5198.5,5209.5,5186.5,5187.0,209324,616121
2022-08-22 07:00:00,5186.5,5210.0,5177.5,5198.0,233776,667714
2022-08-22 08:00:00,5198.0,5219.5,5188.5,5201.5,178369,549220
2022-08-22 09:00:00,5201.5,5203.5,5181.0,5182.5,107999,355932
2022-08-22 10:00:00,5182.0,5184.0,5165.5,5170.0,98182,321786
2022-08-22 11:00:00,5170.0,5182.0,5165.5,5178.5,70037,223486
2022-08-22 12:00:00,5178.5,5180.0,5167.0,5168.0,65268,215430
2022-08-22 13:00:00,5168.5,5183.0,5166.0,5179.0,54166,188846
2022-08-22 14:00:00,5179.0,5189.5,5170.5,5172.5,38137,132824
2022-08-23 06:00:00,5144.5,5166.0,5142.0,5160.5,206523,607875
2022-08-23 07:00:00,5160.5,5165.5,5112.0,5117.0,267790,859165
2022-08-23 08:00:00,5117.5,5117.5,5093.5,5104.5,172312,580474
2022-08-23 09:00:00,5104.5,5104.5,5083.5,5095.0,97373,355889
2022-08-23 10:00:00,5095.0,5100.0,5090.5,5098.0,38355,144250
2022-08-23 11:00:00,5098.5,5114.0,5093.0,5113.5,78695,269833
2022-08-23 12:00:00,5113.5,5123.5,5108.0,5117.5,78022,273299
2022-08-23 13:00:00,5117.5,5118.0,5107.0,5111.0,49477,171190
2022-08-23 14:00:00,5110.5,5127.5,5109.5,5117.5,40719,157292
2022-08-24 06:00:00,5122.0,5128.0,5092.5,5122.0,263607,803054
2022-08-24 07:00:00,5121.5,5134.0,5114.0,5129.0,210622,638529
2022-08-24 08:00:00,5128.5,5129.0,5097.0,5115.0,211291,693691
2022-08-24 09:00:00,5115.0,5117.5,5098.5,5105.5,98659,341199
2022-08-24 10:00:00,5105.0,5125.0,5099.0,5120.5,76504,262134
2022-08-24 11:00:00,5120.5,5131.0,5117.5,5125.0,66693,214502
2022-08-24 12:00:00,5124.5,5129.5,5118.0,5121.5,63369,213368
2022-08-24 13:00:00,5121.5,5124.0,5113.5,5119.5,42419,142616
2022-08-24 14:00:00,5119.5,5124.0,5115.0,5123.5,27487,102019
2022-08-25 06:00:00,5101.0,5146.0,5095.0,5138.0,223679,690662
2022-08-25 07:00:00,5137.5,5152.0,5124.5,5126.5,211328,683043
2022-08-25 08:00:00,5126.5,5136.0,5100.0,5110.0,196139,658354
2022-08-25 09:00:00,5110.0,5138.5,5110.0,5125.5,124939,454386
2022-08-25 10:00:00,5126.0,5137.0,5123.5,5128.5,69556,227105
2022-08-25 11:00:00,5129.0,5131.0,5112.5,5121.0,88338,286185
2022-08-25 12:00:00,5120.5,5135.5,5119.0,5130.0,70913,230960
2022-08-25 13:00:00,5130.0,5137.5,5117.0,5119.0,47935,157951
2022-08-25 14:00:00,5119.0,5124.5,5114.0,5119.0,30565,103338
2022-08-26 06:00:00,5118.0,5124.5,5086.5,5087.0,248353,713332
2022-08-26 07:00:00,5086.5,5103.5,5074.0,5102.5,224176,693401
2022-08-26 08:00:00,5102.0,5117.5,5066.5,5086.5,339506,1096962
2022-08-26 09:00:00,5086.0,5123.0,5078.0,5088.5,143536,518165
2022-08-26 10:00:00,5088.0,5101.0,5088.0,5091.5,68642,240596
2022-08-26 11:00:00,5092.0,5112.0,5089.5,5098.0,62416,219490
2022-08-26 12:00:00,5097.5,5098.5,5061.0,5074.0,95623,361238
2022-08-26 13:00:00,5074.5,5086.5,5072.5,5084.5,55324,209585
2022-08-26 14:00:00,5085.0,5085.0,5067.0,5070.5,30184,110455
2022-08-29 06:00:00,5086.0,5096.0,5052.5,5060.0,228279,744601
2022-08-29 07:00:00,5060.0,5083.0,5053.0,5067.0,245410,825940
2022-08-29 08:00:00,5066.5,5068.5,5043.5,5049.0,188658,668402
2022-08-29 09:00:00,5049.0,5051.5,5030.5,5033.0,116268,420734
2022-08-29 10:00:00,5033.0,5033.5,5020.5,5028.5,69745,264040
2022-08-29 11:00:00,5028.5,5035.5,5014.0,5019.5,90278,336485
2022-08-29 12:00:00,5019.5,5030.0,5015.0,5022.5,81307,290195
2022-08-29 13:00:00,5023.0,5037.5,5020.5,5037.0,59775,232584
2022-08-29 14:00:00,5037.0,5038.0,5028.5,5032.0,33668,137310
2022-08-30 06:00:00,5017.5,5050.5,5012.0,5037.0,240806,771646
2022-08-30 07:00:00,5037.5,5070.5,5027.5,5066.5,232415,761087
2022-08-30 08:00:00,5066.5,5080.0,5061.0,5064.0,169217,589910
2022-08-30 09:00:00,5064.5,5080.5,5062.5,5078.5,112312,396606
2022-08-30 10:00:00,5079.0,5097.5,5076.5,5093.0,93531,352136
2022-08-30 11:00:00,5093.0,5123.0,5091.5,5116.0,123959,506838
2022-08-30 12:00:00,5115.5,5120.5,5103.5,5110.0,87394,333939
2022-08-30 13:00:00,5110.0,5116.5,5104.0,5115.0,55279,198891
2022-08-30 14:00:00,5115.0,5128.0,5111.0,5126.5,33589,138299
2022-08-31 06:00:00,5170.0,5218.5,5169.0,5195.0,245187,754324
2022-08-31 07:00:00,5195.0,5238.5,5193.5,5217.0,248220,838607
2022-08-31 08:00:00,5216.5,5242.0,5204.0,5222.5,207273,742490
2022-08-31 09:00:00,5222.5,5234.0,5213.5,5228.5,134032,535742
2022-08-31 10:00:00,5228.5,5236.0,5208.0,5231.0,92861,357378
2022-08-31 11:00:00,5231.5,5244.5,5224.5,5233.5,78948,293345
2022-08-31 12:00:00,5233.5,5253.0,5230.0,5246.5,81212,304264
2022-08-31 13:00:00,5246.0,5251.5,5237.0,5242.5,67752,243628
2022-08-31 14:00:00,5242.0,5247.0,5223.0,5227.5,42264,148103
2022-09-01 06:00:00,5245.0,5262.5,5217.0,5235.0,298333,868936
2022-09-01 07:00:00,5234.5,5237.5,5185.5,5213.5,254142,836693
2022-09-01 08:00:00,5213.5,5266.0,5213.0,5253.5,241515,857061
2022-09-01 09:00:00,5253.5,5273.0,5241.5,5264.5,132068,475706
2022-09-01 10:00:00,5264.0,5274.0,5252.0,5273.5,82168,283376
2022-09-01 11:00:00,5274.0,5296.0,5272.5,5290.5,121508,437705
2022-09-01 12:00:00,5290.5,5293.0,5261.0,5274.0,113245,371047
2022-09-01 13:00:00,5274.0,5279.5,5266.5,5276.5,60912,217473
2022-09-01 14:00:00,5277.0,5282.5,5264.5,5282.0,41966,152045
2022-09-02 06:00:00,5261.0,5272.5,5209.5,5228.5,330567,944469
2022-09-02 07:00:00,5229.0,5249.5,5214.0,5246.0,237945,677939
2022-09-02 08:00:00,5246.0,5249.5,5213.0,5215.0,194848,645146
2022-09-02 09:00:00,5215.0,5226.5,5207.5,5209.5,102078,363002
2022-09-02 10:00:00,5210.0,5241.5,5202.0,5240.5,122563,409308
2022-09-02 11:00:00,5241.0,5247.5,5224.0,5234.0,108714,343350
2022-09-02 12:00:00,5233.5,5234.0,5194.0,5205.0,99923,328617
2022-09-02 13:00:00,5205.0,5227.0,5201.0,5222.0,66002,220499
2022-09-02 14:00:00,5221.5,5223.0,5199.0,5205.0,34065,125229
2022-09-05 06:00:00,5218.0,5226.0,5201.5,5216.5,196748,516867
2022-09-05 07:00:00,5216.5,5223.5,5197.0,5204.5,194121,540206
2022-09-05 08:00:00,5205.0,5216.0,5198.5,5207.0,121594,361978
2022-09-05 09:00:00,5207.0,5212.0,5192.5,5200.0,87142,287832
2022-09-05 10:00:00,5200.0,5204.5,5193.0,5196.5,51819,157063
2022-09-05 11:00:00,5196.0,5198.0,5186.0,5193.5,56620,181713
2022-09-05 12:00:00,5194.0,5195.0,5189.0,5193.0,27250,87573
2022-09-05 13:00:00,5193.0,5194.5,5186.5,5188.5,23522,76843
2022-09-05 14:00:00,5188.5,5192.0,5186.5,5191.0,19132,68007
2022-09-06 06:00:00,5202.0,5235.5,5197.5,5232.5,263402,723357
2022-09-06 07:00:00,5232.5,5268.5,5227.0,5261.0,218057,638635
2022-09-06 08:00:00,5261.5,5275.5,5253.0,5262.0,194852,646221
2022-09-06 09:00:00,5261.5,5274.5,5251.5,5263.5,118979,407074
2022-09-06 10:00:00,5264.0,5270.5,5260.5,5269.5,57997,177237
2022-09-06 11:00:00,5270.0,5284.0,5269.0,5280.0,94390,336613
2022-09-06 12:00:00,5279.5,5280.5,5263.0,5271.5,82923,281863
2022-09-06 13:00:00,5272.0,5278.5,5268.5,5272.0,48189,162936
2022-09-06 14:00:00,5272.5,5287.0,5271.0,5283.0,27698,110526
2022-09-08 06:00:00,5242.0,5253.0,5210.5,5249.0,332322,888352
2022-09-08 07:00:00,5249.0,5267.5,5221.5,5238.0,322666,957248
2022-09-08 08:00:00,5238.0,5255.0,5227.0,5254.0,186032,560006
2022-09-08 09:00:00,5254.0,5260.5,5240.5,5255.0,103668,344690
2022-09-08 10:00:00,5254.5,5267.0,5248.5,5255.5,90820,296082
2022-09-08 11:00:00,5256.0,5270.5,5246.0,5256.5,110598,358088
2022-09-08 12:00:00,5256.5,5257.0,5233.5,5238.5,103197,355142
2022-09-08 13:00:00,5238.5,5246.0,5232.0,5237.0,60154,218079
2022-09-08 14:00:00,5237.0,5248.5,5233.5,5248.0,29501,120112
2022-09-09 06:00:00,5212.0,5226.5,5207.0,5213.5,197337,538060
2022-09-09 07:00:00,5213.0,5233.0,5198.0,5200.0,256520,733801
2022-09-09 08:00:00,5199.5,5207.5,5171.5,5178.5,186164,581821
2022-09-09 09:00:00,5178.5,5189.0,5177.0,5183.5,74487,244835
2022-09-09 10:00:00,5184.0,5191.5,5175.5,5185.0,67396,209852
2022-09-09 11:00:00,5184.5,5190.5,5182.5,5188.0,45998,155623
2022-09-09 12:00:00,5188.0,5192.5,5179.0,5185.0,49658,160562
2022-09-09 13:00:00,5185.0,5186.0,5173.5,5175.5,39638,142578
2022-09-09 14:00:00,5175.0,5180.0,5174.5,5177.0,21866,76369
2022-09-12 06:00:00,5143.0,5164.0,5139.0,5162.5,180709,560411
2022-09-12 07:00:00,5162.0,5165.5,5141.5,5148.0,235639,725690
2022-09-12 08:00:00,5148.5,5160.5,5145.5,5150.5,117838,381821
2022-09-12 09:00:00,5150.5,5155.0,5133.0,5138.0,91570,315867
2022-09-12 10:00:00,5138.0,5147.0,5136.0,5138.0,71135,227670
2022-09-12 11:00:00,5137.5,5141.0,5123.0,5123.0,84853,277761
2022-09-12 12:00:00,5123.0,5128.0,5110.5,5113.0,100500,365034
2022-09-12 13:00:00,5113.5,5128.5,5110.5,5124.5,57326,194046
2022-09-12 14:00:00,5124.0,5125.0,5113.0,5120.0,30995,114619
2022-09-13 06:00:00,5111.0,5230.0,5103.0,5225.0,365262,1127142
2022-09-13 07:00:00,5225.0,5233.5,5186.5,5196.5,284901,924039
2022-09-13 08:00:00,5196.5,5207.0,5172.0,5189.0,225380,794964
2022-09-13 09:00:00,5189.0,5213.5,5181.0,5211.0,119706,421940
2022-09-13 10:00:00,5211.0,5215.0,5193.0,5195.5,79688,278495
2022-09-13 11:00:00,5195.0,5207.5,5187.0,5202.0,88769,304810
2022-09-13 12:00:00,5202.0,5220.5,5196.5,5212.5,84492,307084
2022-09-13 13:00:00,5213.0,5219.5,5209.5,5214.0,48414,177601
2022-09-13 14:00:00,5214.0,5220.0,5205.5,5213.5,25840,96649
2022-09-14 06:00:00,5212.5,5215.5,5173.5,5186.0,272945,747233
2022-09-14 07:00:00,5186.0,5222.0,5184.5,5207.5,247003,736891
2022-09-14 08:00:00,5208.0,5212.5,5186.0,5196.5,174252,549592
2022-09-14 09:00:00,5196.0,5202.5,5183.0,5201.0,99039,314645
2022-09-14 10:00:00,5201.0,5208.0,5195.0,5203.0,68952,240948
2022-09-14 11:00:00,5203.5,5207.0,5197.5,5199.5,46742,184155
2022-09-14 12:00:00,5200.0,5213.0,5195.0,5202.5,68823,254030
2022-09-14 13:00:00,5203.0,5208.0,5197.5,5199.5,45102,175368
2022-09-14 14:00:00,5200.0,5202.5,5184.5,5187.5,23746,91317
2022-09-15 06:00:00,5199.5,5230.5,5198.5,5223.5,238546,676806
2022-09-15 07:00:00,5223.0,5241.5,5215.0,5229.5,226200,674764
2022-09-15 08:00:00,5230.0,5254.0,5224.0,5251.0,151255,494112
2022-09-15 09:00:00,5250.5,5259.5,5247.5,5256.5,86013,298552
2022-09-15 10:00:00,5256.5,5264.0,5250.0,5253.0,66271,250791
2022-09-15 11:00:00,5253.0,5263.5,5246.0,5261.5,68180,259283
2022-09-15 12:00:00,5261.5,5265.5,5251.0,5263.0,65425,254317
2022-09-15 13:00:00,5262.5,5266.5,5257.5,5260.0,49070,179605
2022-09-15 14:00:00,5260.5,5271.5,5259.0,5266.5,27716,115581
2022-09-16 06:00:00,5270.0,5304.5,5267.0,5302.5,179891,545272
2022-09-16 07:00:00,5302.0,5329.0,5299.0,5328.0,190052,621970
2022-09-16 08:00:00,5328.5,5328.5,5279.0,5291.0,231977,830795
2022-09-16 09:00:00,5291.5,5316.0,5286.0,5306.0,122008,451430
2022-09-16 10:00:00,5306.5,5319.5,5304.5,5306.5,71341,241181
2022-09-16 11:00:00,5307.0,5312.0,5296.0,5300.0,56703,187748
2022-09-16 12:00:00,5300.0,5303.5,5275.0,5277.0,78992,285248
2022-09-16 13:00:00,5277.0,5281.5,5270.5,5278.5,60491,205776
2022-09-16 14:00:00,5278.0,5279.0,5267.0,5272.0,21495,93124
2022-09-19 06:00:00,5312.0,5319.0,5291.0,5297.0,180102,531114
2022-09-19 07:00:00,5296.5,5311.0,5284.5,5290.5,210555,592908
2022-09-19 08:00:00,5290.5,5295.0,5234.5,5237.0,221822,728973
2022-09-19 09:00:00,5237.0,5237.5,5192.5,5193.5,162395,604302
2022-09-19 10:00:00,5193.0,5201.5,5161.0,5170.0,120218,482742
2022-09-19 11:00:00,5170.0,5187.5,5158.0,5186.5,92950,360696
2022-09-19 12:00:00,5186.0,5195.0,5183.0,5187.5,63624,240822
2022-09-19 13:00:00,5187.5,5188.0,5175.5,5182.0,59144,205080
2022-09-19 14:00:00,5182.0,5188.5,5173.5,5188.0,36809,145441
2022-09-20 06:00:00,5225.0,5237.0,5208.0,5229.0,261230,764772
2022-09-20 07:00:00,5229.0,5229.0,5184.5,5202.5,288676,900895
2022-09-20 08:00:00,5202.5,5209.0,5174.5,5180.5,177927,595893
2022-09-20 09:00:00,5180.5,5185.5,5158.5,5165.5,125216,456185
2022-09-20 10:00:00,5165.5,5184.5,5154.5,5171.5,104007,346517
2022-09-20 11:00:00,5171.5,5186.0,5170.5,5174.5,85478,293459
2022-09-20 12:00:00,5174.0,5175.5,5155.5,5159.0,103907,340260
2022-09-20 13:00:00,5159.0,5177.0,5156.0,5167.0,67920,222539
2022-09-20 14:00:00,5167.0,5169.0,5155.0,5157.0,33840,132642
2022-09-21 06:00:00,5154.5,5170.5,5131.0,5168.5,256932,755837
2022-09-21 07:00:00,5169.0,5183.0,5137.0,5182.0,245902,762032
2022-09-21 08:00:00,5182.0,5195.0,5173.0,5193.0,158608,549552
2022-09-21 09:00:00,5193.0,5197.0,5186.5,5192.5,81525,311141
2022-09-21 10:00:00,5193.0,5199.0,5190.0,5195.0,48528,188972
2022-09-21 11:00:00,5195.5,5201.0,5175.0,5185.5,82252,290222
2022-09-21 12:00:00,5186.5,5206.0,5133.5,5146.5,421314,1204346
2022-09-21 13:00:00,5146.5,5187.5,5138.5,5184.5,156510,483296
2022-09-21 14:00:00,5184.5,5190.0,5176.0,5182.0,38159,140779
2022-09-22 06:00:00,5140.5,5168.5,5132.5,5160.0,269362,776298
2022-09-22 07:00:00,5159.5,5192.5,5154.5,5187.0,218822,731922
2022-09-22 08:00:00,5187.0,5194.5,5178.0,5192.5,149679,541497
2022-09-22 09:00:00,5192.0,5196.0,5178.5,5184.0,103789,395158
2022-09-22 10:00:00,5183.5,5188.0,5162.5,5170.0,96751,333455
2022-09-22 11:00:00,5169.5,5173.0,5138.5,5144.5,104892,351355
2022-09-22 12:00:00,5144.5,5150.0,5129.5,5132.5,94378,329576
2022-09-22 13:00:00,5133.0,5133.0,5116.0,5124.5,79828,301482
2022-09-22 14:00:00,5124.5,5127.0,5116.0,5126.5,25238,98621
2022-09-23 06:00:00,5179.0,5219.0,5177.0,5215.0,213551,688321
2022-09-23 07:00:00,5215.0,5234.5,5193.0,5233.0,244055,762256
2022-09-23 08:00:00,5233.5,5247.0,5231.0,5246.0,156109,576823
2022-09-23 09:00:00,5246.0,5250.0,5238.5,5245.5,81208,319162
2022-09-23 10:00:00,5245.5,5261.5,5239.0,5244.0,97702,372632
2022-09-23 11:00:00,5244.5,5254.5,5238.0,5248.5,78277,246115
2022-09-23 12:00:00,5249.0,5273.0,5246.0,5270.0,95463,301961
2022-09-23 13:00:00,5270.0,5271.0,5256.0,5257.0,66916,217240
2022-09-23 14:00:00,5257.0,5276.0,5256.5,5269.0,41152,146534
2022-09-26 06:00:00,5300.0,5349.5,5300.0,5330.5,294764,923843
2022-09-26 07:00:00,5330.0,5347.5,5315.5,5341.5,269834,815838
2022-09-26 08:00:00,5341.5,5365.0,5330.0,5364.0,189940,627499
2022-09-26 09:00:00,5364.0,5400.0,5361.0,5398.5,162516,620050
2022-09-26 10:00:00,5398.5,5422.0,5391.5,5403.5,128180,507375
2022-09-26 11:00:00,5403.5,5424.0,5403.0,5413.0,102520,379041
2022-09-26 12:00:00,5413.0,5413.5,5388.5,5398.5,142516,523292
2022-09-26 13:00:00,5398.5,5399.5,5373.0,5385.5,114016,398963
2022-09-26 14:00:00,5386.0,5406.0,5384.0,5397.0,49699,169019
2022-09-26 15:00:00,5398.5,5399.5,5398.5,5399.5,5,25
2022-09-27 06:00:00,5353.0,5353.5,5301.5,5321.5,265363,818314
2022-09-27 07:00:00,5321.5,5371.5,5313.0,5362.0,303367,940564
2022-09-27 08:00:00,5361.5,5387.5,5351.5,5355.0,216280,710326
2022-09-27 09:00:00,5355.0,5372.5,5350.0,5365.5,126296,438615
2022-09-27 10:00:00,5365.5,5383.0,5364.5,5371.5,101275,335196
2022-09-27 11:00:00,5372.0,5392.0,5365.5,5368.0,116185,372472
2022-09-27 12:00:00,5368.0,5383.5,5358.5,5364.5,94605,300201
2022-09-27 13:00:00,5364.0,5390.0,5364.0,5382.0,72214,223518
2022-09-27 14:00:00,5382.5,5390.5,5380.0,5385.0,28134,96376
2022-09-28 06:00:00,5414.0,5426.5,5368.0,5380.0,310664,939531
2022-09-28 07:00:00,5380.0,5381.5,5340.5,5357.5,294782,928137
2022-09-28 08:00:00,5357.0,5370.0,5343.0,5365.5,185282,626049
2022-09-28 09:00:00,5365.5,5394.0,5352.5,5366.5,164232,575777
2022-09-28 10:00:00,5366.0,5366.5,5335.5,5340.0,126084,432973
2022-09-28 11:00:00,5340.0,5344.0,5325.5,5334.5,104077,344787
2022-09-28 12:00:00,5335.0,5368.5,5330.5,5346.0,116678,414630
2022-09-28 13:00:00,5346.0,5352.5,5341.0,5351.0,57715,188363
2022-09-28 14:00:00,5351.0,5379.0,5350.5,5379.0,38305,175917
2022-09-29 06:00:00,5392.0,5424.5,5386.0,5399.5,282419,819680
2022-09-29 07:00:00,5399.0,5409.5,5375.5,5399.5,256831,805531
2022-09-29 08:00:00,5399.5,5432.0,5396.0,5405.0,218860,740447
2022-09-29 09:00:00,5404.5,5409.5,5384.0,5396.0,134851,433171
2022-09-29 10:00:00,5396.0,5402.0,5384.5,5400.0,82770,280698
2022-09-29 11:00:00,5399.5,5405.0,5387.5,5398.0,77362,271299
2022-09-29 12:00:00,5398.0,5414.5,5391.5,5403.0,83660,275348
2022-09-29 13:00:00,5402.5,5409.0,5388.5,5395.5,61487,197344
2022-09-29 14:00:00,5396.0,5407.5,5395.5,5399.5,27555,99667
2022-09-30 06:00:00,5428.5,5452.0,5415.0,5430.5,205330,587908
2022-09-30 07:00:00,5430.5,5459.0,5424.0,5436.0,200602,595994
2022-09-30 08:00:00,5436.0,5456.0,5431.0,5445.5,153200,489061
2022-09-30 09:00:00,5445.5,5452.0,5425.5,5439.5,110387,409760
2022-09-30 10:00:00,5439.0,5465.5,5439.0,5447.5,74768,251121
2022-09-30 11:00:00,5447.5,5455.0,5367.0,5393.5,167118,611001
2022-09-30 12:00:00,5394.0,5415.0,5389.0,5401.0,105163,343529
2022-09-30 13:00:00,5401.0,5436.0,5397.5,5431.5,76911,277644
2022-09-30 14:00:00,5431.5,5455.5,5424.5,5447.0,45422,154122
2022-10-03 06:00:00,5300.0,5347.5,5283.0,5299.5,255376,836295
2022-10-03 07:00:00,5299.5,5300.5,5250.5,5261.0,254646,798223
2022-10-03 08:00:00,5260.5,5260.5,5217.5,5219.0,207212,676684
2022-10-03 09:00:00,5219.5,5222.5,5196.5,5217.0,147786,531920
2022-10-03 10:00:00,5217.0,5218.0,5188.5,5195.5,111711,377754
2022-10-03 11:00:00,5195.5,5208.5,5193.0,5206.5,85543,276326
2022-10-03 12:00:00,5207.0,5210.5,5190.5,5204.0,91890,300554
2022-10-03 13:00:00,5203.5,5221.0,5203.0,5212.0,71127,241792
2022-10-03 14:00:00,5212.0,5214.5,5193.5,5205.0,44768,158542
2022-10-04 06:00:00,5180.0,5180.0,5144.0,5168.5,278441,864047
2022-10-04 07:00:00,5168.5,5206.5,5163.0,5201.5,235505,728659
2022-10-04 08:00:00,5201.0,5204.0,5169.5,5174.5,241862,825984
2022-10-04 09:00:00,5175.0,5199.0,5166.0,5184.5,122131,399057
2022-10-04 10:00:00,5185.0,5205.5,5172.5,5204.5,99996,334560
2022-10-04 11:00:00,5204.5,5254.0,5201.0,5218.0,155313,524008
2022-10-04 12:00:00,5217.5,5228.5,5189.5,5193.0,111635,371842
2022-10-04 13:00:00,5193.0,5215.5,5189.0,5199.0,88014,295941
2022-10-04 14:00:00,5199.0,5216.0,5196.0,5207.5,28047,97216
2022-10-05 06:00:00,5248.5,5259.0,5213.0,5237.5,252825,698874
2022-10-05 07:00:00,5237.0,5250.0,5216.0,5225.5,230658,661555
2022-10-05 08:00:00,5226.5,5274.0,5226.0,5265.0,229076,685653
2022-10-05 09:00:00,5265.0,5266.5,5237.5,5251.0,107123,336996
2022-10-05 10:00:00,5251.0,5252.5,5228.5,5238.5,99045,313766
2022-10-05 11:00:00,5238.5,5246.0,5216.0,5234.0,108275,339292
2022-10-05 12:00:00,5234.0,5235.5,5191.5,5200.5,114887,374608
2022-10-05 13:00:00,5200.0,5220.0,5196.5,5218.5,59074,193653
2022-10-05 14:00:00,5219.0,5234.5,5209.5,5224.0,46386,175855
2022-10-06 06:00:00,5225.5,5238.0,5202.0,5213.0,244964,665823
2022-10-06 07:00:00,5213.0,5242.5,5204.5,5227.5,286902,817519
2022-10-06 08:00:00,5228.0,5246.0,5206.0,5213.0,218945,687734
2022-10-06 09:00:00,5213.0,5234.5,5212.5,5232.0,119232,387495
2022-10-06 10:00:00,5232.5,5242.0,5219.0,5220.0,92724,287019
2022-10-06 11:00:00,5220.0,5238.5,5219.0,5223.5,82972,276893
2022-10-06 12:00:00,5223.0,5234.5,5216.5,5231.0,88705,296569
2022-10-06 13:00:00,5230.5,5236.5,5225.5,5235.5,51208,184039
2022-10-06 14:00:00,5235.5,5258.5,5232.5,5249.0,34467,130773
2022-10-07 06:00:00,5234.5,5277.0,5230.0,5253.0,285360,763526
2022-10-07 07:00:00,5252.5,5270.0,5234.0,5240.0,264780,748921
2022-10-07 08:00:00,5239.5,5252.5,5218.5,5238.0,182513,552954
2022-10-07 09:00:00,5237.5,5254.0,5233.5,5240.0,100784,307891
2022-10-07 10:00:00,5240.5,5251.5,5221.5,5229.5,73625,243075
2022-10-07 11:00:00,5230.0,5237.0,5222.5,5231.0,66461,220394
2022-10-07 12:00:00,5230.5,5243.5,5224.5,5235.0,65167,218858
2022-10-07 13:00:00,5235.0,5250.0,5233.0,5238.5,51231,170938
2022-10-07 14:00:00,5238.5,5239.5,5224.5,5226.5,30565,109190
2022-10-10 06:00:00,5215.0,5230.5,5187.5,5198.0,224322,657010
2022-10-10 07:00:00,5197.5,5223.5,5195.0,5214.0,206860,581028
2022-10-10 08:00:00,5214.5,5237.5,5199.0,5232.0,176235,537721
2022-10-10 09:00:00,5232.0,5241.5,5216.0,5219.5,99333,301997
2022-10-10 10:00:00,5219.5,5235.5,5218.5,5230.0,63945,194377
2022-10-10 11:00:00,5230.0,5238.0,5212.0,5214.5,89319,274787
2022-10-10 12:00:00,5214.5,5218.5,5206.5,5207.0,84263,270675
2022-10-10 13:00:00,5207.0,5216.0,5202.0,5215.0,56631,166263
2022-10-10 14:00:00,5215.0,5219.0,5209.0,5209.5,28729,98610
2022-10-11 06:00:00,5205.0,5237.5,5202.0,5228.0,213530,609473
2022-10-11 07:00:00,5227.5,5235.0,5215.0,5232.0,206630,587202
2022-10-11 08:00:00,5232.0,5251.0,5231.0,5239.0,172209,531145
2022-10-11 09:00:00,5239.0,5248.0,5225.0,5233.5,113765,369707
2022-10-11 10:00:00,5233.0,5241.0,5217.0,5226.5,84545,275200
2022-10-11 11:00:00,5227.0,5238.5,5224.5,5234.5,77652,238922
2022-10-11 12:00:00,5234.5,5305.0,5233.0,5295.5,147234,533075
2022-10-11 13:00:00,5296.0,5302.5,5288.0,5294.5,85236,310552
2022-10-11 14:00:00,5294.0,5327.5,5292.5,5316.0,63896,249825
2022-10-13 06:00:00,5280.0,5403.0,5256.0,5365.5,332107,995488
2022-10-13 07:00:00,5365.5,5381.0,5315.5,5323.5,284257,845157
2022-10-13 08:00:00,5324.0,5353.0,5300.5,5318.5,207899,665791
2022-10-13 09:00:00,5318.5,5326.0,5278.0,5300.0,203670,614121
2022-10-13 10:00:00,5300.0,5304.0,5273.5,5280.0,109064,328074
2022-10-13 11:00:00,5280.0,5280.5,5250.5,5253.5,105539,319208
2022-10-13 12:00:00,5253.5,5280.5,5251.0,5278.0,77754,258355
2022-10-13 13:00:00,5278.5,5304.0,5278.0,5292.5,76989,252234
2022-10-13 14:00:00,5293.0,5300.0,5280.0,5281.0,37409,126669
2022-10-14 06:00:00,5297.0,5314.5,5270.5,5279.5,306415,874513
2022-10-14 07:00:00,5279.5,5317.0,5259.5,5309.0,281164,859476
2022-10-14 08:00:00,5309.0,5331.5,5303.0,5308.5,209988,660657
2022-10-14 09:00:00,5308.5,5330.0,5305.0,5318.0,105903,329986
2022-10-14 10:00:00,5318.0,5335.0,5310.5,5328.0,88461,279580
2022-10-14 11:00:00,5328.0,5341.0,5324.0,5337.0,74698,231590
2022-10-14 12:00:00,5336.5,5351.0,5336.5,5345.0,71136,223959
2022-10-14 13:00:00,5344.5,5353.0,5336.0,5341.5,56893,199305
2022-10-14 14:00:00,5342.0,5350.0,5338.5,5340.5,24345,83450
2022-10-17 06:00:00,5290.0,5317.0,5286.5,5298.0,192671,559129
2022-10-17 07:00:00,5298.5,5300.5,5269.5,5296.0,226821,687436
2022-10-17 08:00:00,5296.0,5306.5,5282.5,5287.0,190504,583618
2022-10-17 09:00:00,5287.5,5288.0,5270.0,5277.5,103857,314858
2022-10-17 10:00:00,5277.5,5291.5,5276.5,5290.0,59457,183185
2022-10-17 11:00:00,5290.5,5306.5,5290.0,5306.0,77192,241857
2022-10-17 12:00:00,5306.5,5314.0,5301.5,5304.5,65797,207023
2022-10-17 13:00:00,5304.5,5319.5,5304.0,5317.0,59201,201007
2022-10-17 14:00:00,5316.5,5319.0,5290.0,5299.5,40289,129461
2022-10-18 06:00:00,5286.5,5295.0,5264.0,5277.5,209949,623936
2022-10-18 07:00:00,5277.5,5293.5,5254.0,5274.0,231842,700835
2022-10-18 08:00:00,5274.5,5304.0,5270.5,5278.5,191464,629729
2022-10-18 09:00:00,5278.5,5312.0,5275.5,5304.5,131688,433111
2022-10-18 10:00:00,5304.5,5312.0,5285.0,5290.0,94115,284948
2022-10-18 11:00:00,5290.0,5303.5,5278.5,5284.0,102859,326852
2022-10-18 12:00:00,5284.0,5291.0,5270.0,5276.0,96629,318256
2022-10-18 13:00:00,5276.0,5282.0,5262.0,5267.5,74443,231818
2022-10-18 14:00:00,5267.5,5268.5,5246.5,5252.5,41643,145135
2022-10-19 06:00:00,5290.0,5311.5,5282.5,5290.5,224364,627463
2022-10-19 07:00:00,5290.5,5303.0,5279.5,5293.0,224053,667688
2022-10-19 08:00:00,5293.5,5297.5,5267.0,5291.0,181598,590035
2022-10-19 09:00:00,5291.5,5303.0,5288.0,5294.5,109597,363927
2022-10-19 10:00:00,5295.0,5307.5,5293.0,5299.5,82085,271775
2022-10-19 11:00:00,5299.0,5308.0,5290.5,5294.5,80887,251836
2022-10-19 12:00:00,5294.5,5296.5,5281.0,5291.0,81479,277592
2022-10-19 13:00:00,5291.0,5292.5,5279.5,5286.5,56160,206824
2022-10-19 14:00:00,5286.5,5296.0,5282.0,5282.0,31454,108562
2022-10-20 06:00:00,5261.0,5269.0,5222.5,5268.5,311859,923832
2022-10-20 07:00:00,5268.5,5268.5,5236.5,5244.0,203293,602010
2022-10-20 08:00:00,5244.5,5245.5,5204.0,5215.0,187440,636042
2022-10-20 09:00:00,5215.0,5224.0,5210.5,5217.5,88231,318082
2022-10-20 10:00:00,5217.0,5229.5,5215.5,5218.0,71802,231097
2022-10-20 11:00:00,5218.5,5232.5,5215.0,5217.5,81158,272283
2022-10-20 12:00:00,5217.0,5236.5,5216.0,5228.5,86225,312640
2022-10-20 13:00:00,5228.0,5237.0,5225.5,5229.0,46904,156785
2022-10-20 14:00:00,5229.0,5231.5,5221.5,5227.5,32129,118221
2022-10-21 06:00:00,5247.0,5286.0,5238.5,5265.0,239656,717345
2022-10-21 07:00:00,5265.5,5265.5,5201.0,5203.0,400615,1186921
2022-10-21 08:00:00,5203.0,5230.0,5180.5,5194.5,249519,817018
2022-10-21 09:00:00,5194.5,5222.5,5183.0,5185.0,170358,509666
2022-10-21 10:00:00,5185.0,5194.5,5170.0,5187.0,129541,406152
2022-10-21 11:00:00,5187.5,5190.5,5178.0,5189.0,68659,221708
2022-10-21 12:00:00,5189.0,5198.0,5169.0,5172.0,80918,259799
2022-10-21 13:00:00,5172.0,5174.5,5149.5,5158.0,85924,314732
2022-10-21 14:00:00,5157.5,5176.0,5153.5,5173.5,45958,190325
2022-10-24 06:00:00,5209.5,5258.0,5207.5,5253.5,309617,899375
2022-10-24 07:00:00,5254.0,5298.5,5249.5,5289.0,266051,799974
2022-10-24 08:00:00,5288.5,5309.5,5284.0,5292.0,190394,602255
2022-10-24 09:00:00,5291.5,5297.0,5268.5,5284.0,143154,493431
2022-10-24 10:00:00,5284.0,5304.0,5280.0,5299.5,94781,311628
2022-10-24 11:00:00,5300.0,5308.0,5285.5,5286.5,82231,267937
2022-10-24 12:00:00,5286.5,5291.5,5271.5,5288.5,110508,386978
2022-10-24 13:00:00,5288.0,5309.0,5283.0,5307.5,74540,249409
2022-10-24 14:00:00,5307.5,5316.5,5306.5,5307.5,39293,152989
2022-10-25 06:00:00,5298.5,5355.5,5295.0,5351.5,292546,836432
2022-10-25 07:00:00,5352.0,5362.5,5307.5,5308.0,301421,911712
2022-10-25 08:00:00,5308.5,5324.0,5302.5,5317.5,193602,625526
2022-10-25 09:00:00,5318.0,5319.0,5286.0,5294.5,138437,447137
2022-10-25 10:00:00,5295.0,5311.5,5281.0,5304.0,102306,327057
2022-10-25 11:00:00,5304.5,5319.5,5296.0,5316.5,108183,338507
2022-10-25 12:00:00,5316.0,5327.5,5310.5,5323.5,83428,286833
2022-10-25 13:00:00,5323.5,5330.5,5318.0,5325.5,57535,194821
2022-10-25 14:00:00,5325.0,5328.0,5314.0,5321.5,41270,139440
2022-10-26 06:00:00,5297.0,5338.0,5284.0,5327.0,282675,793594
2022-10-26 07:00:00,5327.5,5339.5,5310.0,5336.5,228454,653397
2022-10-26 08:00:00,5336.5,5342.0,5316.0,5331.5,199006,594143
2022-10-26 09:00:00,5331.0,5333.0,5317.0,5327.5,100941,338867
2022-10-26 10:00:00,5327.0,5358.0,5319.0,5355.0,97957,313946
2022-10-26 11:00:00,5355.0,5359.5,5343.0,5344.0,87255,292709
2022-10-26 12:00:00,5344.0,5375.0,5343.5,5367.5,112465,393744
2022-10-26 13:00:00,5367.0,5385.0,5366.5,5384.0,64488,226411
2022-10-26 14:00:00,5384.0,5391.0,5376.0,5389.0,42519,161160
2022-10-27 06:00:00,5393.5,5396.0,5328.0,5331.0,348041,922947
2022-10-27 07:00:00,5331.0,5340.5,5316.5,5316.5,241129,705455
2022-10-27 08:00:00,5317.0,5318.0,5281.5,5295.5,197360,653855
2022-10-27 09:00:00,5296.0,5308.0,5287.0,5288.0,114504,362960
2022-10-27 10:00:00,5287.5,5304.0,5283.0,5300.0,71478,220222
2022-10-27 11:00:00,5300.0,5302.5,5284.5,5300.0,82676,252862
2022-10-27 12:00:00,5300.0,5318.0,5298.5,5314.0,59156,199960
2022-10-27 13:00:00,5314.0,5316.5,5244.5,5305.0,144778,491226
2022-10-27 14:00:00,5305.5,5364.5,5304.5,5339.0,115220,327134
2022-10-28 06:00:00,5352.5,5384.0,5330.0,5346.0,314030,806363
2022-10-28 07:00:00,5345.5,5367.5,5334.5,5339.5,202715,575331
2022-10-28 08:00:00,5339.5,5353.5,5326.0,5338.5,160929,486628
2022-10-28 09:00:00,5338.0,5362.5,5327.0,5356.5,91417,304582
2022-10-28 10:00:00,5356.0,5363.0,5334.5,5338.5,83610,264745
2022-10-28 11:00:00,5338.0,5340.5,5316.0,5335.5,72550,249747
2022-10-28 12:00:00,5336.0,5341.0,5312.5,5313.5,62849,211908
2022-10-28 13:00:00,5313.0,5321.5,5301.5,5303.0,64992,227358
2022-10-28 14:00:00,5303.0,5307.5,5281.5,5301.5,51266,174378
2022-10-31 06:00:00,5434.0,5443.0,5347.5,5377.5,340033,948272
2022-10-31 07:00:00,5377.5,5384.0,5288.0,5297.0,244751,728318
2022-10-31 08:00:00,5297.0,5297.5,5238.5,5255.5,217691,712688
2022-10-31 09:00:00,5255.0,5294.0,5254.0,5281.0,122011,395323
2022-10-31 10:00:00,5281.0,5287.5,5267.5,5271.0,89170,293274
2022-10-31 11:00:00,5271.0,5272.0,5187.5,5201.0,172821,596031
2022-10-31 12:00:00,5201.5,5216.0,5185.5,5198.0,119572,409440
2022-10-31 13:00:00,5197.5,5216.0,5195.5,5197.5,83402,277048
2022-10-31 14:00:00,5198.0,5215.0,5197.0,5214.0,45086,149610
2022-11-01 06:00:00,5179.5,5238.5,5168.5,5185.5,300376,839569
2022-11-01 07:00:00,5185.5,5217.0,5180.5,5207.5,258975,705776
2022-11-01 08:00:00,5207.0,5229.0,5156.0,5176.5,287003,845324
2022-11-01 09:00:00,5177.0,5178.5,5139.0,5141.0,172145,522652
2022-11-01 10:00:00,5140.5,5180.0,5118.5,5166.0,172170,526935
2022-11-01 11:00:00,5165.5,5173.0,5130.0,5133.0,120791,362129
2022-11-01 12:00:00,5133.0,5147.5,5122.0,5130.0,106640,320610
2022-11-01 13:00:00,5130.0,5168.5,5115.0,5149.5,139816,426501
2022-11-01 14:00:00,5149.5,5192.0,5140.5,5170.0,71203,222487
2022-11-03 06:00:00,5220.0,5254.0,5153.5,5163.5,379263,1095812
2022-11-03 07:00:00,5163.0,5209.5,5159.0,5204.0,257972,701343
2022-11-03 08:00:00,5203.5,5209.0,5151.0,5158.5,222208,646017
2022-11-03 09:00:00,5158.0,5164.0,5115.0,5130.5,166516,534366
2022-11-03 10:00:00,5130.5,5146.0,5126.5,5135.5,98350,320594
2022-11-03 11:00:00,5135.5,5154.0,5129.0,5152.0,78180,235871
2022-11-03 12:00:00,5151.5,5154.5,5126.5,5144.5,93343,302519
2022-11-03 13:00:00,5144.5,5154.0,5138.0,5150.5,44711,151094
2022-11-03 14:00:00,5150.5,5155.5,5141.5,5142.0,35661,106043
2022-11-04 06:00:00,5090.0,5145.0,5069.5,5074.5,374012,989791
2022-11-04 07:00:00,5074.5,5081.0,5053.0,5074.0,237140,712712
2022-11-04 08:00:00,5073.5,5077.5,5051.0,5056.0,192036,590009
2022-11-04 09:00:00,5056.0,5078.0,5048.0,5070.5,107954,344275
2022-11-04 10:00:00,5071.0,5076.5,5062.5,5066.5,68680,206103
2022-11-04 11:00:00,5066.5,5069.0,5056.0,5063.5,59321,174984
2022-11-04 12:00:00,5063.0,5075.5,5044.0,5052.5,83103,278365
2022-11-04 13:00:00,5052.5,5079.0,5052.0,5078.5,68899,253124
2022-11-04 14:00:00,5078.5,5107.0,5077.0,5084.5,63105,219485
2022-11-07 06:00:00,5086.5,5133.5,5077.5,5105.0,250602,632348
2022-11-07 07:00:00,5105.0,5110.5,5071.0,5073.0,225794,605624
2022-11-07 08:00:00,5073.0,5136.5,5070.0,5131.0,235448,686836
2022-11-07 09:00:00,5130.5,5151.0,5113.0,5139.0,152622,460886
2022-11-07 10:00:00,5139.5,5154.0,5136.5,5145.5,74935,243348
2022-11-07 11:00:00,5145.5,5149.5,5135.0,5140.5,76261,238417
2022-11-07 12:00:00,5140.5,5149.0,5136.0,5140.5,59038,172564
2022-11-07 13:00:00,5140.5,5199.0,5137.5,5196.5,104135,353818
2022-11-07 14:00:00,5196.0,5197.0,5183.0,5185.0,47166,153460
2022-11-07 15:00:00,5185.0,5195.5,5177.5,5184.5,10349,33884
2022-11-08 06:00:00,5200.0,5270.0,5197.0,5233.0,311595,873789
2022-11-08 07:00:00,5233.0,5242.5,5190.5,5207.0,227735,654912
2022-11-08 08:00:00,5207.0,5212.5,5180.0,5190.0,185989,521872
2022-11-08 09:00:00,5190.0,5192.0,5164.0,5170.0,154593,460110
2022-11-08 10:00:00,5169.5,5175.0,5152.0,5163.5,99533,331055
2022-11-08 11:00:00,5164.0,5190.0,5161.5,5176.5,85293,278908
2022-11-08 12:00:00,5177.0,5196.0,5158.0,5172.0,129574,399805
2022-11-08 13:00:00,5172.5,5193.5,5162.5,5170.5,101978,318107
2022-11-08 14:00:00,5170.0,5177.0,5160.0,5168.5,53368,175194
2022-11-08 15:00:00,5169.0,5174.0,5157.5,5171.5,11103,35315
2022-11-09 06:00:00,5193.5,5217.5,5176.0,5176.5,263733,655323
2022-11-09 07:00:00,5177.0,5202.0,5176.5,5187.0,184035,495447
2022-11-09 08:00:00,5187.0,5209.0,5170.5,5198.0,191102,562278
2022-11-09 09:00:00,5198.5,5199.0,5156.5,5181.0,173178,537279
2022-11-09 10:00:00,5181.0,5185.0,5156.0,5170.0,96530,280933
2022-11-09 11:00:00,5169.5,5181.5,5164.0,5170.5,90768,278455
2022-11-09 12:00:00,5170.0,5195.5,5168.5,5186.0,100437,308667
2022-11-09 13:00:00,5185.5,5206.0,5185.0,5202.5,63325,191911
2022-11-09 14:00:00,5203.0,5219.0,5181.5,5217.0,74329,228540
2022-11-09 15:00:00,5217.0,5220.0,5204.0,5204.0,12122,45422
2022-11-10 06:00:00,5264.5,5365.5,5262.5,5313.5,379902,1078465
2022-11-10 07:00:00,5313.5,5353.5,5275.0,5315.0,335536,942992
2022-11-10 08:00:00,5316.0,5381.0,5299.0,5339.0,286205,920136
2022-11-10 09:00:00,5339.5,5369.0,5329.5,5344.5,146054,460586
2022-11-10 10:00:00,5345.0,5372.5,5340.0,5349.0,115906,366418
2022-11-10 11:00:00,5349.5,5374.0,5341.5,5362.0,94329,299855
2022-11-10 12:00:00,5362.0,5402.0,5344.0,5397.0,119768,409282
2022-11-10 13:00:00,5397.0,5435.5,5394.5,5416.5,129522,428068
2022-11-10 14:00:00,5417.0,5419.5,5377.0,5400.5,87805,281241
2022-11-10 15:00:00,5400.5,5401.0,5352.0,5369.5,20817,81957
2022-11-11 06:00:00,5360.0,5426.5,5339.5,5394.0,291016,759853
2022-11-11 07:00:00,5394.5,5398.5,5293.0,5304.5,345221,992265
2022-11-11 08:00:00,5304.5,5345.5,5300.5,5332.5,172376,480925
2022-11-11 09:00:00,5332.0,5341.0,5269.0,5291.0,174155,517866
2022-11-11 10:00:00,5291.0,5346.0,5285.5,5343.5,132320,399769
2022-11-11 11:00:00,5344.0,5385.0,5341.0,5383.5,111930,320733
2022-11-11 12:00:00,5383.5,5385.0,5344.5,5360.0,114317,318787
2022-11-11 13:00:00,5360.0,5365.5,5345.0,5349.5,62427,176071
2022-11-11 14:00:00,5349.5,5369.0,5341.0,5347.5,54275,147525
2022-11-11 15:00:00,5347.5,5379.0,5343.0,5366.0,10592,34028
2022-11-14 06:00:00,5359.5,5374.5,5279.0,5298.0,296114,755479
2022-11-14 07:00:00,5298.0,5322.5,5296.5,5306.5,194671,521959
2022-11-14 08:00:00,5306.5,5371.0,5290.0,5350.5,245559,672135
2022-11-14 09:00:00,5351.0,5359.0,5332.0,5338.5,142529,424827
2022-11-14 10:00:00,5338.0,5360.5,5335.0,5338.5,106707,313804
2022-11-14 11:00:00,5339.0,5345.5,5322.5,5331.0,94096,262814
2022-11-14 12:00:00,5331.0,5344.0,5327.0,5342.5,72001,221121
2022-11-14 13:00:00,5342.5,5353.5,5290.5,5321.5,136243,421880
2022-11-14 14:00:00,5321.0,5347.0,5309.0,5344.5,66353,181357
2022-11-14 15:00:00,5345.5,5359.5,5341.0,5357.5,12181,37400
2022-11-16 06:00:00,5360.0,5394.5,5336.0,5339.5,321890,799165
2022-11-16 07:00:00,5339.5,5365.5,5320.5,5327.0,281314,748403
2022-11-16 08:00:00,5327.0,5354.5,5304.5,5347.0,240673,739581
2022-11-16 09:00:00,5347.0,5377.0,5335.5,5358.5,196020,586178
2022-11-16 10:00:00,5358.5,5379.5,5355.0,5372.0,114451,347564
2022-11-16 11:00:00,5372.0,5377.0,5346.5,5373.5,113925,343812
2022-11-16 12:00:00,5373.0,5416.0,5372.5,5407.0,146215,442971
2022-11-16 13:00:00,5406.5,5411.0,5389.5,5399.5,85116,254727
2022-11-16 14:00:00,5399.5,5413.5,5395.0,5410.0,50792,138700
2022-11-16 15:00:00,5410.0,5427.0,5407.5,5425.0,13375,46378
2022-11-17 06:00:00,5514.5,5548.0,5464.5,5467.0,364457,1038341
2022-11-17 07:00:00,5467.5,5506.0,5466.0,5495.5,229847,639809
2022-11-17 08:00:00,5496.0,5504.0,5451.5,5471.0,180738,506853
2022-11-17 09:00:00,5471.5,5488.0,5452.0,5481.0,124280,368856
2022-11-17 10:00:00,5481.0,5498.5,5473.0,5476.5,106010,311754
2022-11-17 11:00:00,5476.0,5488.0,5462.5,5474.0,105487,331870
2022-11-17 12:00:00,5474.0,5476.0,5446.0,5467.5,102369,300706
2022-11-17 13:00:00,5468.0,5472.5,5418.5,5422.0,113272,346863
2022-11-17 14:00:00,5422.5,5431.5,5403.5,5423.0,99508,306121
2022-11-17 15:00:00,5423.0,5445.0,5416.0,5442.0,16594,59843
2022-11-18 06:00:00,5401.0,5411.0,5344.5,5347.0,281557,739777
2022-11-18 07:00:00,5347.0,5384.0,5343.0,5366.0,187879,518296
2022-11-18 08:00:00,5366.0,5409.5,5352.0,5382.0,241343,706497
2022-11-18 09:00:00,5382.0,5394.5,5350.5,5351.5,158949,493512
2022-11-18 10:00:00,5352.0,5401.5,5347.5,5391.0,108728,369133
2022-11-18 11:00:00,5391.0,5397.0,5351.0,5353.5,127938,418413
2022-11-18 12:00:00,5353.5,5395.5,5353.5,5394.0,114276,338390
2022-11-18 13:00:00,5394.0,5395.0,5374.0,5389.5,67447,193659
2022-11-18 14:00:00,5389.5,5395.0,5378.0,5392.0,44973,129899
2022-11-18 15:00:00,5392.0,5399.5,5386.5,5388.0,13247,35958
2022-11-21 06:00:00,5398.0,5399.0,5318.5,5328.5,276895,758694
2022-11-21 07:00:00,5328.5,5334.5,5310.0,5328.5,185452,517790
2022-11-21 08:00:00,5328.5,5356.5,5326.5,5346.5,185931,527298
2022-11-21 09:00:00,5346.0,5380.0,5339.0,5364.0,136218,423275
2022-11-21 10:00:00,5364.5,5370.5,5338.5,5345.0,112249,371186
2022-11-21 11:00:00,5345.0,5350.5,5330.5,5346.0,95777,287196
2022-11-21 12:00:00,5345.5,5345.5,5311.0,5322.0,106379,326897
2022-11-21 13:00:00,5322.0,5329.0,5315.0,5323.5,56476,167344
2022-11-21 14:00:00,5324.0,5326.5,5316.0,5321.0,39552,122815
2022-11-21 15:00:00,5321.0,5333.0,5319.5,5332.5,10942,52795
2022-11-22 06:00:00,5321.0,5326.5,5290.5,5320.5,254126,644475
2022-11-22 07:00:00,5320.5,5352.5,5310.5,5334.0,237038,688412
2022-11-22 08:00:00,5333.5,5377.0,5310.5,5352.0,221905,672164
2022-11-22 09:00:00,5351.5,5361.5,5340.0,5357.0,122812,390257
2022-11-22 10:00:00,5357.0,5370.5,5352.5,5365.0,81130,248363
2022-11-22 11:00:00,5365.0,5370.0,5350.5,5368.0,79762,237576
2022-11-22 12:00:00,5368.5,5374.5,5352.5,5368.5,73115,220768
2022-11-22 13:00:00,5369.0,5408.5,5368.5,5387.0,121376,391997
2022-11-22 14:00:00,5387.0,5389.5,5361.5,5372.5,57786,184662
2022-11-22 15:00:00,5372.5,5375.0,5365.0,5365.0,7589,25177
2022-11-23 06:00:00,5352.5,5399.0,5352.0,5390.5,201412,511956
2022-11-23 07:00:00,5391.0,5420.0,5383.0,5406.0,204776,598407
2022-11-23 08:00:00,5406.5,5414.0,5388.0,5392.0,151227,450398
2022-11-23 09:00:00,5392.0,5402.5,5372.0,5393.0,128237,380652
2022-11-23 10:00:00,5393.5,5412.5,5387.5,5399.5,103174,322135
2022-11-23 11:00:00,5400.0,5408.0,5383.0,5391.0,88017,267240
2022-11-23 12:00:00,5391.5,5407.5,5390.0,5403.5,62080,194964
2022-11-23 13:00:00,5404.0,5410.5,5360.0,5378.0,135825,412423
2022-11-23 14:00:00,5377.5,5388.0,5356.5,5357.0,51776,173657
2022-11-23 15:00:00,5356.5,5382.5,5356.5,5375.0,12915,46026
2022-11-24 06:00:00,5324.0,5341.0,5308.5,5329.0,219494,571353
2022-11-24 07:00:00,5329.5,5343.5,5321.0,5323.5,128907,345488
2022-11-24 08:00:00,5323.0,5328.5,5307.0,5317.0,138433,413441
2022-11-24 09:00:00,5317.0,5327.0,5307.0,5318.5,85985,280925
2022-11-24 10:00:00,5319.0,5337.0,5311.5,5332.5,54933,172928
2022-11-24 11:00:00,5332.5,5348.0,5325.0,5329.5,62139,191730
2022-11-24 12:00:00,5329.0,5331.0,5310.5,5315.0,48111,136912
2022-11-24 13:00:00,5314.5,5322.0,5313.0,5316.5,14906,45530
2022-11-24 14:00:00,5316.5,5320.5,5313.0,5319.5,10553,31451
2022-11-24 15:00:00,5319.5,5330.0,5313.0,5322.5,7323,30361
2022-11-25 06:00:00,5323.5,5344.0,5310.0,5327.0,189243,503752
2022-11-25 07:00:00,5326.5,5370.0,5324.0,5366.5,190401,556586
2022-11-25 08:00:00,5366.0,5366.0,5349.5,5362.5,115101,366613
2022-11-25 09:00:00,5362.0,5377.5,5360.5,5364.5,80560,253984
2022-11-25 10:00:00,5364.0,5397.0,5351.5,5390.5,111612,384899
2022-11-25 11:00:00,5390.5,5420.5,5382.5,5391.5,147749,539745
2022-11-25 12:00:00,5392.0,5430.0,5387.0,5418.5,88139,296505
2022-11-25 13:00:00,5418.0,5422.0,5407.5,5412.5,35678,112481
2022-11-25 14:00:00,5412.5,5416.5,5394.5,5403.5,31999,103028
2022-11-25 15:00:00,5403.5,5430.0,5403.0,5414.0,9999,32327
2022-11-28 06:00:00,5427.0,5435.5,5378.5,5380.0,219187,620206
2022-11-28 07:00:00,5380.5,5396.0,5368.5,5378.5,175431,506972
2022-11-28 08:00:00,5379.0,5402.5,5369.5,5393.5,152758,468101
2022-11-28 09:00:00,5393.5,5397.0,5374.0,5376.0,81943,256605
2022-11-28 10:00:00,5375.5,5381.0,5368.5,5372.5,47633,143617
2022-11-28 11:00:00,5372.5,5384.5,5351.5,5360.0,84004,248984
2022-11-28 12:00:00,5360.5,5373.0,5352.5,5369.0,64085,200052
2022-11-28 13:00:00,5369.0,5370.0,5363.5,5367.0,28265,93444
2022-11-28 14:00:00,5367.0,5380.0,5364.0,5368.0,39080,142972
2022-11-28 15:00:00,5368.0,5377.0,5367.5,5367.5,10688,39714
2022-11-29 06:00:00,5330.0,5336.5,5294.5,5314.0,225212,632802
2022-11-29 07:00:00,5314.5,5324.5,5303.0,5317.5,145067,433450
2022-11-29 08:00:00,5317.5,5327.5,5294.5,5297.5,140926,450643
2022-11-29 09:00:00,5296.5,5307.0,5294.0,5301.0,88613,299157
2022-11-29 10:00:00,5301.0,5311.0,5280.0,5295.5,118287,409816
2022-11-29 11:00:00,5295.5,5306.5,5287.0,5294.0,77998,256256
2022-11-29 12:00:00,5294.0,5295.5,5280.5,5283.5,67516,216707
2022-11-29 13:00:00,5283.0,5295.5,5281.5,5288.5,42027,131314
2022-11-29 14:00:00,5288.5,5295.0,5281.0,5285.5,43541,144117
2022-11-29 15:00:00,5285.5,5285.5,5270.5,5270.5,12768,41951
2022-11-30 06:00:00,5295.0,5337.5,5276.0,5331.5,208234,582912
2022-11-30 07:00:00,5332.0,5348.5,5325.5,5343.0,157363,491295
2022-11-30 08:00:00,5343.0,5344.0,5307.5,5310.5,145793,466853
2022-11-30 09:00:00,5310.5,5318.0,5283.5,5292.5,140792,542010
2022-11-30 10:00:00,5292.0,5297.0,5280.0,5286.0,74700,290184
2022-11-30 11:00:00,5286.5,5297.0,5281.5,5281.5,76952,268284
2022-11-30 12:00:00,5281.5,5285.0,5230.0,5244.5,177636,605162
2022-11-30 13:00:00,5245.0,5246.0,5225.5,5230.5,81486,268059
2022-11-30 14:00:00,5231.0,5233.0,5212.0,5221.0,63640,228549
2022-11-30 15:00:00,5221.0,5223.0,5205.0,5215.0,16338,69471
2022-12-01 06:00:00,5222.0,5247.5,5210.0,5242.0,179689,469989
2022-12-01 07:00:00,5242.0,5246.5,5221.0,5237.0,204190,553778
2022-12-01 08:00:00,5237.0,5240.5,5194.0,5203.5,183155,552880
2022-12-01 09:00:00,5203.5,5242.0,5198.5,5217.5,154137,487092
2022-12-01 10:00:00,5217.5,5222.0,5207.5,5218.0,90177,277495
2022-12-01 11:00:00,5218.5,5234.0,5204.5,5226.5,99774,326421
2022-12-01 12:00:00,5227.0,5230.5,5212.0,5222.5,85256,276172
2022-12-01 13:00:00,5222.5,5240.0,5221.0,5229.0,60711,193616
2022-12-01 14:00:00,5229.5,5232.0,5221.0,5223.5,27712,94098
2022-12-01 15:00:00,5224.0,5224.0,5215.0,5218.5,8612,36601
2022-12-02 06:00:00,5214.0,5223.0,5193.0,5210.5,163534,443107
2022-12-02 07:00:00,5210.0,5267.0,5207.5,5224.0,262286,738832
2022-12-02 08:00:00,5224.0,5228.5,5202.5,5220.5,187081,555800
2022-12-02 09:00:00,5221.0,5271.0,5212.5,5262.5,153421,507230
2022-12-02 10:00:00,5263.0,5267.0,5235.5,5242.0,82695,260232
2022-12-02 11:00:00,5242.0,5245.5,5232.0,5243.5,49106,151602
2022-12-02 12:00:00,5243.5,5254.0,5235.5,5252.5,41129,125083
2022-12-02 13:00:00,5252.5,5255.0,5241.5,5242.5,29792,84692
2022-12-02 14:00:00,5243.0,5250.5,5242.5,5249.5,20108,55180
2022-12-02 15:00:00,5249.5,5252.5,5246.0,5247.0,6750,27002
2022-12-05 06:00:00,5234.5,5276.5,5229.5,5273.0,200979,524712
2022-12-05 07:00:00,5273.5,5280.5,5253.0,5265.5,169942,479810
2022-12-05 08:00:00,5265.0,5275.5,5251.0,5273.5,146681,436183
2022-12-05 09:00:00,5274.0,5292.0,5271.0,5282.5,137166,409463
2022-12-05 10:00:00,5283.0,5294.5,5280.5,5290.0,67571,209498
2022-12-05 11:00:00,5290.5,5295.0,5278.0,5291.0,63301,192538
2022-12-05 12:00:00,5291.0,5306.5,5289.0,5306.5,46152,139536
2022-12-05 13:00:00,5306.5,5318.0,5304.0,5311.5,43803,138982
2022-12-05 14:00:00,5312.0,5315.0,5305.0,5311.0,34654,102986
2022-12-05 15:00:00,5311.0,5320.0,5308.5,5312.0,9777,39433
2022-12-06 06:00:00,5301.0,5301.5,5255.0,5256.5,190752,567237
2022-12-06 07:00:00,5257.0,5292.0,5246.0,5279.5,218062,726657
2022-12-06 08:00:00,5279.0,5285.0,5254.5,5262.5,155674,490266
2022-12-06 09:00:00,5262.5,5270.0,5255.0,5259.5,89812,304869
2022-12-06 10:00:00,5259.5,5268.5,5251.5,5267.5,64305,229377
2022-12-06 11:00:00,5267.5,5284.5,5261.0,5281.5,72125,240962
2022-12-06 12:00:00,5282.0,5297.5,5279.5,5283.5,90254,287946
2022-12-06 13:00:00,5284.0,5300.0,5278.5,5297.0,60446,205242
2022-12-06 14:00:00,5297.5,5297.5,5258.0,5264.0,50123,182113
2022-12-06 15:00:00,5263.5,5274.0,5257.0,5274.0,11249,43648
2022-12-07 06:00:00,5291.0,5303.0,5247.5,5249.5,234654,653861
2022-12-07 07:00:00,5249.5,5260.0,5242.0,5251.5,173663,523517
2022-12-07 08:00:00,5251.5,5253.0,5235.0,5237.0,142197,447563
2022-12-07 09:00:00,5236.5,5261.5,5236.5,5239.0,120750,387589
2022-12-07 10:00:00,5239.0,5255.0,5237.5,5244.5,73900,250383
2022-12-07 11:00:00,5245.0,5245.0,5222.0,5231.0,88230,295573
2022-12-07 12:00:00,5230.5,5231.5,5208.0,5228.0,96295,366140
2022-12-07 13:00:00,5228.0,5241.0,5225.0,5230.5,56162,187331
2022-12-07 14:00:00,5230.5,5243.0,5227.5,5240.5,36970,128197
2022-12-07 15:00:00,5240.0,5241.0,5227.5,5230.0,11786,41562
2022-12-08 06:00:00,5254.5,5277.0,5241.0,5255.0,197459,501873
2022-12-08 07:00:00,5255.0,5256.0,5226.5,5235.0,168518,481558
2022-12-08 08:00:00,5235.0,5242.5,5221.0,5222.5,116976,337679
2022-12-08 09:00:00,5222.5,5244.0,5219.0,5235.0,94409,302263
2022-12-08 10:00:00,5235.0,5248.0,5221.5,5225.0,80479,258043
2022-12-08 11:00:00,5225.0,5242.5,5216.0,5236.5,93484,324214
2022-12-08 12:00:00,5236.5,5245.5,5229.0,5236.5,59948,186760
2022-12-08 13:00:00,5236.5,5246.0,5227.0,5240.5,54322,173950
2022-12-08 14:00:00,5240.5,5248.5,5236.5,5242.0,36532,120333
2022-12-08 15:00:00,5242.0,5271.5,5236.5,5257.0,14845,70420
2022-12-09 06:00:00,5254.0,5275.0,5241.5,5260.5,180745,484551
2022-12-09 07:00:00,5260.5,5307.0,5256.0,5302.0,216884,641081
2022-12-09 08:00:00,5302.5,5303.5,5251.5,5254.0,137608,437379
2022-12-09 09:00:00,5254.0,5256.0,5240.0,5250.0,71657,234455
2022-12-09 10:00:00,5250.0,5261.0,5245.5,5260.5,43871,142348
2022-12-09 11:00:00,5260.0,5282.0,5259.0,5276.0,49448,170258
2022-12-09 12:00:00,5276.0,5280.0,5264.0,5272.5,49402,149671
2022-12-09 13:00:00,5272.5,5274.0,5260.0,5269.0,37527,129118
2022-12-09 14:00:00,5268.5,5273.0,5263.0,5270.5,25785,98094
2022-12-09 15:00:00,5270.5,5272.5,5259.0,5260.0,7948,30923
2022-12-12 06:00:00,5262.5,5288.5,5254.0,5280.0,180766,472411
2022-12-12 07:00:00,5279.5,5328.0,5275.5,5327.5,171595,548003
2022-12-12 08:00:00,5327.5,5363.5,5318.5,5347.5,162928,589910
2022-12-12 09:00:00,5347.0,5372.5,5341.0,5369.0,109175,394898
2022-12-12 10:00:00,5369.0,5372.0,5347.0,5355.5,78268,280228
2022-12-12 11:00:00,5355.5,5356.5,5341.5,5347.0,72918,260226
2022-12-12 12:00:00,5347.0,5352.5,5338.5,5341.5,67008,221784
2022-12-12 13:00:00,5341.0,5347.0,5332.5,5333.5,48033,160905
2022-12-12 14:00:00,5333.5,5336.0,5310.5,5314.0,58650,198010
2022-12-12 15:00:00,5314.0,5349.5,5313.5,5349.0,21838,81605
2022-12-13 06:00:00,5341.5,5350.0,5304.0,5309.0,221431,570014
2022-12-13 07:00:00,5309.0,5320.0,5262.0,5294.0,243785,659385
2022-12-13 08:00:00,5294.0,5315.5,5277.5,5297.0,185084,564418
2022-12-13 09:00:00,5297.0,5297.5,5265.0,5291.0,141573,439610
2022-12-13 10:00:00,5291.5,5305.0,5280.5,5289.5,97344,317430
2022-12-13 11:00:00,5289.5,5314.0,5281.5,5296.0,101902,303578
2022-12-13 12:00:00,5296.0,5322.5,5290.5,5319.0,78339,233929
2022-12-13 13:00:00,5319.5,5356.0,5302.5,5330.0,143068,474458
2022-12-13 14:00:00,5330.0,5337.0,5321.5,5325.0,44244,131410
2022-12-13 15:00:00,5325.0,5328.0,5315.0,5320.0,11201,36114
2022-12-14 06:00:00,5334.5,5390.5,5334.5,5355.5,228446,619522
2022-12-14 07:00:00,5355.5,5370.5,5341.5,5357.5,177391,501452
2022-12-14 08:00:00,5357.5,5372.5,5346.0,5361.0,149955,469263
2022-12-14 09:00:00,5360.5,5370.0,5330.5,5340.5,121441,385885
2022-12-14 10:00:00,5340.5,5351.5,5310.5,5319.5,110405,352754
2022-12-14 11:00:00,5319.5,5349.0,5311.5,5345.5,106148,341852
2022-12-14 12:00:00,5345.5,5346.0,5313.5,5322.5,106367,328033
2022-12-14 13:00:00,5323.0,5357.0,5315.0,5327.0,171567,429010
2022-12-14 14:00:00,5326.5,5328.5,5291.5,5308.0,97112,292517
2022-12-14 15:00:00,5308.5,5311.0,5296.0,5307.0,12469,34616
2022-12-15 06:00:00,5347.5,5348.0,5302.0,5305.0,210964,517680
2022-12-15 07:00:00,5305.0,5340.5,5303.0,5334.5,207215,573629
2022-12-15 08:00:00,5334.5,5356.0,5326.0,5331.0,176953,503673
2022-12-15 09:00:00,5331.5,5365.5,5331.0,5348.0,119458,365420
2022-12-15 10:00:00,5348.5,5360.5,5341.5,5345.5,79957,265200
2022-12-15 11:00:00,5346.0,5352.0,5298.5,5327.5,151795,505376
2022-12-15 12:00:00,5327.5,5335.5,5321.0,5330.5,66536,199882
2022-12-15 13:00:00,5330.0,5342.5,5328.0,5333.0,56192,164204
2022-12-15 14:00:00,5332.5,5337.0,5323.5,5332.0,44646,144971
2022-12-15 15:00:00,5332.0,5335.0,5320.0,5330.5,10552,39381
2022-12-16 06:00:00,5332.0,5347.5,5310.0,5311.5,182223,491522
2022-12-16 07:00:00,5311.5,5317.0,5299.0,5300.5,131157,396414
2022-12-16 08:00:00,5300.5,5305.5,5287.0,5294.5,170010,538820
2022-12-16 09:00:00,5294.0,5305.5,5289.0,5296.5,82503,264957
2022-12-16 10:00:00,5296.5,5296.5,5278.0,5288.0,83057,287736
2022-12-16 11:00:00,5288.0,5303.5,5285.0,5298.0,62861,208065
2022-12-16 12:00:00,5298.5,5316.0,5297.5,5314.5,62834,213807
2022-12-16 13:00:00,5314.0,5320.5,5306.0,5308.0,46729,156975
2022-12-16 14:00:00,5307.5,5323.0,5304.5,5322.0,38878,127755
2022-12-16 15:00:00,5322.5,5338.5,5318.0,5332.5,14971,53879
2022-12-19 06:00:00,5350.0,5353.0,5320.0,5325.5,168040,450898
2022-12-19 07:00:00,5325.5,5341.0,5320.0,5337.5,134821,404483
2022-12-19 08:00:00,5337.5,5345.5,5327.5,5329.5,118643,348196
2022-12-19 09:00:00,5329.5,5339.0,5310.0,5315.5,118630,379572
2022-12-19 10:00:00,5315.5,5326.0,5313.0,5324.5,63521,208493
2022-12-19 11:00:00,5324.5,5337.0,5320.5,5333.0,62423,222055
2022-12-19 12:00:00,5333.0,5335.0,5302.0,5317.5,95632,321274
2022-12-19 13:00:00,5317.5,5329.0,5310.0,5321.5,50609,155152
2022-12-19 14:00:00,5321.5,5324.0,5302.0,5311.0,48572,177245
2022-12-19 15:00:00,5311.0,5312.0,5304.0,5311.5,8587,30161
2022-12-20 06:00:00,5308.0,5334.5,5301.5,5332.0,147302,401896
2022-12-20 07:00:00,5331.5,5335.5,5272.5,5274.0,212342,694978
2022-12-20 08:00:00,5274.0,5278.0,5209.5,5223.5,224389,839341
2022-12-20 09:00:00,5223.5,5229.5,5189.0,5199.0,122860,438207
2022-12-20 10:00:00,5199.0,5212.0,5185.0,5210.5,100966,376487
2022-12-20 11:00:00,5211.0,5240.5,5206.0,5228.5,97792,344777
2022-12-20 12:00:00,5229.0,5230.0,5207.0,5219.0,79883,256646
2022-12-20 13:00:00,5219.0,5222.0,5208.5,5214.0,48370,173693
2022-12-20 14:00:00,5214.0,5223.5,5212.0,5213.5,36380,119079
2022-12-20 15:00:00,5213.5,5218.0,5207.5,5209.5,11293,41384
2022-12-21 06:00:00,5209.0,5223.5,5195.0,5206.5,189093,531519
2022-12-21 07:00:00,5206.5,5208.0,5166.5,5207.0,214951,712166
2022-12-21 08:00:00,5207.0,5228.0,5205.5,5212.0,163969,541771
2022-12-21 09:00:00,5212.0,5221.5,5199.0,5208.0,96668,306147
2022-12-21 10:00:00,5208.0,5217.5,5196.5,5204.0,72517,235885
2022-12-21 11:00:00,5204.0,5204.0,5182.0,5188.5,89545,323030
2022-12-21 12:00:00,5188.5,5212.5,5185.5,5207.0,77942,275227
2022-12-21 13:00:00,5207.0,5212.0,5203.0,5210.5,35220,116217
2022-12-21 14:00:00,5210.0,5218.0,5203.5,5209.0,35691,113615
2022-12-21 15:00:00,5209.5,5211.5,5203.5,5205.0,8525,28039
2022-12-22 06:00:00,5215.0,5224.5,5196.5,5203.5,146703,389767
2022-12-22 07:00:00,5203.5,5231.5,5195.0,5214.5,174663,506385
2022-12-22 08:00:00,5214.0,5219.0,5165.5,5184.5,182862,570770
2022-12-22 09:00:00,5184.5,5189.0,5171.5,5184.0,82537,266493
2022-12-22 10:00:00,5184.5,5186.0,5166.0,5173.0,69932,227953
2022-12-22 11:00:00,5173.0,5189.5,5172.0,5185.0,58056,201605
2022-12-22 12:00:00,5185.0,5198.0,5182.5,5197.0,66131,230645
2022-12-22 13:00:00,5196.5,5196.5,5182.0,5191.0,69321,260640
2022-12-22 14:00:00,5191.5,5192.5,5178.0,5179.0,33313,110554
2022-12-22 15:00:00,5179.0,5184.0,5169.5,5172.0,11182,37658
2022-12-23 06:00:00,5178.0,5183.0,5141.0,5157.0,174742,475361
2022-12-23 07:00:00,5157.0,5182.0,5152.0,5167.5,159519,423563
2022-12-23 08:00:00,5167.0,5167.5,5149.0,5152.5,104645,298251
2022-12-23 09:00:00,5152.0,5153.0,5121.0,5132.0,110166,373981
2022-12-23 10:00:00,5132.0,5142.0,5125.5,5141.5,49730,160565
2022-12-23 11:00:00,5141.5,5158.5,5140.5,5155.5,53829,176623
2022-12-23 12:00:00,5156.0,5174.5,5155.5,5167.5,64900,216788
2022-12-23 13:00:00,5167.0,5175.0,5157.0,5168.0,39926,130640
2022-12-23 14:00:00,5168.0,5168.5,5161.5,5165.0,20800,63598
2022-12-23 15:00:00,5165.0,5175.0,5150.0,5161.5,9864,34115
2022-12-26 06:00:00,5161.5,5195.0,5155.5,5182.5,97272,230430
2022-12-26 07:00:00,5182.0,5196.0,5177.0,5186.0,76635,177725
2022-12-26 08:00:00,5186.0,5198.0,5184.0,5191.0,55679,147071
2022-12-26 09:00:00,5191.0,5201.0,5187.5,5195.0,33166,81723
2022-12-26 10:00:00,5195.5,5205.5,5194.0,5205.0,27694,71180
2022-12-26 11:00:00,5205.0,5216.5,5204.0,5209.0,42833,104175
2022-12-26 12:00:00,5209.0,5212.0,5202.5,5204.5,34216,80346
2022-12-26 13:00:00,5204.5,5214.0,5201.0,5209.5,27290,69072
2022-12-26 14:00:00,5209.0,5221.0,5207.5,5220.5,21130,59118
2022-12-26 15:00:00,5220.5,5226.5,5217.0,5221.0,7673,30067
2022-12-27 06:00:00,5196.5,5277.0,5195.0,5274.0,197049,581943
2022-12-27 07:00:00,5274.5,5296.0,5264.0,5284.5,159975,528781
2022-12-27 08:00:00,5284.5,5290.0,5270.0,5283.5,106052,410713
2022-12-27 09:00:00,5283.5,5293.0,5272.5,5291.5,79713,288844
2022-12-27 10:00:00,5291.5,5295.0,5276.0,5280.0,63841,240942
2022-12-27 11:00:00,5280.5,5303.5,5279.5,5293.5,57915,212374
2022-12-27 12:00:00,5293.5,5294.0,5274.0,5277.0,59248,201823
2022-12-27 13:00:00,5276.5,5294.0,5274.5,5288.0,41360,142837
2022-12-27 14:00:00,5287.5,5296.5,5284.5,5294.5,27473,89456
2022-12-27 15:00:00,5294.0,5299.0,5286.5,5296.5,12819,49206
2022-12-28 06:00:00,5266.5,5277.0,5255.0,5271.0,139223,369815
2022-12-28 07:00:00,5271.0,5289.5,5262.5,5273.0,136037,404683
2022-12-28 08:00:00,5273.0,5279.5,5250.5,5267.5,114943,364232
2022-12-28 09:00:00,5267.5,5285.5,5263.5,5272.5,75787,259262
2022-12-28 10:00:00,5272.0,5278.5,5266.5,5268.0,43865,152198
2022-12-28 11:00:00,5268.0,5269.0,5234.5,5237.0,70296,255692
2022-12-28 12:00:00,5237.0,5254.0,5228.5,5251.5,66872,230236
2022-12-28 13:00:00,5252.0,5262.0,5246.0,5256.0,44923,147967
2022-12-28 14:00:00,5256.0,5267.0,5255.5,5265.5,19188,61739
2022-12-28 15:00:00,5265.0,5276.0,5260.5,5270.5,9261,26193
2022-12-29 06:00:00,5280.0,5298.5,5239.0,5242.0,161358,447009
2022-12-29 07:00:00,5241.5,5246.5,5225.0,5230.5,110241,345980
2022-12-29 08:00:00,5230.5,5256.5,5229.0,5251.5,98685,307911
2022-12-29 09:00:00,5252.0,5290.0,5247.5,5285.0,88715,285112
2022-12-29 10:00:00,5285.0,5289.5,5269.5,5288.5,76190,220223
2022-12-29 11:00:00,5288.0,5338.0,5284.5,5319.5,99515,334788
2022-12-29 12:00:00,5319.0,5330.0,5302.0,5318.0,81181,286910
2022-12-29 13:00:00,5318.0,5321.5,5308.0,5310.0,40236,127852
2022-12-29 14:00:00,5310.5,5317.5,5307.5,5312.5,25866,89352
2022-12-29 15:00:00,5313.0,5324.5,5310.5,5321.5,10204,37811
2023-01-02 06:00:00,5327.0,5393.5,5320.5,5383.0,160673,416392
2023-01-02 07:00:00,5383.5,5395.5,5365.5,5393.0,116836,321148
2023-01-02 08:00:00,5392.5,5397.0,5374.0,5379.0,92524,262468
2023-01-02 09:00:00,5379.0,5384.5,5368.5,5372.0,46956,140954
2023-01-02 10:00:00,5372.0,5373.5,5360.0,5373.0,53076,154766
2023-01-02 11:00:00,5373.5,5394.5,5369.0,5393.5,47497,139446
2023-01-02 12:00:00,5393.0,5397.0,5382.5,5390.5,47646,125216
2023-01-02 13:00:00,5390.5,5399.0,5388.0,5390.5,42564,122637
2023-01-02 14:00:00,5390.0,5399.5,5390.0,5393.5,23915,81776
2023-01-02 15:00:00,5393.0,5400.0,5392.5,5400.0,7492,29713
2023-01-03 06:00:00,5423.0,5438.5,5370.5,5383.0,257137,688505
2023-01-03 07:00:00,5382.5,5413.0,5381.0,5402.5,174531,493894
2023-01-03 08:00:00,5402.5,5414.5,5390.0,5405.0,136801,392577
2023-01-03 09:00:00,5404.5,5445.5,5403.0,5428.0,154733,521499
2023-01-03 10:00:00,5428.0,5457.5,5425.0,5456.5,104595,331101
2023-01-03 11:00:00,5457.0,5472.0,5445.5,5469.0,94156,309084
2023-01-03 12:00:00,5469.5,5488.0,5461.5,5482.5,88329,275716
2023-01-03 13:00:00,5482.5,5495.0,5475.5,5485.5,65176,206831
2023-01-03 14:00:00,5485.0,5498.5,5480.5,5494.5,46216,147338
2023-01-03 15:00:00,5494.5,5509.5,5490.0,5504.5,13483,49696
2023-01-04 06:00:00,5475.0,5500.0,5465.5,5478.5,216692,572194
2023-01-04 07:00:00,5478.5,5485.5,5457.0,5468.5,160589,480825
2023-01-04 08:00:00,5468.5,5495.5,5465.0,5491.0,141741,423441
2023-01-04 09:00:00,5491.5,5509.0,5485.0,5486.5,144637,442370
2023-01-04 10:00:00,5486.5,5488.5,5455.5,5475.0,124674,400208
2023-01-04 11:00:00,5474.5,5493.0,5467.0,5481.0,83506,277054
2023-01-04 12:00:00,5481.0,5486.0,5470.5,5480.0,57286,188922
2023-01-04 13:00:00,5480.5,5488.5,5475.0,5482.0,63377,203795
2023-01-04 14:00:00,5481.5,5487.0,5458.0,5462.0,49058,150621
2023-01-04 15:00:00,5462.0,5468.0,5460.5,5462.0,8058,26930
2023-01-05 06:00:00,5454.0,5459.5,5398.5,5413.5,205768,579286
2023-01-05 07:00:00,5413.5,5444.5,5407.0,5442.5,177407,512489
2023-01-05 08:00:00,5442.5,5446.5,5418.0,5430.5,137063,417368
2023-01-05 09:00:00,5430.0,5440.0,5413.5,5431.0,114770,367763
2023-01-05 10:00:00,5431.0,5431.5,5404.0,5414.5,93368,306295
2023-01-05 11:00:00,5415.0,5418.0,5398.5,5399.5,67920,216597
2023-01-05 12:00:00,5399.5,5406.0,5381.0,5396.0,94027,301888
2023-01-05 13:00:00,5395.5,5396.0,5380.0,5382.5,45149,147252
2023-01-05 14:00:00,5382.5,5388.5,5378.0,5383.0,35547,124567
2023-01-05 15:00:00,5382.5,5384.5,5378.0,5381.0,9923,44372
2023-01-06 06:00:00,5390.0,5397.5,5362.0,5369.5,182449,513978
2023-01-06 07:00:00,5369.0,5374.5,5297.5,5309.0,256598,857264
2023-01-06 08:00:00,5309.0,5330.0,5302.0,5319.0,133243,429076
2023-01-06 09:00:00,5319.0,5319.0,5273.5,5278.5,150992,527470
2023-01-06 10:00:00,5278.5,5286.0,5275.0,5282.0,57536,197821
2023-01-06 11:00:00,5282.0,5283.0,5272.5,5278.5,56375,200318
2023-01-06 12:00:00,5278.5,5280.5,5260.5,5272.5,71608,275986
2023-01-06 13:00:00,5272.5,5272.5,5260.0,5263.0,44033,146676
2023-01-06 14:00:00,5263.5,5265.5,5251.5,5253.0,34421,129331
2023-01-06 15:00:00,5253.0,5259.5,5245.0,5259.5,13745,62070
2023-01-09 06:00:00,5305.0,5321.0,5273.0,5301.5,211181,571319
2023-01-09 07:00:00,5301.0,5321.0,5286.0,5319.5,188191,529253
2023-01-09 08:00:00,5319.5,5334.0,5310.5,5334.0,144402,448065
2023-01-09 09:00:00,5334.0,5334.0,5308.0,5315.0,100931,342250
2023-01-09 10:00:00,5315.0,5317.5,5283.0,5290.5,111760,366392
2023-01-09 11:00:00,5290.0,5296.0,5276.5,5277.5,86972,260282
2023-01-09 12:00:00,5277.5,5289.5,5271.5,5285.0,84053,256072
2023-01-09 13:00:00,5285.0,5285.0,5274.5,5284.0,48269,152989
2023-01-09 14:00:00,5283.5,5289.0,5280.5,5283.5,31953,95291
2023-01-09 15:00:00,5284.0,5284.5,5276.5,5281.0,8960,27495
2023-01-10 06:00:00,5281.0,5300.0,5262.5,5285.5,208001,513571
2023-01-10 07:00:00,5286.0,5297.5,5271.5,5279.0,134402,361076
2023-01-10 08:00:00,5279.0,5279.5,5242.0,5251.0,190089,579131
2023-01-10 09:00:00,5251.0,5269.5,5247.0,5251.0,101940,324016
2023-01-10 10:00:00,5251.0,5252.5,5235.0,5240.0,82004,267030
2023-01-10 11:00:00,5240.0,5246.0,5235.0,5244.5,50645,160203
2023-01-10 12:00:00,5244.5,5247.5,5228.0,5229.0,71194,238747
2023-01-10 13:00:00,5228.5,5232.5,5221.5,5225.0,55575,186722
2023-01-10 14:00:00,5225.5,5231.5,5221.5,5228.0,29462,95211
2023-01-10 15:00:00,5227.5,5228.0,5221.0,5225.0,9472,36364
2023-01-11 06:00:00,5224.5,5256.0,5212.5,5242.5,192456,523894
2023-01-11 07:00:00,5242.0,5242.5,5208.5,5221.0,224111,703311
2023-01-11 08:00:00,5221.5,5231.5,5211.0,5211.0,124442,375622
2023-01-11 09:00:00,5211.5,5233.0,5211.0,5224.0,88326,304795
2023-01-11 10:00:00,5224.0,5230.0,5215.5,5217.0,56405,191943
2023-01-11 11:00:00,5217.0,5224.0,5183.5,5189.0,106861,388308
2023-01-11 12:00:00,5188.5,5203.0,5184.5,5200.5,92748,349671
2023-01-11 13:00:00,5200.0,5210.5,5197.0,5201.5,49488,167715
2023-01-11 14:00:00,5201.5,5203.5,5184.0,5186.0,38701,131640
2023-01-11 15:00:00,5185.5,5190.0,5181.0,5182.5,12695,56063
2023-01-12 06:00:00,5188.0,5198.0,5165.5,5174.5,187891,502103
2023-01-12 07:00:00,5174.0,5206.5,5130.5,5141.0,308588,874609
2023-01-12 08:00:00,5141.0,5182.0,5137.5,5168.0,167784,550054
2023-01-12 09:00:00,5168.0,5192.5,5150.0,5154.5,150028,522617
2023-01-12 10:00:00,5154.5,5155.0,5128.5,5131.5,105374,344772
2023-01-12 11:00:00,5131.0,5133.5,5102.5,5110.5,104331,360420
2023-01-12 12:00:00,5110.5,5113.0,5088.0,5100.0,92227,331908
2023-01-12 13:00:00,5100.0,5120.5,5094.0,5118.5,73560,270650
2023-01-12 14:00:00,5119.0,5133.0,5114.5,5119.5,59419,215373
2023-01-12 15:00:00,5120.0,5130.0,5105.5,5127.0,15254,49999
2023-01-13 06:00:00,5129.5,5172.5,5127.5,5162.0,195941,523965
2023-01-13 07:00:00,5161.5,5168.0,5116.5,5135.5,190407,579328
2023-01-13 08:00:00,5135.0,5139.5,5107.0,5116.0,129932,383639
2023-01-13 09:00:00,5116.5,5126.5,5107.5,5110.5,95573,306235
2023-01-13 10:00:00,5110.5,5125.5,5102.0,5114.0,86340,283436
2023-01-13 11:00:00,5113.5,5114.5,5096.0,5108.5,83281,284291
2023-01-13 12:00:00,5108.5,5117.0,5104.5,5113.0,65708,216554
2023-01-13 13:00:00,5113.0,5126.5,5108.5,5124.0,45829,153372
2023-01-13 14:00:00,5124.5,5124.5,5117.0,5120.0,30937,98740
2023-01-13 15:00:00,5120.0,5122.5,5110.0,5111.5,10355,39270
2023-01-16 06:00:00,5139.0,5148.0,5110.0,5124.0,174517,432421
2023-01-16 07:00:00,5124.5,5133.0,5116.5,5131.0,117479,308728
2023-01-16 08:00:00,5131.0,5147.0,5125.0,5137.0,111882,309044
2023-01-16 09:00:00,5137.0,5148.0,5124.0,5125.0,76708,236331
2023-01-16 10:00:00,5125.0,5139.0,5124.0,5136.0,50797,159775
2023-01-16 11:00:00,5136.0,5146.0,5133.5,5141.0,40974,123740
2023-01-16 12:00:00,5141.0,5170.5,5141.0,5165.0,89147,278327
2023-01-16 13:00:00,5165.5,5179.0,5160.0,5164.0,51253,160571
2023-01-16 14:00:00,5164.5,5172.0,5163.0,5169.5,22145,69485
2023-01-16 15:00:00,5169.5,5169.5,5160.0,5166.0,9581,36099
2023-01-17 06:00:00,5169.5,5173.5,5139.0,5144.5,229377,597893
2023-01-17 07:00:00,5144.5,5150.0,5131.0,5135.0,157427,463700
2023-01-17 08:00:00,5135.0,5145.0,5126.0,5135.5,141934,446660
2023-01-17 09:00:00,5136.0,5141.0,5120.0,5126.0,109275,350690
2023-01-17 10:00:00,5126.0,5134.0,5110.5,5113.5,83098,267503
2023-01-17 11:00:00,5113.5,5125.0,5111.5,5117.0,61523,191275
2023-01-17 12:00:00,5117.0,5127.0,5114.5,5124.5,49533,151448
2023-01-17 13:00:00,5124.0,5126.5,5114.5,5119.0,45147,140479
2023-01-17 14:00:00,5119.0,5121.5,5115.0,5120.0,24150,79674
2023-01-17 15:00:00,5119.5,5123.0,5112.5,5114.5,10974,37409
2023-01-18 06:00:00,5106.0,5113.0,5083.5,5107.0,202252,552095
2023-01-18 07:00:00,5107.0,5115.0,5078.0,5086.5,207710,615837
2023-01-18 08:00:00,5086.5,5102.0,5081.0,5095.5,146581,460600
2023-01-18 09:00:00,5095.0,5115.0,5087.0,5110.5,119014,383383
2023-01-18 10:00:00,5110.5,5150.5,5107.0,5142.0,141511,461337
2023-01-18 11:00:00,5142.0,5186.5,5140.0,5173.0,145810,521352
2023-01-18 12:00:00,5173.0,5180.5,5165.5,5175.5,67703,215264
2023-01-18 13:00:00,5175.0,5183.5,5169.0,5172.5,47461,156176
2023-01-18 14:00:00,5173.0,5198.0,5172.5,5192.5,32651,113306
2023-01-18 15:00:00,5192.5,5202.5,5189.0,5200.0,15637,65019
2023-01-19 06:00:00,5260.0,5269.0,5220.0,5233.0,230008,665805
2023-01-19 07:00:00,5233.0,5234.5,5196.0,5208.0,191004,562695
2023-01-19 08:00:00,5208.0,5228.0,5195.0,5223.5,132433,408176
2023-01-19 09:00:00,5223.5,5240.0,5215.0,5231.0,132414,458021
2023-01-19 10:00:00,5231.0,5242.5,5226.0,5235.5,81419,289735
2023-01-19 11:00:00,5235.5,5236.0,5219.0,5223.0,79420,263615
2023-01-19 12:00:00,5223.0,5227.0,5186.0,5187.5,119030,394588
2023-01-19 13:00:00,5187.5,5196.0,5176.5,5184.5,58983,205307
2023-01-19 14:00:00,5184.5,5196.0,5180.0,5189.0,34437,117767
2023-01-19 15:00:00,5189.0,5191.0,5180.5,5182.0,9638,38189
2023-01-20 06:00:00,5185.5,5213.5,5176.0,5190.5,197805,539177
2023-01-20 07:00:00,5191.0,5250.5,5190.5,5243.5,193796,593713
2023-01-20 08:00:00,5243.5,5244.5,5216.0,5218.5,105479,327263
2023-01-20 09:00:00,5218.5,5227.5,5206.0,5212.0,108918,369964
2023-01-20 10:00:00,5212.0,5223.0,5201.0,5222.0,85127,313681
2023-01-20 11:00:00,5222.0,5231.0,5194.0,5200.0,85613,289002
2023-01-20 12:00:00,5200.0,5214.0,5192.0,5203.5,86634,280233
2023-01-20 13:00:00,5203.0,5221.0,5202.0,5219.0,60343,205450
2023-01-20 14:00:00,5219.0,5227.0,5213.0,5219.0,40035,131247
2023-01-20 15:00:00,5218.5,5222.0,5212.0,5220.5,9014,31033
2023-01-23 06:00:00,5220.5,5230.5,5200.0,5209.0,177383,503774
2023-01-23 07:00:00,5209.5,5219.5,5190.5,5214.0,165192,480943
2023-01-23 08:00:00,5214.5,5228.5,5197.5,5202.0,153365,453730
2023-01-23 09:00:00,5202.0,5209.0,5178.0,5182.0,131218,425420
2023-01-23 10:00:00,5182.0,5202.5,5173.5,5199.0,100121,350254
2023-01-23 11:00:00,5199.0,5203.0,5185.0,5197.5,89423,313325
2023-01-23 12:00:00,5197.0,5205.0,5194.0,5201.5,63346,205353
2023-01-23 13:00:00,5202.0,5212.0,5201.0,5209.0,56794,173059
2023-01-23 14:00:00,5208.5,5209.5,5198.5,5205.5,33737,100569
2023-01-23 15:00:00,5205.5,5219.0,5205.0,5219.0,10081,37977
2023-01-24 06:00:00,5221.0,5228.5,5187.0,5195.0,153249,452855
2023-01-24 07:00:00,5195.0,5196.5,5173.5,5186.5,139285,442576
2023-01-24 08:00:00,5186.5,5188.0,5163.5,5178.0,153649,462300
2023-01-24 09:00:00,5177.5,5180.0,5160.0,5167.0,93850,313963
2023-01-24 10:00:00,5167.0,5169.0,5148.0,5149.5,79887,306126
2023-01-24 11:00:00,5149.5,5162.0,5148.0,5156.5,50927,167284
2023-01-24 12:00:00,5156.5,5161.0,5152.5,5159.0,40052,132187
2023-01-24 13:00:00,5159.0,5162.0,5148.5,5149.5,36065,119874
2023-01-24 14:00:00,5150.0,5156.0,5142.5,5150.5,40398,150934
2023-01-24 15:00:00,5150.0,5151.0,5144.5,5147.0,9523,40067
2023-01-25 06:00:00,5157.5,5158.5,5115.0,5119.5,202706,601909
2023-01-25 07:00:00,5119.0,5142.0,5116.0,5127.5,154564,505624
2023-01-25 08:00:00,5127.5,5133.0,5110.0,5115.0,129632,455469
2023-01-25 09:00:00,5114.5,5116.5,5077.0,5079.0,158782,564839
2023-01-25 10:00:00,5078.5,5102.0,5076.0,5097.5,85235,342311
2023-01-25 11:00:00,5097.5,5098.0,5087.0,5091.5,45934,149266
2023-01-25 12:00:00,5091.5,5092.5,5076.5,5082.0,67931,227529
2023-01-25 13:00:00,5082.5,5088.5,5074.5,5085.5,45024,152642
2023-01-25 14:00:00,5085.5,5090.5,5081.0,5083.0,28486,119374
2023-01-25 15:00:00,5083.0,5084.0,5077.5,5081.0,10489,42477
2023-01-26 06:00:00,5079.0,5113.0,5073.0,5109.0,207328,621452
2023-01-26 07:00:00,5109.0,5123.0,5091.0,5113.0,186742,608746
2023-01-26 08:00:00,5113.0,5114.5,5079.0,5099.5,158708,567279
2023-01-26 09:00:00,5099.0,5104.0,5064.0,5087.5,139559,545670
2023-01-26 10:00:00,5088.0,5094.0,5073.0,5092.5,82033,312057
2023-01-26 11:00:00,5092.0,5100.0,5079.0,5083.5,61189,238816
2023-01-26 12:00:00,5083.5,5088.5,5068.5,5077.5,64045,225480
2023-01-26 13:00:00,5077.0,5082.5,5068.5,5079.0,39096,136413
2023-01-26 14:00:00,5079.0,5083.0,5071.0,5075.5,24949,87815
2023-01-26 15:00:00,5075.0,5080.5,5071.0,5076.5,9136,31850
2023-01-27 06:00:00,5092.5,5098.0,5066.5,5072.5,175530,512218
2023-01-27 07:00:00,5072.5,5080.0,5060.0,5071.0,173457,586894
2023-01-27 08:00:00,5070.5,5093.5,5069.5,5088.5,152076,504155
2023-01-27 09:00:00,5089.0,5101.0,5076.0,5100.0,113258,409243
2023-01-27 10:00:00,5100.5,5107.0,5090.0,5094.5,69333,249296
2023-01-27 11:00:00,5094.5,5107.0,5085.5,5105.0,59948,206971
2023-01-27 12:00:00,5105.5,5119.0,5105.0,5110.5,69863,231871
2023-01-27 13:00:00,5110.5,5120.5,5110.0,5115.5,39981,129729
2023-01-27 14:00:00,5115.5,5116.0,5106.5,5112.5,27913,97680
2023-01-27 15:00:00,5113.0,5119.0,5111.0,5111.0,8682,32496
2023-01-30 06:00:00,5123.0,5129.0,5097.0,5102.5,178683,513928
2023-01-30 07:00:00,5102.0,5115.5,5094.5,5102.5,168406,517359
2023-01-30 08:00:00,5103.0,5105.5,5085.0,5096.0,120944,384754
2023-01-30 09:00:00,5095.5,5102.5,5088.0,5094.5,78767,275123
2023-01-30 10:00:00,5095.0,5106.0,5094.5,5104.5,48872,168023
2023-01-30 11:00:00,5104.5,5136.0,5103.0,5134.0,104896,352055
2023-01-30 12:00:00,5133.5,5134.5,5112.5,5114.5,75060,252386
2023-01-30 13:00:00,5114.5,5121.0,5108.5,5116.0,47657,153548
2023-01-30 14:00:00,5116.0,5126.0,5113.5,5124.0,33830,113274
2023-01-30 15:00:00,5124.0,5125.0,5114.0,5120.0,10120,37617
2023-01-31 06:00:00,5166.5,5166.5,5139.0,5154.5,159669,455474
2023-01-31 07:00:00,5155.0,5160.0,5123.5,5125.5,187189,591347
2023-01-31 08:00:00,5125.5,5126.0,5102.5,5108.5,135010,467203
2023-01-31 09:00:00,5108.0,5119.0,5107.0,5115.5,68343,264830
2023-01-31 10:00:00,5116.0,5124.0,5110.5,5118.5,69355,264454
2023-01-31 11:00:00,5118.5,5119.5,5111.0,5114.5,39779,134478
2023-01-31 12:00:00,5114.0,5117.0,5102.0,5106.0,67723,247843
2023-01-31 13:00:00,5106.0,5107.0,5096.0,5100.5,44466,167510
2023-01-31 14:00:00,5100.0,5104.5,5097.0,5101.0,26167,95682
2023-01-31 15:00:00,5101.0,5103.5,5096.5,5098.5,9467,41109
2023-02-01 06:00:00,5085.0,5095.0,5079.0,5090.5,155827,436688
2023-02-01 07:00:00,5091.0,5094.5,5075.0,5087.0,148805,483462
2023-02-01 08:00:00,5086.5,5103.0,5079.0,5099.0,144623,479953
2023-02-01 09:00:00,5099.5,5113.5,5095.0,5098.5,105315,365754
2023-02-01 10:00:00,5099.0,5103.5,5094.0,5098.5,43720,162568
2023-02-01 11:00:00,5098.5,5135.5,5093.0,5123.5,100498,348178
2023-02-01 12:00:00,5123.0,5127.5,5105.0,5107.5,69172,258846
2023-02-01 13:00:00,5107.5,5122.5,5073.0,5085.5,170805,584395
2023-02-01 14:00:00,5085.5,5086.0,5066.5,5076.0,78294,294232
2023-02-01 15:00:00,5075.5,5081.0,5069.0,5077.0,10987,47415
2023-02-02 06:00:00,5053.0,5058.5,5025.0,5037.5,208722,648553
2023-02-02 07:00:00,5037.5,5038.0,4963.5,4996.0,270406,895571
2023-02-02 08:00:00,4996.5,5019.0,4990.5,5007.0,158251,504957
2023-02-02 09:00:00,5006.5,5030.5,5005.0,5019.5,133579,481354
2023-02-02 10:00:00,5019.5,5050.5,5015.0,5042.5,102254,378639
2023-02-02 11:00:00,5042.0,5042.5,5022.0,5030.0,80264,282561
2023-02-02 12:00:00,5030.0,5068.0,5024.0,5063.0,86931,290057
2023-02-02 13:00:00,5062.5,5073.5,5049.5,5067.5,74977,263424
2023-02-02 14:00:00,5068.0,5073.0,5062.0,5066.5,38000,146447
2023-02-02 15:00:00,5066.5,5079.0,5063.0,5074.0,13445,44609
2023-02-03 06:00:00,5119.5,5142.0,5079.5,5090.5,261632,820912
2023-02-03 07:00:00,5090.5,5139.0,5070.5,5128.5,224036,668388
2023-02-03 08:00:00,5128.0,5136.0,5109.0,5123.5,150991,471934
2023-02-03 09:00:00,5124.5,5148.5,5124.5,5139.5,136031,516091
2023-02-03 10:00:00,5139.0,5158.5,5136.0,5156.0,69096,240057
2023-02-03 11:00:00,5155.5,5157.5,5139.5,5144.0,63062,220616
2023-02-03 12:00:00,5143.5,5156.0,5143.0,5155.5,51877,175388
2023-02-03 13:00:00,5155.5,5169.5,5153.0,5166.5,51958,196666
2023-02-03 14:00:00,5166.0,5172.5,5153.0,5154.5,39004,146614
2023-02-03 15:00:00,5155.0,5184.0,5154.5,5176.0,16413,75735
2023-02-06 06:00:00,5181.5,5206.0,5178.0,5179.5,187791,538850
2023-02-06 07:00:00,5179.5,5200.5,5172.0,5193.0,177180,545287
2023-02-06 08:00:00,5193.0,5211.5,5187.5,5210.5,146261,459635
2023-02-06 09:00:00,5210.5,5228.5,5206.5,5213.5,119155,449460
2023-02-06 10:00:00,5214.0,5225.0,5206.5,5222.5,72255,247404
2023-02-06 11:00:00,5222.5,5233.5,5220.0,5225.0,73928,248243
2023-02-06 12:00:00,5224.5,5226.0,5196.0,5199.5,93473,319210
2023-02-06 13:00:00,5199.5,5204.0,5193.0,5194.0,48479,171101
2023-02-06 14:00:00,5194.5,5195.0,5167.5,5171.0,65880,255940
2023-02-06 15:00:00,5171.0,5174.5,5158.5,5166.5,16539,67422
2023-02-07 06:00:00,5160.0,5178.0,5156.0,5169.0,168051,481377
2023-02-07 07:00:00,5169.5,5199.0,5151.0,5187.0,251158,769073
2023-02-07 08:00:00,5187.0,5216.5,5184.5,5205.0,146911,457269
2023-02-07 09:00:00,5204.5,5226.0,5201.0,5206.5,105530,357456
2023-02-07 10:00:00,5206.5,5209.5,5193.5,5205.0,83144,278002
2023-02-07 11:00:00,5205.5,5216.0,5168.5,5176.5,130330,406697
2023-02-07 12:00:00,5177.0,5224.5,5175.0,5217.5,163158,505042
2023-02-07 13:00:00,5217.5,5219.5,5205.0,5219.5,63538,196669
2023-02-07 14:00:00,5219.5,5225.0,5214.0,5223.0,34462,106482
2023-02-07 15:00:00,5223.5,5237.0,5223.0,5232.5,16679,62902
2023-02-08 06:00:00,5210.0,5212.0,5183.0,5197.5,160369,458497
2023-02-08 07:00:00,5197.5,5216.5,5196.5,5204.5,160890,469815
2023-02-08 08:00:00,5205.0,5228.0,5204.0,5223.0,153939,465101
2023-02-08 09:00:00,5223.5,5254.0,5216.5,5243.5,126831,434181
2023-02-08 10:00:00,5244.0,5262.5,5231.0,5236.5,124218,445396
2023-02-08 11:00:00,5236.0,5243.5,5228.5,5233.5,76108,262829
2023-02-08 12:00:00,5233.0,5234.0,5209.5,5217.5,92295,311603
2023-02-08 13:00:00,5217.5,5221.0,5203.0,5213.0,72777,247712
2023-02-08 14:00:00,5213.0,5222.0,5212.5,5218.5,27753,99148
2023-02-08 15:00:00,5218.5,5221.0,5211.5,5217.5,10368,40002
2023-02-09 06:00:00,5200.0,5241.0,5189.0,5224.0,225154,643715
2023-02-09 07:00:00,5223.5,5236.0,5197.5,5198.5,168501,525620
2023-02-09 08:00:00,5198.0,5294.5,5197.0,5287.0,286079,972495
2023-02-09 09:00:00,5287.0,5292.0,5271.5,5276.5,103831,360689
2023-02-09 10:00:00,5276.0,5290.0,5261.5,5271.0,91639,314007
2023-02-09 11:00:00,5271.0,5272.5,5246.0,5258.0,90247,320867
2023-02-09 12:00:00,5258.0,5281.5,5250.0,5279.0,98565,346422
2023-02-09 13:00:00,5279.0,5295.5,5273.0,5289.0,69560,228219
2023-02-09 14:00:00,5289.5,5296.0,5279.0,5292.5,51042,180516
2023-02-09 15:00:00,5292.0,5309.5,5291.5,5309.0,18837,68484
2023-02-10 06:00:00,5321.0,5323.5,5278.5,5281.5,189568,565314
2023-02-10 07:00:00,5281.5,5284.5,5260.5,5264.0,161756,491052
2023-02-10 08:00:00,5264.5,5277.5,5243.0,5271.0,156775,514414
2023-02-10 09:00:00,5271.0,5278.0,5258.0,5263.5,93834,314842
2023-02-10 10:00:00,5263.0,5276.5,5254.5,5268.5,67767,253537
2023-02-10 11:00:00,5268.0,5272.5,5251.5,5255.0,75154,258983
2023-02-10 12:00:00,5255.0,5261.0,5230.0,5247.5,101879,343032
2023-02-10 13:00:00,5248.0,5248.0,5231.0,5237.0,44109,134700
2023-02-10 14:00:00,5236.5,5239.0,5224.0,5229.0,30168,101512
2023-02-10 15:00:00,5228.5,5232.0,5224.5,5232.0,10097,39487
2023-02-13 06:00:00,5238.0,5242.5,5203.0,5205.5,183560,507013
2023-02-13 07:00:00,5205.5,5230.0,5204.0,5219.5,151758,448098
2023-02-13 08:00:00,5219.5,5223.0,5178.5,5179.0,186193,615967
2023-02-13 09:00:00,5179.0,5189.0,5172.5,5183.5,92616,342639
2023-02-13 10:00:00,5183.5,5203.0,5181.0,5195.5,74555,289579
2023-02-13 11:00:00,5196.0,5200.0,5182.5,5192.5,68145,220565
2023-02-13 12:00:00,5193.0,5199.5,5181.0,5192.0,63353,197422
2023-02-13 13:00:00,5192.5,5196.0,5186.5,5188.0,42528,154394
2023-02-13 14:00:00,5188.5,5195.5,5182.0,5182.5,35512,119913
2023-02-13 15:00:00,5182.5,5183.0,5170.0,5171.5,16134,57969
2023-02-14 06:00:00,5167.0,5178.0,5154.5,5162.5,175880,517536
2023-02-14 07:00:00,5163.0,5187.0,5140.0,5154.5,316825,956620
2023-02-14 08:00:00,5154.5,5193.0,5147.5,5161.5,222580,706410
2023-02-14 09:00:00,5161.5,5178.0,5151.5,5169.5,130412,450806
2023-02-14 10:00:00,5169.5,5194.5,5158.0,5184.5,97539,341912
2023-02-14 11:00:00,5185.0,5240.0,5183.5,5230.0,144989,511959
2023-02-14 12:00:00,5230.5,5231.0,5205.5,5221.0,94628,336612
2023-02-14 13:00:00,5221.0,5225.5,5209.5,5210.0,54098,181635
2023-02-14 14:00:00,5210.0,5213.5,5174.0,5199.0,58142,217014
2023-02-14 15:00:00,5199.0,5206.5,5186.0,5203.5,14353,69908
2023-02-15 06:00:00,5209.5,5230.5,5201.0,5226.0,168253,481248
2023-02-15 07:00:00,5226.0,5249.5,5219.0,5233.0,227779,704396
2023-02-15 08:00:00,5233.5,5240.0,5202.0,5232.5,176845,585785
2023-02-15 09:00:00,5232.0,5248.5,5214.5,5241.5,127459,442243
2023-02-15 10:00:00,5241.5,5242.5,5220.5,5228.0,70543,244731
2023-02-15 11:00:00,5228.0,5244.5,5227.0,5236.5,82053,281993
2023-02-15 12:00:00,5236.0,5239.0,5221.5,5228.5,74030,233900
2023-02-15 13:00:00,5229.0,5230.5,5218.5,5227.5,45011,155942
2023-02-15 14:00:00,5227.5,5236.0,5222.5,5225.0,38817,139562
2023-02-15 15:00:00,5225.0,5231.0,5220.5,5228.0,10961,41106
2023-02-16 06:00:00,5215.0,5259.0,5206.5,5252.5,205405,588328
2023-02-16 07:00:00,5252.5,5270.5,5245.0,5258.0,180096,547337
2023-02-16 08:00:00,5258.5,5267.5,5251.5,5253.5,108055,384797
2023-02-16 09:00:00,5254.0,5262.5,5242.5,5247.5,106442,368595
2023-02-16 10:00:00,5247.0,5254.5,5239.0,5242.0,70524,266584
2023-02-16 11:00:00,5241.5,5245.0,5234.0,5239.0,54498,205241
2023-02-16 12:00:00,5239.0,5239.0,5209.5,5219.0,118666,440978
2023-02-16 13:00:00,5219.5,5244.5,5217.0,5221.5,100247,367459
2023-02-16 14:00:00,5222.0,5236.0,5220.0,5230.0,47191,179395
2023-02-16 15:00:00,5230.0,5230.0,5220.0,5228.0,12042,48927
2023-02-17 06:00:00,5243.5,5262.0,5223.5,5225.5,171320,499110
2023-02-17 07:00:00,5225.5,5234.5,5212.5,5216.5,131424,403433
2023-02-17 08:00:00,5216.5,5222.0,5206.5,5212.5,112224,399686
2023-02-17 09:00:00,5212.5,5213.0,5191.5,5198.0,120791,461815
2023-02-17 10:00:00,5198.0,5201.0,5179.0,5186.0,76408,280641
2023-02-17 11:00:00,5186.5,5186.5,5157.5,5174.0,97951,361461
2023-02-17 12:00:00,5174.0,5185.5,5165.0,5168.0,77436,283245
2023-02-17 13:00:00,5168.0,5172.5,5165.0,5169.5,30163,117074
2023-02-17 14:00:00,5169.5,5172.0,5167.5,5171.0,20550,84550
2023-02-17 15:00:00,5171.0,5180.5,5168.0,5175.5,11476,49675
2023-02-22 10:00:00,5192.0,5219.0,5179.5,5202.5,160565,563966
2023-02-22 11:00:00,5202.0,5209.0,5177.5,5188.0,107231,354768
2023-02-22 12:00:00,5187.5,5190.5,5162.5,5166.0,102799,349102
2023-02-22 13:00:00,5165.5,5185.0,5158.0,5176.5,113234,369374
2023-02-22 14:00:00,5176.0,5178.0,5166.0,5166.0,37702,119071
2023-02-22 15:00:00,5166.0,5170.5,5157.5,5160.0,9959,41650
2023-02-23 06:00:00,5148.0,5163.0,5141.0,5158.5,141122,394621
2023-02-23 07:00:00,5158.5,5181.0,5140.0,5143.0,197955,625349
2023-02-23 08:00:00,5143.0,5143.5,5115.5,5127.5,169522,614026
2023-02-23 09:00:00,5127.5,5141.5,5115.5,5134.5,99423,376723
2023-02-23 10:00:00,5134.5,5157.5,5129.0,5144.5,98511,356496
2023-02-23 11:00:00,5145.0,5153.5,5134.0,5137.0,77816,280648
2023-02-23 12:00:00,5137.0,5147.0,5131.5,5145.5,59810,213586
2023-02-23 13:00:00,5145.0,5146.0,5132.5,5140.0,45166,156942
2023-02-23 14:00:00,5140.0,5142.5,5135.5,5137.0,22705,76310
2023-02-23 15:00:00,5137.5,5146.5,5132.5,5142.5,9863,40063
2023-02-24 06:00:00,5162.5,5172.0,5151.5,5168.0,146456,427918
2023-02-24 07:00:00,5168.0,5186.0,5159.0,5176.0,205946,638021
2023-02-24 08:00:00,5176.5,5202.0,5175.5,5196.5,137431,480496
2023-02-24 09:00:00,5196.0,5202.0,5187.0,5197.5,98738,368866
2023-02-24 10:00:00,5197.5,5199.5,5185.0,5191.5,54642,192336
2023-02-24 11:00:00,5191.5,5211.5,5185.5,5203.0,69744,251797
2023-02-24 12:00:00,5203.5,5213.5,5198.5,5209.0,66999,238796
2023-02-24 13:00:00,5209.5,5211.5,5201.0,5202.5,35706,131031
2023-02-24 14:00:00,5202.5,5208.0,5201.0,5204.0,27266,97658
2023-02-24 15:00:00,5203.5,5219.5,5203.0,5215.5,14285,59579
2023-02-27 06:00:00,5192.0,5204.0,5177.5,5200.0,170220,524861
2023-02-27 07:00:00,5200.5,5206.0,5184.0,5195.0,162594,482851
2023-02-27 08:00:00,5195.0,5214.0,5188.0,5198.5,138748,468480
2023-02-27 09:00:00,5198.0,5205.5,5172.5,5198.0,134060,468107
2023-02-27 10:00:00,5198.0,5215.0,5193.5,5205.5,73720,261300
2023-02-27 11:00:00,5205.5,5214.0,5195.0,5199.5,69583,265364
2023-02-27 12:00:00,5199.5,5201.5,5173.0,5187.5,110739,428734
2023-02-27 13:00:00,5187.5,5209.5,5187.5,5209.0,50176,183615
2023-02-27 14:00:00,5208.5,5211.5,5198.0,5203.0,41843,148677
2023-02-27 15:00:00,5202.5,5207.0,5199.0,5202.5,8447,33570
2023-02-28 06:00:00,5232.0,5258.0,5227.5,5233.5,180433,512975
2023-02-28 07:00:00,5233.5,5249.0,5213.0,5225.0,163287,494459
2023-02-28 08:00:00,5225.0,5255.0,5223.5,5245.5,139542,451863
2023-02-28 09:00:00,5246.0,5256.0,5235.5,5255.5,108709,370308
2023-02-28 10:00:00,5255.5,5276.5,5247.5,5262.5,121768,429307
2023-02-28 11:00:00,5262.5,5267.0,5251.5,5255.5,65899,206183
2023-02-28 12:00:00,5256.0,5265.5,5252.0,5258.5,59315,198628
2023-02-28 13:00:00,5259.0,5265.0,5253.0,5259.5,44844,168418
2023-02-28 14:00:00,5259.5,5280.5,5250.0,5271.0,47615,175359
2023-02-28 15:00:00,5271.0,5279.0,5266.0,5271.0,14118,72505
2023-03-01 06:00:00,5252.5,5254.0,5230.0,5239.5,183751,544715
2023-03-01 07:00:00,5239.5,5253.5,5222.5,5245.5,186289,555907
2023-03-01 08:00:00,5245.5,5249.0,5231.0,5244.0,126708,385351
2023-03-01 09:00:00,5243.5,5264.0,5223.5,5225.5,158765,509815
2023-03-01 10:00:00,5225.5,5238.5,5224.0,5230.0,77268,288573
2023-03-01 11:00:00,5230.0,5232.5,5216.5,5230.0,76810,255010
2023-03-01 12:00:00,5230.0,5232.5,5218.0,5230.5,64305,232132
2023-03-01 13:00:00,5230.5,5232.0,5222.0,5224.5,32566,114986
2023-03-01 14:00:00,5224.5,5229.0,5211.0,5213.0,38770,139387
2023-03-01 15:00:00,5213.5,5216.0,5207.0,5211.5,10893,43019
2023-03-02 06:00:00,5225.0,5247.5,5213.0,5238.5,161881,480215
2023-03-02 07:00:00,5238.0,5254.0,5232.5,5248.5,169847,517145
2023-03-02 08:00:00,5249.0,5260.5,5242.0,5246.5,140138,474734
2023-03-02 09:00:00,5246.0,5251.0,5232.0,5235.0,96078,338213
2023-03-02 10:00:00,5235.0,5240.0,5226.5,5236.5,66471,250256
2023-03-02 11:00:00,5236.5,5245.0,5232.0,5235.5,56656,193511
2023-03-02 12:00:00,5236.0,5240.5,5213.0,5228.0,80128,279037
2023-03-02 13:00:00,5228.0,5244.0,5227.0,5236.5,63919,227204
2023-03-02 14:00:00,5236.5,5248.0,5233.0,5244.5,43692,152431
2023-03-02 15:00:00,5244.0,5245.5,5232.0,5240.5,12022,51744
2023-03-03 06:00:00,5225.5,5246.0,5213.5,5234.0,146889,431998
2023-03-03 07:00:00,5234.0,5238.0,5224.5,5231.5,131432,396249
2023-03-03 08:00:00,5231.5,5249.5,5221.0,5237.0,131549,425884
2023-03-03 09:00:00,5238.0,5261.0,5235.5,5244.5,123480,451784
2023-03-03 10:00:00,5244.5,5248.5,5231.5,5239.5,49263,182481
2023-03-03 11:00:00,5239.0,5245.5,5230.0,5232.0,48927,190786
2023-03-03 12:00:00,5232.5,5235.5,5226.5,5233.5,47693,178319
2023-03-03 13:00:00,5233.5,5233.5,5225.5,5230.5,31848,138206
2023-03-03 14:00:00,5230.5,5237.0,5228.0,5229.0,23416,111014
2023-03-03 15:00:00,5228.5,5231.0,5222.5,5227.0,8246,35376
2023-03-06 06:00:00,5238.0,5243.5,5225.5,5233.0,115538,345255
2023-03-06 07:00:00,5233.0,5247.0,5228.5,5242.5,118757,386634
2023-03-06 08:00:00,5242.0,5247.0,5227.5,5230.5,112261,366581
2023-03-06 09:00:00,5230.5,5233.0,5191.0,5204.0,146564,528871
2023-03-06 10:00:00,5204.0,5209.0,5193.0,5198.5,71563,273877
2023-03-06 11:00:00,5198.5,5202.0,5191.5,5198.0,46576,164663
2023-03-06 12:00:00,5197.5,5204.0,5197.0,5201.0,38167,142880
2023-03-06 13:00:00,5201.0,5201.5,5192.5,5198.5,40602,181767
2023-03-06 14:00:00,5198.5,5199.5,5186.5,5188.0,29003,124360
2023-03-06 15:00:00,5188.0,5190.5,5180.5,5186.0,13896,65667
2023-03-07 06:00:00,5196.5,5206.0,5182.0,5204.0,123575,383802
2023-03-07 07:00:00,5204.0,5210.0,5192.0,5199.5,132768,406914
2023-03-07 08:00:00,5199.5,5213.0,5197.0,5202.5,103660,325032
2023-03-07 09:00:00,5202.5,5233.0,5202.5,5226.0,177531,587091
2023-03-07 10:00:00,5226.5,5228.5,5216.5,5221.5,50465,174991
2023-03-07 11:00:00,5221.5,5222.0,5203.0,5215.5,73607,265260
2023-03-07 12:00:00,5216.0,5230.0,5212.0,5224.5,65210,239339
2023-03-07 13:00:00,5224.0,5226.0,5212.5,5221.0,48914,182284
2023-03-07 14:00:00,5221.0,5221.0,5212.5,5219.5,26760,96916
2023-03-07 15:00:00,5219.5,5224.5,5216.0,5219.0,7731,33139
2023-03-08 06:00:00,5208.5,5212.0,5196.5,5202.0,125740,376420
2023-03-08 07:00:00,5202.0,5203.5,5170.0,5175.5,194474,645384
2023-03-08 08:00:00,5176.0,5182.0,5151.0,5154.0,138194,491604
2023-03-08 09:00:00,5154.0,5163.5,5126.0,5144.5,178256,708463
2023-03-08 10:00:00,5144.5,5161.5,5140.5,5152.0,98481,381853
2023-03-08 11:00:00,5151.5,5166.0,5148.5,5164.5,67951,249091
2023-03-08 12:00:00,5164.5,5174.0,5159.0,5172.5,62666,228467
2023-03-08 13:00:00,5172.5,5173.0,5163.5,5164.0,40540,155722
2023-03-08 14:00:00,5164.0,5165.5,5157.0,5158.0,31949,125627
2023-03-08 15:00:00,5158.0,5169.5,5156.5,5168.5,10326,47867
2023-03-09 06:00:00,5159.0,5169.5,5141.0,5164.0,175959,540061
2023-03-09 07:00:00,5164.0,5169.0,5135.5,5137.0,194936,597396
2023-03-09 08:00:00,5137.0,5161.0,5133.5,5159.5,148195,474954
2023-03-09 09:00:00,5159.5,5172.0,5153.5,5170.5,102423,345654
2023-03-09 10:00:00,5170.5,5181.0,5168.0,5179.0,79434,267746
2023-03-09 11:00:00,5178.5,5183.0,5165.5,5170.0,75281,274603
2023-03-09 12:00:00,5170.0,5175.5,5148.0,5152.5,84033,310626
2023-03-09 13:00:00,5153.0,5164.5,5150.5,5164.5,52850,192109
2023-03-09 14:00:00,5164.5,5194.0,5162.0,5184.5,75146,287662
2023-03-09 15:00:00,5184.5,5194.5,5183.5,5187.5,12766,53869
2023-03-10 06:00:00,5175.0,5207.5,5175.0,5207.0,133987,402902
2023-03-10 07:00:00,5207.0,5243.5,5201.0,5220.0,242651,777493
2023-03-10 08:00:00,5219.5,5227.0,5196.0,5201.5,165270,555574
2023-03-10 09:00:00,5201.5,5201.5,5179.5,5181.5,136159,495308
2023-03-10 10:00:00,5181.0,5209.0,5181.0,5206.5,91951,336235
2023-03-10 11:00:00,5206.0,5220.0,5200.5,5216.0,75638,261901
2023-03-10 12:00:00,5216.5,5242.5,5214.0,5236.5,79248,312319
2023-03-10 13:00:00,5236.5,5239.5,5228.0,5229.0,53418,209446
2023-03-10 14:00:00,5229.0,5237.0,5228.0,5234.0,30428,110188
2023-03-10 15:00:00,5234.5,5245.0,5234.0,5235.0,10985,54393
2023-03-13 06:00:00,5236.5,5300.5,5232.0,5294.0,322101,1016202
2023-03-13 07:00:00,5294.0,5303.5,5265.0,5266.5,230022,741337
2023-03-13 08:00:00,5266.5,5268.0,5235.0,5237.5,184964,626471
2023-03-13 09:00:00,5237.5,5263.5,5232.0,5258.0,115182,419669
2023-03-13 10:00:00,5258.0,5270.5,5253.0,5259.5,80288,281865
2023-03-13 11:00:00,5259.5,5275.5,5258.5,5264.0,77916,269705
2023-03-13 12:00:00,5264.0,5278.5,5260.0,5277.5,58606,206291
2023-03-13 13:00:00,5278.0,5290.0,5273.0,5288.5,63519,223477
2023-03-13 14:00:00,5288.5,5290.0,5262.0,5267.0,41157,182693
2023-03-14 06:00:00,5256.0,5279.0,5240.5,5250.0,263928,774749
2023-03-14 07:00:00,5250.0,5266.5,5241.5,5251.5,180185,552695
2023-03-14 08:00:00,5251.0,5259.5,5239.5,5258.0,120418,405495
2023-03-14 09:00:00,5257.5,5278.0,5247.0,5278.0,90697,313808
2023-03-14 10:00:00,5277.5,5278.0,5260.5,5264.5,81115,297567
2023-03-14 11:00:00,5264.0,5274.5,5261.0,5266.5,68351,241892
2023-03-14 12:00:00,5267.0,5274.5,5262.0,5272.0,59260,221471
2023-03-14 13:00:00,5271.5,5281.0,5270.5,5276.0,57528,216138
2023-03-14 14:00:00,5275.5,5276.5,5269.0,5273.5,22715,86488
2023-03-15 06:00:00,5325.0,5347.0,5294.0,5302.0,246602,778741
2023-03-15 07:00:00,5302.0,5316.5,5289.0,5308.0,189104,630950
2023-03-15 08:00:00,5308.0,5338.0,5305.0,5322.5,169038,582896
2023-03-15 09:00:00,5323.0,5331.0,5318.5,5324.5,91529,340695
2023-03-15 10:00:00,5325.0,5345.5,5320.5,5342.0,86834,339438
2023-03-15 11:00:00,5342.0,5342.5,5321.0,5325.5,104399,356945
2023-03-15 12:00:00,5325.5,5333.0,5303.5,5316.0,113854,407192
2023-03-15 13:00:00,5315.5,5321.0,5307.5,5312.0,57881,204430
2023-03-15 14:00:00,5312.0,5315.0,5300.0,5306.5,24639,104244
2023-03-16 06:00:00,5295.0,5307.0,5283.5,5307.0,184993,525929
2023-03-16 07:00:00,5306.5,5313.0,5291.0,5295.5,194468,588705
2023-03-16 08:00:00,5295.0,5323.0,5293.5,5314.5,150429,491496
2023-03-16 09:00:00,5314.5,5329.0,5294.5,5299.0,123888,453508
2023-03-16 10:00:00,5299.0,5305.5,5285.0,5287.5,76541,283414
2023-03-16 11:00:00,5288.0,5291.0,5277.0,5287.0,81320,293379
2023-03-16 12:00:00,5286.5,5289.0,5258.0,5260.0,90147,319142
2023-03-16 13:00:00,5260.0,5264.5,5254.0,5256.0,48463,188907
2023-03-16 14:00:00,5255.5,5259.0,5242.0,5245.5,39746,159429
2023-03-17 06:00:00,5255.0,5270.0,5247.5,5266.5,132652,400652
2023-03-17 07:00:00,5266.5,5284.0,5264.0,5279.5,128235,435101
2023-03-17 08:00:00,5280.0,5300.0,5269.5,5291.0,123591,398173
2023-03-17 09:00:00,5291.0,5299.5,5288.5,5295.5,65836,276787
2023-03-17 10:00:00,5296.0,5297.5,5282.5,5287.5,58930,248306
2023-03-17 11:00:00,5287.5,5293.0,5281.0,5281.5,45448,154788
2023-03-17 12:00:00,5281.0,5294.0,5280.0,5290.5,48681,183710
2023-03-17 13:00:00,5290.5,5293.5,5284.0,5285.5,32133,128155
2023-03-17 14:00:00,5285.5,5297.5,5282.0,5294.0,25660,111231
2023-03-20 06:00:00,5286.0,5297.5,5272.0,5273.0,173332,551857
2023-03-20 07:00:00,5273.0,5274.0,5253.0,5260.0,163799,513211
2023-03-20 08:00:00,5260.5,5270.5,5246.0,5249.5,122382,397626
2023-03-20 09:00:00,5249.0,5264.0,5248.0,5261.5,81880,297218
2023-03-20 10:00:00,5261.5,5265.0,5255.0,5255.0,45566,179198
2023-03-20 11:00:00,5255.5,5259.0,5250.0,5256.0,40601,153533
2023-03-20 12:00:00,5255.5,5261.0,5254.5,5258.5,37972,141491
2023-03-20 13:00:00,5258.5,5259.0,5250.0,5255.5,37120,134982
2023-03-20 14:00:00,5255.5,5258.5,5250.0,5251.5,21831,86067
2023-03-21 06:00:00,5236.5,5256.0,5228.0,5253.0,160904,496791
2023-03-21 07:00:00,5252.5,5266.0,5250.5,5259.5,155865,517692
2023-03-21 08:00:00,5259.5,5266.0,5242.0,5246.5,130353,455475
2023-03-21 09:00:00,5247.0,5258.5,5246.0,5257.5,48753,178881
2023-03-21 10:00:00,5257.5,5258.5,5247.5,5252.0,37042,133991
2023-03-21 11:00:00,5251.5,5259.0,5246.5,5254.5,41140,148803
2023-03-21 12:00:00,5254.5,5257.0,5244.0,5245.5,46961,203800
2023-03-21 13:00:00,5246.0,5263.0,5243.5,5257.5,52492,213034
2023-03-21 14:00:00,5257.0,5260.0,5252.0,5254.5,25393,104276
2023-03-22 06:00:00,5256.5,5274.0,5250.5,5265.0,119382,363309
2023-03-22 07:00:00,5265.0,5288.0,5260.0,5282.0,146746,459951
2023-03-22 08:00:00,5282.0,5289.0,5274.5,5280.5,107160,396973
2023-03-22 09:00:00,5280.5,5281.0,5268.0,5268.5,59141,209546
2023-03-22 10:00:00,5268.5,5279.0,5268.0,5277.0,41552,151889
2023-03-22 11:00:00,5277.0,5282.0,5269.5,5274.0,56252,231790
2023-03-22 12:00:00,5274.0,5279.5,5213.5,5230.5,260772,868079
2023-03-22 13:00:00,5230.5,5247.0,5223.5,5245.0,104730,358662
2023-03-22 14:00:00,5245.5,5254.5,5239.0,5251.5,32779,136745
2023-03-23 06:00:00,5215.5,5251.0,5212.0,5250.0,173023,561259
2023-03-23 07:00:00,5250.5,5278.5,5246.0,5273.5,169784,593236
2023-03-23 08:00:00,5273.5,5289.0,5269.5,5283.0,146292,537637
2023-03-23 09:00:00,5283.0,5283.5,5269.5,5278.0,61967,251676
2023-03-23 10:00:00,5278.0,5287.0,5269.0,5283.0,72638,283538
2023-03-23 11:00:00,5283.5,5289.0,5275.5,5288.5,69891,266927
2023-03-23 12:00:00,5288.0,5305.5,5281.5,5296.5,104717,433031
2023-03-23 13:00:00,5296.5,5300.0,5287.0,5298.0,60941,228377
2023-03-23 14:00:00,5298.0,5310.0,5293.5,5306.5,32041,149005
2023-03-24 06:00:00,5330.0,5349.0,5318.0,5335.0,229675,747692
2023-03-24 07:00:00,5335.0,5342.5,5314.0,5315.5,169721,576593
2023-03-24 08:00:00,5316.0,5318.0,5285.5,5289.0,150125,564352
2023-03-24 09:00:00,5289.5,5293.5,5254.5,5257.0,115022,511602
2023-03-24 10:00:00,5257.5,5264.5,5252.5,5257.5,59984,259475
2023-03-24 11:00:00,5257.0,5262.0,5246.0,5261.0,60663,247578
2023-03-24 12:00:00,5260.5,5264.0,5252.5,5263.5,47159,194131
2023-03-24 13:00:00,5263.0,5263.0,5254.5,5258.5,30004,119220
2023-03-24 14:00:00,5258.0,5259.0,5250.0,5255.0,22444,114722
2023-03-27 06:00:00,5256.0,5257.0,5227.5,5235.0,143152,386744
2023-03-27 07:00:00,5235.0,5244.5,5228.5,5234.5,122464,371742
2023-03-27 08:00:00,5235.0,5242.0,5222.5,5239.5,111816,356533
2023-03-27 09:00:00,5239.0,5248.5,5238.5,5240.0,58048,184610
2023-03-27 10:00:00,5240.5,5241.0,5228.0,5230.5,49686,166606
2023-03-27 11:00:00,5230.5,5231.5,5222.5,5229.0,47758,169398
2023-03-27 12:00:00,5229.5,5231.5,5216.0,5218.5,55131,198717
2023-03-27 13:00:00,5218.5,5220.0,5211.5,5212.0,36022,128720
2023-03-27 14:00:00,5212.5,5213.0,5198.5,5203.5,35659,139723
2023-03-28 06:00:00,5199.0,5199.0,5162.5,5193.0,203141,685642
2023-03-28 07:00:00,5192.5,5198.0,5151.0,5169.0,195774,723645
2023-03-28 08:00:00,5168.5,5185.0,5162.0,5183.0,118872,447110
2023-03-28 09:00:00,5183.0,5184.0,5166.0,5172.0,65438,262116
2023-03-28 10:00:00,5172.5,5172.5,5154.0,5158.0,60133,226865
2023-03-28 11:00:00,5158.0,5171.0,5156.0,5169.5,47950,183423
2023-03-28 12:00:00,5169.0,5175.5,5164.5,5172.5,48234,190139
2023-03-28 13:00:00,5173.0,5173.0,5166.0,5168.5,30454,148152
2023-03-28 14:00:00,5168.5,5171.5,5166.0,5169.0,17693,90994
2023-03-29 06:00:00,5166.0,5185.0,5152.0,5165.5,193767,589724
2023-03-29 07:00:00,5165.5,5173.0,5148.0,5149.0,178756,575458
2023-03-29 08:00:00,5149.0,5153.5,5143.0,5149.5,106937,387694
2023-03-29 09:00:00,5150.0,5151.5,5133.5,5142.0,81835,325066
2023-03-29 10:00:00,5142.0,5148.5,5138.5,5145.0,54715,218091
2023-03-29 11:00:00,5145.0,5146.5,5137.0,5141.0,49096,208604
2023-03-29 12:00:00,5141.0,5175.5,5140.5,5154.5,136124,576250
2023-03-29 13:00:00,5154.5,5157.0,5128.5,5136.0,65819,273126
2023-03-29 14:00:00,5136.0,5139.5,5128.5,5139.0,23520,116200
2023-03-30 06:00:00,5106.0,5113.5,5070.0,5107.5,261164,813534
2023-03-30 07:00:00,5107.5,5118.5,5090.0,5113.0,209832,704242
2023-03-30 08:00:00,5113.5,5162.5,5112.5,5131.5,219180,769513
2023-03-30 09:00:00,5131.5,5134.0,5117.5,5123.0,73398,299059
2023-03-30 10:00:00,5123.5,5124.0,5101.0,5111.0,67431,275766
2023-03-30 11:00:00,5111.0,5125.0,5105.0,5115.0,58241,233547
2023-03-30 12:00:00,5114.5,5116.0,5096.0,5101.0,57404,229236
2023-03-30 13:00:00,5101.0,5106.5,5094.5,5100.0,47202,181593
2023-03-30 14:00:00,5099.5,5102.0,5089.0,5096.0,28386,119539
2023-03-31 06:00:00,5133.0,5133.0,5085.5,5106.5,220749,701568
2023-03-31 07:00:00,5106.5,5118.0,5093.5,5115.0,148845,557822
2023-03-31 08:00:00,5115.0,5115.5,5087.0,5093.0,122531,493221
2023-03-31 09:00:00,5093.5,5098.5,5079.0,5094.0,80002,365021
2023-03-31 10:00:00,5094.5,5098.0,5083.0,5089.5,54416,267791
2023-03-31 11:00:00,5089.5,5105.0,5084.5,5092.5,72620,325787
2023-03-31 12:00:00,5092.5,5102.5,5091.0,5097.5,44336,167114
2023-03-31 13:00:00,5097.5,5100.5,5087.0,5091.5,45086,191717
2023-03-31 14:00:00,5091.0,5095.0,5085.5,5087.5,23746,109894
2023-04-03 06:00:00,5078.5,5086.5,5063.0,5082.5,177426,591044
2023-04-03 07:00:00,5082.5,5099.5,5081.0,5094.5,136782,438657
2023-04-03 08:00:00,5094.0,5094.0,5071.0,5082.0,145115,467279
2023-04-03 09:00:00,5081.5,5094.0,5079.0,5090.0,67707,234948
2023-04-03 10:00:00,5090.5,5094.5,5084.5,5089.5,43322,168246
2023-04-03 11:00:00,5089.0,5095.0,5081.0,5089.5,55664,188593
2023-04-03 12:00:00,5089.5,5104.0,5085.5,5102.0,70899,241320
2023-04-03 13:00:00,5101.5,5103.5,5089.5,5091.5,39251,138493
2023-04-03 14:00:00,5091.5,5093.5,5082.0,5089.0,20907,80446
2023-04-04 06:00:00,5074.0,5093.5,5071.5,5090.0,147896,472691
2023-04-04 07:00:00,5090.5,5103.0,5086.0,5099.0,122040,410910
2023-04-04 08:00:00,5099.0,5099.0,5085.5,5094.5,146740,533786
2023-04-04 09:00:00,5095.0,5120.0,5091.5,5112.0,108028,430578
2023-04-04 10:00:00,5112.0,5112.5,5103.5,5108.0,44540,164404
2023-04-04 11:00:00,5107.5,5109.0,5103.0,5105.0,32076,135568
2023-04-04 12:00:00,5105.0,5109.0,5102.0,5106.0,32959,134017
2023-04-04 13:00:00,5106.5,5109.0,5102.0,5102.5,25566,106597
2023-04-04 14:00:00,5102.5,5104.0,5082.0,5092.0,34111,157547
2023-04-05 06:00:00,5092.0,5097.5,5066.5,5074.5,206482,651859
2023-04-05 07:00:00,5074.5,5083.0,5065.0,5067.5,128685,442838
2023-04-05 08:00:00,5067.5,5078.5,5031.5,5071.5,192903,700283
2023-04-05 09:00:00,5072.0,5075.5,5057.0,5059.5,60661,228419
2023-04-05 10:00:00,5059.0,5081.0,5059.0,5078.5,62592,244928
2023-04-05 11:00:00,5078.0,5083.0,5074.5,5077.5,42257,159807
2023-04-05 12:00:00,5077.0,5082.5,5072.0,5082.0,42909,170193
2023-04-05 13:00:00,5081.5,5082.5,5068.0,5069.5,37055,137933
2023-04-05 14:00:00,5069.5,5070.0,5051.5,5058.0,27562,122528
2023-04-06 06:00:00,5063.0,5094.5,5058.5,5090.0,149908,493459
2023-04-06 07:00:00,5090.5,5101.5,5085.0,5097.5,137239,470344
2023-04-06 08:00:00,5097.0,5098.5,5076.0,5078.0,104390,357142
2023-04-06 09:00:00,5078.5,5088.0,5075.0,5083.0,61919,212277
2023-04-06 10:00:00,5083.5,5085.5,5078.0,5082.5,31673,113719
2023-04-06 11:00:00,5082.0,5084.0,5072.5,5079.0,38682,145897
2023-04-06 12:00:00,5079.0,5080.5,5069.5,5074.0,36595,141095
2023-04-06 13:00:00,5074.0,5079.5,5073.5,5076.0,21618,86276
2023-04-06 14:00:00,5076.5,5078.5,5071.0,5078.5,19765,97133
2023-04-10 06:00:00,5074.0,5099.5,5055.5,5098.0,184785,593322
2023-04-10 07:00:00,5098.5,5109.5,5097.0,5101.0,139936,416714
2023-04-10 08:00:00,5101.0,5106.5,5094.5,5098.0,68869,251470
2023-04-10 09:00:00,5098.0,5101.0,5091.0,5100.0,48356,168373
2023-04-10 10:00:00,5100.0,5102.5,5092.0,5094.0,34827,122943
2023-04-10 11:00:00,5093.5,5094.0,5084.5,5086.0,40151,157799
2023-04-10 12:00:00,5086.0,5095.0,5084.5,5093.0,36205,127113
2023-04-10 13:00:00,5092.5,5094.5,5081.5,5082.0,40158,154772
2023-04-10 14:00:00,5082.5,5087.5,5080.0,5087.5,21681,91273
2023-04-11 06:00:00,5070.0,5075.5,5047.5,5051.0,206579,666917
2023-04-11 07:00:00,5051.0,5051.0,5003.0,5020.0,237754,987332
2023-04-11 08:00:00,5020.5,5023.5,5003.5,5020.0,124513,478477
2023-04-11 09:00:00,5020.5,5028.0,5016.5,5022.5,64287,284474
2023-04-11 10:00:00,5023.0,5027.0,5020.5,5021.5,30270,127395
2023-04-11 11:00:00,5021.5,5025.0,5015.5,5018.0,51671,209593
2023-04-11 12:00:00,5017.5,5022.5,5016.0,5022.0,38239,164742
2023-04-11 13:00:00,5022.0,5023.5,5018.5,5021.5,23917,105248
2023-04-11 14:00:00,5022.0,5022.5,5013.0,5021.5,27872,134317
2023-04-12 06:00:00,5026.5,5028.0,4957.5,4984.0,309825,975588
2023-04-12 07:00:00,4984.0,4994.5,4947.5,4959.0,217381,748103
2023-04-12 08:00:00,4959.0,4961.0,4929.0,4948.5,162695,653029
2023-04-12 09:00:00,4948.5,4957.0,4943.0,4950.0,65316,272962
2023-04-12 10:00:00,4950.0,4958.0,4936.5,4939.0,53449,228002
2023-04-12 11:00:00,4938.5,4950.0,4931.0,4945.5,63555,251594
2023-04-12 12:00:00,4945.5,4952.5,4938.0,4947.5,62868,238314
2023-04-12 13:00:00,4947.5,4957.5,4946.5,4953.0,36025,142059
2023-04-12 14:00:00,4953.0,4955.0,4927.5,4933.5,35711,155305
2023-04-13 06:00:00,4936.0,4952.0,4916.0,4939.5,270962,873024
2023-04-13 07:00:00,4940.0,4943.0,4911.0,4919.0,195720,670997
2023-04-13 08:00:00,4918.5,4934.0,4915.0,4917.0,102029,387195
2023-04-13 09:00:00,4917.0,4923.5,4905.5,4915.5,64031,270115
2023-04-13 10:00:00,4915.5,4926.0,4915.0,4924.0,38853,168601
2023-04-13 11:00:00,4923.5,4926.5,4916.5,4920.5,46673,227745
2023-04-13 12:00:00,4921.0,4943.5,4919.5,4941.0,67396,321748
2023-04-13 13:00:00,4941.0,4943.5,4936.0,4939.0,30742,147464
2023-04-13 14:00:00,4939.0,4943.0,4936.5,4940.0,20578,104815
2023-04-14 06:00:00,4947.5,4949.0,4902.5,4933.5,226344,738324
2023-04-14 07:00:00,4933.5,4969.0,4932.5,4955.5,164174,572558
2023-04-14 08:00:00,4955.0,4975.5,4955.0,4967.0,105408,393891
2023-04-14 09:00:00,4967.5,4970.0,4949.5,4950.0,61914,234592
2023-04-14 10:00:00,4950.0,4953.5,4941.0,4942.0,56816,209921
2023-04-14 11:00:00,4941.5,4943.5,4932.5,4938.0,58974,232060
2023-04-14 12:00:00,4937.5,4942.0,4926.5,4928.5,52338,208531
2023-04-14 13:00:00,4928.5,4930.5,4923.0,4926.5,34784,130969
2023-04-14 14:00:00,4926.0,4926.5,4917.5,4919.0,22679,94696
2023-04-17 06:00:00,4930.0,4946.5,4909.0,4939.0,210307,639469
2023-04-17 07:00:00,4939.0,4957.5,4932.0,4955.0,136071,454198
2023-04-17 08:00:00,4955.0,4965.0,4950.5,4960.0,87119,329935
2023-04-17 09:00:00,4959.5,4967.0,4953.0,4956.0,61198,225003
2023-04-17 10:00:00,4956.0,4958.5,4951.0,4955.0,34831,138397
2023-04-17 11:00:00,4955.0,4958.0,4938.0,4939.0,57809,235922
2023-04-17 12:00:00,4939.0,4943.0,4927.0,4938.5,69147,281403
2023-04-17 13:00:00,4939.0,4947.5,4936.5,4945.0,47060,162979
2023-04-17 14:00:00,4945.5,4953.0,4944.0,4950.5,21782,96267
2023-04-18 06:00:00,4927.5,4952.5,4918.5,4950.5,190273,596314
2023-04-18 07:00:00,4951.0,4998.5,4948.5,4985.5,231116,855810
2023-04-18 08:00:00,4985.5,4990.0,4971.0,4979.0,111340,389629
2023-04-18 09:00:00,4979.0,4985.0,4975.0,4980.5,56097,206422
2023-04-18 10:00:00,4980.5,4981.5,4972.0,4974.0,33019,132928
2023-04-18 11:00:00,4974.5,4983.0,4973.5,4979.5,40250,159195
2023-04-18 12:00:00,4979.5,5004.5,4979.0,4994.0,95039,391820
2023-04-18 13:00:00,4993.5,4994.5,4974.5,4982.5,60700,255066
2023-04-18 14:00:00,4983.0,4997.5,4981.5,4996.5,30396,130206
2023-04-18 15:00:00,4993.5,4993.5,4993.5,4993.5,1,17
2023-04-19 06:00:00,5019.5,5041.5,5012.5,5040.5,224421,712451
2023-04-19 07:00:00,5040.0,5069.0,5034.0,5068.5,188361,649498
2023-04-19 08:00:00,5068.5,5070.5,5036.0,5043.5,153527,530872
2023-04-19 09:00:00,5044.0,5060.5,5043.0,5059.5,76288,283187
2023-04-19 10:00:00,5059.5,5062.0,5052.5,5056.5,45876,167738
2023-04-19 11:00:00,5056.0,5070.5,5054.5,5068.5,54233,204094
2023-04-19 12:00:00,5068.0,5089.5,5067.0,5085.5,80097,315676
2023-04-19 13:00:00,5085.5,5094.0,5076.0,5093.5,58485,239571
2023-04-19 14:00:00,5093.5,5097.0,5080.0,5083.0,39006,175611
2023-04-20 06:00:00,5091.5,5092.5,5063.0,5066.0,207273,602369
2023-04-20 07:00:00,5066.0,5074.5,5059.0,5066.5,149605,494390
2023-04-20 08:00:00,5066.0,5067.0,5045.0,5050.5,109545,386720
2023-04-20 09:00:00,5050.5,5057.0,5042.5,5048.5,64639,239161
2023-04-20 10:00:00,5048.5,5056.5,5045.0,5050.0,35792,136012
2023-04-20 11:00:00,5050.5,5052.0,5042.0,5047.5,38340,153067
2023-04-20 12:00:00,5047.5,5054.0,5046.0,5053.5,32066,135723
2023-04-20 13:00:00,5054.0,5067.0,5052.0,5065.5,41800,181835
2023-04-20 14:00:00,5065.5,5066.0,5054.5,5056.0,25862,110253
2023-04-24 06:00:00,5074.0,5085.0,5064.0,5066.5,151383,416412
2023-04-24 07:00:00,5066.5,5090.5,5054.0,5070.0,191536,596007
2023-04-24 08:00:00,5069.5,5084.5,5060.0,5071.0,128803,449375
2023-04-24 09:00:00,5070.5,5074.5,5057.0,5060.0,67644,250913
2023-04-24 10:00:00,5059.5,5063.0,5052.0,5053.5,42852,170648
2023-04-24 11:00:00,5053.5,5059.0,5048.5,5051.5,52386,191526
2023-04-24 12:00:00,5051.5,5054.0,5042.5,5045.0,58474,239465
2023-04-24 13:00:00,5045.5,5049.5,5043.5,5045.5,28613,120820
2023-04-24 14:00:00,5045.0,5048.5,5038.0,5039.5,19648,82984
2023-04-25 06:00:00,5050.5,5070.5,5038.0,5039.0,207489,663389
2023-04-25 07:00:00,5039.0,5082.0,5033.0,5081.0,231722,758787
2023-04-25 08:00:00,5081.5,5085.0,5063.5,5073.5,124325,453884
2023-04-25 09:00:00,5073.5,5074.5,5062.0,5066.0,69647,287863
2023-04-25 10:00:00,5066.0,5074.0,5060.5,5073.5,50352,206211
2023-04-25 11:00:00,5074.0,5087.0,5070.5,5074.0,76942,293183
2023-04-25 12:00:00,5074.5,5079.5,5071.0,5072.5,40238,152165
2023-04-25 13:00:00,5072.5,5075.5,5066.0,5066.5,33527,133102
2023-04-25 14:00:00,5067.0,5068.0,5053.0,5064.0,24838,111245
2023-04-26 06:00:00,5050.0,5075.0,5037.0,5068.5,214582,656289
2023-04-26 07:00:00,5068.5,5075.0,5059.5,5070.0,134239,432424
2023-04-26 08:00:00,5070.0,5073.5,5039.0,5052.5,151013,541613
2023-04-26 09:00:00,5052.5,5055.5,5041.0,5050.5,83428,326046
2023-04-26 10:00:00,5051.0,5052.0,5037.5,5041.0,51028,197827
2023-04-26 11:00:00,5041.5,5053.5,5038.0,5052.0,46458,180872
2023-04-26 12:00:00,5052.5,5063.0,5049.0,5058.0,78316,312573
2023-04-26 13:00:00,5058.0,5062.0,5053.5,5059.5,34704,144951
2023-04-26 14:00:00,5059.5,5063.0,5044.0,5047.5,24506,111313
2023-04-27 06:00:00,5040.0,5050.0,5023.0,5025.5,220563,653009
2023-04-27 07:00:00,5025.5,5037.0,5013.0,5021.0,186585,673738
2023-04-27 08:00:00,5020.5,5026.5,5001.5,5008.0,139143,532124
2023-04-27 09:00:00,5007.5,5014.5,5004.5,5014.0,60684,262451
2023-04-27 10:00:00,5014.0,5017.0,5009.0,5010.0,40813,173466
2023-04-27 11:00:00,5009.5,5010.5,4988.5,4990.0,89704,348108
2023-04-27 12:00:00,4990.0,4992.0,4972.0,4981.0,81623,362284
2023-04-27 13:00:00,4981.0,4986.5,4979.0,4981.0,38604,160268
2023-04-27 14:00:00,4981.5,4987.0,4973.5,4975.0,31895,129909
2023-04-28 06:00:00,5023.5,5050.0,5014.5,5026.5,194377,615447
2023-04-28 07:00:00,5026.5,5041.5,5013.0,5035.0,144505,523280
2023-04-28 08:00:00,5035.0,5038.5,5016.5,5034.5,107587,423554
2023-04-28 09:00:00,5034.5,5048.0,5034.0,5037.0,75988,320330
2023-04-28 10:00:00,5037.5,5043.0,5030.5,5031.5,39424,164472
2023-04-28 11:00:00,5031.5,5038.0,5017.0,5018.0,52962,219408
2023-04-28 12:00:00,5018.0,5022.5,5010.5,5020.5,53830,221020
2023-04-28 13:00:00,5020.0,5022.0,5016.5,5019.5,22857,99928
2023-04-28 14:00:00,5020.0,5023.5,5015.0,5016.0,16773,91717
2023-05-02 06:00:00,5029.0,5062.0,5022.5,5054.5,190922,573407
2023-05-02 07:00:00,5054.0,5064.5,5041.0,5060.5,154266,477315
2023-05-02 08:00:00,5061.0,5075.5,5050.5,5069.0,132957,472143
2023-05-02 09:00:00,5069.5,5082.0,5067.5,5072.5,67943,263209
2023-05-02 10:00:00,5072.0,5081.0,5071.0,5079.0,38843,150641
2023-05-02 11:00:00,5078.5,5083.0,5073.5,5081.5,40845,158940
2023-05-02 12:00:00,5081.0,5083.0,5072.0,5075.0,41962,173159
2023-05-02 13:00:00,5075.0,5079.0,5072.5,5076.0,25147,94712
2023-05-02 14:00:00,5076.0,5081.0,5066.0,5067.5,24452,108317
2023-05-03 06:00:00,5046.0,5080.0,5044.5,5080.0,189651,555367
2023-05-03 07:00:00,5080.0,5080.0,5055.5,5058.5,142018,422266
2023-05-03 08:00:00,5058.0,5058.5,5031.0,5038.5,143661,503623
2023-05-03 09:00:00,5038.5,5047.0,5034.0,5041.5,57102,209605
2023-05-03 10:00:00,5042.0,5048.0,5038.0,5040.0,35275,133033
2023-05-03 11:00:00,5039.5,5042.5,5025.0,5032.0,62109,232829
2023-05-03 12:00:00,5032.5,5033.0,5011.0,5017.0,163216,515428
2023-05-03 13:00:00,5017.5,5026.5,5014.0,5019.5,63283,236747
2023-05-03 14:00:00,5019.5,5025.0,5008.5,5023.0,32854,137527
2023-05-04 06:00:00,5005.0,5028.0,4995.5,5024.0,223498,636766
2023-05-04 07:00:00,5024.0,5049.0,5007.0,5045.0,200595,649095
2023-05-04 08:00:00,5044.5,5061.5,5042.5,5045.0,131333,466067
2023-05-04 09:00:00,5045.0,5051.5,5040.5,5047.5,53184,203389
2023-05-04 10:00:00,5048.0,5048.5,5034.5,5036.0,39270,160383
2023-05-04 11:00:00,5036.0,5037.5,5016.5,5023.0,76414,292435
2023-05-04 12:00:00,5022.5,5026.5,5016.5,5018.5,46140,183680
2023-05-04 13:00:00,5018.0,5023.5,5015.0,5019.5,36693,140938
2023-05-04 14:00:00,5019.0,5020.0,5008.5,5012.5,23535,103078
2023-05-05 06:00:00,5008.5,5034.0,5003.0,5018.0,220831,640500
2023-05-05 07:00:00,5018.5,5022.5,4987.5,4996.5,201103,658468
2023-05-05 08:00:00,4996.5,5002.0,4979.0,4992.5,111223,388563
2023-05-05 09:00:00,4992.0,4993.5,4977.5,4979.0,65862,259098
2023-05-05 10:00:00,4979.5,4983.5,4964.0,4965.5,58325,243608
2023-05-05 11:00:00,4965.0,4965.5,4951.0,4958.0,73295,305185
2023-05-05 12:00:00,4958.0,4966.0,4954.5,4965.5,42876,168942
2023-05-05 13:00:00,4965.0,4970.0,4963.5,4967.5,29413,127644
2023-05-05 14:00:00,4968.0,4989.5,4963.0,4978.5,22580,108749
2023-05-08 06:00:00,4978.0,4986.0,4966.0,4984.0,160235,488025
2023-05-08 07:00:00,4984.0,4999.0,4974.0,4997.5,144537,452913
2023-05-08 08:00:00,4997.5,4998.0,4978.0,4980.0,89306,291352
2023-05-08 09:00:00,4980.5,5017.5,4978.5,5015.0,145906,521206
2023-05-08 10:00:00,5015.5,5028.0,5014.0,5022.5,83630,307521
2023-05-08 11:00:00,5022.5,5024.5,5015.0,5017.5,50401,198764
2023-05-08 12:00:00,5017.5,5039.5,5016.0,5030.0,72750,269004
2023-05-08 13:00:00,5030.0,5042.0,5027.5,5036.5,45152,179410
2023-05-08 14:00:00,5037.0,5038.5,5027.0,5034.0,28562,117867
2023-05-09 06:00:00,5031.0,5060.0,5020.0,5055.0,195305,611063
2023-05-09 07:00:00,5054.5,5055.5,5018.0,5019.5,174552,607368
2023-05-09 08:00:00,5019.5,5030.0,5014.5,5030.0,103735,348375
2023-05-09 09:00:00,5030.0,5036.0,5007.5,5007.5,96522,365941
2023-05-09 10:00:00,5007.5,5009.5,4995.5,5007.0,71538,265689
2023-05-09 11:00:00,5007.0,5009.5,4998.5,5002.5,46643,178203
2023-05-09 12:00:00,5002.5,5023.5,5000.0,5020.0,62457,242769
2023-05-09 13:00:00,5020.0,5021.0,5009.0,5010.5,34567,129576
2023-05-09 14:00:00,5010.0,5013.0,5005.0,5009.5,23437,101507
2023-05-10 06:00:00,5008.5,5013.5,4960.0,4966.0,249067,758847
2023-05-10 07:00:00,4966.0,4984.5,4964.0,4975.5,169963,516124
2023-05-10 08:00:00,4975.5,4982.5,4970.5,4977.5,93249,300569
2023-05-10 09:00:00,4977.5,4987.0,4974.0,4976.0,68587,225679
2023-05-10 10:00:00,4976.0,4978.0,4965.0,4968.0,52494,179329
2023-05-10 11:00:00,4968.0,4987.0,4966.5,4982.0,79121,271573
2023-05-10 12:00:00,4982.0,4983.0,4972.5,4976.0,44602,149397
2023-05-10 13:00:00,4975.5,4977.0,4967.5,4969.5,32920,124487
2023-05-10 14:00:00,4969.0,4974.0,4960.0,4966.0,29458,122763
2023-05-11 06:00:00,4977.0,4996.5,4966.5,4993.0,222187,665368
2023-05-11 07:00:00,4992.5,5004.5,4991.0,4991.5,162929,533141
2023-05-11 08:00:00,4991.5,5002.5,4991.0,4994.5,87100,303207
2023-05-11 09:00:00,4995.0,4997.0,4978.0,4979.0,75017,286494
2023-05-11 10:00:00,4978.5,4981.5,4969.0,4978.0,63504,241371
2023-05-11 11:00:00,4978.0,4978.5,4962.5,4964.0,75854,306652
2023-05-11 12:00:00,4964.5,4967.5,4951.5,4963.0,79323,324637
2023-05-11 13:00:00,4963.0,4964.5,4954.5,4957.0,35581,130338
2023-05-11 14:00:00,4957.0,4957.5,4946.0,4952.0,31991,133846
2023-05-12 06:00:00,4953.0,4975.0,4950.0,4950.5,181433,559141
2023-05-12 07:00:00,4950.5,4953.5,4926.5,4929.0,175266,640048
2023-05-12 08:00:00,4929.0,4951.0,4924.5,4943.5,128358,472781
2023-05-12 09:00:00,4943.0,4957.5,4941.5,4944.0,66144,244430
2023-05-12 10:00:00,4944.0,4954.0,4941.5,4944.0,52416,188230
2023-05-12 11:00:00,4944.0,4948.0,4937.5,4942.5,51972,192650
2023-05-12 12:00:00,4942.5,4951.0,4939.5,4944.5,43489,155676
2023-05-12 13:00:00,4944.5,4947.0,4939.5,4941.0,26628,109364
2023-05-12 14:00:00,4940.5,4943.5,4937.0,4939.5,19944,81776
2023-05-15 06:00:00,4938.0,4938.0,4918.0,4921.0,167220,531931
2023-05-15 07:00:00,4920.5,4949.0,4919.0,4939.5,173023,527060
2023-05-15 08:00:00,4940.0,4945.5,4924.0,4925.5,110968,345216
2023-05-15 09:00:00,4925.5,4927.5,4919.0,4923.0,62310,221771
2023-05-15 10:00:00,4922.5,4929.0,4920.0,4926.5,50884,182215
2023-05-15 11:00:00,4926.0,4934.0,4926.0,4929.5,54215,193843
2023-05-15 12:00:00,4929.5,4930.0,4905.0,4906.5,82969,334240
2023-05-15 13:00:00,4906.5,4910.5,4905.0,4905.0,36253,154846
2023-05-15 14:00:00,4905.5,4915.5,4902.0,4910.5,34196,149748
2023-05-16 06:00:00,4909.0,4929.5,4901.5,4928.5,218965,662063
2023-05-16 07:00:00,4928.5,4930.0,4907.5,4916.0,178486,562934
2023-05-16 08:00:00,4916.0,4933.0,4910.0,4931.0,141099,511793
2023-05-16 09:00:00,4931.5,4945.0,4928.0,4929.0,107858,399721
2023-05-16 10:00:00,4929.0,4968.5,4927.5,4962.5,113635,416836
2023-05-16 11:00:00,4962.5,4963.5,4946.5,4950.0,60371,226167
2023-05-16 12:00:00,4950.0,4956.5,4941.0,4949.0,61022,222475
2023-05-16 13:00:00,4949.0,4960.0,4947.5,4956.5,40563,157233
2023-05-16 14:00:00,4956.5,4961.0,4954.5,4955.0,23759,101337
2023-05-17 06:00:00,4955.0,4984.5,4950.5,4965.5,236889,722832
2023-05-17 07:00:00,4965.5,4974.0,4947.5,4971.5,189584,605019
2023-05-17 08:00:00,4972.0,4979.5,4958.0,4971.5,122426,419801
2023-05-17 09:00:00,4972.0,4978.0,4945.0,4955.5,111469,426172
2023-05-17 10:00:00,4955.5,4959.5,4935.5,4941.0,69353,249060
2023-05-17 11:00:00,4941.5,4947.0,4938.0,4939.0,48877,178378
2023-05-17 12:00:00,4939.0,4950.0,4936.5,4949.0,48976,184081
2023-05-17 13:00:00,4949.5,4955.0,4945.5,4946.5,40253,167835
2023-05-17 14:00:00,4946.5,4953.0,4940.5,4953.0,25650,115569
2023-05-18 06:00:00,4963.5,4986.0,4961.5,4982.5,215264,658245
2023-05-18 07:00:00,4982.5,4983.5,4967.0,4979.0,144017,472188
2023-05-18 08:00:00,4978.5,4991.5,4970.0,4991.0,112853,400953
2023-05-18 09:00:00,4991.0,4991.5,4975.5,4977.5,66113,255494
2023-05-18 10:00:00,4977.0,4989.0,4975.0,4988.0,45863,165041
2023-05-18 11:00:00,4988.5,4994.5,4984.0,4985.0,60007,252035
2023-05-18 12:00:00,4985.5,4985.5,4975.0,4978.0,63041,250404
2023-05-18 13:00:00,4978.0,4983.5,4977.0,4980.0,35820,132153
2023-05-18 14:00:00,4980.0,4985.0,4975.5,4980.0,21915,101741
2023-05-19 06:00:00,4965.5,4988.5,4956.5,4983.5,192491,632429
2023-05-19 07:00:00,4983.5,5013.0,4980.0,5008.0,207804,726142
2023-05-19 08:00:00,5008.0,5011.5,4996.0,5003.0,98462,399948
2023-05-19 09:00:00,5003.5,5009.0,4987.0,4996.0,111063,463190
2023-05-19 10:00:00,4995.5,4998.0,4983.0,4989.5,59836,241799
2023-05-19 11:00:00,4989.0,5005.0,4986.0,5005.0,44586,172001
2023-05-19 12:00:00,5005.0,5013.0,5002.0,5009.5,59398,261787
2023-05-19 13:00:00,5010.0,5013.0,5006.5,5007.0,32980,139220
2023-05-19 14:00:00,5006.5,5015.5,5005.0,5010.0,27481,135742
2023-05-22 06:00:00,5009.5,5016.0,4987.5,4993.5,177499,527086
2023-05-22 07:00:00,4993.0,4994.5,4970.5,4978.5,161654,537072
2023-05-22 08:00:00,4978.5,4988.0,4972.5,4974.0,109019,388682
2023-05-22 09:00:00,4974.0,4976.5,4968.5,4972.5,52684,202046
2023-05-22 10:00:00,4972.5,4977.0,4971.5,4976.5,28759,113598
2023-05-22 11:00:00,4976.5,4979.5,4963.0,4966.5,56192,214470
2023-05-22 12:00:00,4966.5,4971.5,4963.0,4971.0,40029,147559
2023-05-22 13:00:00,4971.0,4984.0,4969.5,4980.5,41990,166556
2023-05-22 14:00:00,4980.5,4981.0,4975.0,4978.5,22951,99299
2023-05-23 06:00:00,4989.0,5003.0,4981.5,4997.0,181559,577624
2023-05-23 07:00:00,4997.0,4997.0,4975.0,4984.0,158695,540259
2023-05-23 08:00:00,4984.5,4990.0,4965.0,4971.5,128063,486975
2023-05-23 09:00:00,4972.0,4973.0,4959.0,4962.0,58921,258111
2023-05-23 10:00:00,4962.5,4971.5,4962.0,4964.5,42822,163145
2023-05-23 11:00:00,4964.5,4973.5,4958.5,4970.5,57053,216990
2023-05-23 12:00:00,4971.0,4988.0,4969.0,4984.5,58971,238532
2023-05-23 13:00:00,4985.0,4985.5,4976.5,4980.0,39525,166053
2023-05-23 14:00:00,4980.0,4984.0,4974.5,4981.0,16977,79341
2023-05-24 06:00:00,4971.0,4971.5,4941.5,4946.5,176902,579682
2023-05-24 07:00:00,4947.0,4963.5,4942.0,4962.5,137232,461929
2023-05-24 08:00:00,4963.0,4965.0,4952.5,4960.0,86942,302493
2023-05-24 09:00:00,4960.0,4962.0,4949.0,4950.0,55161,215320
2023-05-24 10:00:00,4950.0,4959.5,4948.5,4956.0,51032,193972
2023-05-24 11:00:00,4955.5,4960.5,4952.0,4953.5,40831,171498
2023-05-24 12:00:00,4953.5,4962.5,4946.0,4960.5,59608,211874
2023-05-24 13:00:00,4960.5,4962.5,4956.5,4959.0,29564,128172
2023-05-24 14:00:00,4959.5,4970.0,4957.5,4966.0,19677,91361
2023-05-25 06:00:00,4958.5,4996.5,4949.5,4994.0,210214,735566
2023-05-25 07:00:00,4994.0,5001.0,4983.5,4999.5,135393,557608
2023-05-25 08:00:00,4999.0,5023.0,4991.5,5006.0,131296,560146
2023-05-25 09:00:00,5005.5,5029.0,5005.5,5020.5,84500,377054
2023-05-25 10:00:00,5020.5,5033.5,5017.5,5033.0,52969,238743
2023-05-25 11:00:00,5033.0,5033.5,5021.0,5023.0,59220,261937
2023-05-25 12:00:00,5022.5,5049.0,5010.0,5040.0,126763,579485
2023-05-25 13:00:00,5040.0,5045.5,5036.5,5039.5,45847,200332
2023-05-25 14:00:00,5039.5,5049.0,5036.5,5041.5,29710,139765
2023-05-26 06:00:00,5020.5,5036.0,5001.0,5005.5,243860,797213
2023-05-26 07:00:00,5005.0,5030.0,5003.0,5023.0,145120,489248
2023-05-26 08:00:00,5023.0,5029.0,5004.5,5013.5,118727,421944
2023-05-26 09:00:00,5013.5,5018.5,5003.5,5007.0,61560,252644
2023-05-26 10:00:00,5006.5,5012.5,4997.0,4997.0,52274,204249
2023-05-26 11:00:00,4997.0,4999.0,4986.0,4995.5,75297,310233
2023-05-26 12:00:00,4995.5,4997.0,4984.0,4989.5,46067,182986
2023-05-26 13:00:00,4989.5,4993.5,4982.5,4990.5,35553,143586
2023-05-26 14:00:00,4990.0,5007.5,4990.0,5002.0,24974,113198
2023-05-29 06:00:00,5005.0,5006.5,4987.0,4987.5,118333,355904
2023-05-29 07:00:00,4987.5,4995.0,4977.0,4994.5,125976,390998
2023-05-29 08:00:00,4994.5,5016.0,4991.5,5011.5,91934,300675
2023-05-29 09:00:00,5011.5,5015.5,5004.0,5006.0,42451,158310
2023-05-29 10:00:00,5005.5,5008.0,5002.5,5005.0,25466,89738
2023-05-29 11:00:00,5005.5,5018.5,5005.0,5013.5,34059,114768
2023-05-29 12:00:00,5014.0,5019.0,5006.5,5018.0,41054,132206
2023-05-29 13:00:00,5018.0,5019.5,5011.0,5014.5,23321,82771
2023-05-29 14:00:00,5014.5,5024.0,5014.0,5022.5,21707,87791
2023-05-30 06:00:00,5010.0,5049.0,5002.0,5047.0,198984,646251
2023-05-30 07:00:00,5046.5,5068.0,5042.5,5062.5,199014,707785
2023-05-30 08:00:00,5062.5,5065.0,5050.0,5061.0,111539,398788
2023-05-30 09:00:00,5061.0,5065.0,5053.5,5063.0,54694,226687
2023-05-30 10:00:00,5063.0,5071.0,5057.0,5064.0,65853,254637
2023-05-30 11:00:00,5063.5,5064.0,5047.0,5053.0,64354,262102
2023-05-30 12:00:00,5053.0,5055.5,5042.5,5044.5,49697,210210
2023-05-30 13:00:00,5045.0,5048.0,5041.5,5043.5,31072,122514
2023-05-30 14:00:00,5043.5,5048.0,5036.5,5040.5,21087,103061
2023-05-31 06:00:00,5085.0,5114.5,5083.0,5092.0,257928,761061
2023-05-31 07:00:00,5092.5,5108.0,5088.0,5103.5,142873,524572
2023-05-31 08:00:00,5103.5,5153.0,5102.5,5151.0,226416,920591
2023-05-31 09:00:00,5151.0,5156.0,5123.5,5137.5,127756,564020
2023-05-31 10:00:00,5137.5,5145.5,5122.5,5123.0,61455,252289
2023-05-31 11:00:00,5123.0,5124.5,5100.0,5104.0,92432,381726
2023-05-31 12:00:00,5104.0,5110.0,5097.0,5101.0,60932,227635
2023-05-31 13:00:00,5101.0,5109.5,5099.5,5099.5,37719,153989
2023-05-31 14:00:00,5099.5,5103.0,5080.0,5083.0,46540,217520
2023-06-01 06:00:00,5067.0,5080.5,5048.5,5072.0,239490,755444
2023-06-01 07:00:00,5072.0,5086.0,5060.0,5073.0,164417,541086
2023-06-01 08:00:00,5073.0,5077.5,5060.0,5065.5,113306,411959
2023-06-01 09:00:00,5065.0,5067.0,5042.0,5048.5,105754,431471
2023-06-01 10:00:00,5048.5,5055.5,5045.0,5048.0,49554,191443
2023-06-01 11:00:00,5047.5,5050.0,5039.0,5049.5,49408,203555
2023-06-01 12:00:00,5050.0,5050.0,5033.0,5035.5,59342,239043
2023-06-01 13:00:00,5035.5,5043.0,5033.0,5033.5,32025,142935
2023-06-01 14:00:00,5034.0,5045.0,5032.0,5044.0,23756,108804
2023-06-02 06:00:00,5030.0,5031.0,4985.0,4986.5,251619,861024
2023-06-02 07:00:00,4986.5,4991.5,4973.0,4975.5,174956,614865
2023-06-02 08:00:00,4975.5,4993.0,4972.0,4981.5,114527,420312
2023-06-02 09:00:00,4982.0,4988.0,4978.0,4986.0,49181,180667
2023-06-02 10:00:00,4985.5,4995.0,4982.5,4984.5,50600,199511
2023-06-02 11:00:00,4985.0,4992.0,4983.5,4991.5,35419,144477
2023-06-02 12:00:00,4991.5,4993.0,4985.5,4988.5,35121,130040
2023-06-02 13:00:00,4989.0,4989.0,4978.0,4980.0,35500,150699
2023-06-02 14:00:00,4980.0,4985.5,4977.0,4985.0,20097,93254
2023-06-05 06:00:00,5000.0,5001.0,4961.0,4963.5,199455,612145
2023-06-05 07:00:00,4963.5,4970.0,4955.5,4965.0,134560,411626
2023-06-05 08:00:00,4965.0,4965.5,4941.5,4949.0,161981,575590
2023-06-05 09:00:00,4948.5,4950.5,4938.5,4941.0,76317,303642
2023-06-05 10:00:00,4941.5,4946.0,4937.0,4941.0,42798,171010
2023-06-05 11:00:00,4941.0,4945.5,4936.5,4939.0,34858,137894
2023-06-05 12:00:00,4938.5,4950.0,4936.5,4948.5,58494,237696
2023-06-05 13:00:00,4948.5,4954.5,4943.0,4953.5,38515,162137
2023-06-05 14:00:00,4953.5,4959.0,4949.5,4958.0,24927,118225
2023-06-06 06:00:00,4956.5,4971.5,4936.5,4968.0,200181,626508
2023-06-06 07:00:00,4968.5,4979.0,4960.0,4969.5,144462,463673
2023-06-06 08:00:00,4969.5,4970.0,4938.0,4944.5,139639,525729
2023-06-06 09:00:00,4945.0,4947.0,4929.0,4933.0,83144,346035
2023-06-06 10:00:00,4933.0,4934.0,4923.0,4924.0,46887,205427
2023-06-06 11:00:00,4923.5,4935.5,4923.0,4930.0,48062,204986
2023-06-06 12:00:00,4930.0,4937.5,4929.5,4936.5,35798,158075
2023-06-06 13:00:00,4937.0,4938.5,4932.0,4934.5,28387,122811
2023-06-06 14:00:00,4934.0,4937.0,4928.5,4935.0,21918,110175
2023-06-07 06:00:00,4930.0,4948.0,4925.5,4933.0,219187,676428
2023-06-07 07:00:00,4933.0,4939.0,4924.0,4927.5,126918,464191
2023-06-07 08:00:00,4927.5,4954.5,4922.5,4945.0,143822,551298
2023-06-07 09:00:00,4945.0,4946.0,4925.5,4931.5,76644,309567
2023-06-07 10:00:00,4931.5,4935.0,4926.5,4932.5,35043,148147
2023-06-07 11:00:00,4932.0,4947.5,4932.0,4937.5,65208,274544
2023-06-07 12:00:00,4937.5,4943.0,4934.0,4941.0,38433,144415
2023-06-07 13:00:00,4941.0,4949.5,4940.5,4947.0,37945,160377
2023-06-07 14:00:00,4946.5,4952.0,4941.5,4952.0,22808,94491
2023-06-09 06:00:00,4936.0,4948.5,4924.5,4927.5,164728,540937
2023-06-09 07:00:00,4927.5,4933.0,4916.5,4919.0,99484,345003
2023-06-09 08:00:00,4918.5,4919.5,4875.5,4897.5,164202,655642
2023-06-09 09:00:00,4897.5,4907.5,4897.0,4907.0,54418,193030
2023-06-09 10:00:00,4906.5,4909.0,4893.5,4894.5,46247,172252
2023-06-09 11:00:00,4894.0,4901.0,4891.0,4895.5,46479,172203
2023-06-09 12:00:00,4896.0,4898.0,4888.5,4892.0,42993,157748
2023-06-09 13:00:00,4892.0,4897.5,4891.5,4897.0,23902,89954
2023-06-09 14:00:00,4896.5,4904.0,4894.5,4898.0,20530,104261
2023-06-12 06:00:00,4901.5,4908.5,4887.0,4897.0,161562,520775
2023-06-12 07:00:00,4897.0,4919.5,4883.0,4912.0,167771,558545
2023-06-12 08:00:00,4911.5,4914.5,4901.0,4903.5,85849,309807
2023-06-12 09:00:00,4903.5,4904.0,4891.5,4897.5,68363,250938
2023-06-12 10:00:00,4897.5,4902.5,4890.0,4893.5,47160,200315
2023-06-12 11:00:00,4893.5,4895.5,4884.0,4889.5,55285,204345
2023-06-12 12:00:00,4889.5,4891.0,4884.0,4886.0,36504,139940
2023-06-12 13:00:00,4886.0,4886.5,4881.0,4885.0,31959,133638
2023-06-12 14:00:00,4885.5,4885.5,4880.5,4881.0,23957,122233
2023-06-13 06:00:00,4885.0,4888.0,4865.5,4865.5,193857,643042
2023-06-13 07:00:00,4865.5,4881.5,4865.0,4880.5,134045,491206
2023-06-13 08:00:00,4880.5,4896.5,4868.5,4869.0,149494,538498
2023-06-13 09:00:00,4869.5,4875.0,4865.5,4874.0,60475,255868
2023-06-13 10:00:00,4874.0,4876.0,4865.5,4870.5,48666,185671
2023-06-13 11:00:00,4870.5,4883.0,4869.0,4878.0,49435,196682
2023-06-13 12:00:00,4878.0,4882.5,4872.5,4879.5,49181,192619
2023-06-13 13:00:00,4879.0,4882.5,4876.0,4878.0,23732,106407
2023-06-13 14:00:00,4878.0,4883.5,4876.5,4880.0,16728,91761
2023-06-14 06:00:00,4875.0,4878.5,4863.0,4870.0,152223,492286
2023-06-14 07:00:00,4870.5,4872.0,4859.5,4863.5,117753,442411
2023-06-14 08:00:00,4863.5,4866.5,4854.5,4855.0,75042,315954
2023-06-14 09:00:00,4855.0,4860.5,4852.5,4858.0,50028,212925
2023-06-14 10:00:00,4858.5,4860.0,4847.0,4856.0,58146,245422
2023-06-14 11:00:00,4856.5,4860.5,4852.0,4852.0,45390,177033
2023-06-14 12:00:00,4852.0,4883.0,4848.5,4852.5,211230,799854
2023-06-14 13:00:00,4852.5,4860.0,4824.0,4824.5,114359,484122
2023-06-14 14:00:00,4824.5,4832.5,4811.5,4832.5,57426,273331
2023-06-15 06:00:00,4840.0,4858.5,4833.5,4846.0,184541,572611
2023-06-15 07:00:00,4846.0,4851.5,4823.0,4833.5,157896,546012
2023-06-15 08:00:00,4833.5,4838.5,4820.5,4830.5,106994,401442
2023-06-15 09:00:00,4831.0,4838.5,4815.5,4825.5,80893,316224
2023-06-15 10:00:00,4825.5,4831.0,4817.0,4821.0,53232,222876
2023-06-15 11:00:00,4820.5,4823.5,4808.5,4814.0,61978,239782
2023-06-15 12:00:00,4814.0,4820.0,4809.0,4811.0,45675,177123
2023-06-15 13:00:00,4811.0,4818.0,4811.0,4815.0,24684,103729
2023-06-15 14:00:00,4815.0,4829.5,4812.5,4826.5,28630,127812
2023-06-16 06:00:00,4823.5,4847.5,4819.5,4842.5,146833,467338
2023-06-16 07:00:00,4842.0,4861.5,4834.5,4839.0,165378,565773
2023-06-16 08:00:00,4839.0,4839.5,4824.0,4838.5,145097,563796
2023-06-16 09:00:00,4838.5,4846.0,4832.5,4843.0,78477,321492
2023-06-16 10:00:00,4843.0,4850.0,4835.5,4837.0,52008,198535
2023-06-16 11:00:00,4836.5,4845.5,4833.0,4834.0,42956,153393
2023-06-16 12:00:00,4834.0,4836.5,4821.5,4825.5,50572,189399
2023-06-16 13:00:00,4825.5,4833.5,4825.0,4832.0,34928,143431
2023-06-16 14:00:00,4831.5,4839.0,4824.0,4829.5,20207,92854
2023-06-19 06:00:00,4835.0,4842.0,4803.0,4808.5,147848,484916
2023-06-19 07:00:00,4808.0,4810.5,4786.5,4793.5,125779,476436
2023-06-19 08:00:00,4794.0,4797.5,4778.5,4779.0,82271,310766
2023-06-19 09:00:00,4779.0,4787.0,4779.0,4781.5,44590,195313
2023-06-19 10:00:00,4781.5,4786.0,4779.5,4782.5,25161,98822
2023-06-19 11:00:00,4782.5,4783.0,4770.0,4781.5,42433,191850
2023-06-19 12:00:00,4781.0,4788.0,4777.0,4787.0,28560,117360
2023-06-19 13:00:00,4786.5,4789.0,4784.5,4785.5,21395,109509
2023-06-19 14:00:00,4786.0,4791.0,4780.5,4788.5,24280,119993
2023-06-20 06:00:00,4795.5,4805.0,4783.0,4793.5,178428,577006
2023-06-20 07:00:00,4794.0,4805.5,4790.5,4799.5,147853,500414
2023-06-20 08:00:00,4799.5,4809.5,4796.5,4797.0,120234,447694
2023-06-20 09:00:00,4797.0,4806.5,4787.0,4806.5,77653,292360
2023-06-20 10:00:00,4806.0,4813.0,4796.0,4809.0,72951,269839
2023-06-20 11:00:00,4809.5,4817.0,4801.0,4801.0,67468,242820
2023-06-20 12:00:00,4801.5,4803.5,4793.0,4798.0,56698,213630
2023-06-20 13:00:00,4797.5,4805.0,4796.0,4803.5,27546,123204
2023-06-20 14:00:00,4804.0,4805.0,4795.0,4799.5,16125,72859
2023-06-21 06:00:00,4800.0,4823.0,4789.0,4808.5,200669,694041
2023-06-21 07:00:00,4809.0,4816.0,4790.0,4793.5,148252,535030
2023-06-21 08:00:00,4793.5,4797.5,4772.0,4774.0,133411,486939
2023-06-21 09:00:00,4774.0,4779.0,4770.0,4770.0,55679,242634
2023-06-21 10:00:00,4770.5,4777.5,4770.0,4774.0,38119,176602
2023-06-21 11:00:00,4774.5,4776.0,4770.5,4774.5,29124,118707
2023-06-21 12:00:00,4774.5,4775.0,4768.5,4772.0,34771,154184
2023-06-21 13:00:00,4772.5,4777.0,4772.0,4773.5,28469,118726
2023-06-21 14:00:00,4773.5,4774.5,4768.5,4768.5,19365,96886
2023-06-22 06:00:00,4773.0,4783.0,4758.0,4765.5,173915,621177
2023-06-22 07:00:00,4766.0,4786.5,4765.5,4779.5,167906,567154
2023-06-22 08:00:00,4779.0,4789.0,4778.0,4782.5,79041,295406
2023-06-22 09:00:00,4782.5,4788.5,4774.0,4783.0,63623,261521
2023-06-22 10:00:00,4783.5,4786.5,4772.5,4774.5,52347,205762
2023-06-22 11:00:00,4774.5,4795.0,4774.5,4781.0,68750,258916
2023-06-22 12:00:00,4781.5,4783.5,4772.5,4782.5,44227,166802
2023-06-22 13:00:00,4782.5,4787.0,4777.0,4778.5,27716,117009
2023-06-22 14:00:00,4779.0,4783.5,4775.0,4778.5,18195,85288
2023-06-23 06:00:00,4795.5,4812.5,4793.5,4794.0,156044,523344
2023-06-23 07:00:00,4794.0,4806.5,4787.5,4792.0,136673,473012
2023-06-23 08:00:00,4792.0,4801.0,4780.0,4780.5,112087,419889
2023-06-23 09:00:00,4781.0,4784.0,4770.5,4779.5,78846,307762
2023-06-23 10:00:00,4779.0,4789.0,4777.0,4786.0,40918,167353
2023-06-23 11:00:00,4785.5,4788.5,4776.5,4777.5,33487,135052
2023-06-23 12:00:00,4777.5,4789.5,4777.5,4787.0,28891,121695
2023-06-23 13:00:00,4787.0,4787.5,4782.0,4782.5,20844,86817
2023-06-23 14:00:00,4782.5,4794.5,4781.0,4792.5,19560,91429
2023-06-26 06:00:00,4785.0,4786.5,4766.5,4767.0,96606,325894
2023-06-26 07:00:00,4767.5,4774.5,4761.5,4768.5,113246,386210
2023-06-26 08:00:00,4768.5,4782.5,4764.5,4779.5,92691,341171
2023-06-26 09:00:00,4779.0,4782.0,4772.5,4773.5,46150,170370
2023-06-26 10:00:00,4773.0,4779.5,4772.5,4773.5,33861,127367
2023-06-26 11:00:00,4773.5,4778.5,4768.5,4776.0,36834,148315
2023-06-26 12:00:00,4776.0,4777.0,4763.0,4767.5,41698,168271
2023-06-26 13:00:00,4767.5,4772.0,4766.0,4770.0,23744,102003
2023-06-26 14:00:00,4769.5,4774.5,4768.0,4772.5,16113,69952
2023-06-27 06:00:00,4771.0,4782.0,4752.5,4759.0,192968,628365
2023-06-27 07:00:00,4759.0,4796.0,4756.0,4792.0,154046,557941
2023-06-27 08:00:00,4792.5,4803.0,4784.5,4801.5,104388,440397
2023-06-27 09:00:00,4801.5,4808.0,4794.0,4806.0,66266,299547
2023-06-27 10:00:00,4806.5,4808.0,4795.5,4800.0,52135,224117
2023-06-27 11:00:00,4800.0,4806.5,4796.0,4801.0,42155,188662
2023-06-27 12:00:00,4801.5,4806.0,4794.0,4795.5,35624,176861
2023-06-27 13:00:00,4795.0,4800.0,4794.0,4798.5,25038,101122
2023-06-27 14:00:00,4799.0,4818.0,4798.5,4815.0,29903,161812
2023-06-28 06:00:00,4817.5,4871.5,4811.0,4867.0,239766,902308
2023-06-28 07:00:00,4867.0,4869.0,4852.0,4856.0,142728,545500
2023-06-28 08:00:00,4856.0,4865.0,4848.5,4856.5,91841,365906
2023-06-28 09:00:00,4857.0,4858.5,4841.0,4844.0,60805,261875
2023-06-28 10:00:00,4844.0,4854.5,4842.5,4848.5,39324,151094
2023-06-28 11:00:00,4849.0,4850.0,4838.5,4847.5,52309,210442
2023-06-28 12:00:00,4848.0,4848.0,4837.5,4840.5,42131,193029
2023-06-28 13:00:00,4840.5,4855.5,4839.0,4850.5,38253,163737
2023-06-28 14:00:00,4850.5,4855.0,4842.5,4853.5,26063,125202
2023-06-29 06:00:00,4848.0,4859.5,4831.0,4856.0,225003,745106
2023-06-29 07:00:00,4856.0,4869.0,4852.5,4863.5,140181,491489
2023-06-29 08:00:00,4863.5,4876.0,4860.5,4872.0,94503,389726
2023-06-29 09:00:00,4871.5,4872.0,4850.0,4852.0,64880,290210
2023-06-29 10:00:00,4852.0,4866.0,4850.0,4866.0,46422,202252
2023-06-29 11:00:00,4866.0,4868.0,4855.0,4865.0,40567,179030
2023-06-29 12:00:00,4864.5,4868.5,4858.5,4866.5,44294,190857
2023-06-29 13:00:00,4866.5,4867.0,4848.0,4850.0,50722,221532
2023-06-29 14:00:00,4850.0,4862.0,4840.5,4862.0,39700,178376
2023-06-30 06:00:00,4886.0,4895.5,4848.0,4852.5,189693,634199
2023-06-30 07:00:00,4852.5,4861.0,4839.0,4844.5,126605,469646
2023-06-30 08:00:00,4845.0,4856.0,4835.0,4849.0,107684,443129
2023-06-30 09:00:00,4849.0,4850.0,4834.0,4835.5,66830,307808
2023-06-30 10:00:00,4835.0,4837.0,4814.5,4816.0,70010,303174
2023-06-30 11:00:00,4816.0,4831.5,4815.0,4818.5,52684,223397
2023-06-30 12:00:00,4818.0,4821.5,4808.0,4818.0,55525,244631
2023-06-30 13:00:00,4818.0,4821.5,4809.5,4813.0,33745,152224
2023-06-30 14:00:00,4813.0,4827.0,4808.0,4811.0,22738,118925
2023-07-03 06:00:00,4821.0,4821.0,4783.5,4807.5,171427,539600
2023-07-03 07:00:00,4807.5,4818.0,4796.0,4799.0,134332,428654
2023-07-03 08:00:00,4798.5,4814.5,4793.5,4808.5,108569,378693
2023-07-03 09:00:00,4809.0,4814.5,4803.5,4813.0,51302,184962
2023-07-03 10:00:00,4813.0,4826.0,4805.0,4820.0,56507,210228
2023-07-03 11:00:00,4820.5,4826.5,4816.0,4825.5,34323,162394
2023-07-03 12:00:00,4825.0,4826.0,4817.0,4824.5,24084,93780
2023-07-03 13:00:00,4824.5,4830.0,4823.0,4829.5,24820,105137
2023-07-03 14:00:00,4829.5,4835.5,4828.0,4832.5,19951,106327
2023-07-04 06:00:00,4823.0,4825.0,4807.0,4812.0,102028,303180
2023-07-04 07:00:00,4812.5,4822.0,4810.0,4820.0,82040,239748
2023-07-04 08:00:00,4820.5,4843.0,4820.0,4841.5,96026,323069
2023-07-04 09:00:00,4841.5,4846.0,4836.5,4841.0,47753,181040
2023-07-04 10:00:00,4841.0,4849.0,4839.0,4847.0,31583,115468
2023-07-04 11:00:00,4846.5,4868.5,4844.0,4866.5,51331,211373
2023-07-04 12:00:00,4867.0,4870.5,4858.5,4860.0,41520,170205
2023-07-04 13:00:00,4860.0,4865.0,4855.5,4863.5,21534,78032
2023-07-04 14:00:00,4863.5,4873.5,4862.5,4865.0,27259,134457
2023-07-05 06:00:00,4868.0,4893.0,4863.0,4871.0,188041,563742
2023-07-05 07:00:00,4871.0,4890.5,4859.5,4884.5,165058,527874
2023-07-05 08:00:00,4884.0,4886.5,4866.0,4880.0,111497,420529
2023-07-05 09:00:00,4879.5,4887.0,4872.5,4880.0,52439,219413
2023-07-05 10:00:00,4880.5,4885.0,4875.5,4881.5,39846,149887
2023-07-05 11:00:00,4881.0,4882.5,4858.0,4859.5,50939,193046
2023-07-05 12:00:00,4860.0,4871.0,4857.5,4870.5,51181,182006
2023-07-05 13:00:00,4871.0,4874.5,4865.0,4873.5,26005,108615
2023-07-05 14:00:00,4874.0,4874.0,4864.0,4872.5,20464,89253
2023-07-06 06:00:00,4870.5,4917.5,4863.5,4912.5,244838,806667
2023-07-06 07:00:00,4912.5,4912.5,4889.5,4903.5,140084,452656
2023-07-06 08:00:00,4904.0,4929.0,4904.0,4927.0,137481,535457
2023-07-06 09:00:00,4927.0,4949.0,4922.5,4947.5,101473,400692
2023-07-06 10:00:00,4948.0,4973.5,4940.0,4960.0,111880,455035
2023-07-06 11:00:00,4960.5,4963.0,4943.0,4943.5,61525,265165
2023-07-06 12:00:00,4944.0,4951.0,4935.0,4950.5,57115,224714
2023-07-06 13:00:00,4950.5,4953.5,4947.5,4952.5,24602,103741
2023-07-06 14:00:00,4952.5,4961.5,4940.0,4942.5,32182,152443
2023-07-07 06:00:00,4942.0,4959.0,4892.0,4921.5,324137,994639
2023-07-07 07:00:00,4921.5,4944.0,4895.0,4905.0,183201,620161
2023-07-07 08:00:00,4905.0,4907.0,4880.5,4887.5,109844,395994
2023-07-07 09:00:00,4887.5,4889.0,4881.5,4884.0,34185,143895
2023-07-07 10:00:00,4884.5,4885.5,4872.5,4879.5,51362,189253
2023-07-07 11:00:00,4879.0,4884.0,4869.0,4879.5,53064,198429
2023-07-07 12:00:00,4879.0,4880.0,4870.0,4877.0,36027,135075
2023-07-07 13:00:00,4876.5,4888.0,4876.0,4886.0,38084,143681
2023-07-07 14:00:00,4885.5,4895.0,4883.5,4894.0,21001,84782
2023-07-10 06:00:00,4888.0,4900.5,4875.5,4890.5,195737,548288
2023-07-10 07:00:00,4890.5,4903.0,4877.0,4898.5,157763,505813
2023-07-10 08:00:00,4898.5,4912.5,4890.5,4892.0,128540,426828
2023-07-10 09:00:00,4892.5,4904.0,4883.0,4885.5,68208,225785
2023-07-10 10:00:00,4885.5,4893.0,4883.5,4891.0,37203,120490
2023-07-10 11:00:00,4891.5,4896.0,4883.0,4895.0,40254,135421
2023-07-10 12:00:00,4895.0,4904.5,4890.5,4901.5,53022,182488
2023-07-10 13:00:00,4901.0,4906.0,4898.5,4902.0,23694,82524
2023-07-10 14:00:00,4902.0,4923.5,4901.0,4921.5,37857,158935
2023-07-11 06:00:00,4916.5,4941.5,4900.5,4917.0,232055,684206
2023-07-11 07:00:00,4916.5,4939.0,4908.5,4931.5,177573,576931
2023-07-11 08:00:00,4931.0,4932.0,4903.5,4914.5,106560,359320
2023-07-11 09:00:00,4914.5,4916.0,4899.0,4901.5,66718,217200
2023-07-11 10:00:00,4901.5,4906.0,4892.0,4894.0,42708,154867
2023-07-11 11:00:00,4894.0,4898.0,4880.0,4883.0,58571,222365
2023-07-11 12:00:00,4883.0,4888.0,4876.5,4878.5,45594,168102
2023-07-11 13:00:00,4878.5,4879.5,4872.5,4879.5,30133,105711
2023-07-11 14:00:00,4879.0,4879.5,4870.0,4874.0,25616,102488
2023-07-12 06:00:00,4867.5,4878.0,4816.5,4822.0,295412,873768
2023-07-12 07:00:00,4822.5,4832.0,4810.0,4814.0,148340,486569
2023-07-12 08:00:00,4814.0,4836.5,4801.0,4824.0,160461,583091
2023-07-12 09:00:00,4824.0,4840.0,4823.5,4831.0,78658,277863
2023-07-12 10:00:00,4831.0,4835.0,4822.0,4822.5,40634,145843
2023-07-12 11:00:00,4823.0,4831.5,4819.0,4831.0,47300,167118
2023-07-12 12:00:00,4831.0,4843.5,4827.0,4833.5,53253,199974
2023-07-12 13:00:00,4833.0,4838.5,4831.0,4834.0,28258,115105
2023-07-12 14:00:00,4833.5,4843.0,4832.5,4835.0,23293,100286
2023-07-13 06:00:00,4816.0,4843.5,4813.0,4824.0,243701,753492
2023-07-13 07:00:00,4824.0,4827.5,4810.5,4814.5,149017,494080
2023-07-13 08:00:00,4814.5,4832.5,4813.5,4820.5,105543,385332
2023-07-13 09:00:00,4820.5,4840.0,4819.5,4829.0,84700,310737
2023-07-13 10:00:00,4829.0,4832.5,4807.0,4813.5,69802,266158
2023-07-13 11:00:00,4813.5,4819.5,4808.0,4808.0,45489,157170
2023-07-13 12:00:00,4808.0,4816.0,4803.0,4803.5,56548,229170
2023-07-13 13:00:00,4803.0,4809.0,4802.5,4805.5,28395,114349
2023-07-13 14:00:00,4806.0,4819.0,4804.0,4813.0,23003,124541
2023-07-14 06:00:00,4818.5,4827.0,4793.0,4794.5,205417,627656
2023-07-14 07:00:00,4794.0,4820.5,4790.5,4811.5,180051,608266
2023-07-14 08:00:00,4812.0,4826.5,4806.0,4815.5,141676,478347
2023-07-14 09:00:00,4815.5,4817.0,4802.5,4814.0,49181,177516
2023-07-14 10:00:00,4813.5,4829.5,4809.0,4820.5,56596,210964
2023-07-14 11:00:00,4820.5,4827.5,4814.5,4816.5,37880,150910
2023-07-14 12:00:00,4817.0,4817.0,4797.5,4805.5,57993,316621
2023-07-14 13:00:00,4805.5,4811.0,4805.0,4809.0,29378,130708
2023-07-14 14:00:00,4809.5,4813.5,4803.0,4805.5,19964,84242
2023-07-17 06:00:00,4815.0,4841.0,4810.5,4834.5,147083,445575
2023-07-17 07:00:00,4835.0,4863.0,4832.5,4853.5,158852,538031
2023-07-17 08:00:00,4853.5,4860.5,4847.0,4847.5,91568,319414
2023-07-17 09:00:00,4847.5,4853.0,4838.5,4839.5,59670,233561
2023-07-17 10:00:00,4839.0,4844.0,4830.5,4830.5,44413,180415
2023-07-17 11:00:00,4831.0,4832.0,4812.5,4815.5,71333,293984
2023-07-17 12:00:00,4815.0,4823.0,4812.0,4822.0,44699,169347
2023-07-17 13:00:00,4821.5,4828.5,4818.5,4819.5,37368,156073
2023-07-17 14:00:00,4820.0,4823.5,4817.5,4820.0,17484,67491
2023-07-18 06:00:00,4818.0,4839.0,4808.0,4817.0,234830,748855
2023-07-18 07:00:00,4817.0,4834.0,4813.5,4814.5,184075,559826
2023-07-18 08:00:00,4815.0,4830.0,4806.5,4811.5,120883,463988
2023-07-18 09:00:00,4812.0,4816.0,4806.5,4811.5,57802,246376
2023-07-18 10:00:00,4811.0,4823.5,4807.0,4823.5,46816,201671
2023-07-18 11:00:00,4823.0,4831.5,4820.5,4825.5,55376,240356
2023-07-18 12:00:00,4826.0,4829.0,4818.5,4823.0,34139,144589
2023-07-18 13:00:00,4823.0,4826.0,4818.0,4819.5,24807,108240
2023-07-18 14:00:00,4819.5,4826.0,4819.0,4824.5,19751,98233
2023-07-19 06:00:00,4827.0,4832.5,4815.5,4819.5,157101,498908
2023-07-19 07:00:00,4819.5,4822.0,4792.5,4797.5,151098,531599
2023-07-19 08:00:00,4797.0,4810.5,4794.5,4804.5,111655,398429
2023-07-19 09:00:00,4804.5,4813.0,4803.0,4812.0,53760,219284
2023-07-19 10:00:00,4812.5,4814.5,4807.0,4808.5,33500,132269
2023-07-19 11:00:00,4808.5,4811.0,4799.0,4803.0,40119,161144
2023-07-19 12:00:00,4803.0,4805.5,4791.0,4794.5,49533,191160
2023-07-19 13:00:00,4794.0,4796.0,4791.5,4795.0,23578,102145
2023-07-19 14:00:00,4795.0,4803.0,4793.0,4800.5,18428,86576
2023-07-20 06:00:00,4801.0,4811.0,4795.0,4798.0,148774,457638
2023-07-20 07:00:00,4798.5,4801.0,4779.0,4779.0,149536,498560
2023-07-20 08:00:00,4779.5,4819.5,4778.0,4810.0,155915,628637
2023-07-20 09:00:00,4810.0,4820.0,4803.5,4817.5,77820,311794
2023-07-20 10:00:00,4817.5,4819.0,4806.5,4817.5,46684,175921
2023-07-20 11:00:00,4818.0,4821.0,4807.0,4808.5,40280,187985
2023-07-20 12:00:00,4809.0,4815.0,4800.5,4814.0,51937,213066
2023-07-20 13:00:00,4814.0,4816.5,4807.5,4810.5,29648,112009
2023-07-20 14:00:00,4811.0,4814.5,4805.5,4805.5,17034,91158
2023-07-21 06:00:00,4828.0,4830.0,4781.5,4790.0,208378,707201
2023-07-21 07:00:00,4790.0,4791.0,4767.5,4771.0,140715,487905
2023-07-21 08:00:00,4771.5,4784.5,4769.5,4781.0,90880,316589
2023-07-21 09:00:00,4781.5,4784.0,4769.0,4776.0,50139,193493
2023-07-21 10:00:00,4775.5,4785.0,4774.0,4777.5,36071,178142
2023-07-21 11:00:00,4777.5,4782.5,4776.0,4776.5,25429,109356
2023-07-21 12:00:00,4777.0,4782.0,4774.0,4780.0,25862,111037
2023-07-21 13:00:00,4780.5,4788.0,4780.0,4786.5,28478,109636
2023-07-21 14:00:00,4786.5,4790.5,4780.0,4789.0,23063,98809
2023-07-24 06:00:00,4778.0,4788.5,4759.0,4764.0,170948,583177
2023-07-24 07:00:00,4764.0,4777.5,4761.0,4765.0,136545,472315
2023-07-24 08:00:00,4765.0,4767.5,4735.5,4742.5,143148,537363
2023-07-24 09:00:00,4742.5,4743.0,4729.0,4737.5,74929,320428
2023-07-24 10:00:00,4737.5,4740.0,4733.5,4737.0,35211,156795
2023-07-24 11:00:00,4737.0,4740.5,4732.5,4738.5,31193,126687
2023-07-24 12:00:00,4738.0,4741.5,4733.5,4738.0,36248,144813
2023-07-24 13:00:00,4738.5,4741.5,4736.5,4738.5,24157,151571
2023-07-24 14:00:00,4738.0,4741.5,4733.5,4735.0,23282,113779
2023-07-25 06:00:00,4731.0,4760.0,4722.5,4755.5,204795,690151
2023-07-25 07:00:00,4755.5,4764.5,4742.5,4755.5,144103,527371
2023-07-25 08:00:00,4755.5,4759.5,4732.5,4742.5,121450,471780
2023-07-25 09:00:00,4742.5,4752.5,4742.0,4748.0,54664,189021
2023-07-25 10:00:00,4748.0,4758.0,4743.0,4754.5,44438,163778
2023-07-25 11:00:00,4754.5,4756.0,4748.0,4749.0,34266,134506
2023-07-25 12:00:00,4749.5,4759.0,4747.5,4758.5,38395,182654
2023-07-25 13:00:00,4758.0,4758.5,4751.0,4754.5,29197,161516
2023-07-25 14:00:00,4754.5,4759.0,4752.0,4759.0,15599,79288
2023-07-26 06:00:00,4747.0,4758.0,4734.0,4746.5,153726,515538
2023-07-26 07:00:00,4746.0,4746.5,4731.0,4738.0,127348,435026
2023-07-26 08:00:00,4738.0,4744.0,4731.0,4734.5,67246,269662
2023-07-26 09:00:00,4734.5,4741.5,4734.0,4739.0,34840,162158
2023-07-26 10:00:00,4739.0,4743.0,4735.5,4736.0,29676,120105
2023-07-26 11:00:00,4736.0,4751.0,4735.5,4744.0,45067,254235
2023-07-26 12:00:00,4744.0,4752.0,4725.0,4729.0,120874,411619
2023-07-26 13:00:00,4729.0,4736.0,4727.5,4730.5,39760,167457
2023-07-26 14:00:00,4730.5,4742.0,4729.5,4739.0,17618,84400
2023-07-27 06:00:00,4726.5,4738.5,4713.0,4726.0,186764,592491
2023-07-27 07:00:00,4726.5,4736.5,4711.5,4722.0,168216,596521
2023-07-27 08:00:00,4722.0,4736.0,4722.0,4735.5,89392,387605
2023-07-27 09:00:00,4735.0,4736.5,4719.0,4721.5,57915,267374
2023-07-27 10:00:00,4721.0,4724.0,4716.5,4721.0,31128,120371
2023-07-27 11:00:00,4721.0,4728.5,4717.5,4721.5,55032,215388
2023-07-27 12:00:00,4721.5,4756.5,4721.0,4750.0,85399,383304
2023-07-27 13:00:00,4750.0,4761.5,4742.0,4761.0,52115,245145
2023-07-27 14:00:00,4761.0,4762.5,4745.5,4745.5,28161,123635
2023-07-28 06:00:00,4729.5,4732.0,4697.0,4712.5,209871,738753
2023-07-28 07:00:00,4712.5,4735.0,4712.5,4726.5,151357,558464
2023-07-28 08:00:00,4727.0,4730.0,4717.0,4721.5,83309,334946
2023-07-28 09:00:00,4722.0,4734.5,4721.0,4732.5,38089,158597
2023-07-28 10:00:00,4732.5,4744.0,4731.5,4732.5,50406,196042
2023-07-28 11:00:00,4732.5,4739.5,4727.0,4728.0,42852,171691
2023-07-28 12:00:00,4727.5,4738.0,4725.5,4730.5,39111,147567
2023-07-28 13:00:00,4730.0,4736.5,4728.0,4732.0,30493,157343
2023-07-28 14:00:00,4732.0,4736.5,4727.0,4736.5,15689,86740
2023-07-31 06:00:00,4761.0,4767.0,4741.5,4751.0,129722,435875
2023-07-31 07:00:00,4751.0,4777.0,4748.5,4773.0,131786,481289
2023-07-31 08:00:00,4773.0,4788.5,4766.0,4787.0,96662,396675
2023-07-31 09:00:00,4786.5,4788.0,4769.5,4770.5,50438,223024
2023-07-31 10:00:00,4770.5,4775.0,4769.0,4772.5,21743,94226
2023-07-31 11:00:00,4772.5,4774.0,4760.0,4763.0,35114,139562
2023-07-31 12:00:00,4763.5,4769.5,4757.5,4759.0,45308,197514
2023-07-31 13:00:00,4759.5,4761.0,4755.5,4757.0,30673,128835
2023-07-31 14:00:00,4757.0,4760.0,4753.0,4753.0,20038,102955
2023-08-01 06:00:00,4755.0,4800.5,4755.0,4793.5,173828,590663
2023-08-01 07:00:00,4793.5,4807.0,4791.5,4799.0,137618,478277
2023-08-01 08:00:00,4799.0,4810.0,4787.5,4801.5,124549,461790
2023-08-01 09:00:00,4801.5,4816.5,4799.0,4809.5,63922,256385
2023-08-01 10:00:00,4810.0,4820.5,4808.5,4817.0,49603,201265
2023-08-01 11:00:00,4817.0,4822.5,4815.5,4822.5,43853,192154
2023-08-01 12:00:00,4822.5,4827.5,4818.5,4822.0,50696,234760
2023-08-01 13:00:00,4822.0,4822.5,4816.0,4817.5,33955,156502
2023-08-01 14:00:00,4817.5,4822.0,4814.5,4820.0,28009,138129
2023-08-02 06:00:00,4827.0,4827.5,4807.0,4817.5,186818,598259
2023-08-02 07:00:00,4818.0,4837.5,4813.0,4835.0,134641,460741
2023-08-02 08:00:00,4835.0,4846.5,4826.5,4842.5,112299,431723
2023-08-02 09:00:00,4842.5,4848.0,4835.5,4839.5,58718,256937
2023-08-02 10:00:00,4839.5,4842.0,4828.5,4829.5,36762,155004
2023-08-02 11:00:00,4829.0,4833.0,4816.0,4832.0,67446,263302
2023-08-02 12:00:00,4832.0,4834.5,4828.0,4833.5,30993,122637
2023-08-02 13:00:00,4834.0,4835.0,4824.0,4830.5,37084,158527
2023-08-02 14:00:00,4830.5,4838.0,4829.0,4836.5,20494,102363
2023-08-03 06:00:00,4871.0,4898.5,4868.0,4892.0,254636,884804
2023-08-03 07:00:00,4891.5,4916.0,4889.5,4914.5,177339,661931
2023-08-03 08:00:00,4915.0,4924.0,4902.0,4910.0,133456,551994
2023-08-03 09:00:00,4910.0,4914.0,4898.0,4910.0,71401,283965
2023-08-03 10:00:00,4909.5,4911.0,4896.0,4901.0,38704,166068
2023-08-03 11:00:00,4900.5,4908.5,4899.5,4906.0,40285,163869
2023-08-03 12:00:00,4906.0,4913.5,4901.0,4912.5,38934,189993
2023-08-03 13:00:00,4912.5,4926.0,4908.0,4925.0,44793,209512
2023-08-03 14:00:00,4925.5,4948.0,4920.5,4945.0,46088,233188
2023-08-04 06:00:00,4945.0,4949.0,4893.5,4900.5,246657,862398
2023-08-04 07:00:00,4900.0,4904.0,4875.5,4896.5,152173,598550
2023-08-04 08:00:00,4896.0,4900.5,4872.5,4872.5,111826,421533
2023-08-04 09:00:00,4873.0,4880.5,4870.5,4879.5,48971,193905
2023-08-04 10:00:00,4879.5,4880.0,4872.0,4877.0,25828,106772
2023-08-04 11:00:00,4877.0,4881.0,4872.0,4880.5,33776,154368
2023-08-04 12:00:00,4880.5,4895.5,4880.0,4891.5,66675,277061
2023-08-04 13:00:00,4891.5,4900.0,4889.5,4899.0,34892,164134
2023-08-04 14:00:00,4899.0,4901.0,4887.5,4898.0,24164,99436
2023-08-07 06:00:00,4895.0,4918.5,4891.0,4908.0,134644,410599
2023-08-07 07:00:00,4908.5,4937.5,4907.5,4930.5,134748,486935
2023-08-07 08:00:00,4930.5,4936.5,4925.5,4935.5,71776,279676
2023-08-07 09:00:00,4935.5,4936.0,4919.5,4921.5,60134,245242
2023-08-07 10:00:00,4921.5,4933.5,4920.0,4932.0,35505,139556
2023-08-07 11:00:00,4932.5,4935.0,4922.5,4926.0,40436,167736
2023-08-07 12:00:00,4926.5,4926.5,4917.5,4919.5,36668,155263
2023-08-07 13:00:00,4919.5,4921.0,4916.5,4917.0,22845,136665
2023-08-07 14:00:00,4917.0,4925.0,4917.0,4923.5,20684,88081
2023-08-08 06:00:00,4954.5,4963.0,4940.0,4944.5,178995,583499
2023-08-08 07:00:00,4944.0,4950.5,4934.0,4946.0,145429,492925
2023-08-08 08:00:00,4946.5,4955.0,4939.0,4945.0,126453,495346
2023-08-08 09:00:00,4945.5,4947.5,4925.5,4932.0,76935,281988
2023-08-08 10:00:00,4931.5,4932.0,4922.0,4925.0,47992,187770
2023-08-08 11:00:00,4925.0,4927.5,4911.0,4916.5,66578,259269
2023-08-08 12:00:00,4916.0,4924.5,4914.0,4919.0,52892,206539
2023-08-08 13:00:00,4918.5,4921.0,4917.0,4918.5,24309,121452
2023-08-08 14:00:00,4918.5,4923.0,4916.0,4923.0,17909,78616
2023-08-09 06:00:00,4914.5,4926.0,4894.0,4916.5,209266,650548
2023-08-09 07:00:00,4917.0,4929.5,4905.5,4920.0,174820,566026
2023-08-09 08:00:00,4919.5,4929.0,4914.0,4925.0,100870,379577
2023-08-09 09:00:00,4924.5,4933.0,4918.5,4922.0,70094,290103
2023-08-09 10:00:00,4922.0,4928.5,4915.5,4924.5,44628,159466
2023-08-09 11:00:00,4924.5,4933.5,4916.0,4928.5,64325,300135
2023-08-09 12:00:00,4928.0,4936.0,4922.5,4924.0,50495,214937
2023-08-09 13:00:00,4923.5,4929.0,4923.0,4925.5,26611,110473
2023-08-09 14:00:00,4925.5,4927.0,4921.5,4922.0,18178,84774
2023-08-10 06:00:00,4909.5,4914.0,4875.5,4885.5,231355,764913
2023-08-10 07:00:00,4886.0,4893.5,4867.5,4869.0,155476,520423
2023-08-10 08:00:00,4869.0,4873.5,4862.5,4865.0,108895,417444
2023-08-10 09:00:00,4865.0,4868.0,4860.5,4865.5,51324,211495
2023-08-10 10:00:00,4865.5,4875.0,4863.5,4873.5,45570,186013
2023-08-10 11:00:00,4873.5,4890.0,4871.5,4889.0,69117,288380
2023-08-10 12:00:00,4889.5,4893.0,4886.0,4889.5,63934,267975
2023-08-10 13:00:00,4890.0,4904.5,4889.5,4902.5,45478,180027
2023-08-10 14:00:00,4902.5,4915.0,4900.0,4912.5,27939,133946
2023-08-11 06:00:00,4894.0,4922.5,4881.0,4920.0,215134,665748
2023-08-11 07:00:00,4920.0,4926.5,4911.0,4917.5,117836,393940
2023-08-11 08:00:00,4918.0,4921.5,4895.0,4899.5,139632,489514
2023-08-11 09:00:00,4899.0,4918.0,4894.0,4913.0,75770,278835
2023-08-11 10:00:00,4913.0,4918.0,4909.0,4913.5,44643,205112
2023-08-11 11:00:00,4913.0,4921.0,4910.5,4918.5,43518,174022
2023-08-11 12:00:00,4918.5,4921.0,4913.5,4920.5,33861,133059
2023-08-11 13:00:00,4920.0,4925.0,4916.5,4922.5,25338,96071
2023-08-11 14:00:00,4922.5,4928.5,4920.5,4926.0,24113,117257
2023-08-14 06:00:00,4932.0,4953.5,4928.5,4949.0,153117,486854
2023-08-14 07:00:00,4948.5,4981.5,4947.5,4973.5,170984,633614
2023-08-14 08:00:00,4974.0,4974.5,4963.5,4970.5,85506,345144
2023-08-14 09:00:00,4970.0,4979.0,4967.0,4972.5,63078,246855
2023-08-14 10:00:00,4972.5,4973.5,4962.5,4963.5,40423,161085
2023-08-14 11:00:00,4964.0,4971.0,4960.0,4968.0,46891,195362
2023-08-14 12:00:00,4968.0,4981.0,4967.5,4978.5,47822,213143
2023-08-14 13:00:00,4979.0,4988.5,4977.0,4982.5,53402,244797
2023-08-14 14:00:00,4983.0,4988.5,4978.5,4978.5,28519,136163
2023-08-15 06:00:00,4993.0,5010.0,4977.0,4990.0,254227,824845
2023-08-15 07:00:00,4990.0,5014.0,4975.0,5003.0,188325,641024
2023-08-15 08:00:00,5003.5,5011.0,4990.0,4997.0,126351,461545
2023-08-15 09:00:00,4997.0,4998.0,4988.0,4992.0,49763,199532
2023-08-15 10:00:00,4992.5,5010.0,4990.0,5006.5,49158,201690
2023-08-15 11:00:00,5006.5,5008.5,4997.0,4999.0,38197,176948
2023-08-15 12:00:00,4998.5,5007.5,4996.0,5007.0,41467,176834
2023-08-15 13:00:00,5006.5,5007.0,5001.0,5003.5,30527,139329
2023-08-15 14:00:00,5003.5,5005.5,4998.0,5001.5,17330,117235
2023-08-16 06:00:00,4990.5,4996.5,4977.5,4995.0,166403,504005
2023-08-16 07:00:00,4995.0,5007.0,4990.0,4999.5,165555,547210
2023-08-16 08:00:00,4999.0,5003.5,4983.0,4983.5,103045,376609
2023-08-16 09:00:00,4983.0,4984.5,4965.0,4981.5,98889,377296
2023-08-16 10:00:00,4981.0,4993.5,4979.0,4992.5,50010,234997
2023-08-16 11:00:00,4993.0,4997.5,4984.0,4986.0,57531,219765
2023-08-16 12:00:00,4986.0,5000.5,4977.5,4997.0,100429,364334
2023-08-16 13:00:00,4997.5,5003.5,4992.5,5001.5,49999,205190
2023-08-16 14:00:00,5001.5,5007.0,4999.0,5003.0,18037,153215
2023-08-17 06:00:00,4987.0,4999.0,4976.0,4993.0,187770,572914
2023-08-17 07:00:00,4992.5,4997.0,4973.5,4985.5,156611,497574
2023-08-17 08:00:00,4985.5,5011.5,4982.5,4999.0,131317,455764
2023-08-17 09:00:00,4999.0,5006.5,4988.5,4998.5,80616,298393
2023-08-17 10:00:00,4999.0,5002.0,4986.0,4987.5,53326,184779
2023-08-17 11:00:00,4987.5,5005.5,4986.0,4997.5,62869,260765
2023-08-17 12:00:00,4997.5,5010.0,4996.5,5002.5,51898,194342
2023-08-17 13:00:00,5003.0,5004.0,4993.0,4995.5,43809,149274
2023-08-17 14:00:00,4995.5,4999.5,4989.5,4991.0,16525,95372
2023-08-18 06:00:00,4992.5,5014.5,4987.5,5001.0,187456,565112
2023-08-18 07:00:00,5001.0,5012.5,4986.0,4988.5,179917,558620
2023-08-18 08:00:00,4988.5,4992.0,4972.5,4973.0,111078,387913
2023-08-18 09:00:00,4973.0,4979.5,4970.0,4978.5,65416,273942
2023-08-18 10:00:00,4978.5,4980.5,4970.0,4975.5,43926,197036
2023-08-18 11:00:00,4976.0,4984.0,4974.0,4978.5,41211,143983
2023-08-18 12:00:00,4978.5,4983.5,4976.0,4982.0,29985,112205
2023-08-18 13:00:00,4982.5,4984.0,4978.5,4980.0,22237,88228
2023-08-18 14:00:00,4980.0,4984.5,4978.0,4982.0,18112,92887
2023-08-21 06:00:00,4980.0,4987.0,4969.0,4982.5,138531,424758
2023-08-21 07:00:00,4982.5,5005.5,4978.0,4998.0,145285,472433
2023-08-21 08:00:00,4997.5,5007.5,4993.0,5001.0,107993,370284
2023-08-21 09:00:00,5000.5,5005.0,4995.5,4998.0,48182,189127
2023-08-21 10:00:00,4998.0,4998.5,4990.5,4992.5,43111,168667
2023-08-21 11:00:00,4992.5,4999.0,4992.0,4997.5,32206,115983
2023-08-21 12:00:00,4998.0,4998.5,4987.5,4991.0,36424,137165
2023-08-21 13:00:00,4991.5,4992.5,4987.5,4989.0,25781,83552
2023-08-21 14:00:00,4989.5,4995.5,4988.0,4992.0,19788,86951
2023-08-22 06:00:00,4975.0,4975.0,4952.5,4963.5,190180,617729
2023-08-22 07:00:00,4963.0,4974.5,4953.5,4963.5,160853,522906
2023-08-22 08:00:00,4964.0,4964.5,4935.5,4936.5,145071,541880
2023-08-22 09:00:00,4937.0,4948.0,4934.5,4947.0,56789,217567
2023-08-22 10:00:00,4947.0,4949.0,4943.5,4946.0,30307,117090
2023-08-22 11:00:00,4946.5,4950.5,4940.0,4941.5,40140,145320
2023-08-22 12:00:00,4941.5,4944.5,4937.5,4944.0,31357,118789
2023-08-22 13:00:00,4943.5,4949.0,4941.5,4949.0,24250,97624
2023-08-22 14:00:00,4948.5,4949.5,4944.0,4948.5,19079,88304
2023-08-23 06:00:00,4935.0,4949.0,4932.5,4943.0,141193,455827
2023-08-23 07:00:00,4943.5,4945.5,4901.5,4905.5,210113,769758
2023-08-23 08:00:00,4905.5,4910.0,4891.0,4895.5,116448,485704
2023-08-23 09:00:00,4895.5,4897.5,4886.0,4886.5,61718,280799
2023-08-23 10:00:00,4886.0,4887.0,4865.5,4868.5,84223,383342
2023-08-23 11:00:00,4869.0,4873.0,4866.0,4870.0,41824,171433
2023-08-23 12:00:00,4870.0,4876.5,4867.0,4868.0,44901,190970
2023-08-23 13:00:00,4868.0,4868.5,4858.0,4863.5,49457,222745
2023-08-23 14:00:00,4863.5,4866.0,4853.0,4865.0,43576,193410
2023-08-24 06:00:00,4879.0,4890.0,4872.5,4886.5,154079,507663
2023-08-24 07:00:00,4886.0,4894.0,4866.0,4868.0,164838,559986
2023-08-24 08:00:00,4868.0,4880.0,4862.0,4879.5,115554,400446
2023-08-24 09:00:00,4879.5,4891.5,4877.5,4891.0,67005,275400
2023-08-24 10:00:00,4891.0,4892.5,4881.0,4882.0,45294,189860
2023-08-24 11:00:00,4881.5,4885.5,4876.0,4876.0,41153,155267
2023-08-24 12:00:00,4876.0,4884.5,4875.0,4877.5,36187,142198
2023-08-24 13:00:00,4877.5,4887.0,4876.0,4886.5,30235,123186
2023-08-24 14:00:00,4886.5,4893.0,4886.0,4890.0,20096,111248
2023-08-25 06:00:00,4887.0,4888.5,4863.0,4876.5,165531,527828
2023-08-25 07:00:00,4876.5,4896.0,4873.5,4884.5,129890,453673
2023-08-25 08:00:00,4885.0,4906.5,4869.5,4897.0,208964,756977
2023-08-25 09:00:00,4896.5,4897.0,4881.0,4882.5,82061,329261
2023-08-25 10:00:00,4882.5,4885.0,4874.0,4877.0,48237,182549
2023-08-25 11:00:00,4877.5,4883.0,4873.0,4879.5,42753,145998
2023-08-25 12:00:00,4879.5,4882.5,4868.0,4869.0,46065,194145
2023-08-25 13:00:00,4869.0,4882.5,4868.0,4880.5,34146,150928
2023-08-25 14:00:00,4880.0,4886.0,4877.0,4877.0,21940,105098
2023-08-28 06:00:00,4880.5,4893.5,4869.0,4884.0,113835,328039
2023-08-28 07:00:00,4883.5,4903.5,4882.0,4898.0,114133,333917
2023-08-28 08:00:00,4897.5,4906.0,4892.5,4903.5,95532,299867
2023-08-28 09:00:00,4903.0,4905.0,4896.0,4897.0,41589,141093
2023-08-28 10:00:00,4897.0,4909.5,4896.0,4908.5,45573,167539
2023-08-28 11:00:00,4908.5,4915.0,4903.5,4906.0,59556,237427
2023-08-28 12:00:00,4906.0,4907.0,4879.0,4881.0,82339,341456
2023-08-28 13:00:00,4881.0,4883.5,4876.5,4878.5,39176,155437
2023-08-28 14:00:00,4879.0,4881.0,4876.0,4878.5,18698,84720
2023-08-29 06:00:00,4883.0,4901.5,4879.0,4889.5,154649,465958
2023-08-29 07:00:00,4889.0,4905.0,4882.5,4897.5,157237,530485
2023-08-29 08:00:00,4898.0,4899.0,4861.0,4875.5,206935,739868
2023-08-29 09:00:00,4876.0,4878.0,4853.0,4860.5,93407,355307
2023-08-29 10:00:00,4861.0,4878.0,4859.5,4864.5,78407,302912
2023-08-29 11:00:00,4865.0,4871.0,4860.5,4866.0,50668,247859
2023-08-29 12:00:00,4865.5,4868.5,4857.0,4857.5,38079,193603
2023-08-29 13:00:00,4858.0,4862.0,4852.0,4857.5,43491,237887
2023-08-29 14:00:00,4858.0,4860.5,4854.0,4857.5,19040,82542
2023-08-30 06:00:00,4862.0,4863.0,4844.0,4856.5,166770,544394
2023-08-30 07:00:00,4856.5,4873.0,4850.5,4864.5,143247,491848
2023-08-30 08:00:00,4865.0,4884.5,4864.0,4879.5,99483,387335
2023-08-30 09:00:00,4879.5,4884.0,4861.5,4862.0,80048,355432
2023-08-30 10:00:00,4861.5,4865.0,4857.0,4863.5,47566,200843
2023-08-30 11:00:00,4864.0,4865.5,4857.0,4861.0,38700,172370
2023-08-30 12:00:00,4861.0,4874.5,4860.0,4865.0,49991,299456
2023-08-30 13:00:00,4865.0,4873.5,4863.5,4870.5,35310,194103
2023-08-30 14:00:00,4870.5,4895.0,4870.0,4895.0,37678,185578
2023-08-31 06:00:00,4903.5,4906.5,4885.0,4901.5,151703,486239
2023-08-31 07:00:00,4901.0,4947.5,4900.0,4946.0,196281,794341
2023-08-31 08:00:00,4946.5,4978.0,4945.5,4970.5,176456,810929
2023-08-31 09:00:00,4970.5,4982.0,4953.0,4954.0,121248,561524
2023-08-31 10:00:00,4953.5,4968.5,4953.0,4959.5,53965,247533
2023-08-31 11:00:00,4959.5,4975.0,4957.0,4969.5,54512,278846
2023-08-31 12:00:00,4969.5,4974.5,4954.0,4972.5,74025,328723
2023-08-31 13:00:00,4972.5,4977.0,4967.0,4972.5,45940,209729
2023-08-31 14:00:00,4972.5,4981.5,4969.5,4974.5,30983,216296
2023-09-01 06:00:00,4962.0,4963.0,4921.0,4930.0,237485,796621
2023-09-01 07:00:00,4930.0,4944.5,4920.0,4939.0,168617,559310
2023-09-01 08:00:00,4939.0,4960.0,4931.5,4955.0,142816,491973
2023-09-01 09:00:00,4954.5,4967.0,4954.5,4963.5,63396,228662
2023-09-01 10:00:00,4963.5,4968.0,4953.0,4956.0,64614,237166
2023-09-01 11:00:00,4956.0,4958.5,4953.0,4955.5,28191,114691
2023-09-01 12:00:00,4955.0,4959.5,4952.0,4957.5,43026,161153
2023-09-01 13:00:00,4957.5,4961.0,4955.5,4959.0,28865,103723
2023-09-01 14:00:00,4959.0,4972.0,4958.0,4967.5,23028,150549
2023-09-04 06:00:00,4955.0,4963.0,4946.0,4957.0,101483,335183
2023-09-04 07:00:00,4957.0,4958.5,4934.0,4939.0,110559,354372
2023-09-04 08:00:00,4939.5,4949.5,4932.5,4934.0,89983,307003
2023-09-04 09:00:00,4934.0,4936.0,4927.5,4929.5,40669,164110
2023-09-04 10:00:00,4929.5,4935.5,4928.5,4932.5,23255,86571
2023-09-04 11:00:00,4933.0,4942.5,4928.5,4941.5,32189,130325
2023-09-04 12:00:00,4941.5,4956.0,4940.0,4953.5,39105,171791
2023-09-04 13:00:00,4954.0,4955.5,4951.5,4954.5,14052,56926
2023-09-04 14:00:00,4954.5,4960.0,4953.5,4959.0,17589,102533
2023-09-05 06:00:00,4982.0,4991.5,4974.0,4983.5,182155,615159
2023-09-05 07:00:00,4984.0,4999.5,4983.0,4997.5,134327,474505
2023-09-05 08:00:00,4997.5,5000.0,4992.0,4995.5,88813,313142
2023-09-05 09:00:00,4995.5,4996.0,4983.0,4983.5,73794,296130
2023-09-05 10:00:00,4984.0,4987.5,4977.0,4979.5,52451,207482
2023-09-05 11:00:00,4980.0,4993.0,4979.5,4989.0,51817,207808
2023-09-05 12:00:00,4989.0,5000.0,4985.5,4998.0,44540,188866
2023-09-05 13:00:00,4998.0,5005.0,4993.5,4994.5,50156,236563
2023-09-05 14:00:00,4995.0,4996.0,4985.0,4987.5,21192,100557
2023-09-06 06:00:00,4994.0,5014.0,4994.0,5010.5,143008,514198
2023-09-06 07:00:00,5010.5,5012.5,4973.0,4978.5,184062,666717
2023-09-06 08:00:00,4978.0,4995.5,4975.0,4995.5,157082,574443
2023-09-06 09:00:00,4995.5,4997.0,4988.0,4989.5,51484,195181
2023-09-06 10:00:00,4989.5,4999.0,4985.0,4997.5,47259,189456
2023-09-06 11:00:00,4997.0,4998.0,4988.5,4990.0,41314,168237
2023-09-06 12:00:00,4990.0,5007.0,4988.0,5006.0,55814,221968
2023-09-06 13:00:00,5006.0,5009.0,5002.5,5002.5,35471,170623
2023-09-06 14:00:00,5002.5,5003.0,4992.0,4999.0,23361,116357
2023-09-08 06:00:00,5001.5,5001.5,4983.0,4997.0,130293,415518
2023-09-08 07:00:00,4996.5,5011.5,4994.5,5005.5,115029,362477
2023-09-08 08:00:00,5006.0,5009.0,4994.5,5008.5,97768,349135
2023-09-08 09:00:00,5009.0,5010.0,4992.5,4994.5,57489,221931
2023-09-08 10:00:00,4994.5,5001.5,4990.5,4998.0,46694,171820
2023-09-08 11:00:00,4997.5,5001.0,4991.5,4991.5,38016,153080
2023-09-08 12:00:00,4992.0,5002.5,4990.0,5001.0,32135,134860
2023-09-08 13:00:00,5001.0,5002.5,4998.0,4999.5,20413,77100
2023-09-08 14:00:00,4999.0,5007.0,4997.5,5005.0,17054,71109
2023-09-11 06:00:00,4977.0,4987.5,4963.0,4966.0,148622,489943
2023-09-11 07:00:00,4966.5,4966.5,4946.0,4949.0,138138,504318
2023-09-11 08:00:00,4949.5,4955.0,4944.0,4952.0,75828,305613
2023-09-11 09:00:00,4952.0,4955.5,4949.5,4950.5,42353,187541
2023-09-11 10:00:00,4950.5,4951.0,4940.5,4942.5,59124,257104
2023-09-11 11:00:00,4942.0,4950.5,4935.5,4949.5,58232,280179
2023-09-11 12:00:00,4949.5,4952.0,4944.5,4947.0,39870,171394
2023-09-11 13:00:00,4947.0,4951.5,4945.5,4945.5,25444,115853
2023-09-11 14:00:00,4945.5,4948.0,4941.0,4944.0,24884,126380
2023-09-12 06:00:00,4958.0,4969.0,4948.0,4966.0,154470,541733
2023-09-12 07:00:00,4966.5,4981.0,4964.5,4969.0,129153,441039
2023-09-12 08:00:00,4968.5,4974.5,4961.5,4965.5,83931,280065
2023-09-12 09:00:00,4965.5,4966.5,4955.0,4956.5,52560,207674
2023-09-12 10:00:00,4957.0,4962.0,4955.0,4960.5,34134,132031
2023-09-12 11:00:00,4960.5,4965.5,4954.5,4962.5,46588,179180
2023-09-12 12:00:00,4962.0,4965.0,4957.0,4963.0,38410,144000
2023-09-12 13:00:00,4962.5,4969.5,4960.0,4967.0,26592,119144
2023-09-12 14:00:00,4966.5,4968.5,4960.0,4960.5,18064,83194
2023-09-13 06:00:00,4967.5,4979.0,4940.0,4946.5,225503,766996
2023-09-13 07:00:00,4946.5,4953.0,4928.0,4929.5,158406,566050
2023-09-13 08:00:00,4930.0,4935.0,4906.0,4917.5,134393,580503
2023-09-13 09:00:00,4917.5,4923.5,4914.0,4917.5,52303,234956
2023-09-13 10:00:00,4917.5,4922.0,4914.5,4921.0,32882,147916
2023-09-13 11:00:00,4920.5,4927.0,4918.0,4925.5,35459,157044
2023-09-13 12:00:00,4926.0,4929.5,4919.0,4924.5,45052,204968
2023-09-13 13:00:00,4925.0,4929.0,4924.5,4927.0,23887,101180
2023-09-13 14:00:00,4927.0,4929.5,4924.0,4928.0,15269,77861
2023-09-14 06:00:00,4929.5,4934.0,4897.5,4899.5,244278,845098
2023-09-14 07:00:00,4899.5,4900.0,4883.5,4889.0,157375,590906
2023-09-14 08:00:00,4889.0,4906.5,4878.0,4884.0,131118,518063
2023-09-14 09:00:00,4884.0,4887.0,4878.0,4880.0,50897,253599
2023-09-14 10:00:00,4879.5,4882.0,4874.0,4881.0,46266,213774
2023-09-14 11:00:00,4881.0,4891.5,4879.0,4886.0,41323,178704
2023-09-14 12:00:00,4886.5,4889.5,4882.5,4887.0,38200,148244
2023-09-14 13:00:00,4887.0,4888.0,4883.0,4884.0,22173,97599
2023-09-14 14:00:00,4884.0,4885.0,4880.0,4880.0,18869,80914
2023-09-15 06:00:00,4877.5,4888.5,4870.0,4876.5,157879,559681
2023-09-15 07:00:00,4877.0,4890.0,4870.0,4885.5,147660,529702
2023-09-15 08:00:00,4885.0,4885.0,4870.0,4881.0,120840,484785
2023-09-15 09:00:00,4881.0,4885.0,4871.5,4879.0,63303,296407
2023-09-15 10:00:00,4878.5,4882.5,4874.0,4879.0,34711,143955
2023-09-15 11:00:00,4879.5,4883.5,4873.5,4877.0,38731,159343
2023-09-15 12:00:00,4877.0,4881.0,4875.0,4878.5,25877,102783
2023-09-15 13:00:00,4879.0,4883.0,4878.0,4882.0,25845,112447
2023-09-15 14:00:00,4882.0,4885.0,4872.5,4880.0,18954,108356
2023-09-18 06:00:00,4884.0,4887.5,4862.5,4865.5,151614,522874
2023-09-18 07:00:00,4865.5,4873.5,4859.0,4868.5,120619,465588
2023-09-18 08:00:00,4868.5,4873.0,4853.5,4858.5,104590,431727
2023-09-18 09:00:00,4859.0,4861.0,4854.0,4857.0,36887,219512
2023-09-18 10:00:00,4856.5,4859.0,4852.5,4857.5,33986,145895
2023-09-18 11:00:00,4857.5,4859.0,4850.5,4853.0,32453,154264
2023-09-18 12:00:00,4853.0,4860.5,4850.5,4860.0,37891,174567
2023-09-18 13:00:00,4859.5,4866.5,4858.5,4865.0,31150,150367
2023-09-18 14:00:00,4864.5,4867.0,4860.5,4866.5,18994,86845
2023-09-19 06:00:00,4855.5,4866.0,4848.0,4858.0,156058,537201
2023-09-19 07:00:00,4858.5,4868.0,4855.5,4860.5,123829,425663
2023-09-19 08:00:00,4861.0,4872.0,4860.5,4866.0,91787,356058
2023-09-19 09:00:00,4866.0,4869.0,4862.5,4867.0,40750,155502
2023-09-19 10:00:00,4867.0,4874.5,4864.5,4872.5,42352,184327
2023-09-19 11:00:00,4872.5,4875.0,4869.0,4874.5,41433,200591
2023-09-19 12:00:00,4875.0,4883.5,4873.0,4881.5,48330,260164
2023-09-19 13:00:00,4881.5,4882.5,4877.5,4880.5,30004,153756
2023-09-19 14:00:00,4880.5,4881.5,4874.0,4875.5,17764,98406
2023-09-20 06:00:00,4865.0,4866.5,4854.5,4857.5,114392,394291
2023-09-20 07:00:00,4857.0,4859.0,4848.5,4853.0,112928,427020
2023-09-20 08:00:00,4853.0,4859.0,4850.5,4853.0,69121,284631
2023-09-20 09:00:00,4853.5,4857.0,4849.5,4854.0,47536,192804
2023-09-20 10:00:00,4854.0,4856.5,4850.0,4850.0,30955,130990
2023-09-20 11:00:00,4850.5,4865.5,4850.0,4860.0,55124,288611
2023-09-20 12:00:00,4860.0,4876.0,4853.0,4871.5,154433,625781
2023-09-20 13:00:00,4872.0,4886.5,4868.5,4886.0,65694,283937
2023-09-20 14:00:00,4885.5,4889.0,4879.5,4886.5,30134,158304
2023-09-21 06:00:00,4902.0,4941.0,4897.0,4928.5,198277,761187
2023-09-21 07:00:00,4928.5,4940.0,4926.0,4940.0,140412,562341
2023-09-21 08:00:00,4940.0,4940.0,4912.5,4922.5,123301,536545
2023-09-21 09:00:00,4922.5,4929.5,4914.5,4928.5,64135,280452
2023-09-21 10:00:00,4928.5,4932.0,4927.0,4930.5,38493,150323
2023-09-21 11:00:00,4930.5,4931.5,4922.0,4930.0,46249,206203
2023-09-21 12:00:00,4930.0,4940.0,4928.0,4936.0,55766,258275
2023-09-21 13:00:00,4936.0,4942.5,4934.0,4941.0,41328,242701
2023-09-21 14:00:00,4941.0,4945.5,4937.5,4943.0,27274,147141
2023-09-22 06:00:00,4920.0,4928.0,4913.0,4918.5,130862,470189
2023-09-22 07:00:00,4918.0,4936.0,4917.5,4923.5,115876,428512
2023-09-22 08:00:00,4923.0,4927.5,4908.5,4919.5,125347,520847
2023-09-22 09:00:00,4919.0,4927.0,4917.0,4919.0,40554,174843
2023-09-22 10:00:00,4919.5,4930.0,4919.0,4930.0,38543,162972
2023-09-22 11:00:00,4930.0,4935.0,4927.5,4932.0,41778,176164
2023-09-22 12:00:00,4932.0,4938.0,4928.0,4934.5,46572,203292
2023-09-22 13:00:00,4934.5,4938.0,4931.5,4937.5,24225,171198
2023-09-22 14:00:00,4937.0,4942.5,4936.0,4940.5,16457,132931
2023-09-25 06:00:00,4949.0,4958.0,4940.5,4956.0,128923,449835
2023-09-25 07:00:00,4956.0,4972.5,4951.5,4961.5,124955,497025
2023-09-25 08:00:00,4962.0,4968.5,4954.5,4967.5,99996,386737
2023-09-25 09:00:00,4967.5,4970.5,4961.5,4967.0,48343,189711
2023-09-25 10:00:00,4967.0,4978.0,4966.0,4976.0,49114,194859
2023-09-25 11:00:00,4976.0,4976.5,4963.0,4966.0,43979,196947
2023-09-25 12:00:00,4966.0,4976.0,4964.5,4975.5,39872,167123
2023-09-25 13:00:00,4975.5,4976.5,4968.5,4969.0,31555,126017
2023-09-25 14:00:00,4969.5,4973.0,4964.5,4972.0,19353,140360
2023-09-26 06:00:00,4977.0,4985.5,4954.0,4957.5,179276,614985
2023-09-26 07:00:00,4958.0,4979.0,4957.5,4967.5,175689,663432
2023-09-26 08:00:00,4967.5,4972.0,4961.0,4966.0,98779,401718
2023-09-26 09:00:00,4966.0,4987.5,4965.5,4985.5,83951,387150
2023-09-26 10:00:00,4986.0,4988.0,4981.5,4984.5,46542,237955
2023-09-26 11:00:00,4984.5,4989.0,4975.5,4976.5,61576,296729
2023-09-26 12:00:00,4976.5,4990.0,4976.0,4988.0,49443,222073
2023-09-26 13:00:00,4988.0,4995.0,4983.0,4990.0,48284,233383
2023-09-26 14:00:00,4990.0,4996.0,4984.5,4989.5,26757,176565
2023-09-27 06:00:00,4987.0,5018.0,4987.0,5008.0,195023,745977
2023-09-27 07:00:00,5007.5,5021.0,4996.5,5020.0,157372,627359
2023-09-27 08:00:00,5020.5,5031.0,5016.5,5030.5,116554,544988
2023-09-27 09:00:00,5030.5,5058.0,5024.5,5056.5,125696,589906
2023-09-27 10:00:00,5057.0,5058.5,5048.0,5053.0,67869,333051
2023-09-27 11:00:00,5053.5,5079.5,5049.5,5072.0,116317,600547
2023-09-27 12:00:00,5071.5,5074.5,5045.5,5058.5,92776,500811
2023-09-27 13:00:00,5058.0,5058.5,5045.5,5046.0,48143,223888
2023-09-27 14:00:00,5046.0,5052.0,5042.0,5044.0,26053,138536
2023-09-28 06:00:00,5040.0,5062.0,5015.5,5059.0,256235,879045
2023-09-28 07:00:00,5059.0,5070.5,5047.5,5060.0,177725,604530
2023-09-28 08:00:00,5060.5,5063.0,5046.0,5046.5,133907,567122
2023-09-28 09:00:00,5046.5,5056.5,5032.0,5037.0,112410,535184
2023-09-28 10:00:00,5037.5,5054.0,5036.0,5049.5,61487,336346
2023-09-28 11:00:00,5050.0,5052.5,5039.5,5047.0,56636,283197
2023-09-28 12:00:00,5047.0,5053.0,5043.0,5051.5,46324,221076
2023-09-28 13:00:00,5051.5,5052.5,5036.5,5040.0,47305,224246
2023-09-28 14:00:00,5040.0,5041.5,5030.5,5034.5,29714,155485
2023-09-29 06:00:00,5038.5,5038.5,5013.5,5019.5,184127,691991
2023-09-29 07:00:00,5020.0,5041.0,5019.0,5030.0,137279,530082
2023-09-29 08:00:00,5029.5,5050.5,5023.0,5028.0,130646,573325
2023-09-29 09:00:00,5027.5,5033.0,5009.5,5024.5,104944,489636
2023-09-29 10:00:00,5024.0,5036.5,5023.5,5031.0,58649,241846
2023-09-29 11:00:00,5031.0,5042.5,5030.0,5038.0,53746,213002
2023-09-29 12:00:00,5038.0,5057.0,5029.5,5046.0,78736,397106
2023-09-29 13:00:00,5046.0,5051.5,5042.5,5048.0,47378,200901
2023-09-29 14:00:00,5048.5,5057.0,5045.0,5057.0,22358,168156
2023-10-02 06:00:00,5088.0,5089.5,5057.5,5072.0,147762,556712
2023-10-02 07:00:00,5071.5,5087.5,5070.0,5085.0,136703,513182
2023-10-02 08:00:00,5085.5,5094.5,5073.5,5093.0,150664,564197
2023-10-02 09:00:00,5093.0,5098.0,5077.5,5097.0,93172,397329
2023-10-02 10:00:00,5096.5,5100.0,5091.0,5092.5,55632,270382
2023-10-02 11:00:00,5092.5,5093.0,5081.0,5090.5,49580,212019
2023-10-02 12:00:00,5090.0,5097.5,5086.0,5097.0,58277,286771
2023-10-02 13:00:00,5097.0,5097.5,5086.0,5087.5,41149,185845
2023-10-02 14:00:00,5087.0,5088.0,5076.0,5083.0,30046,190703
2023-10-03 06:00:00,5099.0,5118.5,5095.5,5109.0,201404,743655
2023-10-03 07:00:00,5109.0,5110.0,5090.0,5093.5,148070,530218
2023-10-03 08:00:00,5093.0,5151.5,5092.5,5150.0,282991,1137302
2023-10-03 09:00:00,5150.5,5157.0,5146.0,5155.0,111544,473861
2023-10-03 10:00:00,5155.0,5156.5,5145.5,5151.0,64404,298891
2023-10-03 11:00:00,5151.5,5156.0,5146.5,5154.5,55537,255372
2023-10-03 12:00:00,5155.0,5178.5,5152.0,5168.5,99678,498234
2023-10-03 13:00:00,5168.5,5180.0,5164.5,5174.5,63420,323464
2023-10-03 14:00:00,5174.5,5192.5,5170.0,5187.5,45273,276195
2023-10-04 06:00:00,5162.0,5166.0,5142.5,5149.0,220277,819309
2023-10-04 07:00:00,5149.5,5185.0,5148.0,5180.0,184446,654949
2023-10-04 08:00:00,5180.0,5197.0,5173.0,5182.5,179634,737710
2023-10-04 09:00:00,5182.5,5186.5,5154.0,5155.0,115438,522306
2023-10-04 10:00:00,5155.0,5159.0,5143.0,5154.5,84554,348236
2023-10-04 11:00:00,5154.0,5169.0,5153.5,5168.5,71171,290877
2023-10-04 12:00:00,5168.5,5177.0,5165.5,5168.5,65512,278382
2023-10-04 13:00:00,5168.5,5172.0,5161.5,5171.5,49560,230012
2023-10-04 14:00:00,5171.5,5180.5,5169.0,5173.0,32352,152021
2023-10-05 06:00:00,5185.0,5198.5,5175.0,5179.0,207783,677059
2023-10-05 07:00:00,5178.5,5184.5,5167.5,5174.0,166761,601783
2023-10-05 08:00:00,5173.5,5199.5,5173.0,5194.0,161437,618590
2023-10-05 09:00:00,5194.5,5206.0,5190.5,5198.5,117318,491295
2023-10-05 10:00:00,5198.5,5200.5,5188.0,5194.0,60798,244974
2023-10-05 11:00:00,5193.5,5198.0,5183.0,5186.5,63716,251093
2023-10-05 12:00:00,5187.0,5191.5,5183.0,5186.0,43818,168328
2023-10-05 13:00:00,5186.0,5193.5,5184.5,5186.5,38029,158040
2023-10-05 14:00:00,5186.5,5188.5,5181.0,5185.0,22164,107210
2023-10-06 06:00:00,5181.5,5237.0,5178.5,5228.0,290783,1011439
2023-10-06 07:00:00,5228.5,5234.0,5212.5,5230.5,206775,716798
2023-10-06 08:00:00,5231.0,5232.0,5194.5,5203.5,154627,581467
2023-10-06 09:00:00,5204.0,5206.5,5162.5,5170.0,170480,648232
2023-10-06 10:00:00,5170.0,5185.0,5168.0,5178.5,80430,302309
2023-10-06 11:00:00,5178.5,5179.0,5165.0,5172.0,59666,264785
2023-10-06 12:00:00,5172.0,5177.5,5166.5,5174.5,53529,237897
2023-10-06 13:00:00,5174.5,5181.5,5173.0,5178.0,42901,165462
2023-10-06 14:00:00,5178.0,5179.0,5160.5,5163.0,20690,105631
2023-10-09 06:00:00,5192.0,5199.5,5168.5,5184.0,170540,565349
2023-10-09 07:00:00,5183.5,5186.5,5173.0,5177.5,130819,467074
2023-10-09 08:00:00,5177.5,5190.0,5174.0,5188.5,97752,366433
2023-10-09 09:00:00,5189.0,5190.5,5181.0,5183.0,50634,202924
2023-10-09 10:00:00,5183.0,5188.5,5179.5,5186.0,36075,132301
2023-10-09 11:00:00,5185.5,5189.5,5143.5,5145.0,103911,417067
2023-10-09 12:00:00,5144.5,5150.0,5138.0,5148.0,71396,268642
2023-10-09 13:00:00,5148.0,5155.5,5145.0,5146.5,41687,171238
2023-10-09 14:00:00,5146.5,5154.5,5145.5,5152.5,21195,97683
2023-10-10 06:00:00,5155.0,5157.0,5116.5,5121.5,201864,698095
2023-10-10 07:00:00,5122.0,5126.5,5108.0,5109.5,163609,587314
2023-10-10 08:00:00,5109.5,5110.0,5084.0,5092.0,152466,637999
2023-10-10 09:00:00,5092.5,5096.0,5078.5,5083.5,86849,409649
2023-10-10 10:00:00,5083.0,5091.5,5081.5,5088.0,53905,219358
2023-10-10 11:00:00,5088.0,5095.0,5083.5,5089.0,69498,284755
2023-10-10 12:00:00,5089.0,5090.5,5076.0,5081.0,56565,227729
2023-10-10 13:00:00,5080.5,5082.0,5070.0,5071.0,45793,219671
2023-10-10 14:00:00,5071.5,5073.0,5063.0,5071.0,33226,174463
2023-10-11 06:00:00,5058.0,5068.0,5044.5,5046.0,226735,811989
2023-10-11 07:00:00,5045.5,5073.5,5043.5,5069.5,197420,689891
2023-10-11 08:00:00,5069.5,5077.0,5062.0,5066.5,119404,474281
2023-10-11 09:00:00,5066.0,5071.5,5060.5,5066.5,65506,278945
2023-10-11 10:00:00,5066.5,5082.5,5065.5,5077.0,67919,289816
2023-10-11 11:00:00,5077.0,5086.5,5072.0,5076.5,63059,251611
2023-10-11 12:00:00,5076.5,5078.0,5063.5,5073.5,62926,259148
2023-10-11 13:00:00,5073.5,5074.0,5063.0,5065.5,32722,159936
2023-10-11 14:00:00,5065.5,5071.0,5060.0,5063.5,21447,109737
2023-10-13 06:00:00,5080.5,5088.0,5061.0,5065.0,164166,585236
2023-10-13 07:00:00,5065.5,5077.5,5058.5,5061.5,139855,476966
2023-10-13 08:00:00,5062.0,5083.5,5062.0,5079.0,125245,458879
2023-10-13 09:00:00,5079.0,5095.5,5078.0,5088.0,77834,319275
2023-10-13 10:00:00,5088.5,5089.5,5082.0,5086.5,45413,173308
2023-10-13 11:00:00,5086.5,5105.0,5085.0,5103.5,68639,284583
2023-10-13 12:00:00,5103.5,5116.0,5101.0,5110.5,60588,269048
2023-10-13 13:00:00,5111.0,5111.0,5100.5,5102.0,42952,179133
2023-10-13 14:00:00,5101.5,5102.5,5087.0,5093.0,21253,98469
2023-10-16 06:00:00,5066.0,5084.0,5063.0,5080.0,151833,507334
2023-10-16 07:00:00,5080.0,5083.5,5069.0,5080.0,131975,425844
2023-10-16 08:00:00,5080.0,5081.0,5060.5,5066.0,100164,338483
2023-10-16 09:00:00,5065.5,5072.5,5063.5,5070.0,51365,210644
2023-10-16 10:00:00,5069.5,5074.5,5067.0,5067.5,37362,133083
2023-10-16 11:00:00,5067.5,5074.5,5059.5,5060.0,57854,216193
2023-10-16 12:00:00,5060.0,5062.5,5047.5,5050.5,63648,264623
2023-10-16 13:00:00,5050.5,5055.0,5045.0,5047.5,43130,217379
2023-10-16 14:00:00,5047.5,5055.0,5044.5,5052.0,26174,137732
2023-10-17 06:00:00,5060.0,5073.5,5037.5,5073.0,198335,729281
2023-10-17 07:00:00,5072.5,5076.5,5066.5,5069.5,136086,480773
2023-10-17 08:00:00,5069.5,5071.5,5032.0,5034.0,158344,621700
2023-10-17 09:00:00,5034.5,5038.5,5023.0,5027.0,96433,417617
2023-10-17 10:00:00,5027.5,5030.5,5020.0,5029.5,61789,255323
2023-10-17 11:00:00,5029.5,5049.0,5027.5,5048.0,67684,286993
2023-10-17 12:00:00,5048.0,5057.0,5045.5,5052.0,79351,325454
2023-10-17 13:00:00,5052.0,5054.0,5039.5,5045.5,50193,223229
2023-10-17 14:00:00,5045.0,5052.5,5044.5,5052.5,20225,114636
2023-10-18 06:00:00,5065.0,5065.0,5038.0,5042.0,138355,503163
2023-10-18 07:00:00,5042.5,5066.5,5041.0,5064.0,135861,535623
2023-10-18 08:00:00,5064.0,5083.0,5056.0,5079.0,143444,584851
2023-10-18 09:00:00,5079.5,5085.0,5068.0,5073.0,89918,362342
2023-10-18 10:00:00,5073.5,5082.0,5067.0,5069.5,62642,257247
2023-10-18 11:00:00,5069.5,5072.0,5047.0,5053.5,107008,466095
2023-10-18 12:00:00,5053.0,5062.5,5050.5,5061.0,52778,217087
2023-10-18 13:00:00,5061.0,5069.5,5060.0,5064.0,53145,225438
2023-10-18 14:00:00,5063.5,5073.0,5062.5,5070.0,23355,115614
2023-10-19 06:00:00,5087.0,5093.5,5060.5,5070.0,180492,630378
2023-10-19 07:00:00,5069.5,5080.0,5067.0,5072.0,142033,499994
2023-10-19 08:00:00,5072.0,5075.0,5062.0,5068.0,103776,487365
2023-10-19 09:00:00,5068.5,5069.5,5047.5,5053.5,93824,385972
2023-10-19 10:00:00,5053.5,5062.5,5029.0,5041.5,221901,788615
2023-10-19 11:00:00,5041.0,5045.5,5030.0,5040.0,96698,387177
2023-10-19 12:00:00,5040.0,5064.0,5034.5,5062.5,85210,393553
2023-10-19 13:00:00,5063.0,5063.5,5056.0,5062.5,49525,196912
2023-10-19 14:00:00,5062.5,5076.5,5062.0,5075.5,24965,130461
2023-10-20 06:00:00,5066.5,5107.0,5062.0,5085.0,209964,745599
2023-10-20 07:00:00,5085.5,5085.5,5055.0,5059.5,178135,649185
2023-10-20 08:00:00,5059.5,5068.0,5045.0,5058.0,141786,514566
2023-10-20 09:00:00,5058.0,5058.5,5041.0,5043.0,77629,293147
2023-10-20 10:00:00,5043.0,5055.0,5042.5,5046.0,54045,204126
2023-10-20 11:00:00,5046.0,5053.5,5033.5,5038.5,84496,356673
2023-10-20 12:00:00,5039.0,5046.5,5033.0,5041.5,61084,255335
2023-10-20 13:00:00,5041.0,5045.5,5037.0,5039.5,38546,181512
2023-10-20 14:00:00,5039.5,5051.5,5038.0,5040.0,28572,135155
2023-10-23 06:00:00,5055.0,5060.5,5033.5,5035.5,178742,657186
2023-10-23 07:00:00,5036.0,5047.0,5024.5,5024.5,174404,639298
2023-10-23 08:00:00,5025.0,5029.0,5011.5,5016.0,130881,556074
2023-10-23 09:00:00,5015.5,5020.0,5005.5,5013.0,79868,358295
2023-10-23 10:00:00,5013.0,5018.5,5002.0,5003.5,57370,244311
2023-10-23 11:00:00,5003.5,5019.5,5003.0,5018.0,65549,317988
2023-10-23 12:00:00,5017.5,5027.0,5016.5,5020.0,59463,261683
2023-10-23 13:00:00,5020.0,5028.5,5016.0,5022.0,55555,257638
2023-10-23 14:00:00,5022.0,5027.0,5016.0,5021.0,26940,136235
2023-10-24 06:00:00,5021.0,5035.5,5012.0,5023.0,179694,602486
2023-10-24 07:00:00,5023.0,5033.5,5006.5,5007.5,193791,750019
2023-10-24 08:00:00,5008.0,5014.0,4994.0,5000.0,162928,630408
2023-10-24 09:00:00,4999.5,5011.0,4997.5,5004.0,76371,337241
2023-10-24 10:00:00,5004.0,5013.5,5003.0,5008.0,59502,262721
2023-10-24 11:00:00,5008.5,5012.0,5001.0,5007.5,57050,289631
2023-10-24 12:00:00,5007.5,5012.5,5001.5,5005.5,49626,215956
2023-10-24 13:00:00,5005.5,5006.5,4994.0,4998.0,45541,197911
2023-10-24 14:00:00,4998.0,4999.5,4995.0,4998.5,21253,133107
2023-10-25 06:00:00,5002.0,5008.5,4990.0,4999.5,164168,561189
2023-10-25 07:00:00,4999.0,5007.5,4990.0,5003.0,130144,536030
2023-10-25 08:00:00,5003.0,5023.0,5000.0,5004.5,147883,589966
2023-10-25 09:00:00,5004.5,5004.5,4993.5,5002.0,84489,348589
2023-10-25 10:00:00,5002.0,5009.0,4998.5,5004.5,50017,218373
2023-10-25 11:00:00,5004.0,5013.5,4998.5,5007.5,80768,341172
2023-10-25 12:00:00,5007.5,5013.0,5004.0,5010.0,48412,203626
2023-10-25 13:00:00,5010.0,5011.0,5000.0,5003.5,36937,162444
2023-10-25 14:00:00,5003.5,5004.5,4997.0,4998.0,19035,92866
2023-10-26 06:00:00,5005.5,5018.5,4992.0,4994.5,178713,637997
2023-10-26 07:00:00,4994.5,5012.5,4994.0,5008.5,145415,575189
2023-10-26 08:00:00,5009.0,5022.5,4997.5,5006.0,142428,591948
2023-10-26 09:00:00,5006.0,5013.5,5003.0,5009.0,66668,296254
2023-10-26 10:00:00,5009.0,5016.5,5003.0,5007.0,62463,289827
2023-10-26 11:00:00,5007.0,5009.0,4994.5,5000.0,74764,373159
2023-10-26 12:00:00,4999.5,5001.5,4994.0,4996.0,49009,203114
2023-10-26 13:00:00,4996.0,4998.0,4990.5,4993.5,42473,195273
2023-10-26 14:00:00,4993.5,4994.0,4990.0,4990.0,23725,157678
2023-10-27 06:00:00,4990.0,4993.5,4955.5,4960.5,181534,728918
2023-10-27 07:00:00,4960.5,4960.5,4932.5,4942.5,182057,790886
2023-10-27 08:00:00,4943.0,4953.0,4939.0,4951.5,106399,466717
2023-10-27 09:00:00,4951.5,4954.0,4948.0,4948.5,56579,288543
2023-10-27 10:00:00,4948.5,4982.0,4945.0,4972.0,95349,446936
2023-10-27 11:00:00,4972.5,5004.5,4967.0,5003.0,118305,597220
2023-10-27 12:00:00,5003.0,5020.0,5002.0,5015.5,83307,391734
2023-10-27 13:00:00,5015.5,5021.5,5010.0,5014.0,41262,201769
2023-10-27 14:00:00,5014.0,5021.0,5013.5,5018.5,22704,117765
2023-10-30 06:00:00,4995.0,5005.5,4973.0,4993.5,175914,642227
2023-10-30 07:00:00,4993.5,4995.5,4977.0,4987.0,115925,433136
2023-10-30 08:00:00,4986.5,5033.0,4984.0,5005.0,200449,765578
2023-10-30 09:00:00,5005.0,5049.5,4989.5,5040.0,178280,735393
2023-10-30 10:00:00,5040.5,5060.5,5034.5,5054.0,86423,352297
2023-10-30 11:00:00,5054.0,5054.5,5042.5,5049.0,61911,251920
2023-10-30 12:00:00,5048.5,5057.0,5041.5,5052.5,60085,211984
2023-10-30 13:00:00,5052.5,5052.5,5038.0,5048.5,58743,239202
2023-10-30 14:00:00,5048.0,5050.0,5038.0,5050.0,26561,100531
2023-10-31 06:00:00,5045.0,5063.0,5027.5,5062.5,194498,722844
2023-10-31 07:00:00,5063.0,5089.0,5062.0,5078.5,165193,707719
2023-10-31 08:00:00,5078.5,5085.0,5060.5,5075.5,128856,520702
2023-10-31 09:00:00,5076.0,5076.5,5055.5,5061.5,86838,411478
2023-10-31 10:00:00,5061.5,5075.0,5059.0,5071.0,75313,327376
2023-10-31 11:00:00,5071.0,5071.0,5055.0,5060.0,53938,235525
2023-10-31 12:00:00,5060.0,5065.5,5054.5,5056.5,44910,193228
2023-10-31 13:00:00,5056.5,5060.5,5050.5,5059.0,40880,176309
2023-10-31 14:00:00,5059.0,5061.0,5053.5,5054.5,19185,91006
2023-11-01 06:00:00,5054.0,5064.0,5036.5,5052.5,202868,669846
2023-11-01 07:00:00,5053.0,5057.5,5031.5,5038.5,136353,512007
2023-11-01 08:00:00,5038.5,5039.0,5023.0,5030.0,142968,557002
2023-11-01 09:00:00,5030.5,5042.0,5027.5,5033.0,64747,279690
2023-11-01 10:00:00,5033.5,5038.0,5027.5,5029.0,50301,233248
2023-11-01 11:00:00,5029.0,5031.5,5010.0,5016.5,77078,307573
2023-11-01 12:00:00,5016.5,5019.5,4990.5,4994.0,168839,639107
2023-11-01 13:00:00,4994.5,4995.5,4985.0,4990.0,69629,316587
2023-11-01 14:00:00,4989.5,4991.0,4969.5,4971.0,43190,228742
2023-11-03 06:00:00,4951.5,4951.5,4892.0,4910.5,247162,855567
2023-11-03 07:00:00,4910.5,4923.5,4896.5,4904.0,156103,532344
2023-11-03 08:00:00,4904.0,4916.0,4895.5,4908.5,124512,471333
2023-11-03 09:00:00,4908.5,4909.5,4904.0,4905.0,53450,188308
2023-11-03 10:00:00,4904.5,4907.5,4896.5,4905.0,52700,194053
2023-11-03 11:00:00,4904.5,4918.5,4902.0,4908.0,57462,206421
2023-11-03 12:00:00,4908.0,4914.5,4907.0,4910.5,35382,132248
2023-11-03 13:00:00,4910.5,4917.5,4910.5,4913.0,25698,97185
2023-11-03 14:00:00,4913.0,4920.0,4910.5,4918.0,23150,111804
2023-11-06 06:00:00,4909.0,4916.5,4903.0,4914.0,122934,364252
2023-11-06 07:00:00,4914.0,4926.5,4908.5,4921.5,114363,393517
2023-11-06 08:00:00,4921.5,4924.0,4907.5,4920.5,111735,378719
2023-11-06 09:00:00,4920.5,4925.0,4905.5,4906.0,85403,321498
2023-11-06 10:00:00,4906.0,4916.5,4902.0,4907.0,63534,232518
2023-11-06 11:00:00,4907.0,4912.0,4904.5,4905.5,46697,155060
2023-11-06 12:00:00,4905.5,4911.5,4902.0,4906.0,52037,212104
2023-11-06 13:00:00,4906.0,4908.5,4899.0,4901.0,35703,143610
2023-11-06 14:00:00,4901.5,4906.0,4901.0,4902.5,22135,99085
2023-11-06 15:00:00,4902.0,4905.0,4895.5,4900.5,7204,29917
2023-11-07 06:00:00,4919.0,4923.0,4881.0,4885.5,182778,648296
2023-11-07 07:00:00,4885.0,4887.5,4871.5,4873.0,125291,481044
2023-11-07 08:00:00,4873.5,4888.0,4872.5,4880.5,107791,425579
2023-11-07 09:00:00,4880.5,4887.0,4878.0,4882.0,60909,331243
2023-11-07 10:00:00,4881.5,4882.5,4875.0,4881.5,43909,177389
2023-11-07 11:00:00,4881.5,4890.0,4880.5,4886.0,55515,238218
2023-11-07 12:00:00,4886.5,4887.0,4876.5,4880.5,50091,223115
2023-11-07 13:00:00,4881.0,4886.5,4878.5,4885.5,30959,148364
2023-11-07 14:00:00,4886.0,4893.5,4885.5,4892.0,35350,170674
2023-11-07 15:00:00,4892.0,4893.0,4884.0,4885.0,6993,40287
2023-11-08 06:00:00,4900.5,4914.0,4897.0,4897.5,129833,421717
2023-11-08 07:00:00,4897.0,4907.0,4893.0,4898.5,104297,355916
2023-11-08 08:00:00,4899.0,4901.5,4883.0,4888.0,105552,383223
2023-11-08 09:00:00,4887.5,4897.5,4887.5,4897.0,74253,285803
2023-11-08 10:00:00,4896.5,4903.5,4895.5,4902.5,53266,211333
2023-11-08 11:00:00,4903.0,4923.5,4902.0,4919.5,79467,336498
2023-11-08 12:00:00,4919.0,4929.5,4912.5,4918.5,89162,375751
2023-11-08 13:00:00,4918.5,4921.5,4914.0,4919.5,29895,128336
2023-11-08 14:00:00,4919.5,4924.0,4918.0,4922.0,24622,108039
2023-11-08 15:00:00,4922.0,4924.0,4919.5,4922.5,7001,41160
2023-11-09 06:00:00,4921.5,4927.5,4913.5,4919.0,112024,354149
2023-11-09 07:00:00,4919.0,4924.0,4906.0,4916.5,133417,454241
2023-11-09 08:00:00,4916.5,4919.0,4904.5,4909.0,88205,340253
2023-11-09 09:00:00,4909.0,4917.5,4907.0,4907.0,62906,233156
2023-11-09 10:00:00,4907.5,4919.0,4906.0,4917.5,44640,180879
2023-11-09 11:00:00,4918.0,4928.5,4914.5,4923.5,50978,201430
2023-11-09 12:00:00,4924.0,4946.5,4922.0,4935.5,112236,446874
2023-11-09 13:00:00,4935.5,4959.5,4934.5,4952.0,101893,405505
2023-11-09 14:00:00,4952.0,4954.5,4943.0,4952.5,40103,198531
2023-11-09 15:00:00,4952.5,4955.5,4944.5,4947.0,7637,34527
2023-11-10 06:00:00,4945.0,4966.0,4935.5,4936.5,146453,461940
2023-11-10 07:00:00,4936.5,4939.5,4924.5,4927.5,115739,406195
2023-11-10 08:00:00,4927.5,4940.0,4927.0,4937.0,80747,311804
2023-11-10 09:00:00,4936.0,4943.0,4927.0,4928.5,92080,348744
2023-11-10 10:00:00,4929.0,4929.5,4917.0,4917.5,59556,237567
2023-11-10 11:00:00,4917.5,4922.0,4914.5,4918.0,46107,170731
2023-11-10 12:00:00,4918.0,4927.5,4915.5,4927.0,40001,151619
2023-11-10 13:00:00,4927.0,4927.0,4918.5,4924.5,26367,102223
2023-11-10 14:00:00,4924.5,4926.0,4918.5,4920.0,19902,86001
2023-11-10 15:00:00,4919.5,4920.0,4912.0,4913.0,7700,41855
2023-11-13 06:00:00,4920.0,4938.0,4917.5,4937.5,105580,339160
2023-11-13 07:00:00,4937.0,4952.5,4934.5,4947.0,109018,412346
2023-11-13 08:00:00,4947.0,4949.5,4939.0,4940.5,80943,302295
2023-11-13 09:00:00,4940.5,4941.0,4923.0,4924.0,74991,306266
2023-11-13 10:00:00,4924.5,4925.5,4916.5,4920.5,57602,313523
2023-11-13 11:00:00,4920.5,4926.5,4919.0,4924.0,39354,165745
2023-11-13 12:00:00,4924.0,4926.5,4915.5,4919.5,40048,164066
2023-11-13 13:00:00,4919.5,4919.5,4916.5,4917.5,22241,107457
2023-11-13 14:00:00,4917.5,4922.0,4916.5,4920.0,20184,91720
2023-11-13 15:00:00,4920.0,4920.5,4917.0,4917.5,5882,27621
2023-11-14 06:00:00,4908.0,4916.0,4902.5,4905.5,104963,309726
2023-11-14 07:00:00,4905.5,4905.5,4856.5,4869.0,197347,764095
2023-11-14 08:00:00,4869.5,4874.0,4857.0,4864.0,119433,515526
2023-11-14 09:00:00,4864.0,4884.0,4862.5,4876.0,84902,370096
2023-11-14 10:00:00,4876.0,4878.5,4868.5,4875.0,49804,201727
2023-11-14 11:00:00,4875.0,4879.0,4874.0,4877.0,34593,157123
2023-11-14 12:00:00,4876.5,4877.0,4869.0,4871.5,34452,134554
2023-11-14 13:00:00,4872.0,4876.5,4867.5,4869.5,29837,134482
2023-11-14 14:00:00,4870.0,4875.0,4868.0,4873.5,25283,145534
2023-11-14 15:00:00,4873.5,4877.0,4872.5,4876.0,9264,41713
2023-11-16 06:00:00,4871.5,4875.0,4854.0,4869.5,124578,432662
2023-11-16 07:00:00,4869.5,4870.5,4845.0,4850.5,130660,458729
2023-11-16 08:00:00,4850.5,4868.5,4850.0,4860.5,129262,489096
2023-11-16 09:00:00,4860.5,4868.5,4855.5,4861.0,69994,267674
2023-11-16 10:00:00,4860.5,4895.0,4860.5,4888.0,90625,379206
2023-11-16 11:00:00,4888.0,4889.5,4870.5,4872.5,56445,235002
2023-11-16 12:00:00,4873.0,4874.5,4864.5,4874.0,49506,221191
2023-11-16 13:00:00,4874.0,4878.0,4872.5,4877.0,28396,138574
2023-11-16 14:00:00,4877.5,4879.5,4873.5,4875.5,19189,83190
2023-11-16 15:00:00,4875.0,4876.5,4870.5,4870.5,5890,28305
2023-11-17 06:00:00,4862.0,4883.5,4858.0,4874.5,156180,534514
2023-11-17 07:00:00,4875.0,4904.0,4868.5,4897.5,152295,620635
2023-11-17 08:00:00,4897.5,4907.0,4890.5,4901.5,100493,414245
2023-11-17 09:00:00,4901.0,4910.0,4897.5,4899.0,72653,304313
2023-11-17 10:00:00,4899.0,4909.0,4897.5,4904.0,46062,206798
2023-11-17 11:00:00,4903.5,4904.5,4892.0,4895.0,53474,232033
2023-11-17 12:00:00,4894.5,4907.5,4893.5,4907.5,39572,168494
2023-11-17 13:00:00,4907.0,4912.0,4904.5,4911.0,32306,165700
2023-11-17 14:00:00,4911.5,4918.5,4910.0,4916.0,28440,134979
2023-11-17 15:00:00,4916.5,4917.5,4907.5,4912.0,10515,49341
2023-11-20 06:00:00,4901.0,4911.0,4896.5,4897.0,86835,340257
2023-11-20 07:00:00,4897.5,4897.5,4879.0,4882.5,88908,334812
2023-11-20 08:00:00,4882.5,4883.0,4866.5,4867.5,75081,296585
2023-11-20 09:00:00,4867.0,4873.0,4862.0,4865.0,56542,234425
2023-11-20 10:00:00,4865.5,4872.0,4865.0,4871.0,37884,181277
2023-11-20 11:00:00,4870.5,4875.0,4868.5,4871.5,29553,127876
2023-11-20 12:00:00,4871.0,4873.0,4851.5,4860.0,76859,325419
2023-11-20 13:00:00,4860.0,4863.5,4853.5,4856.0,42754,192507
2023-11-20 14:00:00,4856.5,4860.0,4853.5,4859.5,18972,96307
2023-11-20 15:00:00,4860.0,4860.5,4853.0,4855.0,9817,45579
2023-11-21 06:00:00,4856.5,4879.5,4847.5,4878.5,150461,477436
2023-11-21 07:00:00,4878.5,4888.5,4874.5,4884.5,130826,471682
2023-11-21 08:00:00,4884.5,4884.5,4870.5,4880.0,96443,341197
2023-11-21 09:00:00,4880.5,4894.5,4875.5,4892.5,86645,324717
2023-11-21 10:00:00,4892.5,4897.5,4887.5,4896.5,49756,195841
2023-11-21 11:00:00,4896.5,4904.5,4895.0,4902.5,53802,220715
2023-11-21 12:00:00,4903.0,4911.5,4901.5,4908.0,54170,232937
2023-11-21 13:00:00,4908.5,4910.5,4900.0,4900.0,46788,203623
2023-11-21 14:00:00,4900.5,4903.5,4899.0,4902.0,25037,109369
2023-11-21 15:00:00,4902.5,4907.0,4900.0,4903.5,10636,49731
2023-11-22 06:00:00,4904.5,4906.5,4881.5,4901.0,140090,469532
2023-11-22 07:00:00,4901.0,4903.5,4887.5,4892.0,137112,525781
2023-11-22 08:00:00,4892.5,4901.5,4888.5,4892.0,113445,408859
2023-11-22 09:00:00,4892.5,4903.0,4890.5,4897.5,90005,363792
2023-11-22 10:00:00,4897.5,4903.0,4891.5,4893.0,51987,207187
2023-11-22 11:00:00,4892.5,4924.0,4892.0,4912.0,95859,425852
2023-11-22 12:00:00,4912.0,4913.0,4896.0,4903.0,68105,252770
2023-11-22 13:00:00,4903.0,4908.0,4901.5,4905.0,32333,130946
2023-11-22 14:00:00,4905.0,4913.0,4903.0,4911.5,19621,74447
2023-11-22 15:00:00,4912.0,4912.5,4906.5,4910.5,5717,30281
2023-11-23 06:00:00,4904.0,4910.0,4890.5,4896.0,87280,269712
2023-11-23 07:00:00,4896.5,4902.5,4895.5,4900.0,49213,155829
2023-11-23 08:00:00,4900.5,4907.5,4892.0,4895.5,71781,256433
2023-11-23 09:00:00,4895.5,4898.0,4890.5,4896.5,38362,139010
2023-11-23 10:00:00,4896.5,4901.0,4893.5,4901.0,22365,88295
2023-11-23 11:00:00,4900.5,4902.0,4897.5,4900.5,21103,98063
2023-11-23 12:00:00,4900.5,4913.0,4899.5,4912.0,32464,143923
2023-11-23 13:00:00,4911.5,4912.5,4907.5,4910.5,16175,81933
2023-11-23 14:00:00,4910.5,4911.5,4906.0,4908.5,10524,49115
2023-11-23 15:00:00,4908.5,4910.0,4904.5,4910.0,4276,25522
2023-11-24 06:00:00,4903.5,4907.5,4888.0,4888.5,115130,352180
2023-11-24 07:00:00,4889.0,4905.0,4885.0,4898.5,116771,422405
2023-11-24 08:00:00,4898.5,4905.5,4890.0,4891.0,87152,311331
2023-11-24 09:00:00,4891.0,4908.5,4885.5,4905.0,75026,316739
2023-11-24 10:00:00,4905.0,4907.0,4898.5,4902.5,41706,176136
2023-11-24 11:00:00,4903.0,4905.0,4897.0,4897.5,26358,100634
2023-11-24 12:00:00,4897.5,4900.5,4892.0,4899.5,26131,129515
2023-11-24 13:00:00,4899.5,4902.5,4898.0,4900.5,13452,64410
2023-11-24 14:00:00,4900.5,4905.5,4900.0,4905.0,9021,42406
2023-11-24 15:00:00,4905.0,4905.0,4898.5,4899.5,3361,20533
2023-11-27 06:00:00,4902.0,4908.5,4888.5,4892.0,120758,402132
2023-11-27 07:00:00,4892.0,4894.0,4873.0,4875.5,121553,471848
2023-11-27 08:00:00,4875.5,4904.5,4873.5,4903.0,103028,431796
2023-11-27 09:00:00,4902.5,4923.0,4900.0,4914.0,110969,512358
2023-11-27 10:00:00,4914.0,4917.0,4907.5,4908.0,49757,228812
2023-11-27 11:00:00,4908.5,4908.5,4893.5,4899.5,62772,293492
2023-11-27 12:00:00,4899.5,4907.5,4896.5,4904.5,49666,205912
2023-11-27 13:00:00,4904.5,4906.0,4897.0,4900.0,28497,130434
2023-11-27 14:00:00,4900.5,4903.0,4899.0,4900.5,14739,65941
2023-11-27 15:00:00,4900.0,4901.0,4895.0,4898.5,6304,33871
2023-11-28 06:00:00,4898.5,4903.5,4882.5,4894.5,154859,476729
2023-11-28 07:00:00,4894.5,4909.5,4883.0,4904.5,148738,533093
2023-11-28 08:00:00,4904.5,4909.0,4880.0,4882.0,133429,503379
2023-11-28 09:00:00,4881.5,4885.0,4858.5,4864.5,143475,665524
2023-11-28 10:00:00,4864.5,4869.5,4861.0,4862.0,59752,251854
2023-11-28 11:00:00,4862.0,4871.5,4861.0,4867.5,47046,198942
2023-11-28 12:00:00,4868.0,4879.0,4866.0,4874.0,55522,254280
2023-11-28 13:00:00,4874.0,4875.0,4870.0,4872.0,28577,139415
2023-11-28 14:00:00,4872.0,4875.0,4871.0,4872.5,26023,110295
2023-11-28 15:00:00,4872.5,4876.0,4871.5,4872.0,6681,36362
2023-11-29 06:00:00,4874.0,4887.5,4864.5,4887.5,121289,380843
2023-11-29 07:00:00,4887.5,4903.0,4887.0,4899.5,164687,593041
2023-11-29 08:00:00,4899.5,4905.0,4875.5,4882.0,121140,472133
2023-11-29 09:00:00,4882.5,4888.5,4874.0,4888.0,89888,355647
2023-11-29 10:00:00,4888.0,4899.5,4886.5,4895.5,57653,235539
2023-11-29 11:00:00,4895.5,4896.0,4880.0,4884.0,50833,219044
2023-11-29 12:00:00,4884.0,4894.5,4880.0,4884.5,52705,219456
2023-11-29 13:00:00,4884.5,4890.5,4881.5,4885.5,33961,135935
2023-11-29 14:00:00,4886.0,4906.5,4885.5,4905.5,38073,154186
2023-11-29 15:00:00,4905.5,4907.0,4900.5,4905.0,10381,48986
2023-11-30 06:00:00,4929.5,4954.5,4928.5,4945.0,169437,572679
2023-11-30 07:00:00,4945.0,4959.5,4936.0,4949.0,171419,634015
2023-11-30 08:00:00,4949.5,4960.0,4938.5,4951.5,130482,534615
2023-11-30 09:00:00,4951.5,4953.5,4937.5,4948.5,99011,412476
2023-11-30 10:00:00,4949.0,4951.0,4943.5,4945.5,56087,251687
2023-11-30 11:00:00,4945.5,4947.5,4935.0,4936.0,43063,174694
2023-11-30 12:00:00,4936.0,4943.5,4935.0,4936.5,41098,194006
2023-11-30 13:00:00,4936.5,4937.0,4930.0,4930.0,39173,174195
2023-11-30 14:00:00,4929.5,4941.5,4928.5,4935.0,29569,122941
2023-11-30 15:00:00,4935.0,4949.0,4934.5,4943.5,12638,58210
2023-12-01 06:00:00,4925.5,4937.5,4917.0,4936.0,109901,358618
2023-12-01 07:00:00,4936.0,4948.5,4931.5,4947.5,99467,345674
2023-12-01 08:00:00,4947.5,4950.0,4936.0,4936.0,94074,407652
2023-12-01 09:00:00,4936.0,4936.0,4909.5,4914.0,142698,571624
2023-12-01 10:00:00,4914.0,4919.0,4891.5,4900.5,132140,495770
2023-12-01 11:00:00,4900.5,4901.0,4883.0,4885.5,65085,255085
2023-12-01 12:00:00,4886.0,4892.0,4881.5,4886.0,48399,176731
2023-12-01 13:00:00,4885.5,4895.0,4885.0,4894.5,32327,142076
2023-12-01 14:00:00,4894.0,4898.0,4891.0,4897.0,23509,149798
2023-12-01 15:00:00,4897.0,4899.0,4892.5,4894.0,7689,42110
2023-12-04 06:00:00,4907.0,4915.0,4902.5,4904.5,92988,318475
2023-12-04 07:00:00,4905.0,4921.0,4903.5,4918.5,87178,335621
2023-12-04 08:00:00,4918.5,4931.5,4915.5,4927.5,91888,369299
2023-12-04 09:00:00,4927.5,4945.0,4921.5,4941.5,94545,318039
2023-12-04 10:00:00,4942.0,4944.5,4937.0,4942.5,48521,179555
2023-12-04 11:00:00,4942.5,4957.5,4942.0,4952.5,69976,291396
2023-12-04 12:00:00,4952.5,4966.0,4952.0,4963.5,60684,254957
2023-12-04 13:00:00,4963.5,4966.0,4959.0,4960.5,30007,132878
2023-12-04 14:00:00,4960.0,4961.5,4955.0,4958.0,25952,118634
2023-12-04 15:00:00,4958.0,4963.0,4955.0,4955.0,11875,58940
2023-12-05 06:00:00,4964.0,4979.0,4954.0,4958.5,146708,483243
2023-12-05 07:00:00,4958.5,4977.5,4954.0,4969.0,165098,597469
2023-12-05 08:00:00,4969.0,4971.5,4960.5,4967.0,98349,359772
2023-12-05 09:00:00,4967.0,4977.5,4946.5,4969.0,164025,591893
2023-12-05 10:00:00,4969.5,4971.5,4957.0,4960.5,61985,213065
2023-12-05 11:00:00,4960.5,4961.5,4940.0,4942.0,77424,313861
2023-12-05 12:00:00,4942.0,4945.0,4937.0,4939.0,42604,159613
2023-12-05 13:00:00,4939.0,4942.5,4935.0,4936.0,25897,125482
2023-12-05 14:00:00,4936.5,4940.5,4934.0,4940.0,24885,97374
2023-12-05 15:00:00,4940.0,4944.0,4939.5,4941.0,6829,31568
2023-12-06 06:00:00,4930.0,4932.0,4921.5,4924.0,96668,313215
2023-12-06 07:00:00,4924.0,4932.0,4914.5,4916.0,120424,410423
2023-12-06 08:00:00,4916.0,4916.0,4897.5,4905.5,120530,494992
2023-12-06 09:00:00,4905.5,4909.0,4899.0,4907.0,65383,247566
2023-12-06 10:00:00,4906.5,4912.5,4905.0,4908.5,44738,177719
2023-12-06 11:00:00,4908.0,4915.5,4906.5,4914.0,38235,169793
2023-12-06 12:00:00,4914.5,4916.0,4906.0,4908.5,44519,189731
2023-12-06 13:00:00,4908.5,4915.5,4907.0,4911.0,29397,120991
2023-12-06 14:00:00,4911.0,4918.0,4910.5,4912.0,25905,126086
2023-12-06 15:00:00,4912.0,4914.5,4910.5,4912.0,7524,35173
2023-12-07 06:00:00,4907.0,4920.0,4895.0,4896.5,146033,504071
2023-12-07 07:00:00,4896.5,4901.0,4890.0,4896.0,117995,438549
2023-12-07 08:00:00,4896.0,4925.0,4895.5,4917.5,137741,540544
2023-12-07 09:00:00,4917.0,4924.5,4912.0,4917.0,71759,248974
2023-12-07 10:00:00,4917.0,4923.5,4910.5,4914.5,51824,179868
2023-12-07 11:00:00,4914.5,4918.0,4906.5,4915.5,46578,170349
2023-12-07 12:00:00,4915.0,4919.5,4911.0,4919.5,28989,99273
2023-12-07 13:00:00,4919.5,4923.0,4917.0,4919.0,26814,119678
2023-12-07 14:00:00,4919.0,4919.5,4912.5,4917.0,19159,89831
2023-12-07 15:00:00,4917.0,4924.0,4915.5,4923.0,9151,45854
2023-12-08 06:00:00,4906.0,4920.5,4905.0,4918.5,99400,310461
2023-12-08 07:00:00,4918.5,4941.5,4910.0,4931.0,186760,662733
2023-12-08 08:00:00,4931.5,4945.0,4920.5,4924.5,143492,508346
2023-12-08 09:00:00,4924.0,4927.5,4912.0,4927.5,79597,265086
2023-12-08 10:00:00,4927.0,4941.5,4926.0,4941.0,50370,199906
2023-12-08 11:00:00,4941.0,4943.0,4930.5,4931.0,40263,163686
2023-12-08 12:00:00,4930.5,4936.0,4930.0,4936.0,27709,106189
2023-12-08 13:00:00,4936.0,4938.0,4932.0,4937.0,21240,93918
2023-12-08 14:00:00,4936.5,4941.0,4932.5,4938.5,19643,90259
2023-12-08 15:00:00,4939.0,4943.5,4937.0,4938.0,8153,39325
2023-12-11 06:00:00,4942.5,4959.5,4936.5,4948.0,111972,362810
2023-12-11 07:00:00,4948.0,4966.5,4942.5,4956.0,119339,432567
2023-12-11 08:00:00,4956.0,4964.5,4952.5,4956.5,76042,275846
2023-12-11 09:00:00,4956.5,4962.0,4948.0,4950.0,61933,232596
2023-12-11 10:00:00,4950.5,4953.0,4944.0,4948.5,40370,158009
2023-12-11 11:00:00,4948.0,4953.5,4946.5,4953.0,24814,96994
2023-12-11 12:00:00,4952.5,4954.5,4939.0,4940.0,42185,166597
2023-12-11 13:00:00,4940.0,4945.0,4937.0,4943.0,30732,143176
2023-12-11 14:00:00,4943.5,4948.0,4942.0,4945.0,13086,63712
2023-12-11 15:00:00,4944.5,4947.0,4941.0,4945.0,7006,29138
2023-12-12 06:00:00,4933.5,4944.0,4928.0,4939.5,105817,357180
2023-12-12 07:00:00,4940.0,4951.5,4928.0,4949.0,161385,617185
2023-12-12 08:00:00,4949.0,4966.0,4941.0,4960.0,119242,474661
2023-12-12 09:00:00,4960.0,4969.0,4956.0,4959.0,74119,317014
2023-12-12 10:00:00,4959.5,4972.5,4957.0,4970.0,47384,209334
2023-12-12 11:00:00,4969.5,4978.5,4967.5,4974.0,49047,246166
2023-12-12 12:00:00,4974.0,4974.5,4965.0,4969.0,42994,178065
2023-12-12 13:00:00,4969.5,4973.5,4968.5,4972.0,21486,91699
2023-12-12 14:00:00,4971.5,4972.5,4968.0,4971.0,16834,86886
2023-12-12 15:00:00,4971.0,4972.0,4965.0,4968.5,8182,49376
2023-12-13 06:00:00,4967.5,4975.5,4951.0,4963.0,117210,435562
2023-12-13 07:00:00,4963.5,4981.0,4961.0,4962.5,136151,528462
2023-12-13 08:00:00,4963.0,4971.5,4955.0,4956.0,94362,384184
2023-12-13 09:00:00,4956.0,4963.0,4949.0,4961.5,65077,273415
2023-12-13 10:00:00,4962.0,4979.0,4960.5,4976.0,51967,232623
2023-12-13 11:00:00,4975.5,4981.0,4970.0,4977.5,44783,217510
2023-12-13 12:00:00,4978.0,4980.5,4971.5,4978.5,36364,155268
2023-12-13 13:00:00,4978.0,4978.0,4918.0,4923.5,173101,734230
2023-12-13 14:00:00,4924.0,4934.0,4920.0,4922.5,64666,289883
2023-12-13 15:00:00,4922.5,4925.5,4919.5,4920.5,9538,54707
2023-12-14 06:00:00,4885.0,4900.0,4881.0,4888.5,155372,581106
2023-12-14 07:00:00,4889.0,4911.5,4884.0,4904.0,165477,611662
2023-12-14 08:00:00,4904.5,4910.5,4880.5,4889.0,128443,528086
2023-12-14 09:00:00,4888.5,4902.0,4887.5,4894.5,83050,355492
2023-12-14 10:00:00,4894.5,4906.5,4892.0,4903.5,51748,217606
2023-12-14 11:00:00,4903.0,4906.5,4898.5,4899.5,37127,151712
2023-12-14 12:00:00,4899.5,4914.5,4898.5,4911.5,45306,219579
2023-12-14 13:00:00,4912.0,4921.5,4905.5,4919.0,45196,243300
2023-12-14 14:00:00,4919.0,4921.5,4911.5,4916.0,29626,137263
2023-12-14 15:00:00,4916.0,4922.0,4915.5,4918.5,8931,38991
2023-12-15 06:00:00,4913.0,4944.0,4906.5,4942.5,136156,489443
2023-12-15 07:00:00,4943.0,4954.0,4936.0,4940.5,159504,623813
2023-12-15 08:00:00,4941.0,4942.5,4920.0,4933.5,135567,559353
2023-12-15 09:00:00,4933.5,4948.0,4931.0,4946.5,62934,259451
2023-12-15 10:00:00,4947.0,4951.0,4938.5,4942.5,54969,229464
2023-12-15 11:00:00,4942.5,4945.5,4938.5,4940.0,28684,143119
2023-12-15 12:00:00,4939.5,4948.5,4938.5,4943.5,40758,187362
2023-12-15 13:00:00,4943.5,4947.5,4939.5,4939.5,25344,118667
2023-12-15 14:00:00,4940.0,4947.0,4936.5,4946.0,24483,125016
2023-12-15 15:00:00,4946.0,4946.0,4940.0,4940.0,8140,37546
2023-12-18 06:00:00,4939.5,4950.5,4937.5,4942.0,93261,323739
2023-12-18 07:00:00,4942.0,4953.0,4929.5,4935.0,129370,464794
2023-12-18 08:00:00,4935.5,4949.5,4934.0,4940.0,96233,331451
2023-12-18 09:00:00,4940.0,4944.0,4933.5,4936.5,45490,166393
2023-12-18 10:00:00,4936.0,4944.0,4935.5,4938.5,33433,141233
2023-12-18 11:00:00,4939.0,4941.0,4927.0,4928.5,46876,193291
2023-12-18 12:00:00,4928.5,4930.0,4891.5,4904.5,101930,434327
2023-12-18 13:00:00,4905.0,4910.0,4901.5,4904.0,34641,147444
2023-12-18 14:00:00,4904.0,4906.0,4902.0,4903.5,17088,83940
2023-12-18 15:00:00,4903.0,4903.5,4894.5,4897.0,10349,48101
2023-12-19 06:00:00,4889.5,4896.0,4862.0,4865.0,168117,633135
2023-12-19 07:00:00,4865.0,4871.0,4858.5,4864.5,98013,411883
2023-12-19 08:00:00,4865.0,4869.5,4862.0,4866.0,69097,317139
2023-12-19 09:00:00,4866.0,4870.0,4852.0,4854.0,72686,330661
2023-12-19 10:00:00,4854.0,4864.5,4854.0,4862.5,42065,207498
2023-12-19 11:00:00,4862.5,4863.0,4856.0,4857.5,33924,143717
2023-12-19 12:00:00,4857.0,4863.5,4849.5,4861.0,57726,313947
2023-12-19 13:00:00,4860.5,4862.5,4856.5,4861.5,24169,135870
2023-12-19 14:00:00,4861.0,4869.0,4860.0,4861.5,35381,167521
2023-12-19 15:00:00,4861.5,4868.0,4861.0,4866.0,8420,32410
2023-12-20 06:00:00,4870.0,4872.0,4855.0,4864.0,104743,383921
2023-12-20 07:00:00,4864.5,4869.0,4861.5,4865.5,66011,281409
2023-12-20 08:00:00,4865.5,4878.5,4865.5,4876.5,86390,355011
2023-12-20 09:00:00,4876.5,4881.5,4872.5,4880.5,58201,253728
2023-12-20 10:00:00,4880.0,4890.5,4873.0,4888.5,60845,253983
2023-12-20 11:00:00,4888.5,4891.5,4882.5,4887.5,41015,169423
2023-12-20 12:00:00,4887.5,4897.0,4887.0,4895.0,42506,168751
2023-12-20 13:00:00,4894.5,4911.0,4894.0,4909.0,53758,261819
2023-12-20 14:00:00,4908.5,4914.5,4905.0,4913.0,52604,224205
2023-12-20 15:00:00,4913.0,4917.0,4910.5,4915.0,10956,45614
2023-12-21 06:00:00,4887.5,4897.5,4878.0,4879.0,102932,385782
2023-12-21 07:00:00,4879.5,4899.0,4876.0,4879.5,138963,512218
2023-12-21 08:00:00,4880.0,4885.0,4866.5,4874.5,102073,415726
2023-12-21 09:00:00,4874.5,4886.5,4869.5,4870.5,79079,319833
2023-12-21 10:00:00,4870.5,4874.5,4863.5,4874.0,57999,243158
2023-12-21 11:00:00,4874.0,4891.5,4871.5,4888.0,60677,245874
2023-12-21 12:00:00,4888.0,4892.0,4884.0,4887.5,41912,166135
2023-12-21 13:00:00,4888.0,4889.5,4882.5,4886.5,30665,145867
2023-12-21 14:00:00,4886.5,4888.0,4880.0,4880.5,18729,87002
2023-12-21 15:00:00,4881.0,4886.5,4878.0,4886.0,7719,33967
2023-12-22 06:00:00,4871.5,4879.0,4864.5,4866.0,93574,335345
2023-12-22 07:00:00,4866.0,4870.0,4859.5,4865.5,94889,380476
2023-12-22 08:00:00,4865.5,4869.5,4857.5,4864.5,67639,265827
2023-12-22 09:00:00,4865.0,4865.0,4851.0,4857.5,74267,332384
2023-12-22 10:00:00,4858.0,4859.5,4852.5,4856.5,34088,163750
2023-12-22 11:00:00,4856.0,4863.0,4846.5,4850.5,49387,233764
2023-12-22 12:00:00,4850.5,4853.0,4846.5,4850.0,31603,164762
2023-12-22 13:00:00,4850.0,4862.0,4849.5,4859.0,36496,166885
2023-12-22 14:00:00,4858.5,4862.5,4858.0,4860.0,15888,61849
2023-12-22 15:00:00,4860.0,4860.0,4855.5,4858.0,7396,33772
2023-12-26 06:00:00,4848.0,4858.0,4842.5,4843.5,91083,304355
2023-12-26 07:00:00,4843.5,4846.5,4832.5,4834.5,83799,315285
2023-12-26 08:00:00,4834.0,4842.0,4833.0,4835.5,53755,222721
2023-12-26 09:00:00,4835.0,4836.0,4821.5,4822.5,53190,225760
2023-12-26 10:00:00,4822.5,4827.0,4821.5,4823.5,31697,130558
2023-12-26 11:00:00,4823.5,4823.5,4814.0,4818.5,46957,189554
2023-12-26 12:00:00,4818.5,4824.0,4814.0,4824.0,40180,192790
2023-12-26 13:00:00,4824.0,4824.0,4817.0,4818.0,19985,80793
2023-12-26 14:00:00,4818.0,4820.0,4816.5,4817.5,19757,163183
2023-12-26 15:00:00,4817.5,4818.0,4809.0,4809.0,13276,61980
2023-12-27 06:00:00,4808.0,4829.0,4798.5,4829.0,95083,367908
2023-12-27 07:00:00,4829.0,4830.0,4821.5,4827.0,68904,257360
2023-12-27 08:00:00,4826.5,4831.0,4823.5,4826.5,60232,259976
2023-12-27 09:00:00,4826.5,4830.0,4815.5,4817.5,60720,254165
2023-12-27 10:00:00,4817.5,4834.0,4816.5,4827.0,63711,239987
2023-12-27 11:00:00,4826.5,4827.5,4816.0,4818.5,52621,184576
2023-12-27 12:00:00,4819.0,4829.5,4814.0,4828.0,43356,181071
2023-12-27 13:00:00,4828.0,4834.0,4824.0,4825.5,37251,149476
2023-12-27 14:00:00,4825.5,4829.0,4823.0,4826.0,17567,73892
2023-12-27 15:00:00,4826.0,4827.5,4822.0,4823.0,8260,34959
2023-12-28 06:00:00,4838.0,4866.0,4835.5,4859.0,126004,414790
2023-12-28 07:00:00,4859.5,4866.0,4850.0,4865.5,83449,317504
2023-12-28 08:00:00,4865.0,4870.0,4847.0,4855.0,81931,333879
2023-12-28 09:00:00,4855.0,4858.0,4846.5,4857.0,55537,252311
2023-12-28 10:00:00,4857.0,4872.5,4853.0,4869.5,48213,230735
2023-12-28 11:00:00,4870.0,4889.0,4868.5,4874.0,62173,278562
2023-12-28 12:00:00,4873.5,4881.5,4862.0,4866.0,51001,211024
2023-12-28 13:00:00,4866.0,4871.0,4865.0,4869.5,27196,134164
2023-12-28 14:00:00,4869.0,4877.5,4868.5,4875.0,28720,140737
2023-12-28 15:00:00,4874.5,4875.0,4866.0,4867.5,8857,38043
2024-01-02 06:00:00,4884.0,4901.5,4866.0,4901.5,133751,464963
2024-01-02 07:00:00,4901.0,4918.5,4900.5,4917.0,96665,386238
2024-01-02 08:00:00,4917.0,4918.0,4893.5,4901.5,97232,348080
2024-01-02 09:00:00,4901.5,4925.0,4895.0,4923.5,77351,314382
2024-01-02 10:00:00,4924.0,4924.0,4912.5,4914.0,42350,184421
2024-01-02 11:00:00,4913.5,4925.0,4912.5,4925.0,35462,153228
2024-01-02 12:00:00,4924.5,4938.5,4923.0,4938.0,50456,220838
2024-01-02 13:00:00,4938.5,4939.0,4922.5,4934.0,42834,196740
2024-01-02 14:00:00,4934.0,4939.0,4932.0,4936.0,25609,135167
2024-01-02 15:00:00,4935.5,4945.0,4934.5,4943.0,12238,66915
2024-01-03 06:00:00,4957.0,4957.5,4936.0,4949.0,131629,452208
2024-01-03 07:00:00,4949.0,4952.5,4931.5,4945.0,116201,385912
2024-01-03 08:00:00,4945.5,4947.0,4930.5,4940.0,102808,366020
2024-01-03 09:00:00,4940.5,4943.0,4917.0,4939.5,126063,516428
2024-01-03 10:00:00,4939.0,4942.5,4932.0,4941.5,48193,197672
2024-01-03 11:00:00,4942.0,4947.0,4936.0,4937.0,42191,153577
2024-01-03 12:00:00,4937.5,4938.5,4930.5,4937.0,40793,153818
2024-01-03 13:00:00,4937.0,4946.0,4926.0,4933.5,70348,294186
2024-01-03 14:00:00,4933.0,4939.0,4932.5,4936.5,22782,85958
2024-01-03 15:00:00,4936.5,4941.0,4935.5,4939.0,6137,31662
2024-01-04 06:00:00,4929.5,4937.5,4922.0,4930.5,105019,366385
2024-01-04 07:00:00,4931.0,4945.5,4924.5,4940.0,110184,398070
2024-01-04 08:00:00,4939.5,4954.5,4934.5,4947.5,112649,403899
2024-01-04 09:00:00,4947.0,4948.0,4929.0,4933.0,71892,289279
2024-01-04 10:00:00,4933.0,4935.0,4924.0,4933.5,62726,262438
2024-01-04 11:00:00,4933.5,4935.5,4926.5,4930.0,37946,151943
2024-01-04 12:00:00,4930.0,4932.0,4925.5,4927.0,27003,99358
2024-01-04 13:00:00,4927.5,4931.5,4923.0,4925.0,27088,157965
2024-01-04 14:00:00,4925.0,4927.5,4915.5,4919.5,31730,149386
2024-01-04 15:00:00,4919.5,4919.5,4913.0,4914.0,8299,44286
2024-01-05 06:00:00,4927.0,4943.0,4919.0,4935.5,98818,336500
2024-01-05 07:00:00,4935.5,4958.5,4906.0,4910.5,197956,744032
2024-01-05 08:00:00,4910.5,4913.5,4894.5,4897.0,125582,438293
2024-01-05 09:00:00,4897.0,4897.0,4876.5,4888.5,110009,418536
2024-01-05 10:00:00,4888.5,4895.0,4885.0,4891.5,47526,183194
2024-01-05 11:00:00,4892.0,4896.5,4888.0,4895.0,43758,180704
2024-01-05 12:00:00,4895.0,4897.0,4883.5,4888.0,42319,187234
2024-01-05 13:00:00,4888.0,4891.0,4884.0,4889.0,27573,142512
2024-01-05 14:00:00,4888.5,4897.5,4887.5,4892.0,23762,102669
2024-01-05 15:00:00,4891.5,4894.0,4888.0,4890.0,8056,47313
2024-01-08 06:00:00,4894.5,4917.0,4891.0,4915.0,133839,441869
2024-01-08 07:00:00,4915.0,4915.0,4902.5,4908.0,87975,274357
2024-01-08 08:00:00,4907.5,4908.0,4890.0,4892.5,100988,322991
2024-01-08 09:00:00,4892.5,4902.5,4888.5,4888.5,66337,224107
2024-01-08 10:00:00,4888.5,4893.5,4882.0,4890.0,52524,186749
2024-01-08 11:00:00,4890.5,4896.5,4888.0,4893.0,36207,133206
2024-01-08 12:00:00,4893.0,4893.0,4879.0,4890.0,47141,190141
2024-01-08 13:00:00,4890.0,4891.0,4883.5,4884.5,26500,103733
2024-01-08 14:00:00,4885.0,4892.5,4884.5,4890.5,24308,101424
2024-01-08 15:00:00,4890.5,4891.0,4884.0,4885.0,8217,43460
2024-01-09 06:00:00,4895.5,4902.5,4890.5,4898.0,107469,331584
2024-01-09 07:00:00,4897.5,4909.0,4896.0,4906.0,99444,385829
2024-01-09 08:00:00,4906.0,4911.5,4896.0,4902.0,102475,345129
2024-01-09 09:00:00,4902.5,4921.0,4902.0,4919.5,77345,326200
2024-01-09 10:00:00,4919.0,4921.5,4910.0,4911.0,43379,185491
2024-01-09 11:00:00,4910.5,4919.0,4909.5,4914.0,36035,128241
2024-01-09 12:00:00,4913.5,4917.0,4907.0,4916.5,46257,191183
2024-01-09 13:00:00,4917.0,4923.5,4914.0,4920.5,30251,123732
2024-01-09 14:00:00,4921.0,4924.0,4917.5,4921.5,22924,91834
2024-01-09 15:00:00,4921.5,4923.0,4917.0,4919.0,9051,41162
2024-01-10 06:00:00,4915.0,4917.0,4898.0,4899.0,110803,367413
2024-01-10 07:00:00,4898.5,4905.0,4891.0,4900.0,120866,417813
2024-01-10 08:00:00,4900.0,4919.5,4899.0,4908.5,106618,405020
2024-01-10 09:00:00,4908.5,4917.0,4903.0,4903.5,63633,253719
2024-01-10 10:00:00,4903.0,4910.5,4901.5,4907.0,45922,179241
2024-01-10 11:00:00,4907.0,4908.5,4901.5,4906.5,31430,118736
2024-01-10 12:00:00,4906.0,4910.0,4903.5,4907.5,34220,135259
2024-01-10 13:00:00,4907.5,4909.0,4904.0,4904.5,15864,71617
2024-01-10 14:00:00,4904.5,4907.5,4902.5,4906.0,20317,81528
2024-01-10 15:00:00,4906.0,4907.0,4903.0,4906.5,6096,28547
2024-01-11 06:00:00,4903.5,4907.5,4892.5,4897.0,92243,342960
2024-01-11 07:00:00,4897.0,4905.0,4880.0,4897.0,199603,773995
2024-01-11 08:00:00,4897.0,4906.0,4871.0,4886.5,158481,610622
2024-01-11 09:00:00,4886.0,4899.0,4884.0,4889.0,90231,345816
2024-01-11 10:00:00,4889.0,4898.0,4883.5,4896.0,58829,225553
2024-01-11 11:00:00,4896.5,4903.5,4888.0,4903.0,47229,195229
2024-01-11 12:00:00,4903.0,4907.5,4892.0,4895.5,50054,214382
2024-01-11 13:00:00,4895.5,4896.0,4886.5,4887.0,27096,133427
2024-01-11 14:00:00,4887.0,4891.0,4882.5,4883.0,23374,116724
2024-01-11 15:00:00,4883.5,4885.5,4882.0,4883.5,6237,37851
2024-01-12 06:00:00,4884.0,4890.0,4879.5,4881.0,106733,364517
2024-01-12 07:00:00,4881.0,4885.0,4845.0,4858.0,200533,828725
2024-01-12 08:00:00,4858.0,4865.0,4842.0,4852.5,107135,396681
2024-01-12 09:00:00,4852.5,4867.0,4851.0,4859.5,71462,309213
2024-01-12 10:00:00,4860.0,4868.0,4858.0,4865.0,45994,190970
2024-01-12 11:00:00,4865.0,4877.5,4863.5,4871.5,52910,224633
2024-01-12 12:00:00,4871.5,4872.0,4865.0,4866.5,35292,141679
2024-01-12 13:00:00,4867.0,4869.0,4864.0,4867.5,19882,76752
2024-01-12 14:00:00,4867.5,4869.5,4863.0,4865.5,17505,70505
2024-01-12 15:00:00,4866.0,4867.0,4862.5,4865.5,6127,31599
2024-01-15 06:00:00,4850.0,4884.0,4850.0,4881.5,96431,337541
2024-01-15 07:00:00,4881.0,4889.0,4881.0,4884.5,72228,274428
2024-01-15 08:00:00,4884.5,4889.0,4883.5,4885.0,38647,160247
2024-01-15 09:00:00,4885.5,4897.0,4885.0,4888.5,54497,233795
2024-01-15 10:00:00,4888.5,4890.0,4882.5,4883.0,31872,124517
2024-01-15 11:00:00,4883.0,4884.0,4876.5,4877.5,31857,139689
2024-01-15 12:00:00,4877.0,4879.5,4870.0,4871.5,27804,153118
2024-01-15 13:00:00,4871.5,4877.0,4871.0,4876.0,14832,70777
2024-01-15 14:00:00,4875.5,4878.0,4874.5,4876.0,9854,45867
2024-01-15 15:00:00,4876.0,4876.0,4871.0,4871.0,5127,23634
2024-01-16 06:00:00,4908.0,4914.5,4897.0,4899.5,132178,478337
2024-01-16 07:00:00,4899.5,4912.0,4895.5,4909.5,150589,557004
2024-01-16 08:00:00,4909.5,4919.5,4901.0,4914.0,108033,410848
2024-01-16 09:00:00,4914.5,4933.0,4912.0,4925.0,98078,437858
2024-01-16 10:00:00,4925.0,4939.5,4919.5,4926.0,115417,482988
2024-01-16 11:00:00,4926.0,4940.0,4925.0,4937.0,68119,303304
2024-01-16 12:00:00,4936.5,4943.5,4933.5,4939.5,48957,217255
2024-01-16 13:00:00,4939.5,4940.5,4933.0,4935.0,32280,145393
2024-01-16 14:00:00,4935.5,4941.5,4935.0,4936.5,29120,133472
2024-01-16 15:00:00,4936.0,4941.0,4935.0,4936.0,10389,47067
2024-01-17 06:00:00,4957.0,4963.5,4933.5,4941.5,162473,543676
2024-01-17 07:00:00,4942.0,4957.0,4935.5,4952.0,147240,557428
2024-01-17 08:00:00,4952.0,4959.0,4946.0,4951.0,95170,361378
2024-01-17 09:00:00,4951.0,4956.5,4938.5,4943.5,86996,327043
2024-01-17 10:00:00,4944.0,4944.0,4932.0,4937.5,65556,287422
2024-01-17 11:00:00,4937.5,4947.5,4935.5,4941.0,46852,226315
2024-01-17 12:00:00,4941.0,4946.5,4939.0,4944.0,35026,135634
2024-01-17 13:00:00,4944.5,4944.5,4934.5,4938.5,34684,161800
2024-01-17 14:00:00,4938.5,4943.5,4938.0,4941.0,17511,69467
2024-01-17 15:00:00,4941.0,4947.0,4940.5,4947.0,6991,35545
2024-01-18 06:00:00,4936.0,4937.0,4922.0,4933.5,103187,371113
2024-01-18 07:00:00,4933.5,4951.0,4931.0,4950.5,125721,431063
2024-01-18 08:00:00,4951.0,4957.5,4941.0,4954.0,101522,386744
2024-01-18 09:00:00,4954.5,4965.0,4946.0,4956.0,91773,417767
2024-01-18 10:00:00,4955.5,4958.5,4946.5,4954.0,46611,219565
2024-01-18 11:00:00,4954.5,4963.5,4948.5,4949.5,50661,228821
2024-01-18 12:00:00,4949.0,4952.0,4937.0,4941.5,49122,209930
2024-01-18 13:00:00,4941.0,4946.5,4939.5,4941.0,33191,164996
2024-01-18 14:00:00,4941.0,4941.0,4933.5,4939.0,24483,102653
2024-01-18 15:00:00,4939.0,4941.5,4934.5,4936.5,6972,33431
2024-01-19 06:00:00,4923.5,4929.5,4915.5,4922.0,111291,477902
2024-01-19 07:00:00,4922.0,4931.5,4910.0,4928.0,123617,434565
2024-01-19 08:00:00,4928.5,4943.0,4926.5,4935.5,85037,334513
2024-01-19 09:00:00,4935.0,4947.0,4931.0,4936.5,83149,359662
2024-01-19 10:00:00,4936.0,4939.0,4932.0,4936.5,32700,142385
2024-01-19 11:00:00,4936.5,4939.5,4925.5,4931.0,40179,177487
2024-01-19 12:00:00,4931.0,4935.0,4927.0,4934.0,34617,160623
2024-01-19 13:00:00,4934.0,4939.0,4933.0,4934.5,26926,119271
2024-01-19 14:00:00,4934.5,4939.5,4932.5,4938.5,21149,105358
2024-01-19 15:00:00,4938.0,4947.0,4936.0,4938.5,10963,59848
2024-01-22 06:00:00,4931.5,4955.0,4929.5,4939.5,135307,507723
2024-01-22 07:00:00,4939.5,4951.5,4933.5,4947.0,123543,455768
2024-01-22 08:00:00,4947.5,4965.5,4947.0,4952.5,116340,525010
2024-01-22 09:00:00,4953.0,4976.5,4953.0,4975.0,85808,370555
2024-01-22 10:00:00,4975.0,4999.5,4974.5,4987.5,103394,528346
2024-01-22 11:00:00,4987.5,4993.5,4985.5,4988.0,52809,293852
2024-01-22 12:00:00,4988.0,4998.5,4985.5,4995.0,58997,299543
2024-01-22 13:00:00,4995.0,4999.0,4991.5,4993.0,33470,161369
2024-01-22 14:00:00,4993.5,4994.5,4985.5,4992.0,28460,142787
2024-01-22 15:00:00,4991.5,4999.0,4991.0,4997.5,11840,58167
2024-01-23 06:00:00,4992.0,5007.0,4970.5,4971.0,167123,616369
2024-01-23 07:00:00,4970.5,4975.0,4962.0,4971.0,108027,433040
2024-01-23 08:00:00,4971.5,4995.5,4969.5,4985.5,123321,502849
2024-01-23 09:00:00,4985.5,4990.0,4977.5,4983.0,76096,315705
2024-01-23 10:00:00,4983.0,4987.5,4973.0,4979.5,60462,259518
2024-01-23 11:00:00,4979.5,4987.0,4969.0,4971.5,49716,214187
2024-01-23 12:00:00,4971.0,4973.0,4953.5,4957.5,61545,283286
2024-01-23 13:00:00,4957.5,4961.5,4954.5,4960.0,34577,195491
2024-01-23 14:00:00,4959.5,4964.5,4954.5,4955.0,22236,116450
2024-01-23 15:00:00,4955.0,4960.5,4952.0,4957.5,9770,47744
2024-01-24 06:00:00,4935.0,4937.0,4915.0,4917.5,122946,484967
2024-01-24 07:00:00,4918.0,4925.0,4912.5,4916.5,99762,399207
2024-01-24 08:00:00,4916.0,4933.0,4914.5,4926.5,91928,411993
2024-01-24 09:00:00,4926.5,4934.0,4920.5,4924.5,80028,334078
2024-01-24 10:00:00,4924.5,4932.5,4922.0,4923.5,46019,208689
2024-01-24 11:00:00,4923.5,4929.0,4920.5,4921.5,32437,155636
2024-01-24 12:00:00,4922.0,4936.5,4920.5,4934.0,56126,262191
2024-01-24 13:00:00,4934.0,4942.5,4933.0,4936.0,37601,189120
2024-01-24 14:00:00,4936.0,4937.5,4931.5,4936.5,20476,104547
2024-01-24 15:00:00,4936.5,4939.5,4935.5,4937.0,6868,37099
2024-01-25 06:00:00,4934.5,4938.0,4930.0,4935.5,69704,239241
2024-01-25 07:00:00,4936.0,4946.5,4918.5,4929.0,135221,513104
2024-01-25 08:00:00,4929.5,4931.5,4918.5,4919.5,75928,288861
2024-01-25 09:00:00,4919.0,4926.0,4911.5,4925.5,76248,328010
2024-01-25 10:00:00,4925.5,4934.5,4921.5,4932.0,48204,229722
2024-01-25 11:00:00,4931.5,4937.0,4927.0,4929.0,45798,200214
2024-01-25 12:00:00,4929.5,4931.5,4923.5,4927.0,34036,129722
2024-01-25 13:00:00,4927.0,4930.5,4924.0,4927.0,20406,125270
2024-01-25 14:00:00,4927.0,4932.0,4920.0,4921.0,19363,87249
2024-01-25 15:00:00,4921.0,4927.5,4920.5,4920.5,4529,27476
2024-01-26 06:00:00,4909.5,4922.5,4906.0,4918.5,95472,346688
2024-01-26 07:00:00,4918.5,4920.5,4905.5,4910.0,126750,508205
2024-01-26 08:00:00,4910.0,4923.5,4908.0,4917.5,90849,351012
2024-01-26 09:00:00,4918.0,4923.5,4915.5,4920.0,45621,199843
2024-01-26 10:00:00,4920.0,4922.5,4916.5,4918.0,24768,110328
2024-01-26 11:00:00,4918.0,4920.5,4913.5,4914.5,33302,159483
2024-01-26 12:00:00,4914.5,4917.5,4912.5,4916.5,24805,109517
2024-01-26 13:00:00,4916.5,4917.0,4912.5,4914.5,14813,99596
2024-01-26 14:00:00,4914.5,4916.5,4911.5,4914.0,14531,79665
2024-01-26 15:00:00,4914.0,4922.0,4914.0,4920.0,5489,30035
2024-01-29 06:00:00,4919.5,4925.0,4910.0,4912.0,86908,337473
2024-01-29 07:00:00,4912.0,4918.0,4908.0,4913.5,83633,328150
2024-01-29 08:00:00,4913.5,4934.0,4913.5,4927.5,107054,434424
2024-01-29 09:00:00,4927.5,4955.0,4926.0,4950.5,86207,429826
2024-01-29 10:00:00,4950.0,4953.5,4943.0,4945.0,72695,409820
2024-01-29 11:00:00,4945.0,4952.5,4944.5,4950.5,38101,187258
2024-01-29 12:00:00,4950.0,4961.5,4949.5,4955.5,48302,236030
2024-01-29 13:00:00,4955.5,4957.5,4951.0,4953.0,28153,148092
2024-01-29 14:00:00,4953.0,4953.0,4943.5,4950.5,38039,181835
2024-01-29 15:00:00,4951.0,4956.0,4948.5,4955.0,9106,41248
2024-01-30 06:00:00,4945.0,4951.5,4935.5,4950.5,100708,375651
2024-01-30 07:00:00,4951.0,4972.5,4949.5,4965.5,105491,469941
2024-01-30 08:00:00,4966.0,4968.0,4957.0,4959.5,80466,346942
2024-01-30 09:00:00,4959.5,4983.0,4957.5,4971.0,112191,565131
2024-01-30 10:00:00,4970.5,4973.0,4964.0,4965.0,42749,190988
2024-01-30 11:00:00,4965.0,4965.5,4957.0,4962.0,43227,187761
2024-01-30 12:00:00,4962.0,4964.5,4944.0,4949.0,52221,255828
2024-01-30 13:00:00,4949.0,4949.5,4942.0,4946.0,30134,145108
2024-01-30 14:00:00,4946.0,4955.0,4944.5,4951.0,17790,81888
2024-01-30 15:00:00,4951.0,4956.5,4950.0,4954.0,6735,33147
2024-01-31 06:00:00,4961.0,4976.0,4957.5,4964.5,96477,367649
2024-01-31 07:00:00,4964.0,4979.0,4960.5,4969.0,137903,620961
2024-01-31 08:00:00,4969.0,4972.5,4941.0,4960.5,129059,610976
2024-01-31 09:00:00,4961.0,4964.5,4947.5,4953.5,84207,395183
2024-01-31 10:00:00,4953.5,4957.5,4939.5,4951.5,69021,315219
2024-01-31 11:00:00,4951.5,4952.0,4940.0,4947.5,32976,145217
2024-01-31 12:00:00,4947.5,4960.0,4946.5,4949.0,47400,213220
2024-01-31 13:00:00,4949.5,4964.0,4937.5,4950.0,140987,537772
2024-01-31 14:00:00,4950.0,4973.5,4948.5,4966.0,101118,383897
2024-01-31 15:00:00,4966.0,4971.0,4961.5,4961.5,10612,43459
2024-02-01 06:00:00,4961.0,4982.0,4958.5,4964.5,131499,475107
2024-02-01 07:00:00,4964.5,4969.5,4946.0,4950.0,116341,441955
2024-02-01 08:00:00,4950.0,4953.0,4940.0,4943.5,85171,348496
2024-02-01 09:00:00,4944.0,4951.0,4925.5,4931.0,98940,429970
2024-02-01 10:00:00,4931.0,4938.5,4927.5,4933.0,58816,269234
2024-02-01 11:00:00,4933.0,4935.5,4925.5,4928.0,41766,170024
2024-02-01 12:00:00,4928.0,4935.5,4927.0,4930.0,36648,164672
2024-02-01 13:00:00,4930.0,4930.5,4925.0,4928.0,28465,134558
2024-02-01 14:00:00,4928.0,4929.0,4922.5,4926.0,19544,106935
2024-02-01 15:00:00,4925.5,4930.5,4924.0,4929.0,9182,58268
2024-02-02 06:00:00,4923.5,4929.0,4921.0,4926.5,58197,218661
2024-02-02 07:00:00,4926.5,4972.0,4915.0,4968.0,192810,851485
2024-02-02 08:00:00,4968.0,4971.0,4954.5,4959.5,86191,341245
2024-02-02 09:00:00,4960.0,4988.0,4957.5,4979.5,104106,455893
2024-02-02 10:00:00,4979.5,4985.0,4977.5,4982.5,39039,187354
2024-02-02 11:00:00,4982.0,4988.0,4981.5,4985.0,34390,165908
2024-02-02 12:00:00,4985.0,4987.5,4977.0,4978.0,36966,187130
2024-02-02 13:00:00,4978.0,4981.5,4974.0,4979.0,32260,160330
2024-02-02 14:00:00,4979.0,4983.0,4976.0,4980.0,25489,128665
2024-02-02 15:00:00,4979.5,4984.0,4977.5,4984.0,8299,48387
2024-02-05 06:00:00,4989.0,5000.0,4980.5,4999.0,98706,375022
2024-02-05 07:00:00,4998.5,5012.0,4998.5,5010.0,108593,446024
2024-02-05 08:00:00,5010.0,5011.5,5004.0,5008.0,56225,242345
2024-02-05 09:00:00,5008.0,5029.0,5008.0,5020.0,104908,507396
2024-02-05 10:00:00,5020.0,5022.0,5012.0,5013.0,40759,201008
2024-02-05 11:00:00,5012.5,5013.0,4996.0,5001.0,53444,261479
2024-02-05 12:00:00,5001.0,5003.5,4995.0,4998.5,37030,179768
2024-02-05 13:00:00,4998.5,5000.0,4990.0,4992.5,28757,153224
2024-02-05 14:00:00,4992.5,4994.0,4988.0,4993.0,21396,118121
2024-02-05 15:00:00,4993.5,4998.0,4993.0,4997.0,7140,41437
2024-02-06 06:00:00,4987.0,4988.0,4981.5,4984.0,73312,305058
2024-02-06 07:00:00,4983.5,4985.5,4971.5,4982.0,113531,469297
2024-02-06 08:00:00,4982.0,4991.0,4968.0,4970.0,97059,429051
2024-02-06 09:00:00,4970.5,4974.0,4961.0,4967.0,69374,343021
2024-02-06 10:00:00,4967.5,4971.0,4961.0,4964.0,41114,180857
2024-02-06 11:00:00,4964.5,4969.0,4960.5,4968.5,35866,174255
2024-02-06 12:00:00,4969.0,4979.0,4966.5,4968.5,53170,249718
2024-02-06 13:00:00,4968.0,4975.5,4967.5,4971.5,27624,138566
2024-02-06 14:00:00,4972.0,4973.5,4968.0,4968.5,15997,78390
2024-02-06 15:00:00,4968.5,4975.5,4967.5,4974.5,6914,38577
2024-02-07 06:00:00,4973.0,4977.0,4965.0,4968.5,83790,311682
2024-02-07 07:00:00,4968.0,4977.0,4964.0,4974.0,79665,302663
2024-02-07 08:00:00,4974.0,4978.5,4961.0,4964.5,98736,390750
2024-02-07 09:00:00,4964.5,4973.5,4963.0,4970.5,52760,225256
2024-02-07 10:00:00,4970.0,4974.0,4968.5,4972.0,28626,119707
2024-02-07 11:00:00,4971.5,4979.0,4969.0,4975.5,34397,157421
2024-02-07 12:00:00,4976.0,4983.0,4968.5,4979.0,53092,226124
2024-02-07 13:00:00,4979.0,4980.0,4973.5,4976.5,21612,123285
2024-02-07 14:00:00,4976.0,4980.5,4974.5,4979.0,14337,76163
2024-02-07 15:00:00,4978.5,4981.0,4976.5,4979.0,5306,33912
2024-02-08 06:00:00,4985.0,4995.0,4982.5,4986.0,111008,455776
2024-02-08 07:00:00,4986.5,4993.5,4985.5,4988.0,66654,292297
2024-02-08 08:00:00,4988.5,4998.0,4983.0,4992.0,69698,292540
2024-02-08 09:00:00,4992.0,5008.5,4988.0,4995.5,72202,347518
2024-02-08 10:00:00,4995.0,5012.0,4995.0,5005.0,54927,292014
2024-02-08 11:00:00,5004.5,5010.0,4997.5,5009.0,42809,217791
2024-02-08 12:00:00,5009.5,5009.5,4998.0,5000.5,44836,254228
2024-02-08 13:00:00,5000.5,5005.5,4996.5,5004.5,25335,134157
2024-02-08 14:00:00,5005.0,5008.0,5001.5,5006.5,17192,91978
2024-02-08 15:00:00,5007.0,5009.0,5001.5,5004.0,6764,41027
2024-02-09 06:00:00,4999.0,5000.0,4990.5,4993.5,74688,290760
2024-02-09 07:00:00,4993.0,4994.0,4966.5,4982.0,138871,594694
2024-02-09 08:00:00,4982.0,4991.0,4974.0,4977.0,84897,362423
2024-02-09 09:00:00,4977.0,4981.5,4971.5,4975.0,48770,216441
2024-02-09 10:00:00,4975.0,4979.5,4974.5,4977.5,20978,113502
2024-02-09 11:00:00,4978.0,4978.5,4963.5,4965.0,39221,208354
2024-02-09 12:00:00,4964.5,4968.5,4960.0,4964.0,42812,224547
2024-02-09 13:00:00,4963.5,4970.5,4963.0,4969.5,20864,118246
2024-02-09 14:00:00,4970.0,4972.5,4962.5,4963.0,19228,106808
2024-02-09 15:00:00,4963.0,4965.0,4959.0,4963.0,8464,46299
2024-02-14 10:00:00,4979.0,4981.0,4971.0,4974.0,75605,396523
2024-02-14 11:00:00,4973.5,4987.0,4973.5,4980.0,52958,230182
2024-02-14 12:00:00,4980.0,4982.0,4975.5,4978.5,33578,157911
2024-02-14 13:00:00,4978.5,4980.0,4976.0,4979.0,18574,108234
2024-02-14 14:00:00,4979.5,4983.5,4978.5,4981.5,14398,78169
2024-02-14 15:00:00,4981.5,4982.0,4976.0,4976.0,6775,35645
2024-02-15 06:00:00,4965.0,4975.5,4965.0,4975.0,70184,271476
2024-02-15 07:00:00,4975.0,4980.0,4964.0,4973.5,106676,481565
2024-02-15 08:00:00,4973.5,4977.5,4968.5,4974.5,71790,337957
2024-02-15 09:00:00,4974.0,4987.0,4971.0,4984.0,66452,318546
2024-02-15 10:00:00,4984.5,4990.0,4981.0,4981.0,48731,388825
2024-02-15 11:00:00,4981.5,4984.0,4978.0,4982.5,24486,115801
2024-02-15 12:00:00,4982.5,4982.5,4975.0,4975.5,23465,137321
2024-02-15 13:00:00,4976.0,4977.5,4973.0,4975.5,21850,113349
2024-02-15 14:00:00,4975.0,4982.5,4974.5,4981.0,19924,126799
2024-02-15 15:00:00,4980.5,4982.5,4979.5,4980.5,4790,29378
2024-02-16 06:00:00,4976.0,4980.5,4973.0,4979.0,49475,209007
2024-02-16 07:00:00,4979.0,4994.5,4976.0,4987.0,93772,440323
2024-02-16 08:00:00,4987.5,4995.0,4982.0,4984.0,68915,288606
2024-02-16 09:00:00,4984.0,4985.0,4965.0,4970.5,75642,370691
2024-02-16 10:00:00,4971.0,4978.5,4970.0,4976.0,29362,148508
2024-02-16 11:00:00,4976.0,4978.5,4974.5,4977.0,22162,105613
2024-02-16 12:00:00,4977.0,4983.5,4973.5,4975.5,35661,188619
2024-02-16 13:00:00,4975.5,4976.0,4970.5,4972.5,21246,123341
2024-02-16 14:00:00,4972.0,4975.0,4970.0,4971.5,16402,91531
2024-02-16 15:00:00,4971.5,4975.0,4970.5,4974.0,4802,31618
2024-02-19 06:00:00,4974.0,4977.0,4961.5,4965.0,74437,288169
2024-02-19 07:00:00,4965.5,4966.5,4960.5,4962.5,36520,162693
2024-02-19 08:00:00,4962.5,4967.0,4957.0,4966.0,52399,236175
2024-02-19 09:00:00,4966.0,4969.0,4964.5,4967.0,27463,150453
2024-02-19 10:00:00,4967.0,4968.5,4964.0,4967.0,16559,74427
2024-02-19 11:00:00,4967.5,4968.5,4964.5,4966.0,11452,64195
2024-02-19 12:00:00,4965.5,4968.5,4964.0,4967.5,10918,62286
2024-02-19 13:00:00,4967.5,4968.5,4966.0,4967.0,6764,39387
2024-02-19 14:00:00,4967.0,4968.0,4964.0,4967.0,8052,48857
2024-02-19 15:00:00,4967.0,4967.0,4963.0,4963.0,4144,30167
2024-02-20 06:00:00,4968.0,4969.0,4956.0,4964.5,101844,417001
2024-02-20 07:00:00,4964.5,4965.5,4939.0,4942.5,122642,599290
2024-02-20 08:00:00,4942.5,4944.5,4931.5,4934.0,76428,403743
2024-02-20 09:00:00,4934.0,4941.5,4933.5,4939.0,47884,264282
2024-02-20 10:00:00,4939.0,4942.0,4935.5,4937.0,29598,176793
2024-02-20 11:00:00,4937.0,4937.5,4929.0,4932.0,40246,219333
2024-02-20 12:00:00,4932.0,4934.5,4931.0,4933.5,23137,128087
2024-02-20 13:00:00,4933.0,4936.5,4931.5,4935.0,24399,131025
2024-02-20 14:00:00,4935.0,4936.5,4930.0,4932.0,22733,112392
2024-02-20 15:00:00,4932.0,4933.5,4929.5,4930.0,9449,52470
2024-02-21 06:00:00,4934.5,4937.0,4926.0,4930.5,80352,327391
2024-02-21 07:00:00,4930.5,4935.0,4925.0,4933.0,80193,346145
2024-02-21 08:00:00,4933.0,4935.0,4928.5,4931.5,54138,249539
2024-02-21 09:00:00,4931.5,4939.5,4929.5,4936.5,46520,225355
2024-02-21 10:00:00,4937.0,4939.0,4927.5,4931.0,46357,231738
2024-02-21 11:00:00,4931.0,4942.0,4931.0,4941.5,37272,185149
2024-02-21 12:00:00,4941.5,4947.5,4939.5,4945.5,44197,214420
2024-02-21 13:00:00,4946.0,4950.0,4938.5,4940.5,39954,171562
2024-02-21 14:00:00,4941.0,4945.0,4938.5,4939.0,19396,96935
2024-02-21 15:00:00,4938.5,4941.5,4937.5,4938.5,6692,37832
2024-02-22 06:00:00,4930.0,4938.0,4922.0,4934.5,91910,375190
2024-02-22 07:00:00,4934.5,4946.5,4933.5,4944.5,83581,360574
2024-02-22 08:00:00,4944.5,4954.5,4943.0,4946.0,91706,445413
2024-02-22 09:00:00,4946.0,4951.0,4943.0,4948.0,54655,244276
2024-02-22 10:00:00,4948.0,4948.0,4942.0,4944.0,31852,155438
2024-02-22 11:00:00,4944.5,4952.0,4944.0,4950.0,33124,194738
2024-02-22 12:00:00,4949.5,4954.0,4948.0,4951.5,37293,203864
2024-02-22 13:00:00,4952.0,4957.5,4951.0,4955.5,24773,139402
2024-02-22 14:00:00,4955.5,4969.0,4955.0,4968.0,34703,225044
2024-02-22 15:00:00,4968.0,4969.0,4962.0,4964.0,11388,65499
2024-02-23 06:00:00,4963.0,4972.5,4961.0,4969.0,103090,472103
2024-02-23 07:00:00,4968.5,4984.5,4967.0,4982.0,107058,521738
2024-02-23 08:00:00,4982.5,4998.0,4981.0,4997.5,102861,554789
2024-02-23 09:00:00,4997.5,4999.5,4988.0,4994.5,67944,367905
2024-02-23 10:00:00,4994.0,4995.0,4976.0,4978.5,49979,260071
2024-02-23 11:00:00,4978.0,4987.0,4977.5,4984.5,36950,180742
2024-02-23 12:00:00,4984.0,4991.5,4982.0,4989.0,32724,159317
2024-02-23 13:00:00,4989.5,4997.5,4989.0,4994.5,26455,132893
2024-02-23 14:00:00,4994.5,4998.5,4993.5,4996.5,20410,115189
2024-02-23 15:00:00,4996.0,4999.5,4992.0,4999.0,7849,50122
2024-02-26 06:00:00,4986.0,4990.0,4980.0,4988.5,65985,241680
2024-02-26 07:00:00,4988.5,4997.0,4984.5,4986.5,86632,344221
2024-02-26 08:00:00,4986.5,4992.0,4971.5,4976.5,94494,379490
2024-02-26 09:00:00,4976.5,4989.0,4974.0,4980.5,59280,246818
2024-02-26 10:00:00,4980.0,4992.0,4979.5,4990.0,35003,153362
2024-02-26 11:00:00,4990.5,4992.5,4985.5,4987.5,30965,134120
2024-02-26 12:00:00,4988.0,4990.5,4978.5,4979.0,33173,146620
2024-02-26 13:00:00,4979.0,4982.5,4977.5,4982.0,22186,105965
2024-02-26 14:00:00,4982.0,4983.5,4979.0,4981.5,17417,98503
2024-02-26 15:00:00,4981.5,4985.5,4981.0,4985.5,5097,26152
2024-02-27 06:00:00,4979.0,4980.0,4963.5,4968.5,110190,414347
2024-02-27 07:00:00,4969.0,4974.5,4967.5,4969.5,67789,289430
2024-02-27 08:00:00,4969.5,4970.0,4950.0,4950.0,106079,442141
2024-02-27 09:00:00,4950.0,4950.5,4938.0,4945.0,82485,420221
2024-02-27 10:00:00,4945.0,4947.0,4942.0,4943.5,38806,182306
2024-02-27 11:00:00,4943.0,4947.0,4936.0,4940.0,45520,212612
2024-02-27 12:00:00,4939.5,4941.0,4928.5,4934.0,54726,303531
2024-02-27 13:00:00,4934.0,4936.5,4932.5,4932.5,24853,145157
2024-02-27 14:00:00,4933.0,4938.0,4932.5,4933.5,23472,132964
2024-02-27 15:00:00,4934.0,4938.0,4933.5,4934.5,8138,44084
2024-02-28 06:00:00,4943.5,4954.0,4941.5,4950.5,72828,301627
2024-02-28 07:00:00,4950.0,4954.5,4941.5,4950.5,101525,403375
2024-02-28 08:00:00,4950.5,4963.5,4950.5,4961.0,94188,408977
2024-02-28 09:00:00,4961.0,4962.0,4953.5,4954.5,50070,212286
2024-02-28 10:00:00,4954.0,4961.5,4951.0,4951.5,35929,166015
2024-02-28 11:00:00,4951.0,4961.5,4949.0,4961.5,45431,202883
2024-02-28 12:00:00,4961.5,4971.5,4956.5,4970.0,61604,311019
2024-02-28 13:00:00,4970.0,4975.0,4966.5,4970.0,38610,203946
2024-02-28 14:00:00,4969.5,4972.0,4967.0,4970.5,21333,116258
2024-02-28 15:00:00,4971.0,4975.0,4965.0,4965.0,8340,43906
2024-02-29 06:00:00,4973.0,5012.0,4971.5,5011.5,118946,465560
2024-02-29 07:00:00,5011.5,5013.0,4993.5,5005.5,115109,549222
2024-02-29 08:00:00,5005.5,5006.0,4984.0,4988.0,107158,540735
2024-02-29 09:00:00,4987.5,4990.5,4976.5,4984.0,91276,580142
2024-02-29 10:00:00,4983.5,4990.0,4981.0,4985.5,37747,219263
2024-02-29 11:00:00,4986.0,4991.0,4983.5,4986.0,31258,165551
2024-02-29 12:00:00,4986.0,4989.0,4980.0,4985.5,31418,163426
2024-02-29 13:00:00,4985.0,4991.0,4983.5,4986.5,28662,152816
2024-02-29 14:00:00,4986.5,4989.0,4982.0,4985.0,25348,122745
2024-02-29 15:00:00,4985.0,4990.0,4982.0,4983.0,9861,56984
2024-03-01 06:00:00,4973.5,4977.5,4969.0,4974.5,60456,217122
2024-03-01 07:00:00,4974.5,4987.0,4969.5,4977.0,104064,414293
2024-03-01 08:00:00,4977.0,4986.0,4966.5,4983.5,101604,428699
2024-03-01 09:00:00,4983.0,4984.0,4958.5,4961.5,99609,427160
2024-03-01 10:00:00,4961.5,4964.0,4959.0,4961.0,29658,140280
2024-03-01 11:00:00,4961.0,4964.0,4958.5,4962.5,25512,113550
2024-03-01 12:00:00,4963.0,4969.5,4960.0,4965.0,34904,172004
2024-03-01 13:00:00,4965.5,4967.0,4964.0,4966.5,16024,80607
2024-03-01 14:00:00,4966.5,4971.5,4966.5,4966.5,15576,88813
2024-03-01 15:00:00,4966.5,4971.5,4965.5,4968.0,6302,35575
2024-03-04 06:00:00,4965.0,4969.5,4960.5,4962.0,62085,234877
2024-03-04 07:00:00,4962.0,4965.0,4955.0,4958.0,60145,295263
2024-03-04 08:00:00,4958.0,4961.5,4953.5,4957.5,55816,242090
2024-03-04 09:00:00,4957.5,4960.5,4954.5,4957.0,28032,143980
2024-03-04 10:00:00,4957.0,4958.0,4951.5,4954.5,29532,152040
2024-03-04 11:00:00,4955.0,4958.5,4954.0,4957.5,19149,98753
2024-03-04 12:00:00,4957.0,4960.0,4956.0,4959.0,17965,87848
2024-03-04 13:00:00,4959.5,4960.0,4955.0,4959.0,18880,92885
2024-03-04 14:00:00,4959.0,4961.0,4958.0,4959.5,15706,72372
2024-03-04 15:00:00,4959.0,4960.5,4956.0,4958.5,6750,33221
2024-03-05 06:00:00,4964.0,4970.5,4959.0,4964.0,71164,266670
2024-03-05 07:00:00,4963.5,4964.0,4958.0,4962.5,62116,251975
2024-03-05 08:00:00,4962.5,4971.5,4961.0,4969.0,51544,227425
2024-03-05 09:00:00,4968.5,4969.0,4950.5,4954.5,85196,371533
2024-03-05 10:00:00,4954.0,4973.0,4954.0,4967.5,50752,248201
2024-03-05 11:00:00,4967.5,4972.5,4963.5,4965.5,35289,174745
2024-03-05 12:00:00,4965.0,4967.5,4962.5,4966.5,21442,92549
2024-03-05 13:00:00,4967.0,4969.0,4963.5,4966.0,23255,110692
2024-03-05 14:00:00,4965.5,4970.0,4965.0,4969.0,19180,97484
2024-03-05 15:00:00,4969.0,4970.0,4966.0,4966.0,5262,29887
2024-03-06 06:00:00,4955.0,4956.5,4946.5,4954.5,79769,305337
2024-03-06 07:00:00,4954.0,4955.0,4944.5,4944.5,85871,317311
2024-03-06 08:00:00,4945.0,4952.0,4942.5,4950.0,55437,248122
2024-03-06 09:00:00,4950.0,4956.0,4946.0,4949.0,61915,261549
2024-03-06 10:00:00,4948.5,4951.5,4943.5,4945.0,31639,164218
2024-03-06 11:00:00,4945.0,4951.5,4944.0,4950.0,24645,112425
2024-03-06 12:00:00,4950.0,4954.5,4947.5,4953.0,27741,139047
2024-03-06 13:00:00,4952.5,4956.0,4952.0,4954.5,25499,115681
2024-03-06 14:00:00,4954.5,4959.5,4954.0,4954.5,20891,106702
2024-03-06 15:00:00,4955.0,4958.0,4953.5,4958.0,6943,34773
2024-03-07 06:00:00,4947.5,4953.0,4946.0,4949.5,43748,181626
2024-03-07 07:00:00,4949.5,4951.5,4945.0,4949.0,44758,208244
2024-03-07 08:00:00,4949.0,4950.5,4943.0,4946.5,59786,274976
2024-03-07 09:00:00,4946.5,4949.0,4942.0,4944.5,32733,152412
2024-03-07 10:00:00,4945.0,4946.0,4941.0,4942.5,28907,163521
2024-03-07 11:00:00,4942.5,4949.5,4941.0,4947.5,29694,152192
2024-03-07 12:00:00,4948.0,4948.5,4942.5,4943.5,22088,115414
2024-03-07 13:00:00,4943.5,4946.0,4942.0,4942.5,19632,122084
2024-03-07 14:00:00,4942.5,4945.5,4942.0,4944.5,16783,108099
2024-03-07 15:00:00,4944.5,4945.5,4942.0,4944.5,7034,36460
2024-03-08 06:00:00,4960.0,4983.0,4959.5,4971.5,127238,540621
2024-03-08 07:00:00,4971.5,4998.5,4969.0,4992.5,183316,785410
2024-03-08 08:00:00,4993.0,5000.0,4979.0,4984.5,124374,534066
2024-03-08 09:00:00,4984.5,4987.0,4975.5,4980.0,62773,304118
2024-03-08 10:00:00,4979.5,4989.0,4978.5,4985.5,40026,166400
2024-03-08 11:00:00,4985.5,4991.5,4984.0,4991.0,32335,149265
2024-03-08 12:00:00,4990.5,4992.5,4986.0,4991.0,31394,144135
2024-03-08 13:00:00,4990.5,4991.5,4986.5,4989.5,24550,119322
2024-03-08 14:00:00,4989.0,4995.0,4989.0,4991.5,21984,123324
2024-03-08 15:00:00,4991.0,4992.0,4987.0,4990.0,7521,46532
2024-03-11 06:00:00,4990.0,5007.0,4987.0,5002.5,106332,472645
2024-03-11 07:00:00,5002.5,5003.5,4978.5,4981.0,108768,470111
2024-03-11 08:00:00,4981.0,4983.0,4967.0,4973.0,74545,377897
2024-03-11 09:00:00,4973.0,4980.5,4972.5,4974.5,38188,185416
2024-03-11 10:00:00,4975.0,4984.5,4974.0,4982.0,39980,217448
2024-03-11 11:00:00,4982.0,4983.5,4978.5,4979.5,25018,133050
2024-03-11 12:00:00,4979.5,4983.5,4978.5,4983.5,18921,102471
2024-03-11 13:00:00,4983.5,4989.0,4981.0,4985.0,30003,148322
2024-03-11 14:00:00,4985.0,4987.5,4983.5,4985.0,12133,67220
2024-03-11 15:00:00,4985.0,4986.0,4982.0,4985.5,3952,20186
2024-03-12 06:00:00,4980.0,4999.0,4963.5,4985.5,162330,670051
2024-03-12 07:00:00,4985.0,5000.0,4983.0,4988.0,148852,600749
2024-03-12 08:00:00,4988.0,4990.5,4976.0,4986.0,82362,335425
2024-03-12 09:00:00,4986.5,4990.5,4982.5,4988.0,41307,173692
2024-03-12 10:00:00,4988.0,4992.0,4986.0,4992.0,22223,90217
2024-03-12 11:00:00,4992.0,4994.5,4984.0,4984.0,35606,176955
2024-03-12 12:00:00,4984.0,4985.5,4970.5,4976.0,53223,287686
2024-03-12 13:00:00,4976.0,4980.0,4975.5,4980.0,22777,112531
2024-03-12 14:00:00,4980.0,4980.5,4976.0,4977.5,11826,57675
2024-03-12 15:00:00,4977.5,4979.0,4973.0,4975.5,3795,19653
2024-03-13 06:00:00,4970.0,4989.5,4967.0,4986.0,84794,355697
2024-03-13 07:00:00,4986.0,4992.5,4983.0,4989.5,88245,385786
2024-03-13 08:00:00,4989.5,4990.5,4981.0,4983.0,57039,263358
2024-03-13 09:00:00,4983.5,4988.5,4980.5,4981.5,39094,193106
2024-03-13 10:00:00,4981.5,4984.5,4977.5,4979.5,33208,174349
2024-03-13 11:00:00,4980.0,4981.0,4972.5,4976.5,43296,198709
2024-03-13 12:00:00,4976.5,4979.0,4974.0,4974.0,23476,117035
2024-03-13 13:00:00,4974.0,4980.5,4974.0,4980.0,21061,112355
2024-03-13 14:00:00,4980.0,4980.5,4975.0,4975.5,13392,69510
2024-03-13 15:00:00,4975.5,4977.5,4973.5,4973.5,3527,20271
2024-03-14 06:00:00,4969.0,4975.0,4958.0,4969.5,131660,585378
2024-03-14 07:00:00,4969.0,4986.5,4968.5,4985.0,113524,511954
2024-03-14 08:00:00,4985.0,4986.0,4971.0,4983.5,72963,359409
2024-03-14 09:00:00,4983.0,4988.5,4981.5,4987.0,45625,238440
2024-03-14 10:00:00,4987.0,4988.5,4979.0,4988.0,36478,182969
2024-03-14 11:00:00,4988.0,4995.5,4987.0,4991.0,43167,227768
2024-03-14 12:00:00,4991.5,4999.0,4989.5,4997.0,37776,206132
2024-03-14 13:00:00,4997.0,4998.5,4991.5,4992.5,32426,199267
2024-03-14 14:00:00,4992.0,4996.0,4990.0,4995.0,16271,100086
2024-03-14 15:00:00,4994.5,5005.0,4994.5,5000.0,7444,34509
2024-03-15 06:00:00,4992.5,5004.0,4986.0,5003.0,88383,425578
2024-03-15 07:00:00,5003.0,5005.5,4993.5,4997.5,95455,455631
2024-03-15 08:00:00,4998.0,4998.0,4986.0,4990.5,75851,365489
2024-03-15 09:00:00,4990.5,5000.0,4989.5,4999.0,32605,202512
2024-03-15 10:00:00,4999.5,5002.0,4997.5,4999.5,31073,188891
2024-03-15 11:00:00,4999.5,5003.0,4997.0,5001.5,22753,131402
2024-03-15 12:00:00,5001.0,5001.0,4997.0,4997.5,16040,89330
2024-03-15 13:00:00,4997.5,5002.0,4995.5,5002.0,18461,109088
2024-03-15 14:00:00,5002.0,5003.5,4998.5,5000.0,13418,78321
2024-03-15 15:00:00,4999.5,5005.0,4999.0,5003.5,3933,20682
2024-03-18 06:00:00,4993.0,4997.5,4986.5,4995.5,63370,261757
2024-03-18 07:00:00,4995.0,5015.0,4991.0,5012.5,100487,464376
2024-03-18 08:00:00,5012.5,5034.5,5008.5,5027.5,104305,553049
2024-03-18 09:00:00,5027.5,5030.5,5022.0,5022.0,49832,268954
2024-03-18 10:00:00,5022.5,5028.0,5019.0,5022.0,42147,221445
2024-03-18 11:00:00,5022.0,5028.5,5021.5,5025.5,35797,187363
2024-03-18 12:00:00,5025.0,5032.5,5024.5,5028.0,31440,172506
2024-03-18 13:00:00,5028.0,5031.5,5027.0,5028.0,21844,132989
2024-03-18 14:00:00,5028.0,5029.5,5025.0,5028.5,16247,89149
2024-03-18 15:00:00,5028.5,5039.5,5026.0,5033.5,10069,46672
2024-03-19 06:00:00,5047.0,5057.0,5041.5,5047.0,123421,538757
2024-03-19 07:00:00,5047.5,5049.0,5037.5,5039.5,87648,408501
2024-03-19 08:00:00,5039.5,5040.0,5024.0,5027.5,86025,460368
2024-03-19 09:00:00,5027.5,5034.5,5019.5,5023.5,58590,328679
2024-03-19 10:00:00,5023.5,5029.0,5022.5,5022.5,36520,218693
2024-03-19 11:00:00,5022.5,5023.5,5011.5,5014.5,53586,315386
2024-03-19 12:00:00,5015.0,5021.5,5014.0,5018.0,26636,137250
2024-03-19 13:00:00,5018.0,5034.5,5018.0,5031.0,48416,263208
2024-03-19 14:00:00,5031.0,5035.0,5027.5,5033.0,20196,113460
2024-03-19 15:00:00,5033.0,5037.5,5032.0,5032.0,7358,32638
2024-03-20 06:00:00,5033.0,5035.0,5016.0,5018.5,109378,440103
2024-03-20 07:00:00,5018.5,5023.0,5011.0,5017.0,81612,364304
2024-03-20 08:00:00,5017.0,5020.5,5006.5,5009.0,63390,310012
2024-03-20 09:00:00,5008.5,5010.0,5004.0,5006.0,37154,200509
2024-03-20 10:00:00,5005.5,5009.0,5003.0,5007.5,27699,144481
2024-03-20 11:00:00,5007.5,5008.0,4995.5,4998.5,43203,222811
2024-03-20 12:00:00,4998.5,4999.5,4973.0,4974.5,171554,764228
2024-03-20 13:00:00,4974.5,4980.5,4972.0,4974.5,49953,234682
2024-03-20 14:00:00,4975.0,4975.0,4965.5,4969.5,25834,152233
2024-03-20 15:00:00,4970.0,4971.0,4965.5,4971.0,7797,38087
2024-03-21 06:00:00,4957.0,4980.0,4955.5,4971.5,116665,545469
2024-03-21 07:00:00,4971.5,4985.0,4968.5,4982.0,90175,438834
2024-03-21 08:00:00,4981.5,4987.0,4978.0,4983.5,55056,291289
2024-03-21 09:00:00,4983.5,4986.0,4979.0,4981.0,32217,174193
2024-03-21 10:00:00,4981.0,4981.5,4976.0,4980.0,27501,147770
2024-03-21 11:00:00,4979.5,4982.5,4971.5,4976.0,34499,181586
2024-03-21 12:00:00,4976.5,4977.5,4973.0,4975.5,21100,111232
2024-03-21 13:00:00,4975.5,4983.5,4973.5,4981.0,26964,138903
2024-03-21 14:00:00,4981.0,4982.0,4979.0,4979.5,11630,60399
2024-03-21 15:00:00,4979.5,4981.0,4974.5,4976.0,4326,19465
2024-03-22 06:00:00,4995.0,5009.5,4993.5,4998.0,113827,474134
2024-03-22 07:00:00,4998.5,5004.0,4982.0,4986.5,105752,455555
2024-03-22 08:00:00,4986.5,4989.5,4981.5,4987.5,60266,295811
2024-03-22 09:00:00,4987.5,4992.5,4986.0,4988.5,39173,194756
2024-03-22 10:00:00,4988.0,4992.5,4985.5,4990.5,29649,148309
2024-03-22 11:00:00,4990.0,4999.5,4990.0,4996.5,38816,198041
2024-03-22 12:00:00,4997.0,5004.0,4995.0,5003.0,29987,159846
2024-03-22 13:00:00,5002.5,5005.5,4998.5,4999.0,23767,125592
2024-03-22 14:00:00,4999.0,5003.0,4994.5,5001.0,17114,85328
2024-03-22 15:00:00,5001.0,5005.5,5000.5,5004.0,5103,24080
2024-03-25 06:00:00,4993.5,4999.0,4986.0,4998.0,74077,288744
2024-03-25 07:00:00,4998.5,5005.5,4977.0,4980.0,137469,661458
2024-03-25 08:00:00,4980.0,4986.5,4975.0,4982.5,51791,231920
2024-03-25 09:00:00,4983.0,4987.0,4978.5,4985.5,36058,180045
2024-03-25 10:00:00,4985.5,4985.5,4977.0,4980.0,20867,105798
2024-03-25 11:00:00,4979.5,4980.0,4971.5,4976.5,33348,172250
2024-03-25 12:00:00,4976.5,4978.0,4972.0,4974.5,23503,126926
2024-03-25 13:00:00,4974.0,4976.5,4972.0,4973.0,16613,97322
2024-03-25 14:00:00,4973.5,4976.0,4972.5,4975.0,13066,69851
2024-03-25 15:00:00,4974.5,4976.0,4972.0,4973.0,5550,21505
2024-03-26 06:00:00,4969.5,4981.0,4963.0,4978.5,105454,449268
2024-03-26 07:00:00,4978.5,4986.0,4976.0,4985.0,76398,374455
2024-03-26 08:00:00,4985.5,4988.5,4981.5,4986.5,68450,377666
2024-03-26 09:00:00,4987.0,4992.5,4985.5,4990.0,54273,244804
2024-03-26 10:00:00,4990.0,4990.5,4983.5,4987.5,33405,176205
2024-03-26 11:00:00,4987.0,4988.5,4976.5,4980.0,45716,222647
2024-03-26 12:00:00,4979.5,4983.5,4979.0,4983.5,22004,123899
2024-03-26 13:00:00,4983.5,4984.5,4981.5,4982.0,15911,91885
2024-03-26 14:00:00,4982.0,4982.5,4977.5,4980.5,13346,73496
2024-03-26 15:00:00,4980.5,4981.0,4975.0,4975.0,4667,21612
2024-03-27 06:00:00,4972.0,4989.5,4971.0,4986.5,101881,428943
2024-03-27 07:00:00,4986.5,4995.0,4985.0,4987.5,90560,381752
2024-03-27 08:00:00,4988.0,4992.0,4977.5,4983.0,78714,390214
2024-03-27 09:00:00,4983.0,4985.0,4975.0,4977.5,45948,233009
2024-03-27 10:00:00,4977.5,4980.0,4976.0,4977.5,29924,169071
2024-03-27 11:00:00,4977.5,4980.0,4975.5,4977.5,24727,136506
2024-03-27 12:00:00,4978.0,4981.0,4976.0,4977.5,26090,138749
2024-03-27 13:00:00,4977.0,4983.0,4975.5,4981.0,26854,141634
2024-03-27 14:00:00,4981.0,4990.5,4979.0,4989.0,32068,178500
2024-03-27 15:00:00,4989.0,4994.0,4986.0,4994.0,5734,22970
2024-03-28 06:00:00,5010.0,5016.0,5007.0,5013.5,86015,383692
2024-03-28 07:00:00,5013.5,5022.5,4998.5,5002.0,116677,577799
2024-03-28 08:00:00,5002.0,5006.5,4995.5,5006.0,62256,312449
2024-03-28 09:00:00,5005.5,5022.0,5005.5,5020.5,63717,375441
2024-03-28 10:00:00,5021.0,5023.0,5014.5,5015.5,43549,291041
2024-03-28 11:00:00,5016.0,5025.0,5015.5,5025.0,35113,192402
2024-03-28 12:00:00,5025.0,5025.5,5020.0,5025.0,26344,149379
2024-03-28 13:00:00,5024.5,5034.0,5022.0,5031.0,36641,249151
2024-03-28 14:00:00,5031.5,5034.0,5029.5,5030.5,14810,78218
2024-03-28 15:00:00,5030.5,5040.0,5030.0,5037.0,8528,33882
2024-04-01 06:00:00,5024.5,5058.5,5024.0,5053.0,122465,540730
2024-04-01 07:00:00,5053.5,5063.5,5044.5,5056.0,105553,467543
2024-04-01 08:00:00,5056.0,5071.0,5056.0,5068.0,93938,449399
2024-04-01 09:00:00,5068.0,5086.0,5067.0,5082.5,60918,294936
2024-04-01 10:00:00,5082.5,5083.5,5074.5,5078.0,35804,183442
2024-04-01 11:00:00,5078.0,5079.0,5070.0,5072.0,32879,175967
2024-04-01 12:00:00,5072.5,5084.0,5068.0,5083.0,43319,222461
2024-04-01 13:00:00,5082.5,5085.0,5072.5,5073.5,34848,183199
2024-04-01 14:00:00,5073.5,5077.5,5069.0,5070.0,22088,117754
2024-04-01 15:00:00,5070.0,5074.0,5067.5,5068.0,7569,30056
2024-04-02 06:00:00,5045.0,5065.5,5044.5,5063.5,138250,595961
2024-04-02 07:00:00,5063.5,5068.0,5056.0,5058.0,90514,390604
2024-04-02 08:00:00,5058.5,5075.0,5047.0,5064.0,140589,670364
2024-04-02 09:00:00,5064.0,5071.0,5056.0,5067.0,62928,314408
2024-04-02 10:00:00,5067.5,5069.5,5062.5,5067.5,26878,129745
2024-04-02 11:00:00,5067.5,5077.0,5067.5,5071.0,48260,226337
2024-04-02 12:00:00,5071.0,5074.5,5066.0,5073.5,32780,153499
2024-04-02 13:00:00,5073.0,5074.5,5071.5,5072.5,16277,76555
2024-04-02 14:00:00,5072.5,5074.5,5072.0,5073.0,11877,60790
2024-04-02 15:00:00,5073.0,5082.5,5072.5,5081.0,8176,42861
2024-04-03 06:00:00,5084.5,5097.0,5082.0,5089.5,133801,551296
2024-04-03 07:00:00,5090.0,5105.0,5081.0,5101.5,118192,543155
2024-04-03 08:00:00,5101.5,5104.5,5086.5,5091.5,112214,539411
2024-04-03 09:00:00,5091.5,5094.5,5071.5,5076.5,67106,312215
2024-04-03 10:00:00,5076.5,5078.5,5058.0,5058.5,66174,302029
2024-04-03 11:00:00,5058.5,5060.0,5050.0,5056.0,52220,259720
2024-04-03 12:00:00,5056.0,5058.0,5048.5,5051.0,34241,189572
2024-04-03 13:00:00,5051.5,5058.0,5051.0,5053.5,29536,128401
2024-04-03 14:00:00,5053.5,5054.0,5048.5,5053.0,14282,74527
2024-04-03 15:00:00,5052.5,5058.0,5050.5,5058.0,5856,24678
2024-04-04 06:00:00,5055.0,5062.5,5046.5,5053.0,112538,410834
2024-04-04 07:00:00,5053.0,5055.0,5033.5,5037.0,100180,406510
2024-04-04 08:00:00,5037.0,5047.5,5027.5,5042.0,104396,486068
2024-04-04 09:00:00,5042.0,5045.5,5018.5,5023.0,80191,403872
2024-04-04 10:00:00,5023.5,5030.0,5021.5,5029.0,28908,130263
2024-04-04 11:00:00,5029.5,5041.5,5028.5,5041.5,35769,182024
2024-04-04 12:00:00,5041.0,5056.5,5039.0,5053.5,57942,296435
2024-04-04 13:00:00,5054.0,5068.0,5053.5,5065.0,66848,318082
2024-04-04 14:00:00,5064.5,5070.5,5061.0,5068.5,18755,97266
2024-04-04 15:00:00,5068.5,5072.0,5068.0,5071.0,5670,23140
2024-04-05 06:00:00,5065.0,5069.5,5041.0,5055.5,192078,720810
2024-04-05 07:00:00,5055.5,5067.5,5054.0,5057.5,117637,448547
2024-04-05 08:00:00,5057.0,5068.5,5052.0,5063.5,83765,357526
2024-04-05 09:00:00,5063.5,5079.0,5062.0,5077.0,69059,265688
2024-04-05 10:00:00,5077.0,5086.0,5071.5,5075.5,58279,257816
2024-04-05 11:00:00,5075.5,5085.5,5074.0,5079.5,40950,211368
2024-04-05 12:00:00,5080.0,5087.5,5075.5,5083.5,52384,265967
2024-04-05 13:00:00,5083.0,5084.5,5074.5,5077.5,25580,124372
2024-04-05 14:00:00,5077.0,5082.5,5077.0,5079.0,14453,72258
2024-04-05 15:00:00,5078.5,5082.5,5078.0,5080.0,3501,16110
2024-04-08 06:00:00,5082.0,5086.5,5070.5,5070.5,100077,343857
2024-04-08 07:00:00,5071.0,5075.5,5047.5,5050.5,113286,439247
2024-04-08 08:00:00,5051.0,5055.0,5047.5,5054.0,63354,268276
2024-04-08 09:00:00,5054.0,5054.5,5041.0,5041.0,50253,212726
2024-04-08 10:00:00,5041.5,5046.5,5040.0,5042.0,29658,124575
2024-04-08 11:00:00,5042.5,5044.0,5036.5,5042.5,36337,152610
2024-04-08 12:00:00,5043.0,5045.0,5037.5,5041.0,32197,153601
2024-04-08 13:00:00,5041.0,5043.5,5039.0,5042.0,20514,89672
2024-04-08 14:00:00,5042.0,5043.5,5038.5,5039.5,15709,84197
2024-04-08 15:00:00,5039.0,5041.0,5035.0,5035.5,6625,26235
2024-04-09 06:00:00,5035.5,5037.5,5016.0,5017.5,121763,440895
2024-04-09 07:00:00,5017.0,5025.0,5015.5,5019.5,86126,336158
2024-04-09 08:00:00,5019.5,5028.0,5010.5,5016.0,100016,410909
2024-04-09 09:00:00,5016.0,5018.5,5010.0,5015.5,50249,234663
2024-04-09 10:00:00,5015.0,5017.0,5010.5,5017.0,29930,139020
2024-04-09 11:00:00,5017.0,5021.5,5015.0,5018.0,33184,161048
2024-04-09 12:00:00,5017.5,5020.5,5015.0,5017.5,26002,111409
2024-04-09 13:00:00,5018.0,5020.5,5015.5,5016.0,21371,98362
2024-04-09 14:00:00,5016.0,5021.5,5015.0,5019.0,14429,76538
2024-04-09 15:00:00,5019.0,5020.0,5015.5,5016.5,5258,22374
2024-04-10 06:00:00,5014.0,5059.5,5007.0,5058.0,203221,815217
2024-04-10 07:00:00,5058.0,5076.0,5057.5,5070.5,149396,601525
2024-04-10 08:00:00,5070.0,5078.0,5063.0,5074.5,102613,439288
2024-04-10 09:00:00,5074.5,5090.5,5074.0,5084.0,86645,426386
2024-04-10 10:00:00,5084.0,5089.0,5081.5,5087.5,36476,171236
2024-04-10 11:00:00,5087.5,5095.5,5079.0,5085.0,90037,445352
2024-04-10 12:00:00,5084.5,5092.5,5083.0,5091.5,44312,175856
2024-04-10 13:00:00,5092.0,5092.0,5085.5,5087.5,28719,168617
2024-04-10 14:00:00,5088.0,5088.0,5082.0,5084.0,18535,89127
2024-04-10 15:00:00,5083.5,5084.5,5076.5,5078.0,7797,39981
2024-04-11 06:00:00,5083.0,5099.5,5068.0,5074.0,175953,680294
2024-04-11 07:00:00,5074.5,5095.0,5072.5,5093.5,123025,474881
2024-04-11 08:00:00,5094.0,5101.5,5090.5,5093.5,83355,374100
2024-04-11 09:00:00,5093.5,5098.0,5087.5,5087.5,53679,228629
2024-04-11 10:00:00,5088.0,5098.5,5086.0,5096.0,37721,164383
2024-04-11 11:00:00,5096.0,5099.5,5090.0,5090.5,42556,204605
2024-04-11 12:00:00,5091.0,5102.0,5086.5,5100.5,44655,218360
2024-04-11 13:00:00,5100.5,5102.0,5097.0,5100.5,27501,132948
2024-04-11 14:00:00,5101.0,5103.5,5098.5,5102.0,15308,83160
2024-04-11 15:00:00,5101.5,5104.0,5100.0,5102.0,6407,32528
2024-04-12 06:00:00,5122.5,5137.0,5116.5,5136.5,149256,568604
2024-04-12 07:00:00,5137.0,5144.0,5131.0,5143.0,121972,514768
2024-04-12 08:00:00,5142.5,5156.0,5139.5,5154.5,110774,539336
2024-04-12 09:00:00,5155.0,5157.5,5144.0,5147.0,72449,459797
2024-04-12 10:00:00,5147.0,5147.5,5134.5,5140.0,68883,364219
2024-04-12 11:00:00,5140.0,5148.5,5135.5,5137.5,58432,282735
2024-04-12 12:00:00,5138.0,5143.0,5135.5,5138.5,39887,192841
2024-04-12 13:00:00,5138.5,5139.5,5128.0,5130.5,37025,210537
2024-04-12 14:00:00,5130.0,5131.0,5127.0,5127.0,14356,76491
2024-04-12 15:00:00,5127.5,5129.0,5125.0,5127.5,5316,32047
2024-04-15 06:00:00,5117.0,5164.5,5112.5,5162.5,197098,762719
2024-04-15 07:00:00,5162.0,5199.5,5158.5,5187.5,183727,799653
2024-04-15 08:00:00,5187.0,5194.0,5178.0,5190.0,114895,460082
2024-04-15 09:00:00,5190.0,5194.5,5184.0,5188.0,58222,264143
2024-04-15 10:00:00,5188.0,5198.5,5187.5,5190.0,48156,199224
2024-04-15 11:00:00,5190.0,5223.5,5190.0,5195.0,103331,514293
2024-04-15 12:00:00,5194.5,5199.0,5185.0,5186.0,61215,282675
2024-04-15 13:00:00,5186.5,5200.0,5186.0,5191.5,43282,204850
2024-04-15 14:00:00,5191.5,5197.0,5187.0,5193.5,25143,114422
2024-04-15 15:00:00,5193.0,5199.5,5191.5,5193.5,7869,32828
2024-04-16 06:00:00,5207.0,5258.5,5205.0,5245.5,216508,823305
2024-04-16 07:00:00,5246.0,5278.0,5243.0,5271.0,177168,714796
2024-04-16 08:00:00,5271.0,5295.0,5260.0,5290.5,144571,638116
2024-04-16 09:00:00,5290.0,5291.0,5272.5,5276.0,85457,385416
2024-04-16 10:00:00,5275.5,5280.5,5261.5,5263.5,68577,396154
2024-04-16 11:00:00,5263.0,5284.0,5262.5,5269.5,106334,436272
2024-04-16 12:00:00,5269.5,5272.5,5248.5,5261.0,106353,464936
2024-04-16 13:00:00,5261.0,5276.5,5260.0,5275.5,39456,182340
2024-04-16 14:00:00,5276.0,5294.5,5275.0,5290.5,33179,154113
2024-04-16 15:00:00,5290.5,5299.5,5289.0,5294.5,9300,37902
2024-04-17 06:00:00,5288.0,5290.0,5257.5,5264.0,181894,625252
2024-04-17 07:00:00,5264.5,5265.5,5232.0,5247.0,173335,700880
2024-04-17 08:00:00,5247.0,5253.0,5237.0,5246.0,111478,453121
2024-04-17 09:00:00,5246.5,5249.5,5232.0,5247.5,81078,324335
2024-04-17 10:00:00,5247.0,5286.5,5245.5,5265.0,124539,502811
2024-04-17 11:00:00,5264.5,5265.5,5233.5,5235.0,86147,381288
2024-04-17 12:00:00,5235.5,5239.0,5225.5,5237.5,65776,261442
2024-04-17 13:00:00,5238.0,5251.0,5237.5,5249.5,40246,160018
2024-04-17 14:00:00,5249.0,5251.0,5245.5,5248.5,16979,68299
2024-04-17 15:00:00,5249.0,5249.0,5234.5,5238.5,8363,31299
2024-04-18 06:00:00,5236.5,5263.0,5234.5,5250.0,164949,553117
2024-04-18 07:00:00,5249.5,5256.5,5238.5,5246.5,158637,560501
2024-04-18 08:00:00,5246.5,5263.0,5239.5,5255.0,100451,418899
2024-04-18 09:00:00,5254.5,5271.5,5253.0,5264.0,93450,433330
2024-04-18 10:00:00,5263.5,5279.5,5263.0,5275.5,51310,215702
2024-04-18 11:00:00,5276.0,5285.0,5268.0,5272.0,61065,259693
2024-04-18 12:00:00,5271.5,5272.5,5257.0,5263.0,58308,265057
2024-04-18 13:00:00,5263.0,5263.5,5252.0,5257.5,36648,161392
2024-04-18 14:00:00,5257.5,5258.5,5252.5,5255.5,16095,80157
2024-04-18 15:00:00,5255.0,5255.5,5246.0,5248.0,6949,27314
2024-04-19 06:00:00,5276.0,5283.5,5254.0,5257.0,159364,564846
2024-04-19 07:00:00,5257.0,5260.5,5238.0,5241.5,129300,467321
2024-04-19 08:00:00,5241.5,5243.5,5215.5,5219.5,107809,468359
2024-04-19 09:00:00,5219.5,5223.0,5207.5,5216.0,63508,304193
2024-04-19 10:00:00,5216.0,5221.5,5203.5,5206.0,53293,237041
2024-04-19 11:00:00,5206.5,5208.0,5195.5,5197.5,51645,240427
2024-04-19 12:00:00,5197.5,5201.5,5190.5,5199.5,59103,263010
2024-04-19 13:00:00,5199.0,5207.5,5199.0,5204.5,34647,147689
2024-04-19 14:00:00,5204.5,5211.5,5200.5,5208.5,24778,129177
2024-04-19 15:00:00,5208.5,5215.0,5207.5,5212.0,6176,27391
2024-04-22 06:00:00,5212.0,5219.0,5199.0,5216.5,147509,529633
2024-04-22 07:00:00,5217.0,5222.0,5208.5,5216.0,121541,449522
2024-04-22 08:00:00,5215.5,5218.0,5191.0,5198.5,112803,458688
2024-04-22 09:00:00,5198.5,5202.5,5192.5,5197.5,45964,192977
2024-04-22 10:00:00,5197.0,5199.0,5183.5,5184.5,44524,202026
2024-04-22 11:00:00,5184.5,5184.5,5175.5,5179.0,44292,200581
2024-04-22 12:00:00,5178.5,5182.0,5177.5,5178.5,25062,113641
2024-04-22 13:00:00,5178.5,5179.5,5173.0,5173.5,26667,131028
2024-04-22 14:00:00,5173.5,5174.5,5167.5,5171.5,21401,109601
2024-04-22 15:00:00,5171.0,5174.5,5168.0,5173.0,5310,24098
2024-04-23 06:00:00,5176.5,5188.5,5171.0,5187.5,132186,455336
2024-04-23 07:00:00,5187.5,5192.0,5155.0,5158.5,147554,548060
2024-04-23 08:00:00,5158.5,5163.5,5146.0,5159.0,114426,480705
2024-04-23 09:00:00,5159.5,5160.5,5153.5,5155.5,38401,164217
2024-04-23 10:00:00,5155.5,5156.0,5136.0,5139.5,49892,222349
2024-04-23 11:00:00,5139.0,5140.5,5122.0,5127.0,53210,255672
2024-04-23 12:00:00,5126.5,5130.5,5122.0,5128.0,38893,186166
2024-04-23 13:00:00,5127.5,5134.0,5127.5,5132.0,24765,107266
2024-04-23 14:00:00,5132.5,5137.0,5128.5,5129.5,15661,77617
2024-04-23 15:00:00,5129.0,5136.0,5129.0,5135.0,5474,22289
2024-04-24 06:00:00,5135.5,5157.5,5126.0,5154.5,155785,588370
2024-04-24 07:00:00,5154.5,5162.5,5150.5,5159.0,95683,373958
2024-04-24 08:00:00,5159.0,5174.0,5158.0,5165.0,82550,359099
2024-04-24 09:00:00,5165.5,5168.0,5156.5,5159.5,50849,233506
2024-04-24 10:00:00,5159.5,5166.5,5154.0,5155.5,41331,188165
2024-04-24 11:00:00,5155.5,5157.5,5145.0,5151.5,67768,314072
2024-04-24 12:00:00,5151.5,5156.5,5148.0,5153.5,31620,145123
2024-04-24 13:00:00,5153.5,5154.5,5146.5,5150.0,24080,109105
2024-04-24 14:00:00,5149.5,5155.0,5148.5,5149.0,16205,77172
2024-04-24 15:00:00,5149.0,5156.5,5148.5,5156.5,4170,17464
2024-04-25 06:00:00,5155.5,5171.5,5111.0,5166.0,220223,893694
2024-04-25 07:00:00,5166.0,5196.0,5163.0,5175.5,178441,754805
2024-04-25 08:00:00,5176.0,5177.5,5164.5,5173.5,99570,439188
2024-04-25 09:00:00,5173.0,5177.0,5165.5,5166.5,47538,208623
2024-04-25 10:00:00,5167.0,5176.0,5165.0,5167.5,39385,166047
2024-04-25 11:00:00,5168.0,5169.0,5155.0,5161.5,50165,210147
2024-04-25 12:00:00,5161.5,5169.0,5161.0,5165.5,38860,174807
2024-04-25 13:00:00,5165.5,5169.5,5163.0,5166.0,25045,110327
2024-04-25 14:00:00,5166.5,5167.0,5160.5,5163.5,18258,88709
2024-04-25 15:00:00,5163.5,5165.0,5160.5,5165.0,4545,19077
2024-04-26 06:00:00,5169.5,5171.0,5124.0,5124.5,183081,649812
2024-04-26 07:00:00,5124.0,5136.0,5116.5,5121.0,127246,499056
2024-04-26 08:00:00,5121.0,5132.0,5112.5,5128.5,84840,401621
2024-04-26 09:00:00,5129.0,5132.0,5115.5,5115.5,55633,280676
2024-04-26 10:00:00,5116.0,5118.5,5111.5,5116.5,32574,148789
2024-04-26 11:00:00,5116.5,5120.0,5113.5,5118.5,28805,123987
2024-04-26 12:00:00,5118.5,5118.5,5110.0,5116.5,32975,160069
2024-04-26 13:00:00,5116.5,5120.0,5116.5,5117.5,18633,92406
2024-04-26 14:00:00,5117.5,5120.5,5116.0,5118.0,12586,62924
2024-04-26 15:00:00,5118.0,5126.0,5115.5,5125.0,4862,24405
2024-04-29 06:00:00,5110.0,5120.0,5103.5,5115.5,130996,462445
2024-04-29 07:00:00,5115.5,5120.5,5104.0,5115.5,115348,448469
2024-04-29 08:00:00,5116.0,5122.0,5108.5,5114.5,75377,336510
2024-04-29 09:00:00,5114.5,5121.5,5111.0,5118.5,48900,247846
2024-04-29 10:00:00,5118.0,5121.5,5107.5,5111.0,46215,233632
2024-04-29 11:00:00,5111.0,5114.5,5108.5,5112.5,28318,113838
2024-04-29 12:00:00,5112.5,5117.0,5107.5,5113.5,37456,179154
2024-04-29 13:00:00,5113.5,5121.0,5112.0,5116.0,36019,167573
2024-04-29 14:00:00,5116.0,5124.0,5114.0,5120.5,21431,112307
2024-04-29 15:00:00,5120.5,5123.5,5117.5,5120.0,4493,16052
2024-04-30 06:00:00,5131.5,5171.5,5129.5,5171.0,161658,589478
2024-04-30 07:00:00,5170.5,5186.5,5163.0,5185.5,129923,621947
2024-04-30 08:00:00,5185.0,5199.0,5180.0,5199.0,100161,501315
2024-04-30 09:00:00,5199.0,5199.5,5186.5,5191.0,56880,297591
2024-04-30 10:00:00,5191.0,5201.0,5189.0,5198.0,39512,190064
2024-04-30 11:00:00,5198.5,5206.5,5196.0,5204.0,50377,243423
2024-04-30 12:00:00,5204.0,5204.5,5195.5,5201.0,41912,214880
2024-04-30 13:00:00,5201.5,5208.5,5200.0,5206.5,29218,138567
2024-04-30 14:00:00,5207.0,5211.0,5203.5,5208.0,24199,113169
2024-04-30 15:00:00,5208.0,5222.0,5207.0,5218.0,10855,41778
2024-05-02 06:00:00,5173.0,5173.5,5143.0,5148.5,148566,582931
2024-05-02 07:00:00,5148.5,5151.5,5123.0,5126.0,129829,586240
2024-05-02 08:00:00,5126.0,5132.5,5117.5,5127.5,100201,484126
2024-05-02 09:00:00,5128.0,5130.5,5123.5,5128.5,43711,251792
2024-05-02 10:00:00,5128.5,5130.5,5122.0,5122.5,29759,143795
2024-05-02 11:00:00,5122.0,5123.5,5114.5,5118.0,40822,203107
2024-05-02 12:00:00,5118.0,5124.5,5117.5,5122.5,35584,172213
2024-05-02 13:00:00,5123.0,5129.5,5122.0,5127.0,30742,146472
2024-05-02 14:00:00,5127.0,5131.0,5123.5,5126.0,21766,104878
2024-05-02 15:00:00,5125.5,5131.5,5125.0,5127.0,6182,27584
2024-05-03 06:00:00,5116.0,5130.0,5057.5,5066.0,243028,944566
2024-05-03 07:00:00,5066.0,5084.5,5064.5,5082.5,122025,530923
2024-05-03 08:00:00,5082.0,5098.5,5066.0,5083.0,143987,637705
2024-05-03 09:00:00,5083.0,5086.5,5078.0,5086.0,41914,200782
2024-05-03 10:00:00,5085.5,5086.0,5079.5,5084.0,25446,119562
2024-05-03 11:00:00,5084.0,5087.5,5080.5,5084.5,27501,127020
2024-05-03 12:00:00,5084.5,5084.5,5075.0,5081.5,33921,148991
2024-05-03 13:00:00,5081.5,5084.0,5081.0,5082.0,21847,94819
2024-05-03 14:00:00,5081.5,5086.0,5081.5,5085.0,12071,59712
2024-05-03 15:00:00,5085.0,5090.0,5085.0,5088.0,5342,23648
2024-05-06 06:00:00,5075.0,5103.5,5074.5,5101.0,110453,394289
2024-05-06 07:00:00,5100.5,5101.0,5083.5,5084.5,88441,327815
2024-05-06 08:00:00,5085.0,5088.5,5079.5,5081.5,63973,262789
2024-05-06 09:00:00,5081.5,5085.5,5077.0,5078.0,33341,160892
2024-05-06 10:00:00,5078.5,5083.0,5076.5,5078.5,31717,149483
2024-05-06 11:00:00,5078.5,5081.0,5073.5,5075.0,36922,159281
2024-05-06 12:00:00,5075.0,5083.5,5072.0,5081.5,37623,179431
2024-05-06 13:00:00,5081.5,5087.5,5080.0,5086.5,24814,117728
2024-05-06 14:00:00,5086.0,5090.0,5085.0,5088.5,16136,80869
2024-05-06 15:00:00,5088.5,5090.5,5087.0,5090.0,4138,16449
2024-05-07 06:00:00,5089.5,5095.0,5069.5,5069.5,147476,559471
2024-05-07 07:00:00,5069.5,5079.5,5066.5,5078.5,93448,401773
2024-05-07 08:00:00,5079.0,5081.0,5059.5,5061.5,80164,335843
2024-05-07 09:00:00,5062.0,5077.5,5061.0,5076.5,52141,254159
2024-05-07 10:00:00,5077.0,5078.5,5072.5,5075.0,27722,131226
2024-05-07 11:00:00,5075.5,5085.0,5073.0,5084.0,31626,149328
2024-05-07 12:00:00,5084.0,5087.0,5080.5,5082.0,34671,162940
2024-05-07 13:00:00,5082.0,5083.5,5076.5,5078.0,25321,116736
2024-05-07 14:00:00,5078.0,5083.0,5077.5,5082.0,12846,60496
2024-05-07 15:00:00,5081.5,5089.0,5081.5,5085.0,6333,33085
2024-05-08 06:00:00,5086.5,5116.5,5086.0,5114.0,121154,484180
2024-05-08 07:00:00,5113.5,5118.0,5096.0,5097.5,111760,450547
2024-05-08 08:00:00,5097.0,5101.5,5089.0,5093.5,75878,355184
2024-05-08 09:00:00,5093.5,5098.0,5090.0,5092.5,35277,159743
2024-05-08 10:00:00,5092.5,5099.5,5092.0,5098.5,23249,111142
2024-05-08 11:00:00,5098.5,5105.0,5096.5,5104.0,33337,162349
2024-05-08 12:00:00,5104.0,5108.5,5103.5,5106.5,32689,169124
2024-05-08 13:00:00,5106.0,5107.0,5099.0,5101.0,28198,150951
2024-05-08 14:00:00,5100.5,5101.5,5094.5,5101.0,18181,93091
2024-05-08 15:00:00,5101.5,5105.0,5097.0,5099.0,6025,25638
2024-05-09 06:00:00,5152.5,5172.5,5146.5,5155.5,223391,942007
2024-05-09 07:00:00,5155.0,5187.5,5154.5,5185.0,123459,554403
2024-05-09 08:00:00,5185.0,5186.5,5166.0,5166.5,114525,508561
2024-05-09 09:00:00,5166.0,5170.5,5162.0,5168.0,61703,289280
2024-05-09 10:00:00,5167.5,5179.5,5167.0,5178.0,41474,191786
2024-05-09 11:00:00,5178.5,5182.5,5168.0,5169.5,53227,247320
2024-05-09 12:00:00,5169.0,5170.0,5153.0,5155.0,47845,245649
2024-05-09 13:00:00,5154.5,5155.5,5150.5,5153.0,29911,142044
2024-05-09 14:00:00,5153.5,5156.5,5149.0,5152.5,17036,84158
2024-05-09 15:00:00,5153.0,5153.5,5146.5,5147.0,5831,25068
2024-05-10 06:00:00,5148.5,5152.0,5127.5,5151.5,166806,603365
2024-05-10 07:00:00,5151.0,5154.5,5139.5,5146.0,112671,449368
2024-05-10 08:00:00,5145.5,5160.5,5143.0,5157.5,96620,425918
2024-05-10 09:00:00,5158.0,5167.5,5156.5,5164.5,49250,210010
2024-05-10 10:00:00,5164.0,5169.5,5162.5,5166.0,28629,119856
2024-05-10 11:00:00,5166.5,5170.5,5161.0,5162.5,33359,253442
2024-05-10 12:00:00,5162.5,5167.5,5158.0,5166.5,34247,189601
2024-05-10 13:00:00,5166.0,5169.5,5164.5,5167.5,17077,80827
2024-05-10 14:00:00,5167.0,5169.0,5163.5,5168.5,15588,75031
2024-05-10 15:00:00,5168.5,5173.5,5165.5,5173.5,6452,26189
2024-05-13 06:00:00,5155.0,5155.5,5137.0,5137.0,135246,488750
2024-05-13 07:00:00,5137.0,5141.5,5132.0,5137.5,87229,355114
2024-05-13 08:00:00,5138.0,5155.0,5136.5,5149.0,81582,332408
2024-05-13 09:00:00,5149.0,5173.0,5148.5,5170.5,64531,272502
2024-05-13 10:00:00,5170.5,5171.5,5164.0,5166.0,34498,156096
2024-05-13 11:00:00,5165.5,5168.5,5161.0,5162.0,29565,145332
2024-05-13 12:00:00,5162.0,5162.5,5156.5,5159.5,26197,119566
2024-05-13 13:00:00,5159.0,5162.0,5157.5,5159.5,18660,78007
2024-05-13 14:00:00,5159.5,5161.0,5156.5,5160.0,13909,61781
2024-05-13 15:00:00,5160.5,5165.5,5158.5,5165.5,4639,24199
2024-05-14 06:00:00,5156.0,5169.0,5131.5,5144.0,211968,815526
2024-05-14 07:00:00,5144.5,5150.0,5135.0,5141.0,123989,500077
2024-05-14 08:00:00,5141.0,5147.0,5131.5,5140.5,78248,327442
2024-05-14 09:00:00,5141.0,5145.5,5139.5,5142.5,29761,134279
2024-05-14 10:00:00,5142.5,5143.5,5133.0,5136.0,30752,153728
2024-05-14 11:00:00,5136.0,5142.0,5135.5,5141.5,25014,124325
2024-05-14 12:00:00,5141.5,5142.5,5135.5,5137.5,25536,115275
2024-05-14 13:00:00,5137.5,5139.0,5137.0,5137.5,12535,56468
2024-05-14 14:00:00,5137.5,5138.0,5135.0,5137.0,10730,59277
2024-05-14 15:00:00,5137.5,5138.0,5133.0,5133.0,5578,25718
2024-05-15 06:00:00,5170.0,5175.0,5131.0,5150.0,212834,805932
2024-05-15 07:00:00,5149.5,5170.0,5145.5,5166.0,127111,475814
2024-05-15 08:00:00,5166.0,5170.0,5138.0,5139.5,95516,420640
2024-05-15 09:00:00,5139.5,5140.5,5127.0,5136.0,66389,323978
2024-05-15 10:00:00,5136.0,5142.0,5130.5,5132.0,41665,178477
2024-05-15 11:00:00,5131.5,5148.5,5131.0,5140.5,45512,217168
2024-05-15 12:00:00,5140.5,5149.0,5139.5,5147.0,33263,154988
2024-05-15 13:00:00,5147.0,5147.5,5140.5,5142.5,25098,110715
2024-05-15 14:00:00,5143.0,5145.5,5141.5,5143.5,10393,48203
2024-05-15 15:00:00,5143.5,5144.5,5140.0,5144.0,4439,17380
2024-05-16 06:00:00,5146.0,5146.0,5111.5,5125.5,156729,624840
2024-05-16 07:00:00,5125.5,5139.5,5122.5,5137.5,118576,503257
2024-05-16 08:00:00,5137.5,5139.0,5126.5,5133.5,76155,351829
2024-05-16 09:00:00,5133.5,5137.5,5132.5,5134.5,26650,126106
2024-05-16 10:00:00,5135.0,5138.5,5130.0,5133.0,27783,130094
2024-05-16 11:00:00,5133.0,5143.0,5132.0,5140.5,34703,161120
2024-05-16 12:00:00,5140.5,5141.0,5132.5,5135.5,29671,160360
2024-05-16 13:00:00,5135.5,5138.5,5134.5,5137.0,18714,87224
2024-05-16 14:00:00,5136.5,5139.5,5135.0,5136.5,10251,50385
2024-05-16 15:00:00,5136.0,5140.5,5135.5,5140.0,3904,19863
2024-05-17 06:00:00,5142.0,5144.0,5123.5,5127.0,138523,542785
2024-05-17 07:00:00,5126.5,5133.5,5120.5,5128.0,100715,415571
2024-05-17 08:00:00,5128.0,5128.0,5111.0,5118.0,88497,422129
2024-05-17 09:00:00,5118.5,5123.0,5115.0,5121.0,33265,169421
2024-05-17 10:00:00,5121.0,5121.5,5111.5,5112.5,28592,139711
2024-05-17 11:00:00,5112.5,5115.5,5111.0,5113.5,24729,135659
2024-05-17 12:00:00,5113.5,5113.5,5107.5,5108.5,34536,190348
2024-05-17 13:00:00,5108.5,5111.0,5105.5,5107.5,21833,115123
2024-05-17 14:00:00,5107.0,5111.5,5106.5,5110.0,16200,77714
2024-05-17 15:00:00,5110.0,5111.0,5105.0,5105.0,5909,27659
2024-05-20 06:00:00,5108.0,5133.5,5108.0,5129.5,116010,479684
2024-05-20 07:00:00,5129.5,5134.0,5118.0,5119.5,103886,414154
2024-05-20 08:00:00,5120.0,5120.0,5094.5,5095.5,103672,496652
2024-05-20 09:00:00,5095.5,5105.5,5095.0,5102.0,44025,210422
2024-05-20 10:00:00,5102.0,5108.0,5101.0,5105.0,26724,139907
2024-05-20 11:00:00,5105.0,5118.0,5103.0,5115.5,37227,214445
2024-05-20 12:00:00,5115.0,5117.0,5111.5,5112.5,28695,133633
2024-05-20 13:00:00,5112.5,5114.0,5108.5,5109.0,19395,86630
2024-05-20 14:00:00,5109.0,5110.0,5106.5,5108.0,12567,56304
2024-05-20 15:00:00,5108.0,5110.0,5106.5,5107.0,3703,19321
2024-05-21 06:00:00,5101.0,5106.5,5094.0,5103.0,129869,451830
2024-05-21 07:00:00,5103.0,5110.0,5087.0,5096.5,173949,700176
2024-05-21 08:00:00,5097.0,5114.0,5088.5,5113.0,92609,434572
2024-05-21 09:00:00,5113.0,5116.5,5107.0,5116.0,50187,226107
2024-05-21 10:00:00,5115.5,5128.0,5113.0,5121.5,61006,294708
2024-05-21 11:00:00,5121.5,5125.0,5116.0,5117.0,33213,142297
2024-05-21 12:00:00,5117.5,5122.0,5115.5,5118.5,27821,128405
2024-05-21 13:00:00,5118.5,5120.0,5116.0,5119.5,16946,89531
2024-05-21 14:00:00,5119.5,5127.5,5119.0,5125.5,17186,88347
2024-05-21 15:00:00,5125.5,5128.0,5125.0,5127.5,4846,23232
2024-05-22 06:00:00,5140.0,5150.0,5136.0,5148.5,123201,524999
2024-05-22 07:00:00,5148.5,5155.5,5145.5,5148.5,98623,436329
2024-05-22 08:00:00,5148.5,5166.5,5147.5,5157.5,110358,552714
2024-05-22 09:00:00,5157.5,5158.5,5146.0,5148.5,57941,303363
2024-05-22 10:00:00,5148.5,5150.0,5143.0,5149.0,34408,170703
2024-05-22 11:00:00,5149.5,5159.0,5143.5,5153.0,44360,212043
2024-05-22 12:00:00,5152.5,5161.5,5151.0,5157.0,57921,277066
2024-05-22 13:00:00,5157.0,5161.0,5154.0,5157.0,26227,107543
2024-05-22 14:00:00,5157.0,5160.0,5152.5,5153.0,17101,85680
2024-05-22 15:00:00,5153.0,5157.5,5151.5,5154.5,5635,25584
2024-05-23 06:00:00,5146.0,5146.0,5129.5,5137.5,102724,399629
2024-05-23 07:00:00,5137.0,5149.5,5127.0,5145.0,136372,584439
2024-05-23 08:00:00,5144.5,5158.5,5140.0,5154.5,106559,495930
2024-05-23 09:00:00,5154.5,5158.0,5149.5,5152.0,40061,207230
2024-05-23 10:00:00,5152.0,5153.5,5147.0,5153.5,29667,163231
2024-05-23 11:00:00,5153.5,5162.0,5153.0,5160.0,37613,190981
2024-05-23 12:00:00,5159.5,5162.0,5155.0,5160.5,32686,184882
2024-05-23 13:00:00,5160.5,5160.5,5154.0,5155.0,20674,100734
2024-05-23 14:00:00,5154.5,5156.0,5145.5,5146.5,22251,133144
2024-05-23 15:00:00,5146.5,5147.0,5142.5,5143.5,3822,17707
2024-05-24 06:00:00,5140.0,5145.5,5131.0,5143.5,105804,403395
2024-05-24 07:00:00,5143.5,5157.5,5143.5,5156.0,98696,404924
2024-05-24 08:00:00,5155.5,5155.5,5141.0,5151.5,91873,410543
2024-05-24 09:00:00,5151.5,5153.0,5147.0,5150.5,28503,140518
2024-05-24 10:00:00,5150.5,5153.5,5147.0,5152.5,23471,113676
2024-05-24 11:00:00,5152.5,5158.0,5150.0,5154.0,31072,164477
2024-05-24 12:00:00,5153.5,5176.5,5153.5,5173.5,68344,380663
2024-05-24 13:00:00,5173.5,5173.5,5167.5,5168.0,21416,98526
2024-05-24 14:00:00,5168.5,5169.5,5164.5,5166.5,13741,69466
2024-05-24 15:00:00,5166.5,5176.0,5165.5,5172.0,5818,24754
2024-05-27 06:00:00,5160.0,5170.0,5156.5,5159.0,75577,287127
2024-05-27 07:00:00,5159.0,5165.5,5156.0,5165.0,55886,212517
2024-05-27 08:00:00,5165.5,5185.0,5164.5,5178.0,84413,417221
2024-05-27 09:00:00,5178.0,5179.0,5171.5,5174.5,28686,140390
2024-05-27 10:00:00,5174.5,5175.0,5167.0,5167.0,19607,92953
2024-05-27 11:00:00,5167.5,5176.5,5165.5,5173.0,23818,108057
2024-05-27 12:00:00,5173.0,5175.5,5172.5,5173.0,7902,45536
2024-05-27 13:00:00,5173.5,5173.5,5170.0,5172.0,10332,51391
2024-05-27 14:00:00,5172.0,5173.5,5170.5,5171.5,7432,44191
2024-05-27 15:00:00,5172.0,5174.0,5170.5,5173.5,4150,18844
2024-05-28 06:00:00,5166.5,5169.5,5137.0,5144.5,129952,535189
2024-05-28 07:00:00,5144.5,5149.5,5135.0,5147.5,89347,419831
2024-05-28 08:00:00,5147.0,5165.5,5146.5,5160.5,85717,369747
2024-05-28 09:00:00,5160.5,5163.0,5152.5,5154.0,45162,244665
2024-05-28 10:00:00,5154.0,5158.5,5152.5,5157.0,26518,143152
2024-05-28 11:00:00,5156.5,5166.0,5154.0,5164.0,44132,231851
2024-05-28 12:00:00,5164.5,5165.5,5158.0,5160.0,31823,162984
2024-05-28 13:00:00,5159.5,5162.0,5153.5,5153.5,24117,125116
2024-05-28 14:00:00,5153.5,5163.0,5153.0,5161.5,17235,98699
2024-05-28 15:00:00,5162.0,5168.5,5160.0,5164.0,6100,28063
2024-05-29 06:00:00,5176.5,5186.5,5170.0,5184.5,117941,452042
2024-05-29 07:00:00,5184.0,5200.5,5182.5,5197.5,109863,544465
2024-05-29 08:00:00,5198.0,5199.0,5190.5,5195.0,69119,334812
2024-05-29 09:00:00,5194.5,5208.0,5192.5,5203.5,61311,327512
2024-05-29 10:00:00,5203.5,5211.5,5203.5,5206.5,40304,218902
2024-05-29 11:00:00,5206.5,5214.0,5205.0,5208.0,45086,254337
2024-05-29 12:00:00,5207.5,5209.5,5200.0,5206.0,36285,189034
2024-05-29 13:00:00,5206.5,5211.0,5202.5,5210.0,26709,122995
2024-05-29 14:00:00,5209.5,5211.5,5203.0,5203.5,20273,109246
2024-05-29 15:00:00,5203.5,5207.5,5203.0,5204.5,6956,30053
2024-05-31 06:00:00,5212.0,5237.0,5208.0,5233.5,166973,672806
2024-05-31 07:00:00,5234.0,5253.0,5233.5,5252.0,103602,469787
2024-05-31 08:00:00,5252.0,5271.5,5244.0,5268.5,112292,583545
2024-05-31 09:00:00,5269.0,5271.5,5249.5,5255.0,74154,375203
2024-05-31 10:00:00,5254.5,5256.0,5247.5,5250.5,44731,230422
2024-05-31 11:00:00,5251.0,5262.5,5249.0,5257.0,33362,162756
2024-05-31 12:00:00,5257.5,5263.0,5254.0,5261.0,28992,140449
2024-05-31 13:00:00,5261.5,5271.5,5261.0,5263.0,38945,190874
2024-05-31 14:00:00,5263.5,5265.5,5256.5,5258.5,20570,106140
2024-05-31 15:00:00,5258.5,5269.0,5258.5,5261.0,8234,32781
2024-06-03 06:00:00,5267.5,5280.5,5253.0,5255.0,185161,685966
2024-06-03 07:00:00,5255.5,5279.0,5251.0,5271.5,127953,503048
2024-06-03 08:00:00,5271.0,5271.0,5232.5,5245.5,153070,703235
2024-06-03 09:00:00,5245.5,5253.0,5236.0,5248.5,57320,240646
2024-06-03 10:00:00,5248.5,5253.5,5244.5,5252.0,39179,161403
2024-06-03 11:00:00,5252.5,5255.5,5231.0,5233.5,54484,242144
2024-06-03 12:00:00,5233.0,5238.5,5227.0,5238.0,43703,179606
2024-06-03 13:00:00,5237.5,5250.5,5235.5,5247.5,30285,144909
2024-06-03 14:00:00,5248.0,5262.5,5246.5,5260.0,24895,133212
2024-06-03 15:00:00,5260.0,5267.0,5258.5,5265.0,6390,29446
2024-06-04 06:00:00,5273.0,5289.0,5267.0,5274.0,183166,700903
2024-06-04 07:00:00,5274.5,5284.5,5262.5,5274.0,145253,551078
2024-06-04 08:00:00,5274.0,5285.5,5261.5,5283.5,141166,629143
2024-06-04 09:00:00,5283.5,5303.0,5280.0,5302.0,92598,446550
2024-06-04 10:00:00,5302.0,5309.0,5295.0,5297.0,82556,400611
2024-06-04 11:00:00,5297.0,5304.0,5288.0,5293.5,54306,234953
2024-06-04 12:00:00,5294.0,5308.5,5293.5,5303.5,55987,251257
2024-06-04 13:00:00,5303.5,5304.5,5297.0,5297.5,25188,98959
2024-06-04 14:00:00,5297.0,5301.5,5297.0,5299.0,16618,82481
2024-06-04 15:00:00,5299.0,5303.0,5298.0,5303.0,6450,25197
2024-06-05 06:00:00,5284.5,5291.0,5272.0,5282.5,148423,559477
2024-06-05 07:00:00,5282.5,5296.5,5282.5,5290.5,113456,498337
2024-06-05 08:00:00,5290.0,5315.0,5283.0,5303.0,165802,752506
2024-06-05 09:00:00,5303.0,5303.0,5290.5,5294.0,59970,291863
2024-06-05 10:00:00,5294.0,5305.5,5291.5,5302.0,37321,180440
2024-06-05 11:00:00,5302.0,5311.0,5300.5,5308.5,35717,155581
2024-06-05 12:00:00,5308.5,5317.0,5307.5,5312.5,41432,206165
2024-06-05 13:00:00,5312.5,5312.5,5307.5,5308.0,24468,117633
2024-06-05 14:00:00,5308.0,5315.0,5308.0,5309.0,18699,92778
2024-06-05 15:00:00,5308.5,5315.0,5308.0,5312.0,6298,31099
2024-06-06 06:00:00,5305.0,5320.5,5292.5,5295.0,169789,643893
2024-06-06 07:00:00,5294.5,5299.5,5273.0,5284.5,133150,581988
2024-06-06 08:00:00,5285.0,5287.0,5268.0,5275.0,74089,364841
2024-06-06 09:00:00,5275.0,5275.5,5264.5,5267.0,48921,249489
2024-06-06 10:00:00,5267.0,5269.5,5260.0,5264.5,40017,212180
2024-06-06 11:00:00,5264.0,5265.0,5252.5,5258.5,43966,220162
2024-06-06 12:00:00,5258.0,5263.0,5254.0,5256.5,33617,156434
2024-06-06 13:00:00,5256.5,5273.0,5256.0,5262.0,66369,297623
2024-06-06 14:00:00,5262.0,5269.5,5260.5,5268.5,23112,112657
2024-06-06 15:00:00,5269.0,5274.5,5267.0,5271.5,6225,30075
2024-06-07 06:00:00,5265.5,5308.0,5251.5,5303.5,205515,772585
2024-06-07 07:00:00,5303.5,5307.0,5283.0,5292.5,148283,533293
2024-06-07 08:00:00,5292.5,5294.5,5274.5,5284.5,125669,528807
2024-06-07 09:00:00,5285.0,5290.5,5277.5,5285.0,54836,217733
2024-06-07 10:00:00,5285.0,5294.5,5283.5,5289.5,39032,152090
2024-06-07 11:00:00,5289.0,5304.0,5288.5,5301.5,47110,193897
2024-06-07 12:00:00,5301.5,5317.5,5301.0,5314.0,62567,271668
2024-06-07 13:00:00,5314.5,5339.0,5313.0,5336.0,110315,531537
2024-06-07 14:00:00,5336.0,5360.0,5328.5,5356.5,65919,320867
2024-06-07 15:00:00,5356.0,5374.5,5355.5,5365.5,11143,47898
2024-06-10 06:00:00,5356.0,5376.5,5325.5,5372.5,197412,736927
2024-06-10 07:00:00,5372.5,5399.5,5369.0,5384.5,191798,768817
2024-06-10 08:00:00,5385.0,5386.0,5373.0,5378.0,75581,293175
2024-06-10 09:00:00,5378.0,5378.0,5365.5,5375.5,74056,301119
2024-06-10 10:00:00,5375.5,5379.5,5370.0,5372.0,38430,155420
2024-06-10 11:00:00,5372.5,5376.0,5366.5,5372.5,50691,190184
2024-06-10 12:00:00,5372.5,5383.0,5356.0,5367.0,75837,337243
2024-06-10 13:00:00,5367.0,5371.5,5360.0,5367.5,38794,160217
2024-06-10 14:00:00,5367.5,5370.0,5361.0,5365.5,21937,97916
2024-06-10 15:00:00,5365.0,5369.0,5363.5,5365.5,5966,27184
2024-06-11 06:00:00,5369.0,5383.0,5357.0,5361.0,189824,651705
2024-06-11 07:00:00,5361.0,5371.0,5351.0,5362.5,140916,582032
2024-06-11 08:00:00,5363.0,5364.5,5345.5,5356.5,107201,443751
2024-06-11 09:00:00,5356.5,5367.5,5353.0,5363.0,51631,208075
2024-06-11 10:00:00,5363.0,5376.5,5362.0,5370.5,51350,220644
2024-06-11 11:00:00,5370.0,5383.0,5363.5,5375.0,69774,315877
2024-06-11 12:00:00,5375.0,5376.5,5367.0,5368.0,39472,168997
2024-06-11 13:00:00,5367.5,5370.5,5365.0,5369.5,22604,103764
2024-06-11 14:00:00,5369.5,5378.0,5369.5,5377.5,20788,92749
2024-06-11 15:00:00,5377.5,5380.0,5374.5,5379.0,5834,21122
2024-06-12 06:00:00,5379.0,5395.5,5345.0,5353.5,253628,895663
2024-06-12 07:00:00,5353.5,5438.5,5346.5,5419.5,287043,1089295
2024-06-12 08:00:00,5419.5,5433.5,5403.0,5411.0,146190,537042
2024-06-12 09:00:00,5411.5,5419.0,5398.0,5401.0,66027,248128
2024-06-12 10:00:00,5401.0,5406.0,5386.5,5391.0,61613,253098
2024-06-12 11:00:00,5391.0,5398.5,5365.0,5378.5,47583,187428
2024-06-12 12:00:00,5378.0,5402.5,5365.0,5393.5,143260,494309
2024-06-12 13:00:00,5393.5,5419.0,5392.5,5411.5,74529,280893
2024-06-12 14:00:00,5411.5,5425.5,5411.0,5422.0,29295,135984
2024-06-12 15:00:00,5422.0,5422.0,5409.5,5412.5,4781,24384
2024-06-13 06:00:00,5400.5,5425.0,5392.5,5410.5,225161,735718
2024-06-13 07:00:00,5411.0,5421.0,5404.0,5416.5,134130,472519
2024-06-13 08:00:00,5416.5,5424.0,5408.5,5411.0,90472,368397
2024-06-13 09:00:00,5411.0,5416.5,5374.5,5387.5,123758,532676
2024-06-13 10:00:00,5387.5,5398.5,5373.5,5377.0,80823,331745
2024-06-13 11:00:00,5377.0,5391.0,5371.0,5379.5,58898,224261
2024-06-13 12:00:00,5380.0,5383.5,5371.5,5379.0,42723,167547
2024-06-13 13:00:00,5379.0,5383.5,5375.5,5376.0,24593,96721
2024-06-13 14:00:00,5376.5,5378.5,5372.0,5373.5,19537,88716
2024-06-13 15:00:00,5374.0,5374.5,5368.5,5373.0,6004,30883
2024-06-14 06:00:00,5385.0,5390.0,5352.0,5367.5,193805,666584
2024-06-14 07:00:00,5367.0,5385.5,5364.0,5378.0,138140,484769
2024-06-14 08:00:00,5377.5,5384.0,5361.0,5361.5,107083,442607
2024-06-14 09:00:00,5361.5,5369.5,5357.0,5364.0,59280,243515
2024-06-14 10:00:00,5364.0,5383.0,5364.0,5378.5,48342,191491
2024-06-14 11:00:00,5378.5,5392.0,5377.5,5389.0,55244,225745
2024-06-14 12:00:00,5389.0,5394.5,5382.0,5386.5,44124,173811
2024-06-14 13:00:00,5386.5,5390.5,5382.5,5388.5,25659,101999
2024-06-14 14:00:00,5388.0,5392.0,5383.0,5383.5,17171,67696
2024-06-14 15:00:00,5384.0,5388.0,5381.5,5382.5,5574,22633
2024-06-17 06:00:00,5380.0,5419.0,5378.0,5414.0,150067,484245
2024-06-17 07:00:00,5413.5,5418.0,5403.0,5414.0,104270,368641
2024-06-17 08:00:00,5414.0,5425.5,5413.0,5421.5,71251,264410
2024-06-17 09:00:00,5420.5,5432.5,5418.0,5423.0,62286,253747
2024-06-17 10:00:00,5423.0,5423.5,5409.5,5412.5,46687,188215
2024-06-17 11:00:00,5412.0,5421.5,5411.5,5418.5,31429,123708
2024-06-17 12:00:00,5418.5,5436.0,5418.0,5429.0,55880,220841
2024-06-17 13:00:00,5429.5,5432.0,5426.5,5426.5,22120,85076
2024-06-17 14:00:00,5426.5,5428.5,5424.0,5424.0,15208,60239
2024-06-17 15:00:00,5424.0,5432.5,5423.5,5431.5,7568,32918
2024-06-18 06:00:00,5440.5,5450.0,5416.5,5427.0,181586,691580
2024-06-18 07:00:00,5427.5,5433.0,5398.5,5402.0,154964,612122
2024-06-18 08:00:00,5402.0,5419.5,5396.5,5414.0,99403,382618
2024-06-18 09:00:00,5414.0,5418.0,5404.5,5410.0,44388,187465
2024-06-18 10:00:00,5409.5,5416.0,5405.5,5412.5,30426,141442
2024-06-18 11:00:00,5412.0,5419.0,5407.0,5415.5,43512,170605
2024-06-18 12:00:00,5415.5,5432.0,5412.5,5428.5,66151,298213
2024-06-18 13:00:00,5428.5,5443.5,5428.5,5437.5,55623,271584
2024-06-18 14:00:00,5437.5,5444.0,5437.0,5440.0,21464,95592
2024-06-18 15:00:00,5440.0,5448.0,5439.0,5445.0,7909,31987
2024-06-19 06:00:00,5438.5,5461.0,5430.5,5459.0,125729,452066
2024-06-19 07:00:00,5459.0,5476.5,5458.0,5475.5,104783,411728
2024-06-19 08:00:00,5475.5,5476.5,5466.0,5470.0,72196,292882
2024-06-19 09:00:00,5470.0,5472.0,5462.0,5467.5,43268,188254
2024-06-19 10:00:00,5467.5,5479.0,5467.0,5474.0,39061,176150
2024-06-19 11:00:00,5473.5,5487.5,5473.5,5477.5,45501,229897
2024-06-19 12:00:00,5478.0,5479.0,5459.0,5459.5,38448,199459
2024-06-19 13:00:00,5460.0,5461.0,5440.0,5444.5,50692,286892
2024-06-19 14:00:00,5445.0,5447.0,5434.0,5440.5,21795,123074
2024-06-19 15:00:00,5440.5,5441.0,5420.0,5420.5,9221,45814
2024-06-20 06:00:00,5383.0,5417.0,5383.0,5415.0,206167,830703
2024-06-20 07:00:00,5415.0,5425.5,5407.0,5418.0,136237,571876
2024-06-20 08:00:00,5418.5,5439.0,5413.5,5433.0,105101,502372
2024-06-20 09:00:00,5433.0,5457.5,5431.0,5451.0,100698,497567
2024-06-20 10:00:00,5451.5,5473.5,5450.5,5465.0,72196,330009
2024-06-20 11:00:00,5465.0,5466.5,5443.0,5452.5,80226,351302
2024-06-20 12:00:00,5452.5,5457.0,5444.0,5448.0,54123,226187
2024-06-20 13:00:00,5448.0,5468.5,5447.0,5466.0,53914,241008
2024-06-20 14:00:00,5465.5,5467.0,5452.5,5453.0,26672,116869
2024-06-20 15:00:00,5453.5,5463.0,5452.5,5454.5,8256,32760
2024-06-21 06:00:00,5450.0,5457.5,5437.5,5444.0,155472,574416
2024-06-21 07:00:00,5444.0,5454.5,5433.5,5435.5,121462,481525
2024-06-21 08:00:00,5436.0,5450.0,5426.0,5450.0,109403,466956
2024-06-21 09:00:00,5449.5,5464.5,5445.5,5457.5,77441,358698
2024-06-21 10:00:00,5457.0,5458.5,5441.0,5442.5,43633,184652
2024-06-21 11:00:00,5442.5,5451.0,5436.0,5446.0,55008,238087
2024-06-21 12:00:00,5446.0,5465.5,5434.5,5451.5,87589,393833
2024-06-21 13:00:00,5452.0,5453.5,5443.5,5444.0,40103,186308
2024-06-21 14:00:00,5444.0,5446.0,5433.0,5433.5,25384,112897
2024-06-21 15:00:00,5434.0,5438.0,5432.0,5438.0,4731,20828
2024-06-24 06:00:00,5433.0,5440.0,5415.0,5416.0,135962,478476
2024-06-24 07:00:00,5416.0,5418.0,5378.0,5379.5,144513,609348
2024-06-24 08:00:00,5380.0,5396.0,5380.0,5394.5,78876,361397
2024-06-24 09:00:00,5394.5,5411.0,5393.0,5405.0,57649,264473
2024-06-24 10:00:00,5405.0,5411.0,5395.0,5396.0,46909,193901
2024-06-24 11:00:00,5396.0,5400.5,5386.0,5390.5,47217,192094
2024-06-24 12:00:00,5391.0,5396.0,5387.5,5393.5,33253,148684
2024-06-24 13:00:00,5393.5,5398.5,5391.0,5392.0,30064,133114
2024-06-24 14:00:00,5392.0,5397.0,5391.0,5396.5,17995,79352
2024-06-24 15:00:00,5396.5,5396.5,5391.0,5396.5,6106,21717
2024-06-25 06:00:00,5413.5,5422.5,5406.5,5422.5,159452,562208
2024-06-25 07:00:00,5422.5,5438.0,5408.5,5432.0,152219,574584
2024-06-25 08:00:00,5432.5,5443.0,5428.0,5434.5,103918,401938
2024-06-25 09:00:00,5434.0,5448.0,5431.5,5437.5,81473,341673
2024-06-25 10:00:00,5437.5,5452.0,5436.5,5450.5,54119,219286
2024-06-25 11:00:00,5450.5,5454.0,5444.5,5448.0,54840,214573
2024-06-25 12:00:00,5448.5,5454.0,5445.5,5451.5,34810,156294
2024-06-25 13:00:00,5452.0,5457.5,5450.0,5455.0,33030,135395
2024-06-25 14:00:00,5455.5,5455.5,5450.5,5452.5,23511,94075
2024-06-25 15:00:00,5452.0,5463.0,5451.5,5459.0,12718,41297
2024-06-26 06:00:00,5467.5,5513.5,5460.0,5511.0,253703,960868
2024-06-26 07:00:00,5511.0,5521.5,5507.0,5510.5,145785,631284
2024-06-26 08:00:00,5511.0,5512.0,5497.0,5505.5,108468,453704
2024-06-26 09:00:00,5505.0,5509.5,5495.5,5509.0,65355,272204
2024-06-26 10:00:00,5509.0,5518.5,5508.0,5515.5,54642,240715
2024-06-26 11:00:00,5515.0,5518.5,5510.0,5513.0,40106,175641
2024-06-26 12:00:00,5513.0,5523.5,5509.5,5522.0,43863,197435
2024-06-26 13:00:00,5522.5,5527.0,5514.0,5519.0,52566,257114
2024-06-26 14:00:00,5519.0,5522.0,5513.5,5519.5,23963,101604
2024-06-26 15:00:00,5520.0,5537.5,5518.0,5530.0,11674,49246
2024-06-27 06:00:00,5523.0,5524.5,5484.0,5504.5,198073,671098
2024-06-27 07:00:00,5504.5,5523.0,5503.5,5518.5,158281,555237
2024-06-27 08:00:00,5519.0,5530.0,5511.0,5528.5,124372,520484
2024-06-27 09:00:00,5529.0,5540.0,5526.5,5531.5,89767,424429
2024-06-27 10:00:00,5531.5,5536.5,5527.0,5529.5,39819,173216
2024-06-27 11:00:00,5529.5,5532.5,5512.5,5516.0,60523,283281
2024-06-27 12:00:00,5516.0,5532.0,5494.0,5496.5,96585,400770
2024-06-27 13:00:00,5496.5,5510.0,5493.0,5509.5,62390,262337
2024-06-27 14:00:00,5509.0,5510.0,5498.0,5503.5,27176,107986
2024-06-27 15:00:00,5503.0,5508.0,5500.5,5503.0,6351,21181
2024-06-28 06:00:00,5509.0,5556.0,5502.0,5556.0,194556,669081
2024-06-28 07:00:00,5556.0,5599.5,5555.0,5599.5,176866,763205
2024-06-28 08:00:00,5599.0,5604.5,5570.5,5575.5,136489,627631
2024-06-28 09:00:00,5576.0,5580.0,5559.0,5579.5,97975,458011
2024-06-28 10:00:00,5579.5,5595.5,5574.0,5588.0,63985,281677
2024-06-28 11:00:00,5588.5,5596.5,5579.0,5593.0,55642,221909
2024-06-28 12:00:00,5593.5,5618.0,5593.0,5604.0,79711,342373
2024-06-28 13:00:00,5604.0,5613.0,5599.5,5609.0,50510,211395
2024-06-28 14:00:00,5609.0,5618.5,5605.5,5611.5,35661,149265
2024-06-28 15:00:00,5611.5,5618.0,5611.0,5611.0,8680,36227
2024-07-01 06:00:00,5600.0,5623.0,5587.5,5611.0,215145,749452
2024-07-01 07:00:00,5611.0,5619.5,5584.5,5595.0,142682,507990
2024-07-01 08:00:00,5595.5,5612.0,5587.0,5607.5,112900,453066
2024-07-01 09:00:00,5607.0,5610.0,5590.5,5607.5,76345,317004
2024-07-01 10:00:00,5607.5,5626.0,5604.0,5621.5,61711,246031
2024-07-01 11:00:00,5621.5,5628.0,5614.5,5623.5,47642,174944
2024-07-01 12:00:00,5623.5,5647.5,5623.0,5647.5,82415,340444
2024-07-01 13:00:00,5647.5,5676.0,5646.5,5671.5,80467,403210
2024-07-01 14:00:00,5672.0,5683.0,5665.0,5679.5,48419,224180
2024-07-01 15:00:00,5679.0,5681.5,5670.0,5672.5,13649,47698
2024-07-02 06:00:00,5674.5,5676.0,5646.0,5667.0,177732,652071
2024-07-02 07:00:00,5666.5,5690.5,5661.0,5674.0,186969,731332
2024-07-02 08:00:00,5673.5,5703.0,5665.5,5680.0,189550,769819
2024-07-02 09:00:00,5679.5,5702.0,5678.5,5693.5,78118,330594
2024-07-02 10:00:00,5693.0,5716.5,5693.0,5712.0,72689,303824
2024-07-02 11:00:00,5712.0,5717.0,5706.0,5711.5,60763,257432
2024-07-02 12:00:00,5712.0,5715.5,5688.0,5689.5,72558,304483
2024-07-02 13:00:00,5689.0,5692.0,5662.5,5682.0,108468,458620
2024-07-02 14:00:00,5681.5,5697.5,5675.0,5694.0,44030,179653
2024-07-02 15:00:00,5693.5,5696.0,5684.5,5693.0,9363,30262
2024-07-03 06:00:00,5680.5,5685.5,5636.5,5637.5,174193,640665
2024-07-03 07:00:00,5637.5,5639.0,5594.0,5606.0,174995,726685
2024-07-03 08:00:00,5605.5,5605.5,5581.0,5591.5,149734,635952
2024-07-03 09:00:00,5591.5,5619.0,5587.5,5589.0,105676,455234
2024-07-03 10:00:00,5589.0,5592.5,5557.5,5559.0,94357,427923
2024-07-03 11:00:00,5559.0,5582.0,5558.5,5577.5,55558,222019
2024-07-03 12:00:00,5577.5,5589.5,5572.0,5573.0,59725,220684
2024-07-03 13:00:00,5573.0,5588.0,5573.0,5585.5,31316,119814
2024-07-03 14:00:00,5586.0,5586.5,5569.0,5574.0,31433,133966
2024-07-03 15:00:00,5574.5,5580.0,5568.0,5570.5,8552,31154
2024-07-04 06:00:00,5529.0,5532.0,5483.0,5485.5,202467,699071
2024-07-04 07:00:00,5485.5,5497.0,5483.5,5493.5,111816,414159
2024-07-04 08:00:00,5493.5,5511.5,5487.5,5511.0,99264,377211
2024-07-04 09:00:00,5511.5,5516.5,5501.0,5516.5,58313,239201
2024-07-04 10:00:00,5516.5,5520.0,5510.0,5510.5,37739,153806
2024-07-04 11:00:00,5511.0,5515.0,5497.5,5502.0,43029,152227
2024-07-04 12:00:00,5502.0,5518.0,5498.0,5507.0,47567,179844
2024-07-04 13:00:00,5507.0,5509.0,5498.5,5502.5,24782,117302
2024-07-04 14:00:00,5503.0,5507.0,5499.0,5507.0,15526,72471
2024-07-04 15:00:00,5506.5,5507.0,5498.0,5498.0,4899,20336
2024-07-05 06:00:00,5485.0,5521.0,5479.5,5515.0,242148,836336
2024-07-05 07:00:00,5515.0,5550.0,5506.0,5541.0,181500,648245
2024-07-05 08:00:00,5541.0,5543.0,5505.0,5505.5,120233,449453
2024-07-05 09:00:00,5505.5,5510.0,5493.0,5496.5,74467,280036
2024-07-05 10:00:00,5496.5,5502.5,5486.5,5499.0,59942,227856
2024-07-05 11:00:00,5499.0,5501.0,5478.5,5482.5,55918,218627
2024-07-05 12:00:00,5482.0,5487.0,5474.0,5475.5,56891,204091
2024-07-05 13:00:00,5475.0,5483.5,5471.5,5478.0,38945,151484
2024-07-05 14:00:00,5477.5,5485.0,5474.0,5475.5,24460,109961
2024-07-05 15:00:00,5475.0,5478.0,5471.5,5474.0,5378,19591
2024-07-08 06:00:00,5470.0,5496.0,5469.5,5488.0,146286,499967
2024-07-08 07:00:00,5488.5,5509.0,5487.5,5502.5,120557,431124
2024-07-08 08:00:00,5503.0,5509.0,5492.0,5492.5,110505,375570
2024-07-08 09:00:00,5492.5,5494.0,5472.0,5473.0,101678,400850
2024-07-08 10:00:00,5473.5,5481.5,5471.0,5479.5,40551,148141
2024-07-08 11:00:00,5479.5,5487.0,5475.5,5481.5,40252,142622
2024-07-08 12:00:00,5481.5,5492.5,5479.5,5490.5,35563,135061
2024-07-08 13:00:00,5490.5,5494.0,5486.0,5491.5,30729,123120
2024-07-08 14:00:00,5491.0,5492.0,5484.0,5484.5,15704,64768
2024-07-08 15:00:00,5485.0,5488.0,5483.5,5487.0,4643,20952
2024-07-09 06:00:00,5487.0,5492.0,5463.5,5469.5,151231,516729
2024-07-09 07:00:00,5469.5,5470.0,5447.5,5450.5,134224,497825
2024-07-09 08:00:00,5450.5,5463.5,5446.5,5452.5,96408,395179
2024-07-09 09:00:00,5453.0,5462.0,5444.0,5445.5,62450,263980
2024-07-09 10:00:00,5445.5,5446.0,5432.0,5439.0,57150,249699
2024-07-09 11:00:00,5439.0,5439.5,5428.0,5433.0,43619,178714
2024-07-09 12:00:00,5433.0,5433.5,5427.0,5430.0,27561,112068
2024-07-09 13:00:00,5429.5,5433.5,5427.5,5428.0,21616,97996
2024-07-09 14:00:00,5428.0,5438.0,5424.0,5436.5,27131,112705
2024-07-09 15:00:00,5437.0,5437.5,5430.5,5431.5,5879,23540
2024-07-10 06:00:00,5419.0,5429.5,5384.0,5389.0,225462,861898
2024-07-10 07:00:00,5389.5,5415.0,5388.5,5413.5,125123,506717
2024-07-10 08:00:00,5413.0,5417.0,5403.0,5411.5,94303,375577
2024-07-10 09:00:00,5411.5,5418.0,5409.5,5415.5,37124,144152
2024-07-10 10:00:00,5415.5,5434.5,5412.0,5433.0,61418,273965
2024-07-10 11:00:00,5433.5,5439.0,5423.0,5428.5,69399,323553
2024-07-10 12:00:00,5428.5,5430.0,5418.5,5423.5,45349,194163
2024-07-10 13:00:00,5424.0,5427.5,5421.5,5425.0,26131,108822
2024-07-10 14:00:00,5425.0,5434.0,5423.0,5428.0,22959,102589
2024-07-10 15:00:00,5428.5,5431.0,5426.0,5429.0,4844,22289
2024-07-11 06:00:00,5420.5,5435.5,5383.0,5417.0,234018,806420
2024-07-11 07:00:00,5417.5,5433.0,5393.5,5420.0,191924,711898
2024-07-11 08:00:00,5420.5,5446.5,5408.0,5436.5,148101,604775
2024-07-11 09:00:00,5437.0,5447.5,5433.5,5440.0,67586,277847
2024-07-11 10:00:00,5440.5,5466.5,5438.0,5457.0,73893,328653
2024-07-11 11:00:00,5456.5,5464.0,5447.0,5454.5,60969,266265
2024-07-11 12:00:00,5454.5,5458.0,5449.0,5450.0,38388,166255
2024-07-11 13:00:00,5450.5,5458.0,5449.5,5454.5,21711,93622
2024-07-11 14:00:00,5455.0,5461.5,5451.0,5451.5,20795,92651
2024-07-11 15:00:00,5452.0,5456.0,5446.0,5451.0,6440,21899
2024-07-12 06:00:00,5437.0,5447.5,5427.0,5445.5,182347,607478
2024-07-12 07:00:00,5445.0,5477.5,5441.0,5472.0,181030,631938
2024-07-12 08:00:00,5472.0,5475.0,5456.0,5472.0,106512,394593
2024-07-12 09:00:00,5472.0,5473.5,5463.0,5468.5,45664,180366
2024-07-12 10:00:00,5468.5,5470.0,5447.0,5447.0,48757,224544
2024-07-12 11:00:00,5447.5,5452.0,5433.5,5436.5,44331,186660
2024-07-12 12:00:00,5436.5,5450.0,5433.0,5443.0,53387,220436
2024-07-12 13:00:00,5443.0,5446.0,5441.0,5442.0,21318,87435
2024-07-12 14:00:00,5442.0,5443.5,5439.0,5441.0,11949,53760
2024-07-12 15:00:00,5441.5,5443.0,5439.5,5440.5,3406,14343
2024-07-15 06:00:00,5465.0,5488.0,5449.5,5479.5,162992,547928
2024-07-15 07:00:00,5479.5,5483.5,5463.5,5474.5,157834,508143
2024-07-15 08:00:00,5474.5,5481.0,5459.0,5464.0,88897,331917
2024-07-15 09:00:00,5464.0,5465.5,5446.5,5450.5,51186,193312
2024-07-15 10:00:00,5450.5,5463.5,5440.0,5459.5,73145,300070
2024-07-15 11:00:00,5459.5,5470.0,5459.0,5462.5,56012,213097
2024-07-15 12:00:00,5462.0,5465.0,5449.5,5453.0,42868,160815
2024-07-15 13:00:00,5453.0,5457.5,5450.5,5456.5,28513,108397
2024-07-15 14:00:00,5456.5,5457.0,5452.0,5456.5,13015,52999
2024-07-15 15:00:00,5457.0,5460.0,5455.5,5460.0,4946,17001
2024-07-16 06:00:00,5446.5,5450.5,5430.5,5445.0,201227,666962
2024-07-16 07:00:00,5445.5,5447.0,5415.0,5422.5,169974,609574
2024-07-16 08:00:00,5423.0,5436.5,5421.5,5427.0,92911,342204
2024-07-16 09:00:00,5426.5,5470.0,5422.5,5466.0,104380,450521
2024-07-16 10:00:00,5466.0,5472.0,5456.5,5460.0,77198,318527
2024-07-16 11:00:00,5459.5,5465.0,5438.5,5441.5,79553,340215
2024-07-16 12:00:00,5441.5,5442.0,5431.5,5438.5,44829,187803
2024-07-16 13:00:00,5438.5,5443.5,5435.0,5438.5,32357,140368
2024-07-16 14:00:00,5438.0,5442.0,5437.5,5438.0,11723,51607
2024-07-16 15:00:00,5438.0,5442.5,5433.5,5434.0,4290,15693
2024-07-17 06:00:00,5450.0,5464.5,5443.0,5463.0,155072,534183
2024-07-17 07:00:00,5463.0,5484.0,5462.5,5475.0,164979,654141
2024-07-17 08:00:00,5475.5,5484.5,5467.5,5472.5,104383,420584
2024-07-17 09:00:00,5472.5,5488.5,5469.5,5485.0,67823,280135
2024-07-17 10:00:00,5485.0,5495.5,5483.5,5489.0,57441,264201
2024-07-17 11:00:00,5488.5,5491.0,5480.5,5483.5,50586,201978
2024-07-17 12:00:00,5483.5,5495.5,5479.0,5495.5,51886,239635
2024-07-17 13:00:00,5496.0,5496.0,5489.5,5493.0,28963,116055
2024-07-17 14:00:00,5492.5,5493.0,5486.5,5491.0,22919,115518
2024-07-17 15:00:00,5490.0,5499.0,5489.5,5498.5,8825,40247
2024-07-18 06:00:00,5492.5,5547.5,5489.0,5544.5,209033,775765
2024-07-18 07:00:00,5544.5,5557.0,5541.0,5545.0,145714,544427
2024-07-18 08:00:00,5544.5,5561.0,5541.0,5553.0,111763,427245
2024-07-18 09:00:00,5553.0,5557.5,5547.0,5549.0,47245,186911
2024-07-18 10:00:00,5548.5,5577.5,5546.0,5572.0,76529,341612
2024-07-18 11:00:00,5572.0,5580.0,5571.0,5575.5,54264,231020
2024-07-18 12:00:00,5576.0,5595.0,5575.5,5584.5,82297,378143
2024-07-18 13:00:00,5584.5,5598.0,5582.5,5598.0,41685,181885
2024-07-18 14:00:00,5598.0,5598.0,5546.5,5555.5,68457,313050
2024-07-18 15:00:00,5555.0,5567.5,5549.0,5558.5,17497,56799
2024-07-19 06:00:00,5548.0,5561.0,5529.5,5556.0,129734,449909
2024-07-19 07:00:00,5556.0,5577.5,5540.5,5551.0,118157,441011
2024-07-19 08:00:00,5551.0,5566.5,5542.0,5557.5,70274,272674
2024-07-19 09:00:00,5558.0,5582.0,5557.5,5565.0,55339,228376
2024-07-19 10:00:00,5565.0,5591.0,5562.5,5586.0,65015,270554
2024-07-19 11:00:00,5585.5,5589.0,5577.0,5586.0,62710,243808
2024-07-19 12:00:00,5585.5,5608.5,5585.5,5606.5,63435,270911
2024-07-19 13:00:00,5606.5,5615.0,5600.5,5611.5,45870,185385
2024-07-19 14:00:00,5611.5,5617.0,5603.0,5604.0,28449,120979
2024-07-19 15:00:00,5604.0,5621.5,5602.0,5619.0,11609,39624
2024-07-22 06:00:00,5600.0,5617.5,5577.0,5579.0,223397,738422
2024-07-22 07:00:00,5579.5,5583.5,5565.0,5567.5,135834,480016
2024-07-22 08:00:00,5568.0,5575.0,5555.5,5560.0,104407,391530
2024-07-22 09:00:00,5560.0,5567.5,5553.0,5555.5,73399,296582
2024-07-22 10:00:00,5555.0,5559.5,5542.0,5553.5,69977,292149
2024-07-22 11:00:00,5553.5,5561.5,5550.5,5560.5,44183,174222
2024-07-22 12:00:00,5560.0,5580.5,5559.0,5576.0,67958,278964
2024-07-22 13:00:00,5576.0,5581.5,5572.0,5575.5,43530,179829
2024-07-22 14:00:00,5575.0,5585.0,5571.5,5584.5,22582,96354
2024-07-22 15:00:00,5585.0,5585.0,5575.0,5578.5,6871,26609
2024-07-23 06:00:00,5589.5,5613.0,5582.0,5595.0,205088,734223
2024-07-23 07:00:00,5595.5,5608.5,5587.0,5598.5,167311,607031
2024-07-23 08:00:00,5598.5,5600.0,5564.0,5570.5,164197,670106
2024-07-23 09:00:00,5571.0,5583.5,5568.5,5574.0,75374,329028
2024-07-23 10:00:00,5574.0,5594.5,5572.5,5584.5,69841,296826
2024-07-23 11:00:00,5584.5,5602.5,5576.5,5601.5,79681,331262
2024-07-23 12:00:00,5601.0,5603.0,5593.0,5598.0,47366,214289
2024-07-23 13:00:00,5598.0,5602.0,5591.0,5592.5,28928,129366
2024-07-23 14:00:00,5592.5,5596.5,5590.5,5592.5,20139,87565
2024-07-23 15:00:00,5593.0,5597.5,5592.0,5593.0,6894,25087
2024-07-24 06:00:00,5605.0,5643.5,5602.0,5632.5,202858,685409
2024-07-24 07:00:00,5632.5,5653.0,5630.5,5645.0,165556,624530
2024-07-24 08:00:00,5645.0,5647.0,5620.0,5622.0,125207,458340
2024-07-24 09:00:00,5621.5,5641.0,5609.0,5640.5,111890,433920
2024-07-24 10:00:00,5640.5,5648.0,5623.5,5632.0,81457,309544
2024-07-24 11:00:00,5631.5,5642.0,5625.5,5641.0,65246,252201
2024-07-24 12:00:00,5641.0,5666.0,5641.0,5663.5,89866,382402
2024-07-24 13:00:00,5663.5,5664.5,5656.0,5661.0,37165,144872
2024-07-24 14:00:00,5661.0,5663.5,5657.5,5658.5,19494,82860
2024-07-24 15:00:00,5659.0,5663.5,5657.5,5659.0,6989,28794
2024-07-25 06:00:00,5691.0,5699.5,5639.0,5644.5,258697,916541
2024-07-25 07:00:00,5645.0,5657.0,5636.5,5655.5,170413,595921
2024-07-25 08:00:00,5655.5,5668.0,5644.5,5647.5,153303,550869
2024-07-25 09:00:00,5647.0,5650.5,5630.0,5630.5,70327,267880
2024-07-25 10:00:00,5630.0,5639.5,5623.5,5629.5,65718,248724
2024-07-25 11:00:00,5629.5,5648.5,5627.0,5639.5,78750,311086
2024-07-25 12:00:00,5639.5,5659.0,5634.5,5654.5,84029,335238
2024-07-25 13:00:00,5655.0,5655.0,5642.5,5652.5,42726,161045
2024-07-25 14:00:00,5652.0,5658.0,5645.5,5650.0,22722,87812
2024-07-25 15:00:00,5650.0,5651.5,5640.0,5640.5,5607,22584
2024-07-26 06:00:00,5620.5,5655.0,5619.5,5630.0,213621,766679
2024-07-26 07:00:00,5630.0,5654.5,5626.0,5643.5,173592,646903
2024-07-26 08:00:00,5644.0,5662.0,5634.0,5660.0,146280,581856
2024-07-26 09:00:00,5660.0,5669.5,5652.5,5660.0,80803,330439
2024-07-26 10:00:00,5660.0,5665.0,5656.5,5657.5,44204,169681
2024-07-26 11:00:00,5657.5,5676.0,5655.5,5671.5,68772,287220
2024-07-26 12:00:00,5671.5,5672.0,5661.5,5670.5,45119,185736
2024-07-26 13:00:00,5670.5,5671.0,5660.5,5661.0,34099,162864
2024-07-26 14:00:00,5661.0,5662.5,5655.5,5659.5,24917,126434
2024-07-26 15:00:00,5659.0,5671.0,5656.0,5669.0,8228,34193
2024-07-29 06:00:00,5666.5,5667.0,5635.0,5649.0,166156,592236
2024-07-29 07:00:00,5648.5,5654.0,5636.5,5649.5,158063,539282
2024-07-29 08:00:00,5649.0,5667.5,5645.0,5665.5,105794,428756
2024-07-29 09:00:00,5665.0,5671.0,5654.0,5655.0,81434,351082
2024-07-29 10:00:00,5655.0,5656.0,5635.5,5644.0,74839,318916
2024-07-29 11:00:00,5643.5,5652.0,5630.5,5633.5,66504,284051
2024-07-29 12:00:00,5633.5,5638.0,5628.5,5635.0,46420,195778
2024-07-29 13:00:00,5635.5,5635.5,5626.0,5627.5,29584,121414
2024-07-29 14:00:00,5628.0,5629.0,5616.5,5619.5,25461,107971
2024-07-29 15:00:00,5619.5,5620.0,5615.0,5616.0,6109,24250
2024-07-30 06:00:00,5617.0,5658.5,5613.0,5657.5,157455,544842
2024-07-30 07:00:00,5657.5,5664.5,5643.5,5655.5,161229,604999
2024-07-30 08:00:00,5655.5,5663.0,5633.0,5641.0,147470,553282
2024-07-30 09:00:00,5641.5,5657.0,5636.0,5656.5,81231,316364
2024-07-30 10:00:00,5656.5,5657.0,5646.0,5650.0,47510,196787
2024-07-30 11:00:00,5649.5,5650.5,5624.5,5625.5,64473,280740
2024-07-30 12:00:00,5625.5,5629.5,5622.5,5626.5,45540,161006
2024-07-30 13:00:00,5626.0,5630.5,5618.5,5620.0,32586,151744
2024-07-30 14:00:00,5620.0,5622.0,5612.5,5614.0,25891,101142
2024-07-30 15:00:00,5614.5,5616.5,5610.0,5611.5,6990,30625
2024-07-31 06:00:00,5627.0,5692.5,5621.5,5692.0,248066,865346
2024-07-31 07:00:00,5691.5,5702.0,5659.0,5668.5,207188,799904
2024-07-31 08:00:00,5669.0,5676.5,5648.0,5672.0,137490,545561
2024-07-31 09:00:00,5672.5,5682.5,5660.0,5681.0,87669,396758
2024-07-31 10:00:00,5681.0,5682.0,5664.0,5668.5,65806,276138
2024-07-31 11:00:00,5669.0,5695.0,5665.5,5677.5,60457,216847
2024-07-31 12:00:00,5677.5,5686.5,5646.0,5654.5,123800,469728
2024-07-31 13:00:00,5654.5,5683.5,5651.0,5673.0,90247,356702
2024-07-31 14:00:00,5673.5,5676.0,5662.5,5668.5,31561,125980
2024-07-31 15:00:00,5668.5,5680.0,5667.5,5677.5,6796,26679
2024-08-01 06:00:00,5690.5,5713.0,5679.5,5689.0,276417,914754
2024-08-01 07:00:00,5689.0,5695.0,5657.5,5660.5,182562,659444
2024-08-01 08:00:00,5660.0,5689.0,5651.0,5683.5,147406,566270
2024-08-01 09:00:00,5683.5,5714.5,5678.0,5713.0,101430,384245
2024-08-01 10:00:00,5713.0,5752.0,5712.5,5740.5,134356,579887
2024-08-01 11:00:00,5740.0,5755.0,5734.5,5742.0,92873,390344
2024-08-01 12:00:00,5742.0,5762.0,5741.5,5761.0,78732,334737
2024-08-01 13:00:00,5761.0,5762.0,5750.0,5754.0,49676,210356
2024-08-01 14:00:00,5754.0,5770.5,5752.5,5766.0,52079,221303
2024-08-01 15:00:00,5765.0,5774.0,5764.5,5770.5,10885,46367
2024-08-02 06:00:00,5778.0,5811.5,5759.0,5772.5,334654,1115189
2024-08-02 07:00:00,5772.5,5777.0,5723.0,5735.0,282999,1022512
2024-08-02 08:00:00,5735.0,5767.5,5728.0,5766.5,163819,605463
2024-08-02 09:00:00,5766.5,5771.5,5750.5,5754.5,107207,382416
2024-08-02 10:00:00,5755.0,5758.5,5731.0,5731.5,81269,296446
2024-08-02 11:00:00,5731.5,5739.0,5716.5,5734.5,90683,333266
2024-08-02 12:00:00,5734.5,5746.0,5722.0,5745.0,82445,304659
2024-08-02 13:00:00,5745.5,5745.5,5726.0,5727.5,48698,172311
2024-08-02 14:00:00,5728.0,5747.5,5725.5,5746.5,28615,109099
2024-08-02 15:00:00,5746.0,5749.5,5741.5,5749.0,6587,26090
2024-08-05 06:00:00,5880.0,5883.0,5791.0,5794.5,400363,1124048
2024-08-05 07:00:00,5795.0,5824.5,5778.5,5819.5,236818,720615
2024-08-05 08:00:00,5819.0,5823.0,5787.5,5791.5,192232,643671
2024-08-05 09:00:00,5792.0,5795.0,5761.0,5767.5,125381,444958
2024-08-05 10:00:00,5767.5,5772.0,5747.0,5765.5,102395,358113
2024-08-05 11:00:00,5766.0,5767.0,5730.0,5743.0,110089,380653
2024-08-05 12:00:00,5742.5,5758.0,5733.5,5757.0,87200,302998
2024-08-05 13:00:00,5757.0,5758.5,5747.5,5756.0,46604,152389
2024-08-05 14:00:00,5756.5,5759.0,5734.0,5742.0,38138,130168
2024-08-05 15:00:00,5742.0,5744.0,5732.0,5736.0,7697,27215
2024-08-06 06:00:00,5728.5,5729.5,5675.0,5687.0,302890,1029147
2024-08-06 07:00:00,5687.0,5696.5,5662.0,5679.0,252260,937784
2024-08-06 08:00:00,5679.0,5689.5,5666.5,5680.5,166655,638161
2024-08-06 09:00:00,5681.0,5690.5,5655.5,5658.0,113674,418236
2024-08-06 10:00:00,5657.5,5667.0,5646.5,5665.0,94835,385265
2024-08-06 11:00:00,5664.5,5670.0,5655.0,5663.5,75215,294131
2024-08-06 12:00:00,5663.5,5669.0,5656.5,5667.5,56044,220497
2024-08-06 13:00:00,5668.0,5678.0,5662.5,5675.0,56153,211978
2024-08-06 14:00:00,5674.5,5680.0,5670.0,5678.5,26098,104444
2024-08-06 15:00:00,5678.5,5679.0,5670.0,5672.5,8593,33500
2024-08-07 06:00:00,5632.0,5655.0,5622.5,5639.0,268367,872843
2024-08-07 07:00:00,5639.0,5639.5,5611.5,5618.0,194315,677014
2024-08-07 08:00:00,5617.5,5641.5,5616.5,5626.5,131020,482761
2024-08-07 09:00:00,5626.5,5627.5,5611.5,5615.0,88556,337349
2024-08-07 10:00:00,5615.0,5631.5,5614.5,5626.0,60302,228329
2024-08-07 11:00:00,5626.5,5632.5,5616.0,5626.5,72690,274687
2024-08-07 12:00:00,5626.5,5647.0,5626.0,5639.5,84959,318141
2024-08-07 13:00:00,5639.5,5642.5,5635.0,5638.0,43670,146758
2024-08-07 14:00:00,5637.5,5650.0,5637.5,5649.5,29478,110424
2024-08-07 15:00:00,5649.0,5654.0,5647.5,5654.0,5649,27302
2024-08-08 06:00:00,5646.0,5670.0,5639.0,5663.5,261548,834072
2024-08-08 07:00:00,5663.5,5664.0,5631.5,5631.5,221859,792100
2024-08-08 08:00:00,5632.0,5637.0,5616.5,5623.0,130104,502850
2024-08-08 09:00:00,5623.5,5631.0,5613.5,5616.0,83186,339598
2024-08-08 10:00:00,5616.0,5616.5,5599.0,5604.5,73223,306282
2024-08-08 11:00:00,5604.0,5610.0,5594.0,5602.0,60801,233607
2024-08-08 12:00:00,5602.0,5606.5,5578.0,5584.0,77325,318062
2024-08-08 13:00:00,5584.0,5591.0,5582.0,5587.5,42354,163189
2024-08-08 14:00:00,5587.5,5590.5,5558.0,5563.5,52594,202583
2024-08-08 15:00:00,5564.0,5568.0,5546.0,5547.5,13224,55991
2024-08-09 06:00:00,5548.0,5567.5,5517.5,5527.5,261597,862060
2024-08-09 07:00:00,5527.5,5546.0,5517.5,5530.5,178262,675450
2024-08-09 08:00:00,5530.5,5538.0,5505.5,5508.5,150575,605852
2024-08-09 09:00:00,5509.0,5525.5,5506.5,5523.5,80012,328529
2024-08-09 10:00:00,5523.5,5527.5,5515.5,5522.0,39209,161856
2024-08-09 11:00:00,5522.0,5525.0,5504.0,5521.0,73917,288561
2024-08-09 12:00:00,5521.0,5533.0,5516.5,5521.0,62317,261398
2024-08-09 13:00:00,5521.5,5532.0,5520.0,5527.5,36763,155553
2024-08-09 14:00:00,5528.0,5529.0,5515.5,5520.0,24952,114884
2024-08-09 15:00:00,5520.5,5524.0,5518.0,5521.0,5866,24065
2024-08-12 06:00:00,5519.5,5520.0,5492.5,5499.5,215623,709109
2024-08-12 07:00:00,5499.5,5514.0,5483.5,5510.5,210254,735725
2024-08-12 08:00:00,5511.0,5512.0,5489.5,5496.0,130537,487153
2024-08-12 09:00:00,5495.5,5535.5,5494.5,5518.0,119202,473056
2024-08-12 10:00:00,5518.0,5528.0,5503.0,5508.5,79265,334226
2024-08-12 11:00:00,5509.0,5529.5,5508.5,5519.0,68580,276827
2024-08-12 12:00:00,5519.5,5525.5,5509.5,5510.5,54155,201974
2024-08-12 13:00:00,5510.5,5519.5,5508.5,5510.0,38006,138805
2024-08-12 14:00:00,5510.0,5515.5,5504.0,5512.0,25161,103890
2024-08-12 15:00:00,5512.0,5516.0,5502.0,5506.0,7226,26305
2024-08-13 06:00:00,5484.0,5508.0,5477.0,5497.5,226815,817575
2024-08-13 07:00:00,5498.0,5513.5,5492.0,5502.5,181140,713199
2024-08-13 08:00:00,5502.5,5510.5,5488.0,5496.5,122322,517597
2024-08-13 09:00:00,5497.0,5503.0,5491.0,5498.5,51829,206968
2024-08-13 10:00:00,5498.5,5500.0,5480.5,5481.0,43962,193310
2024-08-13 11:00:00,5480.5,5489.0,5467.5,5474.0,82238,360012
2024-08-13 12:00:00,5474.0,5475.5,5464.5,5468.0,45392,170032
2024-08-13 13:00:00,5468.0,5470.0,5458.5,5459.5,43856,211898
2024-08-13 14:00:00,5459.5,5468.0,5458.0,5465.5,23360,93959
2024-08-13 15:00:00,5465.5,5469.0,5460.5,5468.0,6036,24331
2024-08-14 06:00:00,5457.0,5470.0,5436.5,5455.5,244340,811405
2024-08-14 07:00:00,5455.5,5474.5,5453.0,5459.0,188476,704842
2024-08-14 08:00:00,5458.5,5464.0,5442.5,5450.5,122220,456993
2024-08-14 09:00:00,5451.0,5469.0,5447.5,5467.5,68433,263449
2024-08-14 10:00:00,5467.5,5489.5,5465.5,5485.0,85731,340616
2024-08-14 11:00:00,5485.0,5497.0,5481.0,5482.5,64855,244689
2024-08-14 12:00:00,5483.0,5489.5,5474.0,5478.5,47041,199945
2024-08-14 13:00:00,5479.0,5485.0,5476.0,5479.0,33123,136865
2024-08-14 14:00:00,5479.0,5484.5,5478.0,5483.0,22004,94251
2024-08-14 15:00:00,5483.0,5485.5,5478.5,5479.0,5946,25647
2024-08-15 06:00:00,5478.5,5497.0,5463.0,5476.5,211277,772617
2024-08-15 07:00:00,5476.5,5494.5,5463.0,5465.0,161270,587316
2024-08-15 08:00:00,5465.5,5485.5,5465.0,5483.0,95462,348566
2024-08-15 09:00:00,5483.0,5483.5,5460.5,5471.5,69189,265229
2024-08-15 10:00:00,5472.0,5478.5,5465.5,5476.0,37738,143614
2024-08-15 11:00:00,5476.0,5492.0,5475.5,5491.5,57975,235257
2024-08-15 12:00:00,5491.5,5505.0,5487.5,5493.0,69157,286568
2024-08-15 13:00:00,5493.0,5498.0,5491.5,5493.5,24714,93429
2024-08-15 14:00:00,5493.5,5498.0,5491.5,5493.5,18246,76525
2024-08-15 15:00:00,5493.5,5497.5,5490.0,5495.5,6953,32601
2024-08-16 06:00:00,5486.0,5493.0,5446.0,5450.5,198744,718385
2024-08-16 07:00:00,5450.5,5470.5,5445.5,5463.5,129503,477536
2024-08-16 08:00:00,5464.0,5495.0,5461.5,5489.0,132834,515253
2024-08-16 09:00:00,5488.5,5492.0,5483.0,5485.0,45582,193506
2024-08-16 10:00:00,5484.5,5485.5,5473.0,5478.0,45416,197565
2024-08-16 11:00:00,5478.0,5490.0,5476.5,5481.5,45929,176183
2024-08-16 12:00:00,5481.5,5490.0,5476.0,5478.0,40020,168014
2024-08-16 13:00:00,5478.0,5483.5,5474.0,5475.0,30463,133479
2024-08-16 14:00:00,5475.5,5485.5,5474.5,5484.0,19654,80895
2024-08-16 15:00:00,5484.0,5485.0,5480.0,5484.5,4994,23143
2024-08-19 06:00:00,5480.0,5481.5,5458.0,5464.5,166142,572137
2024-08-19 07:00:00,5464.5,5465.5,5435.5,5438.5,182071,670911
2024-08-19 08:00:00,5438.5,5443.5,5412.5,5419.0,138974,567456
2024-08-19 09:00:00,5419.0,5426.5,5409.5,5413.5,70226,313844
2024-08-19 10:00:00,5413.0,5430.0,5409.0,5411.5,71324,277374
2024-08-19 11:00:00,5411.5,5412.5,5391.0,5394.5,90150,382401
2024-08-19 12:00:00,5395.0,5415.0,5384.0,5412.5,78270,351177
2024-08-19 13:00:00,5412.0,5422.5,5411.0,5421.5,44656,202280
2024-08-19 14:00:00,5421.5,5423.5,5417.0,5420.5,20980,91487
2024-08-19 15:00:00,5420.0,5421.0,5413.0,5414.5,7929,39697
2024-08-20 06:00:00,5446.0,5469.0,5440.5,5450.5,233081,841206
2024-08-20 07:00:00,5450.5,5464.0,5443.0,5445.0,158152,558286
2024-08-20 08:00:00,5445.0,5476.0,5443.5,5468.0,129802,514606
2024-08-20 09:00:00,5468.5,5483.0,5468.5,5479.5,71904,296239
2024-08-20 10:00:00,5479.5,5489.0,5477.0,5487.5,60334,243877
2024-08-20 11:00:00,5487.5,5499.0,5485.5,5493.0,64297,279249
2024-08-20 12:00:00,5493.0,5499.0,5484.5,5489.5,64145,260110
2024-08-20 13:00:00,5489.5,5493.0,5472.5,5493.0,63037,280003
2024-08-20 14:00:00,5492.5,5493.0,5482.0,5484.0,28978,129908
2024-08-20 15:00:00,5484.0,5492.0,5483.0,5485.0,9549,36854
2024-08-21 06:00:00,5478.5,5491.0,5464.0,5479.5,190650,614596
2024-08-21 07:00:00,5479.0,5486.0,5466.5,5476.0,167142,584861
2024-08-21 08:00:00,5475.5,5488.0,5465.0,5482.5,162735,575250
2024-08-21 09:00:00,5482.5,5485.0,5468.0,5480.5,72828,276092
2024-08-21 10:00:00,5480.5,5501.0,5477.0,5497.5,63340,247769
2024-08-21 11:00:00,5497.5,5516.0,5497.5,5507.0,89664,354369
2024-08-21 12:00:00,5507.0,5508.5,5481.0,5482.5,102989,427586
2024-08-21 13:00:00,5482.0,5489.5,5476.0,5487.5,37482,156438
2024-08-21 14:00:00,5487.5,5498.0,5486.0,5491.5,24219,103670
2024-08-21 15:00:00,5492.0,5494.0,5484.0,5484.0,6077,21994
2024-08-22 06:00:00,5490.0,5551.5,5485.5,5550.0,231407,822823
2024-08-22 07:00:00,5549.5,5565.0,5535.5,5552.5,177786,692727
2024-08-22 08:00:00,5552.0,5569.5,5545.5,5559.5,128513,494702
2024-08-22 09:00:00,5559.5,5580.5,5555.0,5574.5,86088,365113
2024-08-22 10:00:00,5574.5,5587.5,5574.0,5574.5,56002,230596
2024-08-22 11:00:00,5575.0,5586.5,5553.5,5584.0,110612,436135
2024-08-22 12:00:00,5584.0,5603.0,5577.0,5600.0,108782,428350
2024-08-22 13:00:00,5600.0,5601.0,5591.0,5596.0,38191,153906
2024-08-22 14:00:00,5596.0,5599.0,5585.0,5592.0,39601,157042
2024-08-22 15:00:00,5591.0,5614.0,5590.0,5606.5,7982,33634
2024-08-23 06:00:00,5589.0,5589.0,5563.0,5571.5,194621,626315
2024-08-23 07:00:00,5571.5,5577.5,5554.5,5559.0,135801,472603
2024-08-23 08:00:00,5559.0,5561.5,5496.0,5505.5,238166,889588
2024-08-23 09:00:00,5505.5,5520.5,5497.5,5517.0,78555,313860
2024-08-23 10:00:00,5517.5,5517.5,5488.0,5498.0,70134,262442
2024-08-23 11:00:00,5498.5,5511.5,5495.0,5497.0,59419,230833
2024-08-23 12:00:00,5497.0,5500.5,5484.0,5485.0,55233,208972
2024-08-23 13:00:00,5485.0,5489.5,5479.5,5484.5,43258,173418
2024-08-23 14:00:00,5485.0,5496.5,5484.0,5492.5,28468,110487
2024-08-23 15:00:00,5492.5,5493.0,5481.0,5484.5,5573,25566
2024-08-26 06:00:00,5496.5,5504.5,5474.5,5490.5,213192,665349
2024-08-26 07:00:00,5490.5,5508.5,5482.0,5488.0,171472,579414
2024-08-26 08:00:00,5488.5,5503.5,5484.5,5499.5,113622,392552
2024-08-26 09:00:00,5499.0,5517.0,5495.5,5503.0,85737,307176
2024-08-26 10:00:00,5503.0,5505.0,5488.5,5496.0,49936,177842
2024-08-26 11:00:00,5496.0,5496.0,5480.5,5486.0,65146,248403
2024-08-26 12:00:00,5486.0,5492.0,5478.5,5488.5,53871,211230
2024-08-26 13:00:00,5489.0,5496.0,5483.5,5495.0,32327,130360
2024-08-26 14:00:00,5495.5,5506.5,5494.5,5500.5,34902,131731
2024-08-26 15:00:00,5500.0,5504.5,5497.5,5500.0,7028,27401
2024-08-27 06:00:00,5484.0,5513.5,5479.0,5493.5,222645,693171
2024-08-27 07:00:00,5493.0,5507.0,5490.5,5498.5,151923,502203
2024-08-27 08:00:00,5498.5,5501.5,5487.0,5498.5,93284,349132
2024-08-27 09:00:00,5499.0,5522.0,5491.5,5507.5,90001,356728
2024-08-27 10:00:00,5507.5,5513.0,5500.5,5506.5,54622,185523
2024-08-27 11:00:00,5506.5,5516.5,5500.5,5502.0,58861,194347
2024-08-27 12:00:00,5502.0,5507.0,5496.5,5503.5,44751,155478
2024-08-27 13:00:00,5503.5,5507.5,5501.0,5505.5,21533,82231
2024-08-27 14:00:00,5505.0,5520.0,5504.5,5512.0,35930,126555
2024-08-27 15:00:00,5512.0,5517.5,5508.0,5512.5,7642,33759
2024-08-28 06:00:00,5513.5,5547.5,5513.0,5542.0,193963,601781
2024-08-28 07:00:00,5542.0,5542.0,5522.0,5532.0,166884,578816
2024-08-28 08:00:00,5532.0,5537.0,5516.0,5527.5,113241,402600
2024-08-28 09:00:00,5528.0,5546.0,5522.5,5537.5,84389,310296
2024-08-28 10:00:00,5538.0,5554.0,5536.5,5543.0,69534,249010
2024-08-28 11:00:00,5543.5,5551.5,5539.0,5545.5,60269,192478
2024-08-28 12:00:00,5545.0,5556.0,5532.0,5549.5,81075,285732
2024-08-28 13:00:00,5550.0,5566.0,5547.5,5557.0,58528,203647
2024-08-28 14:00:00,5556.5,5572.0,5554.5,5567.0,39736,148739
2024-08-28 15:00:00,5567.0,5571.0,5564.0,5566.5,7902,32978
2024-08-29 06:00:00,5559.5,5605.0,5557.0,5603.0,201684,630123
2024-08-29 07:00:00,5603.5,5647.0,5603.0,5641.5,210975,726236
2024-08-29 08:00:00,5641.5,5664.5,5636.0,5639.0,159307,594711
2024-08-29 09:00:00,5639.0,5654.5,5634.5,5637.5,106084,348551
2024-08-29 10:00:00,5637.0,5649.0,5632.0,5635.0,90284,290863
2024-08-29 11:00:00,5634.5,5637.5,5614.5,5621.5,84882,281455
2024-08-29 12:00:00,5621.5,5630.0,5619.0,5623.0,75841,260662
2024-08-29 13:00:00,5623.5,5634.5,5617.0,5622.5,52564,197749
2024-08-29 14:00:00,5623.0,5635.5,5622.5,5629.0,31767,121944
2024-08-29 15:00:00,5628.5,5635.0,5628.0,5629.0,7193,24697
2024-08-30 06:00:00,5596.0,5686.5,5590.0,5671.0,282905,953460
2024-08-30 07:00:00,5671.5,5709.5,5667.5,5682.5,225356,809286
2024-08-30 08:00:00,5682.5,5703.0,5649.0,5685.0,216517,794276
2024-08-30 09:00:00,5685.0,5685.5,5627.5,5637.5,144607,586919
2024-08-30 10:00:00,5637.5,5672.0,5634.0,5671.5,100417,373815
2024-08-30 11:00:00,5671.0,5686.5,5651.5,5672.5,67086,213314
2024-08-30 12:00:00,5673.0,5678.0,5657.0,5667.0,50984,168166
2024-08-30 13:00:00,5667.0,5676.0,5647.5,5652.5,41071,155879
2024-08-30 14:00:00,5652.5,5654.5,5598.0,5628.0,78927,285501
2024-08-30 15:00:00,5628.5,5632.0,5619.0,5629.5,5953,18358
2024-09-02 06:00:00,5642.5,5662.5,5630.0,5639.0,248977,753530
2024-09-02 07:00:00,5639.0,5672.5,5632.5,5657.5,168772,515066
2024-09-02 08:00:00,5657.5,5677.5,5653.0,5655.5,108957,340060
2024-09-02 09:00:00,5655.5,5657.0,5633.5,5633.5,81612,274701
2024-09-02 10:00:00,5633.5,5641.5,5624.5,5636.0,61127,190287
2024-09-02 11:00:00,5636.5,5644.5,5620.5,5631.0,54959,167989
2024-09-02 12:00:00,5631.0,5642.0,5628.5,5639.5,31655,97182
2024-09-02 13:00:00,5639.5,5639.5,5624.5,5633.5,34608,116105
2024-09-02 14:00:00,5633.5,5636.5,5628.0,5635.0,16935,54751
2024-09-02 15:00:00,5635.0,5635.0,5630.0,5632.0,4761,14581
2024-09-03 06:00:00,5656.0,5657.0,5595.0,5603.0,235656,752621
2024-09-03 07:00:00,5603.0,5647.0,5592.0,5644.0,207814,700499
2024-09-03 08:00:00,5644.0,5669.0,5637.0,5649.0,191338,633980
2024-09-03 09:00:00,5649.0,5667.5,5647.0,5666.5,83217,284101
2024-09-03 10:00:00,5666.5,5667.0,5650.0,5655.0,57023,185734
2024-09-03 11:00:00,5655.0,5662.0,5648.5,5658.0,55504,176050
2024-09-03 12:00:00,5658.5,5661.0,5649.5,5658.0,48027,176307
2024-09-03 13:00:00,5657.5,5665.0,5655.5,5658.5,38005,126615
2024-09-03 14:00:00,5659.0,5664.0,5653.0,5661.0,29457,99294
2024-09-03 15:00:00,5661.5,5668.5,5660.5,5663.5,6094,21028
2024-09-04 06:00:00,5661.5,5677.0,5634.5,5650.0,257079,738759
2024-09-04 07:00:00,5649.5,5664.5,5645.5,5648.0,167137,554128
2024-09-04 08:00:00,5648.5,5659.0,5631.0,5635.5,165821,557960
2024-09-04 09:00:00,5635.0,5658.5,5634.5,5656.0,74407,271826
2024-09-04 10:00:00,5655.5,5665.5,5652.0,5655.0,53910,191014
2024-09-04 11:00:00,5655.5,5659.5,5648.5,5650.0,48934,168760
2024-09-04 12:00:00,5650.0,5656.5,5645.0,5649.5,42265,151971
2024-09-04 13:00:00,5649.5,5658.0,5649.0,5653.5,34231,124362
2024-09-04 14:00:00,5654.0,5660.0,5653.5,5655.5,20898,76983
2024-09-04 15:00:00,5656.0,5660.0,5655.0,5657.0,5912,25539
2024-09-05 06:00:00,5654.0,5665.0,5619.0,5631.5,247916,767780
2024-09-05 07:00:00,5631.5,5634.5,5613.0,5619.0,153232,483327
2024-09-05 08:00:00,5619.0,5637.0,5616.5,5626.0,111331,386953
2024-09-05 09:00:00,5625.5,5630.5,5607.0,5608.0,79794,291606
2024-09-05 10:00:00,5608.0,5613.0,5586.0,5598.0,99011,355690
2024-09-05 11:00:00,5598.0,5605.0,5593.0,5598.5,52506,179986
2024-09-05 12:00:00,5598.5,5600.5,5591.0,5597.5,32947,117580
2024-09-05 13:00:00,5597.5,5597.5,5585.5,5587.5,33533,125197
2024-09-05 14:00:00,5587.5,5599.0,5586.0,5590.0,30428,103329
2024-09-05 15:00:00,5590.5,5590.5,5580.0,5586.0,5988,26334
2024-09-06 06:00:00,5592.5,5599.5,5543.0,5561.5,282040,830604
2024-09-06 07:00:00,5561.5,5579.0,5550.0,5576.5,178039,571393
2024-09-06 08:00:00,5576.5,5610.5,5576.5,5604.5,155255,508532
2024-09-06 09:00:00,5604.5,5613.5,5574.5,5604.0,142529,472706
2024-09-06 10:00:00,5604.0,5615.5,5595.5,5605.0,59860,195402
2024-09-06 11:00:00,5605.0,5606.5,5595.5,5602.0,46571,161046
2024-09-06 12:00:00,5601.5,5616.0,5599.0,5604.0,52239,188665
2024-09-06 13:00:00,5604.5,5610.5,5603.0,5603.5,24594,83137
2024-09-06 14:00:00,5604.0,5614.5,5602.0,5614.0,20272,72820
2024-09-06 15:00:00,5614.0,5615.0,5607.5,5614.0,5312,22382
2024-09-09 06:00:00,5600.0,5654.0,5596.0,5645.5,205377,632366
2024-09-09 07:00:00,5646.0,5646.0,5626.0,5628.5,163037,536073
2024-09-09 08:00:00,5629.0,5632.5,5612.5,5612.5,114020,367237
2024-09-09 09:00:00,5613.0,5623.0,5610.0,5618.0,55736,193379
2024-09-09 10:00:00,5617.5,5618.5,5605.0,5609.0,41153,151837
2024-09-09 11:00:00,5609.0,5609.5,5588.0,5601.5,69151,257398
2024-09-09 12:00:00,5601.0,5604.5,5592.5,5595.5,44381,162141
2024-09-09 13:00:00,5595.5,5599.5,5590.0,5594.0,27650,100213
2024-09-09 14:00:00,5594.0,5601.0,5593.5,5598.0,22209,75446
2024-09-09 15:00:00,5598.5,5599.5,5594.5,5599.0,4832,17909
2024-09-10 06:00:00,5588.5,5618.5,5581.0,5614.5,250504,766885
2024-09-10 07:00:00,5614.5,5630.0,5607.5,5629.0,147481,492443
2024-09-10 08:00:00,5629.0,5647.0,5623.5,5640.5,144435,540665
2024-09-10 09:00:00,5640.5,5662.5,5637.0,5661.0,96544,350643
2024-09-10 10:00:00,5660.5,5664.5,5648.0,5658.0,68079,237856
2024-09-10 11:00:00,5658.0,5673.5,5657.0,5669.0,64204,234089
2024-09-10 12:00:00,5669.5,5684.0,5662.5,5666.0,77115,298592
2024-09-10 13:00:00,5666.5,5673.0,5660.5,5665.5,40797,152473
2024-09-10 14:00:00,5665.5,5675.0,5665.0,5672.0,23893,89567
2024-09-10 15:00:00,5672.0,5682.0,5671.5,5676.5,8832,37354
2024-09-11 06:00:00,5647.0,5666.5,5633.5,5638.5,275355,815812
2024-09-11 07:00:00,5639.0,5654.5,5617.5,5653.0,204867,671128
2024-09-11 08:00:00,5652.5,5685.5,5642.0,5670.0,178960,594045
2024-09-11 09:00:00,5670.0,5673.5,5654.0,5655.5,86593,292369
2024-09-11 10:00:00,5656.0,5666.5,5643.0,5654.0,70986,246435
2024-09-11 11:00:00,5654.0,5665.0,5643.0,5659.5,63511,222586
2024-09-11 12:00:00,5659.5,5664.5,5651.0,5660.0,44229,148717
2024-09-11 13:00:00,5659.5,5666.5,5658.0,5660.5,29077,99000
2024-09-11 14:00:00,5660.0,5675.0,5659.5,5673.5,26084,86774
2024-09-11 15:00:00,5674.0,5681.0,5673.5,5678.0,7417,27826
2024-09-12 06:00:00,5659.5,5669.0,5644.5,5654.5,189627,570810
2024-09-12 07:00:00,5654.5,5677.0,5650.0,5669.5,160768,508004
2024-09-12 08:00:00,5669.0,5688.0,5655.5,5681.5,140313,458592
2024-09-12 09:00:00,5681.5,5681.5,5660.5,5662.5,77482,284210
2024-09-12 10:00:00,5662.5,5663.5,5646.5,5650.0,72645,252610
2024-09-12 11:00:00,5650.0,5656.5,5645.5,5648.5,52791,185953
2024-09-12 12:00:00,5648.0,5651.5,5634.5,5635.5,64513,215915
2024-09-12 13:00:00,5635.5,5636.5,5625.5,5629.0,43276,157087
2024-09-12 14:00:00,5629.0,5643.5,5629.0,5639.5,33755,118582
2024-09-12 15:00:00,5639.5,5642.5,5635.5,5635.5,4980,20841
2024-09-13 06:00:00,5620.0,5629.5,5601.0,5610.5,199764,591074
2024-09-13 07:00:00,5610.0,5622.0,5575.0,5584.0,194688,663409
2024-09-13 08:00:00,5584.5,5592.0,5554.0,5559.0,145669,551837
2024-09-13 09:00:00,5559.5,5571.5,5558.0,5562.5,60424,229700
2024-09-13 10:00:00,5562.5,5569.0,5555.0,5558.0,51446,193767
2024-09-13 11:00:00,5558.5,5565.0,5556.0,5563.0,34847,132607
2024-09-13 12:00:00,5563.5,5582.0,5563.0,5576.5,68882,266209
2024-09-13 13:00:00,5576.5,5579.0,5571.5,5577.0,27002,89344
2024-09-13 14:00:00,5577.0,5583.0,5574.0,5575.5,21276,74391
2024-09-13 15:00:00,5575.0,5575.5,5571.5,5574.5,4877,19933
2024-09-16 06:00:00,5572.5,5590.0,5558.0,5571.5,208402,656441
2024-09-16 07:00:00,5571.5,5572.0,5506.0,5520.5,238932,860726
2024-09-16 08:00:00,5520.5,5531.5,5513.0,5518.0,109433,405750
2024-09-16 09:00:00,5518.0,5527.5,5509.0,5520.5,75554,262101
2024-09-16 10:00:00,5520.5,5527.5,5518.5,5527.0,29523,100153
2024-09-16 11:00:00,5527.0,5530.5,5516.0,5518.0,46474,158487
2024-09-16 12:00:00,5518.0,5530.0,5514.5,5521.5,43568,163236
2024-09-16 13:00:00,5521.5,5526.0,5517.0,5519.0,32081,117681
2024-09-16 14:00:00,5519.5,5521.0,5515.0,5519.5,18994,66221
2024-09-16 15:00:00,5519.5,5521.0,5512.0,5513.0,5680,26609
2024-09-17 06:00:00,5519.0,5522.5,5494.0,5511.0,221815,712714
2024-09-17 07:00:00,5511.0,5517.5,5497.5,5502.5,144599,504797
2024-09-17 08:00:00,5502.0,5523.5,5500.0,5512.0,107998,392800
2024-09-17 09:00:00,5511.5,5515.0,5505.5,5510.0,53003,185985
2024-09-17 10:00:00,5509.5,5513.5,5493.0,5507.0,65326,248370
2024-09-17 11:00:00,5506.5,5514.0,5495.0,5495.5,53522,206078
2024-09-17 12:00:00,5495.5,5509.5,5486.0,5488.0,88188,340476
2024-09-17 13:00:00,5488.0,5497.0,5487.0,5494.0,34098,126158
2024-09-17 14:00:00,5494.0,5496.5,5489.5,5490.5,18030,66311
2024-09-17 15:00:00,5490.5,5491.0,5486.0,5488.0,7102,31086
2024-09-18 06:00:00,5483.0,5503.0,5475.5,5490.5,195200,581484
2024-09-18 07:00:00,5491.0,5498.5,5468.5,5475.0,153606,512472
2024-09-18 08:00:00,5475.5,5483.5,5464.5,5474.0,94312,340091
2024-09-18 09:00:00,5474.0,5492.5,5471.5,5488.0,65302,250082
2024-09-18 10:00:00,5488.0,5494.0,5481.0,5490.5,47160,165891
2024-09-18 11:00:00,5490.5,5492.0,5477.0,5484.5,55724,197502
2024-09-18 12:00:00,5485.0,5485.5,5417.0,5448.0,240546,877117
2024-09-18 13:00:00,5448.0,5473.0,5444.0,5466.0,144658,463650
2024-09-18 14:00:00,5466.0,5470.0,5450.5,5467.5,38599,126270
2024-09-18 15:00:00,5467.5,5472.0,5463.5,5467.5,7062,30982
2024-09-19 06:00:00,5408.0,5447.5,5401.5,5446.0,247159,769066
2024-09-19 07:00:00,5445.5,5446.5,5418.5,5430.0,170265,582957
2024-09-19 08:00:00,5430.0,5441.0,5413.0,5429.5,132381,506352
2024-09-19 09:00:00,5429.0,5432.5,5410.0,5411.5,81426,289792
2024-09-19 10:00:00,5411.5,5428.5,5410.5,5424.0,48656,176304
2024-09-19 11:00:00,5424.0,5435.0,5416.5,5431.0,51947,218664
2024-09-19 12:00:00,5431.5,5439.0,5429.5,5432.5,45637,180437
2024-09-19 13:00:00,5432.0,5437.0,5428.5,5429.5,24579,105619
2024-09-19 14:00:00,5429.0,5438.0,5427.5,5432.0,21240,79004
2024-09-19 15:00:00,5432.0,5433.0,5428.0,5428.0,4056,19193
2024-09-20 06:00:00,5439.5,5450.0,5423.0,5449.0,214800,678660
2024-09-20 07:00:00,5448.5,5495.0,5447.0,5484.0,219723,827496
2024-09-20 08:00:00,5484.0,5500.0,5477.5,5498.5,110805,412930
2024-09-20 09:00:00,5499.0,5504.0,5485.5,5494.5,84698,317722
2024-09-20 10:00:00,5494.5,5517.5,5491.5,5514.5,82651,314076
2024-09-20 11:00:00,5514.5,5522.5,5505.5,5514.0,64047,255743
2024-09-20 12:00:00,5514.0,5528.0,5512.0,5520.0,49473,192941
2024-09-20 13:00:00,5519.5,5529.0,5519.5,5524.5,37912,148185
2024-09-20 14:00:00,5525.0,5528.5,5514.0,5515.5,27239,94342
2024-09-20 15:00:00,5515.0,5524.0,5514.0,5519.0,7752,32447
2024-09-23 06:00:00,5573.0,5603.5,5560.0,5565.5,271094,870470
2024-09-23 07:00:00,5566.0,5567.5,5544.0,5559.5,163705,553577
2024-09-23 08:00:00,5560.0,5562.5,5536.0,5537.0,111069,390144
2024-09-23 09:00:00,5537.0,5544.5,5533.0,5539.0,58408,211598
2024-09-23 10:00:00,5539.0,5555.5,5539.0,5545.0,60417,211162
2024-09-23 11:00:00,5545.0,5546.5,5530.0,5535.5,52163,181605
2024-09-23 12:00:00,5535.0,5542.0,5533.0,5535.5,41290,160247
2024-09-23 13:00:00,5536.0,5541.0,5532.5,5537.5,27334,96448
2024-09-23 14:00:00,5538.0,5545.5,5534.5,5541.0,26376,98898
2024-09-23 15:00:00,5540.5,5546.5,5538.0,5541.0,5748,21409
2024-09-24 06:00:00,5522.0,5530.0,5473.5,5482.0,244376,807276
2024-09-24 07:00:00,5481.5,5484.5,5452.5,5465.5,166908,620157
2024-09-24 08:00:00,5465.5,5469.0,5448.0,5467.5,133348,509599
2024-09-24 09:00:00,5467.5,5474.0,5457.0,5468.0,67490,260480
2024-09-24 10:00:00,5468.0,5470.0,5454.5,5456.5,49656,195277
2024-09-24 11:00:00,5456.5,5467.5,5454.0,5462.0,41661,160311
2024-09-24 12:00:00,5462.0,5462.5,5454.0,5455.0,37775,138269
2024-09-24 13:00:00,5455.0,5465.0,5454.0,5462.5,27552,105104
2024-09-24 14:00:00,5462.0,5469.5,5453.5,5457.0,33252,132912
2024-09-24 15:00:00,5456.5,5458.0,5450.5,5453.0,6183,24262
2024-09-25 06:00:00,5455.5,5479.5,5441.0,5472.0,221063,697334
2024-09-25 07:00:00,5472.0,5476.5,5464.0,5468.5,112986,387913
2024-09-25 08:00:00,5468.5,5495.0,5468.0,5491.5,113645,452521
2024-09-25 09:00:00,5491.5,5497.5,5479.5,5482.5,77973,289226
2024-09-25 10:00:00,5482.5,5485.5,5474.0,5481.0,43132,161231
2024-09-25 11:00:00,5481.0,5493.5,5469.5,5473.0,63899,263188
2024-09-25 12:00:00,5473.0,5481.5,5469.0,5479.0,42304,160921
2024-09-25 13:00:00,5479.0,5480.5,5475.0,5477.5,20001,82317
2024-09-25 14:00:00,5477.0,5484.0,5474.5,5476.0,21883,88101
2024-09-25 15:00:00,5476.0,5479.0,5473.0,5475.0,5701,26163
2024-09-26 06:00:00,5445.0,5446.0,5406.5,5440.5,237823,792450
2024-09-26 07:00:00,5441.0,5448.5,5430.0,5448.5,133419,494090
2024-09-26 08:00:00,5448.5,5451.0,5435.5,5441.5,106723,406924
2024-09-26 09:00:00,5441.0,5446.5,5424.5,5436.0,74094,300839
2024-09-26 10:00:00,5436.0,5445.5,5434.0,5442.0,53965,212078
2024-09-26 11:00:00,5442.5,5456.0,5438.5,5442.0,61208,226500
2024-09-26 12:00:00,5442.0,5446.0,5438.5,5442.5,39112,126185
2024-09-26 13:00:00,5442.5,5451.5,5438.5,5447.0,36607,149699
2024-09-26 14:00:00,5447.0,5449.0,5438.0,5440.5,21656,91895
2024-09-26 15:00:00,5440.0,5442.0,5437.0,5438.0,4723,22469
2024-09-27 06:00:00,5430.0,5459.0,5426.5,5455.5,200404,603729
2024-09-27 07:00:00,5455.5,5457.0,5437.0,5446.5,124091,403124
2024-09-27 08:00:00,5446.5,5450.0,5430.5,5437.0,106308,377594
2024-09-27 09:00:00,5437.5,5440.0,5430.0,5433.5,51028,188775
2024-09-27 10:00:00,5433.5,5447.5,5430.5,5432.0,55824,214137
2024-09-27 11:00:00,5432.0,5444.0,5430.5,5434.5,53274,196596
2024-09-27 12:00:00,5434.0,5438.5,5430.5,5435.0,33943,143625
2024-09-27 13:00:00,5435.5,5440.0,5435.0,5437.0,22153,99635
2024-09-27 14:00:00,5436.5,5438.0,5428.0,5428.0,15269,42419
2024-09-30 06:00:00,5449.5,5454.0,5422.0,5443.0,158388,514022
2024-09-30 07:00:00,5443.5,5493.5,5443.0,5489.0,141176,558525
2024-09-30 08:00:00,5489.0,5492.0,5458.0,5465.5,87343,347699
2024-09-30 09:00:00,5466.0,5476.0,5458.0,5471.0,50140,210756
2024-09-30 10:00:00,5471.0,5472.0,5461.0,5461.0,33434,127946
2024-09-30 11:00:00,5461.0,5475.0,5461.0,5469.5,31024,117520
2024-09-30 12:00:00,5469.5,5486.5,5466.5,5468.0,65901,261423
2024-09-30 13:00:00,5468.0,5477.5,5466.5,5468.5,31082,135442
2024-09-30 14:00:00,5468.5,5472.0,5463.0,5469.0,23464,90307
2024-09-30 15:00:00,5468.5,5474.0,5466.5,5471.0,4543,21431
2024-10-01 06:00:00,5497.0,5497.5,5448.5,5454.0,203342,713310
2024-10-01 07:00:00,5454.5,5494.5,5449.0,5487.5,189430,704624
2024-10-01 08:00:00,5488.0,5497.0,5476.0,5483.0,151571,556252
2024-10-01 09:00:00,5483.0,5489.0,5463.5,5465.5,71656,295246
2024-10-01 10:00:00,5465.5,5484.0,5461.0,5475.0,75656,305619
2024-10-01 11:00:00,5475.0,5497.5,5474.5,5485.0,97913,394073
2024-10-01 12:00:00,5485.0,5485.0,5474.0,5480.0,44977,169145
2024-10-01 13:00:00,5480.0,5484.5,5475.5,5482.0,31779,114280
2024-10-01 14:00:00,5482.5,5487.5,5452.5,5456.5,52582,225303
2024-10-01 15:00:00,5456.5,5458.5,5440.0,5443.5,12854,60940
2024-10-02 06:00:00,5435.0,5447.5,5422.5,5433.0,213672,669044
2024-10-02 07:00:00,5433.0,5457.0,5432.0,5452.0,146513,487676
2024-10-02 08:00:00,5452.0,5455.0,5436.0,5453.5,95210,323211
2024-10-02 09:00:00,5453.5,5465.0,5450.0,5454.0,74132,289590
2024-10-02 10:00:00,5454.5,5464.5,5451.0,5460.5,36746,137035
2024-10-02 11:00:00,5460.5,5469.0,5457.0,5461.5,42782,170667
2024-10-02 12:00:00,5462.0,5466.5,5458.5,5463.5,39866,149432
2024-10-02 13:00:00,5463.5,5466.0,5460.5,5462.5,17709,65578
2024-10-02 14:00:00,5462.5,5463.5,5451.5,5459.5,22661,82121
2024-10-02 15:00:00,5459.5,5462.0,5457.0,5459.0,5190,24834
2024-10-03 06:00:00,5472.5,5502.5,5468.0,5491.5,184492,597786
2024-10-03 07:00:00,5492.0,5509.5,5485.5,5501.5,123696,401860
2024-10-03 08:00:00,5501.0,5530.0,5499.5,5513.5,149203,561882
2024-10-03 09:00:00,5513.5,5515.5,5503.5,5510.5,53526,202411
2024-10-03 10:00:00,5511.0,5513.0,5498.0,5498.0,41003,159009
2024-10-03 11:00:00,5498.0,5510.0,5497.0,5503.0,35742,144408
2024-10-03 12:00:00,5503.5,5504.0,5482.0,5486.5,56124,241311
2024-10-03 13:00:00,5486.5,5494.0,5485.5,5492.0,32505,137544
2024-10-03 14:00:00,5492.5,5499.0,5491.0,5496.0,22497,83688
2024-10-03 15:00:00,5496.5,5498.0,5493.0,5495.0,5474,22385
2024-10-04 06:00:00,5490.0,5538.0,5479.5,5530.0,233223,750671
2024-10-04 07:00:00,5530.0,5530.5,5486.0,5492.5,193588,656713
2024-10-04 08:00:00,5492.0,5498.5,5472.5,5473.0,120358,450323
2024-10-04 09:00:00,5473.5,5488.0,5470.0,5477.5,65225,250829
2024-10-04 10:00:00,5477.0,5481.0,5470.5,5480.0,38365,147817
2024-10-04 11:00:00,5480.5,5485.5,5475.0,5485.0,37165,155757
2024-10-04 12:00:00,5485.0,5486.0,5475.5,5480.0,30952,127221
2024-10-04 13:00:00,5480.5,5482.0,5472.5,5473.5,28151,103364
2024-10-04 14:00:00,5473.0,5478.5,5471.5,5473.5,15252,58992
2024-10-04 15:00:00,5473.5,5475.0,5465.0,5465.0,4910,25862
2024-10-07 06:00:00,5486.0,5488.0,5437.0,5454.5,190719,598134
2024-10-07 07:00:00,5454.5,5482.0,5450.0,5472.5,160859,567357
2024-10-07 08:00:00,5472.5,5495.0,5464.5,5493.5,100097,370349
2024-10-07 09:00:00,5493.0,5509.5,5491.0,5502.5,78935,312444
2024-10-07 10:00:00,5502.5,5505.5,5493.0,5494.5,36566,138452
2024-10-07 11:00:00,5494.5,5500.5,5493.0,5495.0,36079,157116
2024-10-07 12:00:00,5494.5,5509.0,5494.0,5506.5,53491,211921
2024-10-07 13:00:00,5506.5,5509.0,5499.5,5502.0,32196,128494
2024-10-07 14:00:00,5502.0,5507.0,5501.5,5507.0,17296,64548
2024-10-07 15:00:00,5506.5,5515.0,5506.0,5514.0,8871,35631
2024-10-08 06:00:00,5521.0,5538.0,5515.0,5519.0,226511,701315
2024-10-08 07:00:00,5519.5,5532.5,5511.5,5527.0,162285,557372
2024-10-08 08:00:00,5527.0,5549.5,5523.0,5542.0,123182,469877
2024-10-08 09:00:00,5541.5,5548.0,5541.0,5545.5,47081,188928
2024-10-08 10:00:00,5546.0,5547.0,5532.0,5541.0,53354,200055
2024-10-08 11:00:00,5541.5,5552.5,5535.5,5544.5,61984,224043
2024-10-08 12:00:00,5545.0,5546.5,5538.5,5544.0,32925,127684
2024-10-08 13:00:00,5544.0,5549.0,5543.0,5547.0,24928,99731
2024-10-08 14:00:00,5547.5,5554.5,5545.5,5551.0,23308,93580
2024-10-08 15:00:00,5550.5,5557.0,5550.0,5551.0,7078,35742
2024-10-09 06:00:00,5548.0,5581.5,5545.0,5576.0,202366,632936
2024-10-09 07:00:00,5576.5,5599.0,5573.5,5588.5,139697,503328
2024-10-09 08:00:00,5588.5,5604.5,5583.5,5594.5,101355,384447
2024-10-09 09:00:00,5595.0,5598.5,5585.0,5596.5,54537,208758
2024-10-09 10:00:00,5597.0,5608.5,5592.0,5603.5,55140,236429
2024-10-09 11:00:00,5603.0,5607.0,5601.5,5604.0,32504,140927
2024-10-09 12:00:00,5604.0,5613.5,5602.0,5607.0,54897,224499
2024-10-09 13:00:00,5607.0,5607.0,5595.0,5601.0,36529,147846
2024-10-09 14:00:00,5601.0,5609.5,5600.0,5608.5,24771,105460
2024-10-09 15:00:00,5609.0,5615.0,5607.0,5610.0,8896,33018
2024-10-10 06:00:00,5595.0,5618.5,5585.0,5597.5,292276,848687
2024-10-10 07:00:00,5597.0,5610.5,5580.0,5608.5,169773,585579
2024-10-10 08:00:00,5609.0,5609.0,5582.5,5594.0,116935,423821
2024-10-10 09:00:00,5594.5,5600.5,5591.0,5597.0,45202,182270
2024-10-10 10:00:00,5596.5,5606.5,5592.0,5602.5,55240,215315
2024-10-10 11:00:00,5602.0,5612.5,5593.5,5593.5,59740,218451
2024-10-10 12:00:00,5594.0,5601.0,5589.5,5597.0,37749,149306
2024-10-10 13:00:00,5597.0,5599.5,5594.5,5598.5,23802,95954
2024-10-10 14:00:00,5598.0,5604.0,5595.0,5597.0,22307,83138
2024-10-10 15:00:00,5597.0,5599.0,5595.5,5598.0,4694,15297
2024-10-11 06:00:00,5587.5,5612.5,5570.5,5608.0,218746,671943
2024-10-11 07:00:00,5608.0,5666.5,5604.5,5658.0,211149,838760
2024-10-11 08:00:00,5658.0,5659.0,5638.0,5650.5,135069,529387
2024-10-11 09:00:00,5650.5,5653.0,5639.0,5647.0,59410,247648
2024-10-11 10:00:00,5647.5,5658.0,5642.5,5648.5,45634,193126
2024-10-11 11:00:00,5648.5,5649.0,5634.0,5639.0,45325,188990
2024-10-11 12:00:00,5639.5,5649.0,5636.5,5640.0,41730,180924
2024-10-11 13:00:00,5640.0,5641.5,5625.5,5626.0,40666,188022
2024-10-11 14:00:00,5626.0,5629.0,5617.5,5624.5,29102,125220
2024-10-11 15:00:00,5624.5,5625.5,5614.5,5616.0,7656,30947
2024-10-14 06:00:00,5627.0,5664.5,5626.0,5647.0,181624,587060
2024-10-14 07:00:00,5647.0,5649.0,5603.5,5615.5,186426,620131
2024-10-14 08:00:00,5615.5,5627.5,5610.5,5613.5,105582,370133
2024-10-14 09:00:00,5613.5,5621.5,5593.5,5596.5,82684,331764
2024-10-14 10:00:00,5597.0,5597.5,5582.5,5590.5,63262,238635
2024-10-14 11:00:00,5591.0,5596.0,5575.5,5588.0,60280,231795
2024-10-14 12:00:00,5587.5,5594.5,5581.0,5590.0,45680,184747
2024-10-14 13:00:00,5589.5,5598.0,5589.5,5593.5,36014,134175
2024-10-14 14:00:00,5593.5,5609.0,5592.5,5607.0,36195,134042
2024-10-14 15:00:00,5606.5,5610.0,5595.0,5597.5,5375,23597
2024-10-15 06:00:00,5602.5,5635.5,5591.5,5631.5,242719,764103
2024-10-15 07:00:00,5632.0,5657.0,5625.5,5648.0,176276,632950
2024-10-15 08:00:00,5648.0,5667.5,5648.0,5653.5,118729,443211
2024-10-15 09:00:00,5654.0,5658.0,5645.5,5656.0,64705,252440
2024-10-15 10:00:00,5656.0,5676.0,5656.0,5670.0,76082,310495
2024-10-15 11:00:00,5670.0,5675.0,5661.5,5664.0,53892,216924
2024-10-15 12:00:00,5663.5,5673.5,5663.0,5666.0,43885,168282
2024-10-15 13:00:00,5665.5,5673.0,5661.5,5669.5,38893,158557
2024-10-15 14:00:00,5669.0,5670.0,5652.5,5662.5,53553,211465
2024-10-15 15:00:00,5663.0,5669.0,5661.5,5666.0,7604,33675
2024-10-16 06:00:00,5665.0,5710.0,5640.5,5700.5,301502,1003764
2024-10-16 07:00:00,5700.5,5707.5,5690.0,5699.0,155735,541119
2024-10-16 08:00:00,5699.0,5699.0,5669.5,5671.0,139773,502259
2024-10-16 09:00:00,5670.5,5676.5,5662.0,5668.5,81365,305650
2024-10-16 10:00:00,5669.0,5677.0,5662.5,5672.0,45627,162965
2024-10-16 11:00:00,5672.0,5675.5,5653.5,5660.0,51879,204555
2024-10-16 12:00:00,5660.5,5682.5,5659.0,5673.0,59524,244862
2024-10-16 13:00:00,5673.5,5678.0,5669.5,5672.5,25290,104208
2024-10-16 14:00:00,5673.0,5680.5,5668.5,5675.0,25409,96221
2024-10-16 15:00:00,5674.5,5679.0,5672.0,5679.0,5198,20124
2024-10-17 06:00:00,5690.5,5698.5,5681.0,5688.0,227240,697794
2024-10-17 07:00:00,5688.0,5698.0,5671.0,5680.0,174650,567398
2024-10-17 08:00:00,5680.0,5692.0,5672.0,5685.5,101547,366765
2024-10-17 09:00:00,5685.5,5693.5,5674.5,5686.5,58034,219857
2024-10-17 10:00:00,5686.0,5692.0,5682.5,5685.5,29932,117461
2024-10-17 11:00:00,5685.0,5688.0,5680.5,5682.5,26962,109925
2024-10-17 12:00:00,5682.5,5682.5,5672.0,5680.0,44636,190991
2024-10-17 13:00:00,5680.0,5682.0,5667.0,5669.0,35166,148542
2024-10-17 14:00:00,5668.5,5670.5,5661.0,5664.5,27111,111555
2024-10-17 15:00:00,5664.0,5665.0,5660.5,5660.5,5391,23904
2024-10-18 06:00:00,5644.5,5667.5,5637.5,5661.0,195678,604570
2024-10-18 07:00:00,5661.0,5680.5,5656.0,5680.0,152344,511333
2024-10-18 08:00:00,5679.5,5687.5,5668.0,5678.5,105933,380465
2024-10-18 09:00:00,5679.0,5696.0,5676.0,5687.0,70703,273814
2024-10-18 10:00:00,5687.5,5692.0,5684.0,5688.0,31480,119066
2024-10-18 11:00:00,5688.5,5701.5,5683.5,5699.0,44605,198101
2024-10-18 12:00:00,5699.5,5702.5,5694.5,5698.5,32129,134547
2024-10-18 13:00:00,5698.0,5711.5,5696.5,5708.0,59005,247263
2024-10-18 14:00:00,5708.0,5708.5,5698.0,5701.0,32077,129639
2024-10-18 15:00:00,5701.5,5709.0,5700.0,5708.5,7244,33359
2024-10-21 06:00:00,5711.0,5742.5,5705.0,5727.0,230820,743430
2024-10-21 07:00:00,5726.5,5741.5,5717.5,5718.5,172949,559820
2024-10-21 08:00:00,5718.5,5721.5,5703.0,5709.5,143690,489794
2024-10-21 09:00:00,5709.5,5714.0,5699.0,5710.0,62031,234409
2024-10-21 10:00:00,5710.0,5719.0,5708.0,5710.5,57115,235440
2024-10-21 11:00:00,5710.0,5711.5,5704.0,5707.0,30420,117202
2024-10-21 12:00:00,5707.0,5714.5,5705.5,5711.0,35032,130585
2024-10-21 13:00:00,5711.0,5711.5,5693.5,5700.0,33660,144724
2024-10-21 14:00:00,5699.5,5706.0,5693.5,5701.0,25293,100671
2024-10-21 15:00:00,5701.5,5703.0,5695.0,5696.5,5939,25003
2024-10-22 06:00:00,5691.5,5719.0,5690.5,5714.5,176215,521320
2024-10-22 07:00:00,5714.0,5723.5,5680.0,5701.5,216753,734253
2024-10-22 08:00:00,5702.0,5711.5,5691.5,5699.5,109547,383234
2024-10-22 09:00:00,5699.5,5709.5,5694.5,5698.0,65791,238064
2024-10-22 10:00:00,5698.0,5700.5,5687.5,5693.5,45875,172643
2024-10-22 11:00:00,5693.0,5710.5,5690.5,5709.5,43639,178785
2024-10-22 12:00:00,5709.5,5721.0,5707.5,5710.5,71526,279018
2024-10-22 13:00:00,5710.5,5711.5,5701.5,5701.5,27289,112980
2024-10-22 14:00:00,5702.0,5703.5,5693.5,5695.0,27466,110546
2024-10-22 15:00:00,5695.0,5700.0,5695.0,5698.5,4675,19094
2024-10-23 06:00:00,5722.0,5734.5,5716.0,5726.0,188663,562579
2024-10-23 07:00:00,5726.5,5726.5,5709.0,5725.0,152755,520096
2024-10-23 08:00:00,5724.5,5736.5,5721.0,5730.5,111614,414350
2024-10-23 09:00:00,5731.0,5732.0,5708.0,5709.0,91531,384412
2024-10-23 10:00:00,5709.0,5717.5,5703.5,5717.0,55776,208391
2024-10-23 11:00:00,5717.0,5719.0,5707.5,5711.0,54038,219188
2024-10-23 12:00:00,5711.0,5714.0,5690.0,5697.5,74551,298403
2024-10-23 13:00:00,5697.5,5698.0,5689.0,5697.0,37657,144905
2024-10-23 14:00:00,5697.0,5701.5,5690.5,5693.0,24658,103240
2024-10-23 15:00:00,5693.0,5693.0,5690.0,5691.0,4442,16373
2024-10-24 06:00:00,5688.5,5722.0,5679.0,5708.0,221380,700126
2024-10-24 07:00:00,5708.0,5724.5,5707.0,5713.5,132954,451546
2024-10-24 08:00:00,5713.5,5717.0,5702.5,5708.0,102129,390330
2024-10-24 09:00:00,5707.5,5713.0,5704.0,5712.0,51465,205346
2024-10-24 10:00:00,5712.0,5718.0,5707.0,5715.5,39026,169611
2024-10-24 11:00:00,5716.0,5717.0,5678.0,5697.0,110421,466909
2024-10-24 12:00:00,5697.5,5704.5,5688.5,5694.0,52718,207763
2024-10-24 13:00:00,5694.0,5696.5,5666.0,5668.0,64451,279289
2024-10-24 14:00:00,5667.5,5674.0,5665.0,5669.5,26278,93571
2024-10-24 15:00:00,5669.5,5671.0,5665.5,5671.0,5449,23585
2024-10-25 06:00:00,5675.0,5697.0,5672.5,5693.5,170108,518904
2024-10-25 07:00:00,5693.5,5707.5,5688.5,5699.5,139142,450927
2024-10-25 08:00:00,5699.0,5700.0,5675.5,5697.0,126677,476369
2024-10-25 09:00:00,5697.0,5707.5,5692.5,5706.0,61323,220223
2024-10-25 10:00:00,5705.5,5710.0,5693.5,5704.0,56271,221216
2024-10-25 11:00:00,5703.5,5717.0,5701.0,5712.5,56896,229278
2024-10-25 12:00:00,5712.0,5714.5,5706.5,5709.0,37575,158450
2024-10-25 13:00:00,5709.0,5713.5,5707.5,5709.0,27433,114508
2024-10-25 14:00:00,5708.5,5712.0,5705.0,5711.0,21835,93684
2024-10-25 15:00:00,5711.5,5719.0,5709.5,5714.0,9789,39593
2024-10-28 06:00:00,5705.0,5722.5,5688.0,5689.5,201165,630933
2024-10-28 07:00:00,5689.0,5707.5,5687.5,5697.5,125086,434774
2024-10-28 08:00:00,5698.0,5709.0,5696.0,5704.0,72361,263233
2024-10-28 09:00:00,5704.0,5711.0,5700.0,5708.0,49443,189591
2024-10-28 10:00:00,5708.0,5713.5,5705.5,5707.0,38878,155232
2024-10-28 11:00:00,5706.5,5712.0,5692.0,5697.0,59623,250336
2024-10-28 12:00:00,5697.0,5706.5,5694.0,5704.0,40320,167460
2024-10-28 13:00:00,5703.5,5714.0,5702.5,5709.5,34370,137366
2024-10-28 14:00:00,5710.0,5714.0,5706.5,5711.5,24172,84586
2024-10-28 15:00:00,5711.5,5715.0,5710.0,5714.0,7381,27555
2024-10-29 06:00:00,5710.0,5739.0,5707.0,5719.0,214416,689257
2024-10-29 07:00:00,5719.0,5724.0,5707.5,5714.5,152874,545287
2024-10-29 08:00:00,5714.5,5715.0,5698.0,5707.0,134940,474565
2024-10-29 09:00:00,5707.0,5733.0,5705.5,5726.0,88937,389717
2024-10-29 10:00:00,5726.5,5764.0,5723.5,5751.0,137983,578453
2024-10-29 11:00:00,5751.0,5761.0,5740.5,5755.0,82298,327195
2024-10-29 12:00:00,5755.0,5765.5,5742.0,5760.0,76158,309637
2024-10-29 13:00:00,5760.0,5768.0,5756.0,5762.5,48710,182174
2024-10-29 14:00:00,5763.0,5765.0,5756.0,5762.0,29501,120610
2024-10-29 15:00:00,5762.0,5767.0,5759.0,5764.5,9994,42351
2024-10-30 06:00:00,5762.0,5789.5,5761.0,5782.5,217166,676885
2024-10-30 07:00:00,5782.5,5792.5,5771.0,5776.0,169139,553919
2024-10-30 08:00:00,5775.5,5779.5,5764.0,5770.5,125535,420886
2024-10-30 09:00:00,5770.5,5786.0,5769.5,5778.5,92337,332590
2024-10-30 10:00:00,5778.5,5782.0,5775.5,5778.5,42607,160245
2024-10-30 11:00:00,5778.5,5783.0,5765.0,5770.0,62892,254554
2024-10-30 12:00:00,5769.5,5771.5,5759.0,5760.5,50440,204021
2024-10-30 13:00:00,5760.5,5766.5,5754.0,5763.5,47115,203118
2024-10-30 14:00:00,5763.5,5766.0,5761.5,5763.5,18083,86643
2024-10-30 15:00:00,5763.5,5770.0,5761.5,5767.5,5505,27481
2024-10-31 06:00:00,5783.0,5796.0,5771.0,5785.0,179485,536204
2024-10-31 07:00:00,5785.0,5801.0,5770.0,5797.0,166917,579494
2024-10-31 08:00:00,5797.0,5802.0,5790.5,5798.0,82387,309307
2024-10-31 09:00:00,5797.5,5811.0,5795.0,5807.0,75789,280770
2024-10-31 10:00:00,5807.5,5812.0,5797.0,5798.0,63776,277238
2024-10-31 11:00:00,5798.0,5807.5,5794.0,5799.0,57029,232326
2024-10-31 12:00:00,5799.0,5802.0,5791.5,5796.5,42898,159107
2024-10-31 13:00:00,5796.5,5801.5,5795.0,5800.0,27463,101548
2024-10-31 14:00:00,5799.5,5808.5,5798.5,5807.0,30864,116047
2024-10-31 15:00:00,5807.0,5813.5,5804.5,5811.5,9662,41014
2024-11-01 06:00:00,5805.5,5822.0,5779.5,5786.0,196529,642259
2024-11-01 07:00:00,5785.5,5830.0,5784.5,5817.0,188740,670512
2024-11-01 08:00:00,5816.5,5852.0,5812.0,5842.5,157326,581933
2024-11-01 09:00:00,5842.5,5850.0,5836.5,5847.5,59740,239001
2024-11-01 10:00:00,5847.0,5849.5,5840.0,5847.0,48691,203264
2024-11-01 11:00:00,5847.5,5871.5,5844.0,5867.0,76365,328407
2024-11-01 12:00:00,5867.0,5889.0,5864.0,5888.5,88896,404451
2024-11-01 13:00:00,5888.5,5893.5,5881.0,5887.0,57563,236070
2024-11-01 14:00:00,5887.5,5891.5,5882.5,5886.5,31496,134727
2024-11-01 15:00:00,5886.0,5904.5,5885.5,5895.0,14100,64251
2024-11-04 06:00:00,5852.5,5856.0,5815.0,5818.0,230453,667348
2024-11-04 07:00:00,5818.0,5833.5,5816.0,5819.0,142829,458471
2024-11-04 08:00:00,5819.5,5822.0,5787.0,5795.5,151997,536803
2024-11-04 09:00:00,5795.0,5801.0,5773.5,5783.0,104606,376943
2024-11-04 10:00:00,5783.0,5791.5,5772.0,5787.0,64916,241576
2024-11-04 11:00:00,5787.5,5795.0,5782.5,5789.0,50020,174339
2024-11-04 12:00:00,5789.0,5802.5,5779.0,5785.0,67173,250665
2024-11-04 13:00:00,5785.5,5799.5,5784.0,5799.0,31336,125898
2024-11-04 14:00:00,5799.0,5809.5,5798.0,5799.5,45583,170783
2024-11-04 15:00:00,5799.5,5810.0,5799.0,5809.0,10038,41161
2024-11-05 06:00:00,5800.0,5820.0,5794.5,5800.0,227931,669592
2024-11-05 07:00:00,5800.0,5808.0,5787.5,5798.5,153857,508670
2024-11-05 08:00:00,5799.0,5818.0,5792.0,5797.0,136519,510657
2024-11-05 09:00:00,5797.0,5809.5,5795.0,5807.0,80120,305986
2024-11-05 10:00:00,5806.5,5812.5,5786.0,5787.0,67574,270705
2024-11-05 11:00:00,5787.0,5790.5,5760.5,5767.5,100692,375867
2024-11-05 12:00:00,5767.5,5770.0,5754.5,5767.5,53856,202982
2024-11-05 13:00:00,5767.5,5770.0,5753.5,5761.0,38456,144594
2024-11-05 14:00:00,5760.5,5763.0,5755.5,5759.0,23524,89755
2024-11-05 15:00:00,5759.0,5767.0,5758.5,5765.5,9382,43505
2024-11-06 06:00:00,5868.0,5875.0,5815.5,5821.5,326266,930840
2024-11-06 07:00:00,5821.5,5825.5,5785.0,5788.0,216098,735656
2024-11-06 08:00:00,5787.5,5807.0,5773.0,5787.0,176469,624286
2024-11-06 09:00:00,5787.0,5788.0,5728.5,5729.0,176952,646670
2024-11-06 10:00:00,5729.5,5736.0,5708.5,5717.5,118649,465784
2024-11-06 11:00:00,5717.5,5726.5,5703.5,5705.5,78906,328253
2024-11-06 12:00:00,5705.5,5707.0,5677.0,5698.5,119669,486478
2024-11-06 13:00:00,5698.5,5702.5,5687.5,5689.5,58138,205677
2024-11-06 14:00:00,5690.0,5691.0,5681.0,5689.5,32389,118664
2024-11-06 15:00:00,5689.5,5729.5,5684.0,5727.0,23483,114727
2024-11-07 06:00:00,5707.0,5722.5,5680.0,5707.0,279131,840476
2024-11-07 07:00:00,5707.5,5713.5,5646.5,5657.0,265412,897035
2024-11-07 08:00:00,5657.0,5678.0,5645.0,5671.0,148068,516673
2024-11-07 09:00:00,5671.0,5693.5,5658.5,5688.5,95685,365801
2024-11-07 10:00:00,5689.0,5726.0,5687.5,5715.0,127734,459370
2024-11-07 11:00:00,5715.5,5735.5,5695.0,5724.0,139584,540948
2024-11-07 12:00:00,5724.0,5730.5,5688.0,5691.5,80148,299073
2024-11-07 13:00:00,5691.5,5706.5,5679.5,5687.5,108232,359217
2024-11-07 14:00:00,5687.0,5709.0,5675.0,5704.5,56463,180460
2024-11-07 15:00:00,5704.0,5714.0,5698.0,5707.0,14306,45676
2024-11-08 06:00:00,5743.5,5764.0,5736.5,5757.5,205188,580797
2024-11-08 07:00:00,5757.5,5779.0,5757.0,5768.0,158277,507398
2024-11-08 08:00:00,5767.5,5786.0,5757.0,5780.5,119201,398036
2024-11-08 09:00:00,5781.0,5796.5,5775.0,5793.5,85484,314226
2024-11-08 10:00:00,5793.5,5800.0,5784.5,5800.0,70995,259000
2024-11-08 11:00:00,5799.5,5801.5,5778.0,5780.5,81751,324755
2024-11-08 12:00:00,5780.5,5785.5,5767.0,5772.5,75819,279415
2024-11-08 13:00:00,5772.0,5775.0,5743.5,5746.5,62460,229662
2024-11-08 14:00:00,5746.5,5750.5,5732.5,5744.5,59860,204654
2024-11-08 15:00:00,5744.5,5759.5,5743.5,5757.0,10801,43965
2024-11-11 06:00:00,5787.0,5823.0,5781.0,5816.5,186094,588320
2024-11-11 07:00:00,5816.5,5827.0,5803.0,5809.5,148919,473772
2024-11-11 08:00:00,5809.5,5815.5,5790.0,5811.5,130554,416870
2024-11-11 09:00:00,5811.5,5815.0,5792.5,5797.0,77693,259671
2024-11-11 10:00:00,5797.0,5800.0,5780.5,5784.5,50189,182090
2024-11-11 11:00:00,5784.0,5785.0,5774.5,5778.0,49712,187426
2024-11-11 12:00:00,5778.0,5785.0,5772.5,5778.0,48863,180446
2024-11-11 13:00:00,5777.5,5785.0,5777.5,5780.0,33816,130365
2024-11-11 14:00:00,5780.0,5780.0,5759.0,5767.0,49440,184752
2024-11-11 15:00:00,5767.0,5776.0,5764.0,5772.0,12038,47872
2024-11-12 06:00:00,5795.0,5804.0,5764.5,5773.0,197419,613257
2024-11-12 07:00:00,5773.5,5793.0,5761.5,5791.0,162166,540373
2024-11-12 08:00:00,5791.0,5798.0,5770.5,5772.5,146235,541568
2024-11-12 09:00:00,5772.5,5794.5,5766.5,5790.0,108980,410976
2024-11-12 10:00:00,5790.0,5790.5,5775.5,5786.5,71538,253756
2024-11-12 11:00:00,5787.0,5807.0,5786.0,5800.0,87689,318748
2024-11-12 12:00:00,5800.0,5801.0,5769.0,5775.0,84582,342991
2024-11-12 13:00:00,5775.0,5782.5,5773.0,5781.0,37448,149817
2024-11-12 14:00:00,5781.0,5781.5,5763.0,5765.0,29759,122544
2024-11-12 15:00:00,5764.5,5765.0,5749.0,5758.0,13631,67466
2024-11-13 06:00:00,5740.0,5768.5,5735.5,5754.5,176895,513145
2024-11-13 07:00:00,5754.5,5765.5,5733.5,5754.0,200887,685895
2024-11-13 08:00:00,5753.5,5800.5,5753.0,5795.5,165639,564013
2024-11-13 09:00:00,5795.5,5821.5,5791.0,5812.5,121381,449941
2024-11-13 10:00:00,5812.5,5826.0,5809.5,5823.5,76612,276867
2024-11-13 11:00:00,5823.5,5824.5,5812.0,5820.0,59963,227624
2024-11-13 12:00:00,5820.5,5829.0,5815.0,5824.0,48464,196270
2024-11-13 13:00:00,5823.5,5825.5,5800.5,5803.0,78083,303648
2024-11-13 14:00:00,5803.0,5811.0,5799.0,5807.5,42026,149824
2024-11-13 15:00:00,5807.5,5820.0,5807.0,5817.5,16142,62799
2024-11-14 06:00:00,5815.0,5839.0,5804.5,5822.0,232137,661469
2024-11-14 07:00:00,5822.0,5828.0,5787.5,5792.0,189950,645611
2024-11-14 08:00:00,5792.0,5802.5,5784.5,5799.0,110002,395527
2024-11-14 09:00:00,5799.0,5799.0,5772.0,5791.0,100552,360058
2024-11-14 10:00:00,5791.0,5793.0,5780.5,5787.0,54429,207314
2024-11-14 11:00:00,5786.5,5804.0,5779.5,5786.5,69071,268092
2024-11-14 12:00:00,5786.5,5796.5,5783.5,5790.5,51900,191073
2024-11-14 13:00:00,5790.5,5800.0,5782.5,5797.0,40776,150493
2024-11-14 14:00:00,5797.5,5816.5,5794.5,5804.5,69459,249743
2024-11-14 15:00:00,5804.5,5809.5,5788.5,5789.5,11432,46884
2024-11-18 06:00:00,5785.0,5808.5,5776.0,5797.0,167400,503320
2024-11-18 07:00:00,5797.0,5804.0,5771.5,5776.5,144816,486835
2024-11-18 08:00:00,5776.0,5778.5,5748.5,5751.5,117785,418559
2024-11-18 09:00:00,5751.5,5761.0,5744.5,5748.5,73195,250457
2024-11-18 10:00:00,5748.0,5764.5,5748.0,5754.5,60656,223435
2024-11-18 11:00:00,5754.0,5770.0,5750.0,5752.5,63914,243979
2024-11-18 12:00:00,5753.0,5755.5,5744.0,5749.0,50728,181560
2024-11-18 13:00:00,5748.5,5757.5,5745.0,5755.5,31501,112789
2024-11-18 14:00:00,5755.5,5765.5,5750.5,5759.0,29809,100757
2024-11-18 15:00:00,5759.5,5760.0,5753.0,5754.5,9069,44798
2024-11-19 06:00:00,5770.0,5781.5,5754.0,5780.5,197750,605605
2024-11-19 07:00:00,5780.5,5804.0,5772.5,5776.5,171172,651520
2024-11-19 08:00:00,5776.0,5785.0,5760.0,5783.5,135173,505296
2024-11-19 09:00:00,5783.5,5795.0,5776.0,5781.0,74185,269501
2024-11-19 10:00:00,5781.0,5785.0,5764.5,5766.0,51121,190530
2024-11-19 11:00:00,5766.0,5783.0,5764.0,5782.0,47184,182816
2024-11-19 12:00:00,5782.0,5792.5,5777.0,5781.0,56582,233173
2024-11-19 13:00:00,5781.5,5782.5,5772.0,5774.5,30072,123663
2024-11-19 14:00:00,5774.5,5781.5,5771.5,5779.0,22871,97309
2024-11-19 15:00:00,5779.0,5779.5,5772.0,5775.5,8320,38048
2024-11-21 06:00:00,5790.0,5829.5,5788.0,5819.5,220057,691185
2024-11-21 07:00:00,5819.5,5834.5,5812.5,5825.0,176089,624140
2024-11-21 08:00:00,5825.0,5831.5,5816.0,5824.5,100711,377216
2024-11-21 09:00:00,5824.5,5827.0,5809.5,5820.5,83634,325733
2024-11-21 10:00:00,5820.0,5840.5,5817.0,5836.0,88955,307203
2024-11-21 11:00:00,5835.5,5839.5,5813.0,5816.5,72581,275752
2024-11-21 12:00:00,5817.0,5827.0,5812.0,5820.5,59287,223551
2024-11-21 13:00:00,5821.0,5826.5,5818.0,5818.5,30216,117737
2024-11-21 14:00:00,5818.0,5824.0,5816.5,5820.0,24466,90801
2024-11-21 15:00:00,5820.0,5825.0,5818.5,5822.5,9382,43618
2024-11-22 06:00:00,5828.0,5832.5,5794.0,5797.0,222747,654346
2024-11-22 07:00:00,5797.0,5838.0,5795.5,5835.5,190029,662940
2024-11-22 08:00:00,5836.0,5837.5,5818.5,5835.5,102860,382738
2024-11-22 09:00:00,5835.0,5836.0,5808.0,5817.0,97773,348643
2024-11-22 10:00:00,5817.0,5818.5,5804.0,5810.5,52406,201922
2024-11-22 11:00:00,5810.5,5828.0,5808.5,5824.0,50885,189308
2024-11-22 12:00:00,5824.5,5825.0,5813.5,5815.0,42091,161790
2024-11-22 13:00:00,5815.0,5819.5,5812.0,5819.0,26060,106225
2024-11-22 14:00:00,5818.5,5821.0,5809.5,5810.0,23195,91384
2024-11-22 15:00:00,5810.0,5811.5,5802.5,5810.0,15311,68818
2024-11-25 06:00:00,5790.0,5809.0,5781.5,5808.0,212559,627160
2024-11-25 07:00:00,5808.5,5815.0,5789.5,5801.5,166432,506245
2024-11-25 08:00:00,5801.5,5802.0,5779.0,5796.5,125206,423566
2024-11-25 09:00:00,5796.5,5823.0,5787.5,5821.5,115217,470468
2024-11-25 10:00:00,5821.5,5823.0,5808.5,5815.5,74501,294633
2024-11-25 11:00:00,5815.0,5824.0,5811.5,5813.0,43066,172587
2024-11-25 12:00:00,5813.0,5821.0,5808.0,5809.0,44656,163840
2024-11-25 13:00:00,5809.0,5816.0,5801.0,5806.0,45647,186797
2024-11-25 14:00:00,5806.5,5818.5,5806.0,5815.0,31427,113356
2024-11-25 15:00:00,5815.0,5816.0,5799.0,5801.5,14117,61431
2024-11-26 06:00:00,5815.5,5828.5,5783.0,5789.5,205762,631945
2024-11-26 07:00:00,5789.5,5811.0,5786.0,5804.5,163008,549724
2024-11-26 08:00:00,5804.5,5812.5,5799.5,5801.0,102700,408032
2024-11-26 09:00:00,5801.5,5807.0,5793.5,5803.0,74262,294922
2024-11-26 10:00:00,5802.5,5813.0,5801.5,5810.5,48973,191910
2024-11-26 11:00:00,5810.5,5821.5,5801.5,5818.0,61569,259400
2024-11-26 12:00:00,5818.5,5823.0,5803.5,5807.0,55906,229435
2024-11-26 13:00:00,5806.5,5811.5,5804.0,5809.0,30031,115834
2024-11-26 14:00:00,5809.0,5834.5,5807.5,5813.5,64799,244495
2024-11-26 15:00:00,5813.5,5814.0,5805.0,5811.0,10683,45767
2024-11-27 06:00:00,5806.5,5834.0,5805.0,5831.5,192370,587164
2024-11-27 07:00:00,5831.5,5834.0,5817.0,5826.5,134741,526843
2024-11-27 08:00:00,5826.5,5826.5,5815.0,5824.0,82209,345119
2024-11-27 09:00:00,5824.5,5849.5,5823.5,5843.0,113607,455583
2024-11-27 10:00:00,5843.0,5903.0,5832.0,5874.0,162940,656464
2024-11-27 11:00:00,5873.5,5907.5,5873.0,5892.0,189750,647300
2024-11-27 12:00:00,5892.0,5931.0,5883.0,5920.5,125339,461848
2024-11-27 13:00:00,5920.5,5926.0,5905.0,5915.5,71747,257358
2024-11-27 14:00:00,5915.5,5943.5,5898.0,5936.5,72784,275257
2024-11-27 15:00:00,5936.5,5966.0,5929.0,5963.5,31047,115385
2024-11-28 06:00:00,5977.5,6003.0,5947.0,5975.5,267684,793772
2024-11-28 07:00:00,5976.0,5994.0,5959.5,5988.5,144934,457580
2024-11-28 08:00:00,5988.5,6002.0,5983.0,5991.0,108382,378187
2024-11-28 09:00:00,5991.0,5998.0,5982.5,5994.5,55304,211449
2024-11-28 10:00:00,5995.0,6007.0,5987.5,5995.5,74094,281260
2024-11-28 11:00:00,5995.0,5997.0,5975.5,5985.5,63599,245040
2024-11-28 12:00:00,5985.5,5990.0,5980.0,5986.5,31484,128229
2024-11-28 13:00:00,5986.0,6000.5,5981.5,5991.0,35693,142505
2024-11-28 14:00:00,5991.5,6026.5,5990.0,6016.0,43996,149966
2024-11-28 15:00:00,6015.5,6030.0,6010.0,6024.0,15057,61915
2024-11-29 06:00:00,6025.0,6092.5,6015.5,6092.0,269619,819547
2024-11-29 07:00:00,6092.0,6138.0,6092.0,6115.0,218296,805124
2024-11-29 08:00:00,6115.0,6120.5,6053.5,6076.5,213894,710384
2024-11-29 09:00:00,6076.5,6080.0,5977.0,5992.5,246217,779078
2024-11-29 10:00:00,5992.5,6033.5,5989.5,6018.5,126482,389855
2024-11-29 11:00:00,6018.0,6043.5,6013.0,6038.0,94263,291532
2024-11-29 12:00:00,6038.0,6039.0,6025.0,6036.5,42822,137828
2024-11-29 13:00:00,6036.5,6045.0,6002.5,6023.0,70655,239798
2024-11-29 14:00:00,6023.0,6024.5,5982.5,5997.0,56114,180650
2024-11-29 15:00:00,5997.0,6010.0,5990.0,6008.0,11362,44420
2024-12-02 06:00:00,6026.0,6057.0,6023.0,6045.5,219488,650379
2024-12-02 07:00:00,6045.5,6094.5,6042.0,6084.5,179689,583057
2024-12-02 08:00:00,6084.5,6106.5,6083.0,6087.0,157601,520589
2024-12-02 09:00:00,6087.0,6106.0,6076.5,6095.5,121981,410821
2024-12-02 10:00:00,6095.5,6110.5,6083.0,6093.0,105021,364430
2024-12-02 11:00:00,6093.5,6099.5,6064.0,6068.0,81737,288593
2024-12-02 12:00:00,6067.5,6091.0,6066.0,6083.5,64539,239796
2024-12-02 13:00:00,6084.0,6092.0,6077.0,6086.5,61327,222709
2024-12-02 14:00:00,6087.0,6095.5,6085.0,6086.5,51349,169262
2024-12-02 15:00:00,6086.5,6091.5,6074.5,6080.5,18251,62185
2024-12-03 06:00:00,6068.5,6090.5,6049.5,6086.0,212071,603918
2024-12-03 07:00:00,6086.0,6100.0,6071.0,6090.0,178493,544426
2024-12-03 08:00:00,6090.0,6113.0,6088.0,6094.0,139567,504536
2024-12-03 09:00:00,6094.5,6102.5,6073.5,6074.0,110321,390212
2024-12-03 10:00:00,6074.0,6087.5,6068.0,6082.5,73047,253848
2024-12-03 11:00:00,6082.5,6099.0,6080.0,6090.5,59339,209256
2024-12-03 12:00:00,6091.0,6094.5,6055.0,6058.5,74685,286418
2024-12-03 13:00:00,6058.5,6081.0,6058.0,6078.5,72078,278451
2024-12-03 14:00:00,6078.0,6078.5,6064.0,6066.5,46957,168206
2024-12-03 15:00:00,6066.0,6069.0,6058.5,6059.0,12676,47751
2024-12-04 06:00:00,6070.0,6089.5,6065.0,6082.5,182808,524304
2024-12-04 07:00:00,6082.5,6087.0,6061.0,6075.5,155858,505416
2024-12-04 08:00:00,6075.5,6081.5,6066.5,6076.5,103459,359182
2024-12-04 09:00:00,6076.0,6081.5,6046.5,6050.5,126715,478708
2024-12-04 10:00:00,6050.5,6059.0,6043.5,6048.5,70213,250462
2024-12-04 11:00:00,6048.5,6055.0,6036.0,6038.0,57460,223047
2024-12-04 12:00:00,6038.5,6065.5,6037.5,6059.5,82377,317757
2024-12-04 13:00:00,6059.5,6062.5,6049.0,6061.0,49866,184055
2024-12-04 14:00:00,6060.5,6065.5,6051.5,6055.5,30259,122932
2024-12-04 15:00:00,6055.0,6060.0,6053.5,6056.0,6310,28067
2024-12-05 06:00:00,6049.0,6052.5,6018.0,6020.5,196731,564136
2024-12-05 07:00:00,6020.0,6021.0,6005.0,6011.0,150085,533890
2024-12-05 08:00:00,6010.5,6011.5,5976.0,5979.0,153595,598277
2024-12-05 09:00:00,5979.0,5998.0,5975.5,5988.5,85195,340257
2024-12-05 10:00:00,5988.5,5994.0,5982.0,5991.5,47354,205604
2024-12-05 11:00:00,5991.0,6014.0,5991.0,6009.0,71215,273444
2024-12-05 12:00:00,6008.5,6019.0,6006.5,6011.5,55092,206016
2024-12-05 13:00:00,6011.0,6027.0,6008.5,6024.0,48460,190276
2024-12-05 14:00:00,6024.5,6030.0,6019.5,6024.5,33312,125771
2024-12-05 15:00:00,6024.5,6030.0,6019.0,6030.0,11325,46822
2024-12-06 06:00:00,6035.0,6045.0,6008.0,6012.5,202395,599497
2024-12-06 07:00:00,6012.5,6028.0,5998.5,6021.0,169858,538278
2024-12-06 08:00:00,6021.0,6063.0,6016.5,6060.0,152645,569440
2024-12-06 09:00:00,6060.0,6086.5,6056.0,6077.5,117814,453077
2024-12-06 10:00:00,6078.0,6090.0,6072.0,6089.5,56978,214773
2024-12-06 11:00:00,6089.5,6106.0,6088.0,6096.5,80131,326926
2024-12-06 12:00:00,6096.5,6107.0,6092.5,6103.0,65316,274443
2024-12-06 13:00:00,6103.0,6107.5,6089.0,6090.0,47787,196928
2024-12-06 14:00:00,6090.0,6105.0,6085.0,6104.0,40530,150899
2024-12-06 15:00:00,6104.5,6108.5,6101.0,6101.5,15005,63065
2024-12-09 06:00:00,6092.0,6096.0,6056.0,6068.5,180737,558817
2024-12-09 07:00:00,6068.5,6080.5,6053.0,6078.5,130515,405413
2024-12-09 08:00:00,6078.5,6081.5,6050.5,6060.5,120400,410177
2024-12-09 09:00:00,6060.5,6089.5,6059.0,6078.0,106813,404020
2024-12-09 10:00:00,6078.0,6086.0,6072.5,6079.0,61894,210895
2024-12-09 11:00:00,6078.5,6094.5,6076.0,6094.5,57608,200788
2024-12-09 12:00:00,6094.0,6100.5,6084.0,6100.5,51391,179374
2024-12-09 13:00:00,6100.5,6104.0,6091.5,6095.5,50412,193451
2024-12-09 14:00:00,6095.5,6100.5,6093.5,6097.0,22990,79896
2024-12-09 15:00:00,6096.5,6099.0,6092.0,6092.0,9384,41199
2024-12-10 06:00:00,6067.0,6083.5,6029.5,6062.5,281176,904924
2024-12-10 07:00:00,6062.5,6080.0,6046.5,6058.5,146725,494223
2024-12-10 08:00:00,6059.0,6070.0,6042.0,6053.0,119368,395138
2024-12-10 09:00:00,6053.5,6066.0,6051.5,6061.5,75520,278583
2024-12-10 10:00:00,6062.0,6073.5,6059.5,6066.5,63648,247794
2024-12-10 11:00:00,6066.5,6077.5,6056.5,6075.0,55441,196638
2024-12-10 12:00:00,6074.5,6078.5,6066.5,6071.5,41830,148753
2024-12-10 13:00:00,6071.0,6076.0,6056.5,6059.0,38211,147998
2024-12-10 14:00:00,6058.5,6066.0,6051.5,6064.0,35026,135806
2024-12-10 15:00:00,6064.0,6067.5,6056.5,6057.5,10238,49935
2024-12-11 06:00:00,6080.0,6084.0,6052.5,6072.0,186091,582256
2024-12-11 07:00:00,6072.0,6072.5,6036.5,6042.0,202726,685071
2024-12-11 08:00:00,6042.0,6044.0,6023.0,6036.5,134390,511424
2024-12-11 09:00:00,6036.5,6062.0,6034.0,6048.5,105011,393591
2024-12-11 10:00:00,6049.0,6051.0,6014.0,6018.5,92677,388480
2024-12-11 11:00:00,6018.5,6025.5,6012.5,6023.5,49751,180562
2024-12-11 12:00:00,6024.0,6038.0,6021.5,6025.5,61074,236089
2024-12-11 13:00:00,6025.5,6026.5,5959.5,5965.5,159328,589084
2024-12-11 14:00:00,5966.0,5999.0,5948.0,5970.5,116421,385830
2024-12-11 15:00:00,5970.0,5976.5,5949.0,5965.0,21834,77056
2024-12-12 06:00:00,5899.0,5921.0,5877.0,5909.5,278468,927111
2024-12-12 07:00:00,5909.0,5932.5,5896.0,5931.5,170089,562861
2024-12-12 08:00:00,5931.5,5959.0,5923.0,5953.0,163069,633354
2024-12-12 09:00:00,5953.0,6024.0,5949.5,6015.5,163050,648988
2024-12-12 10:00:00,6015.0,6026.5,5994.0,6020.5,95071,370020
2024-12-12 11:00:00,6020.5,6059.0,6020.0,6042.0,137282,534164
2024-12-12 12:00:00,6041.5,6049.0,6035.0,6041.0,66252,236878
2024-12-12 13:00:00,6041.0,6049.5,5994.5,6021.5,104710,423861
2024-12-12 14:00:00,6021.0,6027.0,6001.0,6008.0,68544,219430
2024-12-12 15:00:00,6008.0,6013.0,5980.5,5984.5,21633,88761
2024-12-13 06:00:00,5992.5,6045.0,5980.5,6044.5,226122,652398
2024-12-13 07:00:00,6044.5,6052.5,6013.0,6027.5,197396,621317
2024-12-13 08:00:00,6027.5,6039.0,6020.0,6036.0,136605,417957
2024-12-13 09:00:00,6036.0,6057.0,6034.0,6056.5,122117,386593
2024-12-13 10:00:00,6056.5,6081.0,6055.5,6073.5,103399,364339
2024-12-13 11:00:00,6074.0,6085.5,6015.5,6043.5,161700,607363
2024-12-13 12:00:00,6044.0,6059.5,6030.0,6057.0,90138,303599
2024-12-13 13:00:00,6057.0,6062.5,6033.0,6038.5,65907,229422
2024-12-13 14:00:00,6038.0,6069.0,6038.0,6066.5,52062,184443
2024-12-13 15:00:00,6066.0,6069.0,6032.5,6048.5,18838,64628
2024-12-16 06:00:00,6078.5,6107.0,6033.5,6057.0,337277,1070409
2024-12-16 07:00:00,6056.5,6065.0,6032.5,6050.0,157169,467142
2024-12-16 08:00:00,6050.0,6092.0,6050.0,6064.0,159626,509050
2024-12-16 09:00:00,6064.5,6086.5,6061.5,6077.5,99222,309603
2024-12-16 10:00:00,6077.5,6079.5,6060.0,6068.0,74070,237282
2024-12-16 11:00:00,6068.5,6094.0,6066.0,6091.0,78733,256925
2024-12-16 12:00:00,6091.0,6100.0,6084.0,6086.5,71214,245087
2024-12-16 13:00:00,6086.5,6104.5,6082.5,6101.5,51988,170890
2024-12-16 14:00:00,6101.5,6150.0,6101.0,6141.5,98174,333437
2024-12-16 15:00:00,6141.5,6161.0,6140.0,6160.5,23579,105645
2024-12-17 06:00:00,6155.0,6172.5,6104.0,6147.0,377528,1066939
2024-12-17 07:00:00,6147.5,6184.0,6147.0,6158.0,213754,654622
2024-12-17 08:00:00,6158.5,6197.0,6156.5,6195.5,162314,502539
2024-12-17 09:00:00,6196.0,6217.5,6165.0,6177.5,259738,926975
2024-12-17 10:00:00,6177.5,6183.5,6112.5,6122.5,194503,550928
2024-12-17 11:00:00,6122.5,6137.5,6100.0,6101.0,143044,398922
2024-12-17 12:00:00,6101.0,6113.5,6067.5,6101.5,180190,486773
2024-12-17 13:00:00,6101.5,6112.0,6081.0,6105.0,111715,298617
2024-12-17 14:00:00,6105.0,6121.5,6097.0,6115.0,75891,189925
2024-12-17 15:00:00,6115.0,6118.0,6105.5,6114.0,18616,67609
2024-12-18 06:00:00,6107.5,6152.0,6100.0,6148.5,309651,802675
2024-12-18 07:00:00,6148.5,6168.0,6148.0,6167.0,146989,440052
2024-12-18 08:00:00,6167.0,6175.0,6139.0,6160.0,184866,577375
2024-12-18 09:00:00,6160.0,6195.0,6155.0,6191.0,135411,450751
2024-12-18 10:00:00,6191.0,6204.0,6188.0,6199.0,107637,375650
2024-12-18 11:00:00,6198.5,6213.0,6188.5,6207.5,86439,279497
2024-12-18 12:00:00,6207.5,6230.0,6204.5,6222.0,101216,336461
2024-12-18 13:00:00,6221.5,6278.5,6220.0,6273.0,183594,544652
2024-12-18 14:00:00,6272.5,6324.5,6265.0,6297.5,160361,422490
2024-12-18 15:00:00,6297.5,6310.0,6253.5,6253.5,30839,109762
2024-12-19 06:00:00,6250.0,6304.0,6241.0,6270.5,325283,875048
2024-12-19 07:00:00,6271.0,6308.5,6190.0,6196.0,447572,1436160
2024-12-19 08:00:00,6196.0,6204.0,6147.5,6157.5,298431,980645
2024-12-19 09:00:00,6157.5,6193.0,6140.0,6140.5,200083,616735
2024-12-19 10:00:00,6141.0,6157.5,6126.5,6149.5,152208,523742
2024-12-19 11:00:00,6150.0,6158.0,6126.5,6130.5,123354,314238
2024-12-19 12:00:00,6130.5,6136.5,6112.0,6119.5,117538,325064
2024-12-19 13:00:00,6119.5,6137.5,6116.5,6131.5,95534,288282
2024-12-19 14:00:00,6131.5,6155.0,6121.0,6151.5,91566,252551
2024-12-19 15:00:00,6152.0,6168.0,6150.0,6164.5,25365,85170
2024-12-20 06:00:00,6106.0,6118.5,6056.5,6065.5,309251,785079
2024-12-20 07:00:00,6066.0,6121.5,6064.5,6102.0,243037,660166
2024-12-20 08:00:00,6102.0,6107.0,6078.5,6086.0,199670,519945
2024-12-20 09:00:00,6086.5,6101.5,6074.5,6090.0,158411,509224
2024-12-20 10:00:00,6090.0,6105.5,6074.0,6090.0,116187,363400
2024-12-20 11:00:00,6089.5,6102.0,6076.5,6098.5,91819,261045
2024-12-20 12:00:00,6099.0,6112.0,6051.0,6063.0,184184,538360
2024-12-20 13:00:00,6062.5,6081.0,6060.5,6076.5,69957,207343
2024-12-20 14:00:00,6077.0,6093.0,6070.5,6090.0,52877,151677
2024-12-20 15:00:00,6089.5,6108.0,6082.0,6100.5,18515,69772
2024-12-23 06:00:00,6123.0,6161.5,6113.0,6158.5,230985,594709
2024-12-23 07:00:00,6158.0,6166.0,6145.0,6159.5,121935,328324
2024-12-23 08:00:00,6159.5,6174.0,6149.0,6163.5,128445,352382
2024-12-23 09:00:00,6163.5,6182.5,6159.5,6173.0,116273,345249
2024-12-23 10:00:00,6173.0,6189.5,6169.0,6184.0,66237,201224
2024-12-23 11:00:00,6183.5,6200.5,6182.5,6191.5,66846,203634
2024-12-23 12:00:00,6191.5,6206.0,6185.5,6195.0,79282,248533
2024-12-23 13:00:00,6195.0,6198.0,6185.5,6189.5,55149,170522
2024-12-23 14:00:00,6189.5,6203.5,6186.0,6195.5,53442,142298
2024-12-23 15:00:00,6196.0,6204.5,6190.0,6201.5,17207,53622
2024-12-26 06:00:00,6165.0,6198.0,6152.0,6169.0,228238,615884
2024-12-26 07:00:00,6168.5,6202.0,6163.5,6179.0,182292,517610
2024-12-26 08:00:00,6179.0,6194.5,6165.5,6167.5,119999,374315
2024-12-26 09:00:00,6167.5,6177.0,6150.5,6155.0,98442,325195
2024-12-26 10:00:00,6155.0,6166.5,6152.0,6162.5,67517,217404
2024-12-26 11:00:00,6162.5,6183.5,6160.5,6175.5,83687,238118
2024-12-26 12:00:00,6175.5,6182.0,6164.0,6177.0,72188,222029
2024-12-26 13:00:00,6177.5,6187.5,6176.0,6182.0,56316,152965
2024-12-26 14:00:00,6181.5,6187.0,6178.5,6184.0,35748,103962
2024-12-26 15:00:00,6183.5,6188.0,6179.5,6186.0,12835,40007
2024-12-27 06:00:00,6200.0,6218.0,6172.0,6183.0,219859,558610
2024-12-27 07:00:00,6183.5,6217.0,6183.0,6210.5,159815,435460
2024-12-27 08:00:00,6210.0,6215.5,6190.0,6200.0,112434,301668
2024-12-27 09:00:00,6200.0,6213.0,6190.0,6204.0,109697,303588
2024-12-27 10:00:00,6203.5,6213.0,6200.5,6204.5,68222,179443
2024-12-27 11:00:00,6205.0,6206.5,6191.0,6198.5,68619,184979
2024-12-27 12:00:00,6198.0,6208.0,6193.0,6204.5,50895,148900
2024-12-27 13:00:00,6204.0,6205.0,6188.5,6194.0,49378,143257
2024-12-27 14:00:00,6194.0,6197.0,6175.0,6190.5,53654,145568
2024-12-27 15:00:00,6191.0,6199.0,6190.5,6198.5,9359,27166
2024-12-30 06:00:00,6240.0,6254.5,6206.5,6216.5,184142,470598
2024-12-30 07:00:00,6216.0,6236.5,6186.5,6205.5,170164,498624
2024-12-30 08:00:00,6205.5,6221.5,6198.5,6219.0,112319,357179
2024-12-30 09:00:00,6218.5,6261.5,6209.0,6256.5,111114,358073
2024-12-30 10:00:00,6257.0,6277.5,6218.0,6237.0,127360,397431
2024-12-30 11:00:00,6237.0,6240.0,6196.0,6213.5,119260,356784
2024-12-30 12:00:00,6213.5,6229.0,6211.0,6218.0,54748,171090
2024-12-30 13:00:00,6218.0,6220.0,6205.5,6215.0,44716,128805
2024-12-30 14:00:00,6215.0,6218.0,6209.0,6212.5,33420,89899
2024-12-30 15:00:00,6212.5,6215.5,6202.5,6204.0,8237,32050
2025-01-02 06:00:00,6219.5,6261.0,6192.5,6247.5,203726,555766
2025-01-02 07:00:00,6248.0,6259.5,6236.5,6242.5,121671,331368
2025-01-02 08:00:00,6242.0,6253.0,6228.5,6237.0,125383,371241
2025-01-02 09:00:00,6237.5,6244.0,6216.5,6219.5,100128,317417
2025-01-02 10:00:00,6220.0,6226.5,6184.0,6188.0,130121,383329
2025-01-02 11:00:00,6187.5,6211.5,6186.5,6198.0,82538,231505
2025-01-02 12:00:00,6198.0,6209.5,6190.0,6191.0,67033,181719
2025-01-02 13:00:00,6190.5,6206.5,6188.0,6197.5,55651,168144
2025-01-02 14:00:00,6197.5,6200.0,6175.0,6185.0,48447,135065
2025-01-02 15:00:00,6185.0,6191.0,6181.5,6185.0,12231,37008
2025-01-03 06:00:00,6180.0,6232.0,6177.0,6218.0,203466,549641
2025-01-03 07:00:00,6218.5,6221.5,6166.5,6175.0,220654,644819
2025-01-03 08:00:00,6174.5,6190.0,6168.0,6186.5,111755,310694
2025-01-03 09:00:00,6187.0,6207.5,6186.0,6189.5,108072,319301
2025-01-03 10:00:00,6189.0,6210.5,6183.0,6207.5,63859,188550
2025-01-03 11:00:00,6208.0,6220.0,6196.5,6217.5,85412,244086
2025-01-03 12:00:00,6217.5,6221.5,6209.5,6217.0,53350,144890
2025-01-03 13:00:00,6216.5,6217.5,6205.0,6214.0,48653,141894
2025-01-03 14:00:00,6213.5,6217.0,6208.0,6216.5,30680,77572
2025-01-03 15:00:00,6216.0,6218.0,6199.5,6213.5,12782,39225
2025-01-06 06:00:00,6176.5,6179.5,6150.0,6153.0,257040,649494
2025-01-06 07:00:00,6153.0,6153.0,6121.0,6136.0,203991,548515
2025-01-06 08:00:00,6136.0,6183.5,6133.0,6145.5,205213,578424
2025-01-06 09:00:00,6145.5,6149.0,6127.0,6143.5,100034,275970
2025-01-06 10:00:00,6143.5,6147.5,6129.5,6139.0,61399,184714
2025-01-06 11:00:00,6138.5,6157.5,6131.0,6148.5,66304,198661
2025-01-06 12:00:00,6149.0,6155.5,6139.0,6140.5,58029,171066
2025-01-06 13:00:00,6140.0,6145.0,6137.0,6143.0,37063,111596
2025-01-06 14:00:00,6142.5,6147.0,6135.5,6145.0,39256,107150
2025-01-06 15:00:00,6145.0,6147.0,6135.0,6140.0,13810,41154
2025-01-07 06:00:00,6143.0,6147.0,6107.0,6126.5,244838,640805
2025-01-07 07:00:00,6126.5,6127.5,6090.0,6090.0,193908,541254
2025-01-07 08:00:00,6090.0,6116.5,6090.0,6097.5,141655,397442
2025-01-07 09:00:00,6097.5,6112.5,6083.0,6091.5,130316,376893
2025-01-07 10:00:00,6091.5,6103.0,6080.5,6092.0,94819,273638
2025-01-07 11:00:00,6091.5,6109.5,6085.5,6102.0,72422,221163
2025-01-07 12:00:00,6102.0,6135.5,6101.5,6132.0,89079,301061
2025-01-07 13:00:00,6132.5,6145.0,6130.5,6132.5,73485,238046
2025-01-07 14:00:00,6132.0,6139.0,6124.5,6128.5,49805,126556
2025-01-07 15:00:00,6128.5,6139.0,6128.0,6131.0,12514,40372
2025-01-08 06:00:00,6151.5,6173.5,6149.0,6155.0,237231,610066
2025-01-08 07:00:00,6154.5,6182.0,6150.0,6173.0,210821,576778
2025-01-08 08:00:00,6173.0,6175.5,6145.0,6159.0,154290,465415
2025-01-08 09:00:00,6159.0,6162.5,6137.5,6145.5,99651,298594
2025-01-08 10:00:00,6145.5,6161.0,6145.0,6155.0,70381,217203
2025-01-08 11:00:00,6155.0,6160.5,6143.5,6147.0,55978,160868
2025-01-08 12:00:00,6147.0,6152.5,6139.0,6146.0,70487,206749
2025-01-08 13:00:00,6146.0,6147.5,6128.5,6136.5,52579,151425
2025-01-08 14:00:00,6136.0,6138.0,6130.5,6136.5,31246,90895
2025-01-08 15:00:00,6136.5,6137.5,6127.5,6130.5,13876,41826
2025-01-09 06:00:00,6132.0,6147.5,6121.0,6135.5,202278,526228
2025-01-09 07:00:00,6136.0,6144.5,6122.0,6130.5,154553,466051
2025-01-09 08:00:00,6130.0,6140.0,6100.0,6102.0,143627,460749
2025-01-09 09:00:00,6101.5,6112.0,6080.5,6095.5,111048,371329
2025-01-09 10:00:00,6095.0,6103.0,6088.5,6095.0,63832,218076
2025-01-09 11:00:00,6095.0,6106.5,6089.0,6097.0,54584,175829
2025-01-09 12:00:00,6097.0,6097.5,6072.5,6079.5,77617,289396
2025-01-09 13:00:00,6080.0,6083.0,6060.0,6068.5,49240,187355
2025-01-09 14:00:00,6068.0,6068.5,6060.5,6061.5,34496,115639
2025-01-09 15:00:00,6061.0,6064.5,6056.0,6061.0,15448,51642
2025-01-10 06:00:00,6064.0,6087.0,6055.0,6076.5,158660,402331
2025-01-10 07:00:00,6077.0,6150.0,6073.5,6127.5,268688,1036251
2025-01-10 08:00:00,6127.5,6135.5,6114.5,6125.0,141019,434638
2025-01-10 09:00:00,6125.0,6138.5,6119.0,6135.0,103011,320455
2025-01-10 10:00:00,6134.5,6144.5,6127.0,6136.5,76410,223183
2025-01-10 11:00:00,6136.0,6141.5,6125.0,6126.5,56610,166865
2025-01-10 12:00:00,6127.0,6133.5,6117.5,6119.0,60409,208016
2025-01-10 13:00:00,6118.5,6126.5,6116.0,6126.5,43637,149148
2025-01-10 14:00:00,6126.5,6134.5,6124.0,6133.5,32927,100417
2025-01-10 15:00:00,6133.5,6135.0,6118.0,6128.5,17279,52048
2025-01-13 06:00:00,6149.5,6159.0,6097.5,6120.0,215489,571680
2025-01-13 07:00:00,6120.0,6144.5,6102.5,6139.0,181387,496428
2025-01-13 08:00:00,6139.5,6153.0,6127.5,6136.5,159225,466208
2025-01-13 09:00:00,6136.0,6141.5,6117.5,6128.5,89349,260994
2025-01-13 10:00:00,6129.0,6134.0,6115.0,6131.5,72148,225765
2025-01-13 11:00:00,6131.0,6132.5,6113.0,6115.5,59892,173677
2025-01-13 12:00:00,6115.5,6117.0,6101.0,6109.5,69093,218736
2025-01-13 13:00:00,6109.5,6125.0,6109.0,6119.5,48024,147191
2025-01-13 14:00:00,6119.0,6121.0,6114.0,6119.5,23489,66992
2025-01-13 15:00:00,6119.0,6120.0,6113.5,6116.5,8136,28109
2025-01-14 06:00:00,6113.5,6113.5,6088.0,6100.5,209564,553040
2025-01-14 07:00:00,6100.0,6107.5,6061.5,6079.0,244652,745932
2025-01-14 08:00:00,6079.0,6094.5,6072.5,6090.5,152547,473436
2025-01-14 09:00:00,6090.5,6096.0,6068.0,6070.5,100124,341399
2025-01-14 10:00:00,6070.5,6078.5,6063.5,6071.5,70476,224017
2025-01-14 11:00:00,6071.0,6083.0,6063.5,6081.5,64768,216706
2025-01-14 12:00:00,6081.5,6082.5,6065.0,6071.0,54799,217331
2025-01-14 13:00:00,6071.0,6074.0,6060.5,6065.5,40473,124667
2025-01-14 14:00:00,6065.5,6077.0,6064.0,6075.5,33662,103538
2025-01-14 15:00:00,6075.5,6082.0,6074.0,6080.5,8673,27299
2025-01-15 06:00:00,6065.0,6081.0,6052.0,6075.0,186436,469511
2025-01-15 07:00:00,6075.5,6087.0,6030.0,6032.0,275147,845287
2025-01-15 08:00:00,6032.5,6058.0,6028.0,6057.0,120306,378960
2025-01-15 09:00:00,6057.0,6078.0,6053.0,6058.0,114602,375354
2025-01-15 10:00:00,6058.0,6076.5,6056.5,6064.5,81045,255946
2025-01-15 11:00:00,6065.0,6070.0,6051.0,6059.0,64792,205512
2025-01-15 12:00:00,6059.0,6062.5,6040.0,6042.0,62652,197953
2025-01-15 13:00:00,6042.0,6045.0,6034.5,6041.5,50783,154688
2025-01-15 14:00:00,6041.5,6043.0,6025.5,6030.5,44501,133599
2025-01-15 15:00:00,6030.5,6031.0,6020.0,6028.0,17122,57627
2025-01-16 06:00:00,6040.0,6045.0,6011.0,6043.5,249185,697438
2025-01-16 07:00:00,6043.5,6065.0,6042.5,6062.0,178169,543326
2025-01-16 08:00:00,6062.5,6064.5,6037.0,6037.0,130492,434237
2025-01-16 09:00:00,6037.0,6051.5,6020.0,6039.5,148596,500942
2025-01-16 10:00:00,6040.0,6067.5,6037.5,6061.0,103566,355595
2025-01-16 11:00:00,6060.5,6074.5,6052.0,6071.0,72561,235168
2025-01-16 12:00:00,6071.0,6086.0,6070.5,6083.5,58978,196548
2025-01-16 13:00:00,6083.5,6084.0,6069.5,6070.0,45014,145607
2025-01-16 14:00:00,6070.0,6074.5,6064.0,6071.0,34063,98106
2025-01-16 15:00:00,6071.0,6073.0,6063.5,6064.5,11606,33620
2025-01-17 06:00:00,6072.0,6075.5,6041.5,6069.5,188676,536212
2025-01-17 07:00:00,6069.5,6099.0,6067.5,6097.5,182023,556403
2025-01-17 08:00:00,6098.0,6104.5,6061.0,6070.5,174739,577527
2025-01-17 09:00:00,6070.5,6073.0,6043.5,6051.5,109297,352450
2025-01-17 10:00:00,6051.0,6060.0,6045.0,6051.0,73350,237802
2025-01-17 11:00:00,6051.5,6072.5,6046.5,6067.0,64219,221254
2025-01-17 12:00:00,6067.0,6082.0,6065.5,6072.0,63243,216029
2025-01-17 13:00:00,6072.5,6080.0,6071.0,6078.0,28417,87843
2025-01-17 14:00:00,6078.0,6094.5,6078.0,6092.0,49057,144688
2025-01-17 15:00:00,6092.0,6092.0,6077.0,6085.0,13281,38735
2025-01-20 06:00:00,6080.0,6100.0,6068.0,6095.0,185983,464858
2025-01-20 07:00:00,6094.5,6099.5,6056.0,6061.0,211060,603321
2025-01-20 08:00:00,6061.5,6072.0,6042.5,6047.5,142066,427021
2025-01-20 09:00:00,6048.0,6061.0,6044.0,6060.0,75777,227121
2025-01-20 10:00:00,6060.0,6061.0,6050.5,6057.0,46184,138511
2025-01-20 11:00:00,6057.5,6079.5,6051.0,6062.5,104756,332243
2025-01-20 12:00:00,6062.5,6062.5,6045.0,6054.5,56612,179830
2025-01-20 13:00:00,6054.5,6063.0,6051.0,6055.5,32004,98380
2025-01-20 14:00:00,6056.0,6057.5,6041.0,6047.5,30155,93026
2025-01-20 15:00:00,6047.0,6048.5,6035.0,6035.0,10905,35237
2025-01-21 06:00:00,6065.0,6080.0,6054.0,6056.0,230982,623308
2025-01-21 07:00:00,6056.0,6070.0,6055.5,6066.0,141074,440450
2025-01-21 08:00:00,6066.5,6071.5,6055.0,6061.5,116478,389978
2025-01-21 09:00:00,6061.5,6066.0,6038.5,6043.0,106461,352453
2025-01-21 10:00:00,6043.5,6047.0,6035.0,6040.0,69755,240437
2025-01-21 11:00:00,6040.0,6047.5,6035.5,6046.0,48575,160961
2025-01-21 12:00:00,6046.0,6048.5,6029.0,6039.0,63210,223241
2025-01-21 13:00:00,6039.5,6048.0,6034.5,6043.5,41608,146531
2025-01-21 14:00:00,6043.0,6044.5,6031.5,6037.0,31441,96636
2025-01-21 15:00:00,6036.5,6038.0,6030.0,6035.0,10914,36833
2025-01-22 06:00:00,6023.0,6030.0,6006.0,6011.5,230111,648358
2025-01-22 07:00:00,6011.5,6024.5,5997.0,5999.5,152910,488132
2025-01-22 08:00:00,6000.0,6003.0,5937.0,5949.5,241348,907572
2025-01-22 09:00:00,5949.5,5954.5,5940.0,5951.5,107399,408155
2025-01-22 10:00:00,5951.5,5955.0,5925.0,5935.0,102010,410654
2025-01-22 11:00:00,5935.0,5948.5,5930.5,5945.0,75657,277850
2025-01-22 12:00:00,5945.0,5947.0,5937.5,5941.0,55646,272783
2025-01-22 13:00:00,5941.0,5956.5,5940.0,5956.0,53144,215404
2025-01-22 14:00:00,5956.0,5957.0,5949.0,5951.5,31004,100696
2025-01-22 15:00:00,5952.0,5956.5,5950.0,5951.0,12023,42122
2025-01-23 06:00:00,5952.0,5980.0,5948.0,5969.5,207324,550699
2025-01-23 07:00:00,5969.5,5974.0,5950.0,5957.0,171423,518250
2025-01-23 08:00:00,5957.0,5965.0,5947.0,5951.5,105139,345408
2025-01-23 09:00:00,5952.0,5952.5,5920.0,5929.0,120735,420795
2025-01-23 10:00:00,5929.0,5939.5,5908.5,5916.5,128729,426459
2025-01-23 11:00:00,5916.5,5918.5,5882.5,5894.0,98572,363621
2025-01-23 12:00:00,5894.0,5919.0,5892.0,5917.5,73319,266475
2025-01-23 13:00:00,5917.5,5942.0,5915.5,5934.0,102333,389896
2025-01-23 14:00:00,5934.0,5947.0,5924.0,5933.5,62990,215416
2025-01-23 15:00:00,5934.0,5936.0,5928.0,5931.0,14479,53970
2025-01-24 06:00:00,5912.0,5921.5,5893.0,5907.5,195699,519473
2025-01-24 07:00:00,5907.0,5920.0,5879.5,5887.5,178825,550135
2025-01-24 08:00:00,5887.5,5909.0,5885.5,5897.5,126320,409420
2025-01-24 09:00:00,5898.0,5901.0,5875.0,5892.0,99324,364992
2025-01-24 10:00:00,5892.0,5893.0,5875.0,5888.5,73208,254671
2025-01-24 11:00:00,5889.0,5904.5,5885.0,5903.5,56622,191280
2025-01-24 12:00:00,5903.5,5913.5,5898.0,5913.0,51112,174185
2025-01-24 13:00:00,5912.5,5932.5,5910.0,5925.0,55416,207666
2025-01-24 14:00:00,5925.5,5929.0,5918.0,5922.0,34112,118754
2025-01-24 15:00:00,5922.0,5927.0,5915.0,5918.0,11253,40453
2025-01-27 06:00:00,5950.5,5962.0,5931.0,5939.5,203757,583371
2025-01-27 07:00:00,5940.0,5942.5,5908.5,5918.5,178716,551535
2025-01-27 08:00:00,5919.0,5943.0,5915.0,5928.0,123330,394930
2025-01-27 09:00:00,5928.0,5948.0,5927.0,5938.5,84631,270282
2025-01-27 10:00:00,5938.5,5947.5,5919.0,5922.0,84374,270738
2025-01-27 11:00:00,5922.0,5931.5,5910.5,5916.5,76261,239619
2025-01-27 12:00:00,5916.5,5921.0,5903.0,5919.5,55622,195031
2025-01-27 13:00:00,5919.0,5922.5,5915.0,5918.5,35350,112598
2025-01-27 14:00:00,5918.5,5919.5,5898.5,5913.5,50943,159363
2025-01-27 15:00:00,5913.5,5914.0,5898.5,5899.5,15158,48692
2025-01-28 06:00:00,5916.5,5925.0,5900.0,5912.0,182859,501340
2025-01-28 07:00:00,5912.0,5920.0,5905.5,5914.5,134894,479467
2025-01-28 08:00:00,5915.0,5915.0,5886.0,5888.0,142100,468350
2025-01-28 09:00:00,5888.0,5888.0,5871.5,5879.5,122955,417661
2025-01-28 10:00:00,5879.5,5880.5,5863.5,5864.0,70792,236999
2025-01-28 11:00:00,5864.0,5878.5,5861.0,5872.5,69887,243818
2025-01-28 12:00:00,5872.5,5876.0,5861.5,5870.0,66538,229754
2025-01-28 13:00:00,5870.5,5877.0,5868.5,5873.5,42140,150813
2025-01-28 14:00:00,5873.5,5877.5,5866.0,5871.0,36887,116084
2025-01-28 15:00:00,5871.5,5873.0,5860.0,5864.5,17510,61350
2025-01-29 06:00:00,5866.0,5877.5,5846.5,5848.0,176814,527787
2025-01-29 07:00:00,5847.5,5891.0,5845.0,5881.5,172322,589534
2025-01-29 08:00:00,5881.5,5886.5,5856.0,5858.0,137799,451681
2025-01-29 09:00:00,5857.5,5877.5,5845.0,5871.5,114813,452505
2025-01-29 10:00:00,5871.5,5885.0,5862.0,5884.0,79394,317752
2025-01-29 11:00:00,5884.0,5884.5,5868.0,5880.0,60707,213529
2025-01-29 12:00:00,5880.5,5882.5,5869.0,5872.0,41851,132691
2025-01-29 13:00:00,5873.0,5888.0,5863.5,5869.5,93268,266757
2025-01-29 14:00:00,5870.0,5873.5,5863.0,5868.0,41293,108482
2025-01-29 15:00:00,5867.5,5868.0,5850.0,5852.0,11720,40792
2025-01-30 06:00:00,5864.0,5957.5,5863.5,5917.5,281207,788122
2025-01-30 07:00:00,5917.0,5921.5,5897.5,5901.0,132644,419765
2025-01-30 08:00:00,5901.0,5918.5,5883.5,5900.5,156530,543167
2025-01-30 09:00:00,5900.0,5904.0,5876.5,5886.0,97192,331673
2025-01-30 10:00:00,5886.0,5902.0,5876.0,5898.0,66636,208908
2025-01-30 11:00:00,5898.5,5899.0,5867.0,5874.0,67575,245911
2025-01-30 12:00:00,5874.0,5875.5,5861.0,5865.5,68543,246611
2025-01-30 13:00:00,5865.5,5874.0,5853.5,5855.0,49677,198731
2025-01-30 14:00:00,5855.5,5897.5,5850.0,5883.5,95929,309138
2025-01-30 15:00:00,5883.0,5891.0,5870.0,5877.5,25076,98926
2025-01-31 06:00:00,5900.0,5905.0,5880.5,5888.5,176228,467384
2025-01-31 07:00:00,5888.0,5888.0,5842.0,5845.5,203868,659552
2025-01-31 08:00:00,5845.5,5868.5,5843.5,5848.5,128824,445310
2025-01-31 09:00:00,5848.5,5882.5,5848.0,5872.5,107084,426098
2025-01-31 10:00:00,5872.5,5885.5,5861.5,5868.5,81181,315165
2025-01-31 11:00:00,5868.5,5877.0,5848.5,5869.0,99864,339195
2025-01-31 12:00:00,5869.0,5888.5,5861.5,5870.5,99072,308673
2025-01-31 13:00:00,5870.5,5874.0,5864.5,5867.0,46868,146114
2025-01-31 14:00:00,5867.0,5878.5,5867.0,5877.5,37485,116277
2025-01-31 15:00:00,5877.0,5877.5,5867.5,5872.5,15184,45851
2025-02-03 06:00:00,5897.0,5918.5,5878.5,5888.5,146471,408235
2025-02-03 07:00:00,5888.5,5924.0,5873.0,5910.5,184468,561434
2025-02-03 08:00:00,5911.0,5935.0,5907.5,5929.5,152516,471132
2025-02-03 09:00:00,5929.0,5935.0,5852.5,5855.0,233451,725306
2025-02-03 10:00:00,5855.0,5867.5,5845.5,5862.5,101904,310600
2025-02-03 11:00:00,5862.5,5868.5,5848.5,5863.5,89733,291916
2025-02-03 12:00:00,5863.0,5866.5,5845.0,5848.0,68210,221130
2025-02-03 13:00:00,5848.0,5849.0,5841.5,5846.0,37468,130888
2025-02-03 14:00:00,5846.0,5846.0,5823.5,5841.5,61780,227211
2025-02-03 15:00:00,5841.5,5842.5,5832.0,5837.0,13923,51869
2025-02-04 06:00:00,5828.5,5854.5,5826.5,5837.5,194769,546968
2025-02-04 07:00:00,5837.0,5851.0,5836.0,5838.0,144410,434770
2025-02-04 08:00:00,5838.5,5841.5,5816.0,5819.5,145782,472939
2025-02-04 09:00:00,5819.5,5820.0,5783.0,5791.0,165646,586839
2025-02-04 10:00:00,5791.0,5794.5,5784.0,5788.0,57847,197392
2025-02-04 11:00:00,5788.0,5806.5,5787.5,5799.0,80313,268306
2025-02-04 12:00:00,5799.0,5804.5,5792.5,5802.5,50300,156686
2025-02-04 13:00:00,5803.0,5803.0,5794.5,5798.0,38146,127239
2025-02-04 14:00:00,5798.0,5801.0,5784.5,5786.0,40444,143906
2025-02-04 15:00:00,5785.5,5790.0,5776.5,5780.0,19070,76193
2025-02-05 06:00:00,5787.0,5814.5,5775.0,5813.0,215136,580603
2025-02-05 07:00:00,5813.0,5832.0,5812.0,5830.0,139214,433490
2025-02-05 08:00:00,5830.0,5844.0,5820.0,5822.5,135133,441914
2025-02-05 09:00:00,5822.0,5833.0,5806.0,5829.0,135497,441571
2025-02-05 10:00:00,5829.5,5834.5,5817.0,5825.5,61550,201521
2025-02-05 11:00:00,5825.0,5825.0,5794.0,5797.5,74430,239312
2025-02-05 12:00:00,5797.5,5816.0,5795.5,5815.5,57928,213038
2025-02-05 13:00:00,5815.5,5821.5,5811.5,5819.5,42557,129545
2025-02-05 14:00:00,5819.0,5837.0,5819.0,5833.0,41395,141359
2025-02-05 15:00:00,5833.0,5835.0,5818.0,5818.5,15723,56403
2025-02-06 06:00:00,5830.5,5850.0,5823.5,5826.5,206607,578069
2025-02-06 07:00:00,5827.0,5844.5,5810.0,5811.0,177863,537063
2025-02-06 08:00:00,5811.0,5822.0,5788.0,5805.0,160090,550350
2025-02-06 09:00:00,5804.5,5815.5,5797.5,5800.0,93744,328650
2025-02-06 10:00:00,5800.0,5805.0,5792.0,5799.5,58894,192095
2025-02-06 11:00:00,5800.0,5801.0,5773.5,5783.5,81550,317076
2025-02-06 12:00:00,5784.0,5786.0,5775.0,5781.5,58944,206317
2025-02-06 13:00:00,5781.0,5800.0,5780.5,5790.5,67507,252977
2025-02-06 14:00:00,5790.0,5794.5,5785.5,5788.5,30698,93705
2025-02-06 15:00:00,5788.5,5792.5,5786.5,5786.5,12425,40322
2025-02-07 06:00:00,5796.5,5801.0,5784.5,5793.0,145059,387389
2025-02-07 07:00:00,5793.5,5798.5,5760.0,5769.5,231310,696953
2025-02-07 08:00:00,5769.0,5788.5,5762.0,5769.5,147501,446639
2025-02-07 09:00:00,5770.0,5793.5,5758.0,5780.0,158986,501363
2025-02-07 10:00:00,5779.5,5814.5,5779.0,5808.5,132450,459751
2025-02-07 11:00:00,5808.5,5812.5,5790.5,5800.5,102208,325558
2025-02-07 12:00:00,5800.5,5832.0,5795.5,5826.0,90117,317903
2025-02-07 13:00:00,5826.0,5827.0,5806.5,5815.5,78590,273162
2025-02-07 14:00:00,5815.0,5835.0,5814.5,5832.5,39694,144741
2025-02-07 15:00:00,5833.0,5837.0,5824.5,5830.5,15540,51123
2025-02-10 06:00:00,5831.5,5846.0,5810.0,5811.0,192038,539234
2025-02-10 07:00:00,5811.0,5812.5,5785.5,5801.5,177576,595379
2025-02-10 08:00:00,5801.0,5826.5,5801.0,5812.0,137026,422826
2025-02-10 09:00:00,5812.5,5813.0,5793.5,5797.0,74825,255240
2025-02-10 10:00:00,5797.5,5809.0,5795.5,5797.0,62861,206774
2025-02-10 11:00:00,5797.0,5805.5,5792.0,5799.5,46454,150893
2025-02-10 12:00:00,5799.5,5804.5,5796.0,5804.0,31520,103759
2025-02-10 13:00:00,5804.0,5813.0,5803.5,5806.0,42904,147666
2025-02-10 14:00:00,5806.0,5813.5,5805.5,5809.0,28586,90777
2025-02-10 15:00:00,5808.5,5811.0,5806.5,5810.0,9688,32824
2025-02-11 06:00:00,5818.0,5823.0,5797.0,5809.0,219280,606916
2025-02-11 07:00:00,5809.0,5826.0,5805.0,5807.5,174021,507287
2025-02-11 08:00:00,5807.5,5809.0,5782.0,5794.5,156830,482710
2025-02-11 09:00:00,5795.0,5796.0,5776.0,5783.0,100244,305756
2025-02-11 10:00:00,5783.0,5786.5,5777.5,5781.5,54079,182246
2025-02-11 11:00:00,5781.5,5789.0,5776.0,5787.0,44754,168306
2025-02-11 12:00:00,5787.0,5790.0,5779.5,5787.0,40602,139339
2025-02-11 13:00:00,5786.5,5789.5,5776.5,5786.0,44307,161644
2025-02-11 14:00:00,5786.0,5790.0,5781.0,5784.0,26924,88528
2025-02-11 15:00:00,5783.5,5786.0,5780.5,5781.0,9373,32481
2025-02-12 06:00:00,5787.0,5790.0,5773.5,5786.5,179386,488909
2025-02-12 07:00:00,5787.0,5805.0,5765.5,5783.5,266682,830871
2025-02-12 08:00:00,5783.5,5791.0,5767.5,5784.0,130970,429884
2025-02-12 09:00:00,5784.0,5800.0,5775.0,5784.5,126455,452062
2025-02-12 10:00:00,5784.5,5789.5,5775.0,5777.5,46450,150992
2025-02-12 11:00:00,5777.5,5783.0,5772.0,5774.5,55841,196044
2025-02-12 12:00:00,5774.0,5785.0,5760.0,5776.5,89518,336454
2025-02-12 13:00:00,5776.0,5780.5,5773.0,5779.5,33313,113100
2025-02-12 14:00:00,5780.0,5780.5,5773.0,5777.0,23837,82731
2025-02-12 15:00:00,5777.5,5785.0,5775.5,5780.0,15633,57974
2025-02-13 06:00:00,5775.0,5799.0,5770.5,5785.5,177919,483553
2025-02-13 07:00:00,5785.5,5808.0,5781.0,5805.5,190946,586672
2025-02-13 08:00:00,5805.0,5814.0,5797.5,5801.0,118722,347852
2025-02-13 09:00:00,5801.0,5802.0,5773.5,5774.5,116502,396752
2025-02-13 10:00:00,5774.5,5781.5,5774.0,5777.0,41271,130059
2025-02-13 11:00:00,5777.5,5787.0,5774.5,5787.0,54428,181550
2025-02-13 12:00:00,5787.0,5808.0,5781.0,5793.0,127695,441568
2025-02-13 13:00:00,5793.5,5794.0,5777.5,5781.5,51519,179034
2025-02-13 14:00:00,5782.0,5785.0,5777.0,5782.5,28831,121918
2025-02-13 15:00:00,5782.5,5782.5,5776.0,5776.0,9901,34736
2025-02-14 06:00:00,5778.5,5783.5,5742.0,5752.0,176041,573571
2025-02-14 07:00:00,5752.0,5754.0,5733.0,5743.0,149461,512078
2025-02-14 08:00:00,5743.0,5746.0,5734.5,5735.5,90015,307856
2025-02-14 09:00:00,5735.5,5738.5,5720.0,5733.5,99218,360344
2025-02-14 10:00:00,5734.0,5736.0,5725.5,5727.5,37939,134178
2025-02-14 11:00:00,5727.0,5731.0,5717.0,5729.0,55037,203234
2025-02-14 12:00:00,5728.5,5730.0,5722.0,5727.0,36506,131250
2025-02-14 13:00:00,5727.0,5729.0,5706.5,5709.5,76349,299302
2025-02-14 14:00:00,5710.0,5717.5,5705.0,5712.5,43000,156086
2025-02-14 15:00:00,5712.0,5719.0,5709.0,5718.0,17028,62638
2025-02-17 06:00:00,5724.5,5734.5,5712.0,5721.5,147038,439179
2025-02-17 07:00:00,5721.5,5727.5,5707.5,5717.0,120015,357998
2025-02-17 08:00:00,5717.5,5723.0,5710.5,5718.5,75734,239281
2025-02-17 09:00:00,5718.5,5729.5,5716.0,5727.5,51047,189905
2025-02-17 10:00:00,5728.0,5728.5,5718.0,5722.5,46781,161135
2025-02-17 11:00:00,5722.5,5725.5,5718.5,5720.5,28761,111761
2025-02-17 12:00:00,5720.5,5726.0,5718.5,5722.5,23477,91886
2025-02-17 13:00:00,5723.0,5725.0,5720.0,5724.5,15316,59221
2025-02-17 14:00:00,5724.0,5730.0,5724.0,5725.0,22670,85541
2025-02-17 15:00:00,5725.5,5727.5,5723.0,5725.0,7985,30377
2025-02-18 06:00:00,5724.0,5732.5,5711.5,5716.0,158035,450149
2025-02-18 07:00:00,5716.0,5726.0,5710.5,5723.0,128081,413113
2025-02-18 08:00:00,5723.0,5735.0,5701.0,5703.5,152555,544267
2025-02-18 09:00:00,5703.5,5705.0,5686.0,5689.0,101635,399890
2025-02-18 10:00:00,5689.0,5701.0,5688.5,5698.5,51601,193437
2025-02-18 11:00:00,5698.5,5708.0,5696.5,5706.5,53724,219417
2025-02-18 12:00:00,5706.5,5711.0,5700.0,5702.5,44678,164057
2025-02-18 13:00:00,5702.5,5703.0,5697.0,5699.5,26530,91545
2025-02-18 14:00:00,5699.5,5700.0,5688.5,5695.5,40304,167618
2025-02-18 15:00:00,5695.5,5701.5,5694.0,5699.5,12619,50960
2025-02-19 06:00:00,5712.0,5731.5,5694.0,5728.5,196838,611797
2025-02-19 07:00:00,5728.0,5741.5,5714.0,5715.5,146196,500091
2025-02-19 08:00:00,5715.5,5722.0,5698.0,5700.5,130537,474137
2025-02-19 09:00:00,5700.0,5712.0,5691.0,5705.5,93477,339188
2025-02-19 10:00:00,5705.5,5724.0,5704.5,5723.0,72352,254369
2025-02-19 11:00:00,5723.0,5725.0,5713.0,5720.0,46117,168138
2025-02-19 12:00:00,5720.0,5728.0,5718.0,5724.0,38739,159170
2025-02-19 13:00:00,5724.0,5739.5,5721.5,5734.5,47039,185770
2025-02-19 14:00:00,5734.0,5736.0,5721.5,5730.5,35186,142581
2025-02-19 15:00:00,5730.5,5735.5,5727.0,5731.0,9218,41309
2025-02-20 06:00:00,5712.0,5722.5,5699.5,5706.5,164282,480009
2025-02-20 07:00:00,5706.5,5725.0,5703.5,5720.0,157648,512336
2025-02-20 08:00:00,5719.5,5722.0,5699.0,5702.0,135121,442819
2025-02-20 09:00:00,5702.0,5716.5,5698.0,5706.5,99651,350704
2025-02-20 10:00:00,5706.0,5711.5,5704.0,5706.0,37964,143782
2025-02-20 11:00:00,5706.0,5709.0,5695.0,5702.0,49098,193675
2025-02-20 12:00:00,5702.5,5709.0,5702.0,5708.0,35284,144698
2025-02-20 13:00:00,5708.0,5718.5,5706.5,5713.0,48497,219451
2025-02-20 14:00:00,5713.0,5713.5,5706.5,5711.5,25670,95679
2025-02-20 15:00:00,5712.0,5716.5,5710.0,5713.0,8902,42846
2025-02-21 06:00:00,5711.5,5725.0,5710.5,5715.5,146474,453465
2025-02-21 07:00:00,5715.0,5723.5,5706.0,5709.0,115737,414758
2025-02-21 08:00:00,5709.0,5719.0,5703.5,5708.0,117655,428325
2025-02-21 09:00:00,5708.5,5715.0,5700.5,5705.0,83100,307377
2025-02-21 10:00:00,5705.0,5711.0,5701.5,5705.0,39990,165958
2025-02-21 11:00:00,5704.5,5715.0,5703.5,5709.5,48036,188107
2025-02-21 12:00:00,5710.0,5743.0,5709.5,5738.0,130213,499416
2025-02-21 13:00:00,5737.5,5739.0,5731.0,5737.0,43277,152988
2025-02-21 14:00:00,5736.5,5739.5,5733.0,5737.5,29942,110896
2025-02-21 15:00:00,5737.0,5740.5,5733.5,5739.0,13994,50337
2025-02-24 06:00:00,5724.0,5727.5,5712.5,5716.0,140762,444033
2025-02-24 07:00:00,5715.5,5735.0,5715.5,5729.5,118017,399290
2025-02-24 08:00:00,5729.5,5740.0,5727.0,5737.5,95236,341760
2025-02-24 09:00:00,5737.5,5741.0,5730.0,5736.0,66912,230598
2025-02-24 10:00:00,5736.0,5746.5,5730.5,5738.5,67807,241793
2025-02-24 11:00:00,5738.5,5746.5,5734.5,5740.0,66045,247095
2025-02-24 12:00:00,5740.0,5755.0,5736.0,5753.0,62185,252324
2025-02-24 13:00:00,5753.5,5760.0,5750.5,5759.5,49525,204120
2025-02-24 14:00:00,5759.5,5782.0,5759.0,5779.5,70846,261567
2025-02-24 15:00:00,5780.0,5789.5,5779.0,5782.0,16845,70938
2025-02-25 06:00:00,5768.5,5816.5,5767.5,5812.5,257465,812228
2025-02-25 07:00:00,5812.5,5813.5,5780.0,5784.0,169438,559974
2025-02-25 08:00:00,5784.5,5790.0,5768.5,5779.0,120515,405486
2025-02-25 09:00:00,5779.0,5781.5,5759.0,5762.0,95713,324845
2025-02-25 10:00:00,5761.5,5778.0,5760.0,5771.5,85698,323092
2025-02-25 11:00:00,5771.0,5775.5,5760.0,5762.0,48918,183972
2025-02-25 12:00:00,5762.0,5768.0,5745.0,5751.5,69570,265296
2025-02-25 13:00:00,5751.5,5760.5,5749.5,5756.0,51536,191758
2025-02-25 14:00:00,5755.5,5760.5,5754.0,5755.0,29619,90086
2025-02-25 15:00:00,5755.0,5755.5,5742.0,5742.5,16051,69478
2025-02-26 06:00:00,5742.5,5756.0,5735.0,5745.0,169436,500004
2025-02-26 07:00:00,5744.5,5779.0,5740.5,5777.0,154752,534284
2025-02-26 08:00:00,5776.5,5806.5,5774.0,5801.0,150980,575421
2025-02-26 09:00:00,5801.5,5805.0,5776.5,5781.5,121665,493018
2025-02-26 10:00:00,5782.0,5784.5,5772.0,5781.5,69988,256753
2025-02-26 11:00:00,5781.0,5789.5,5771.5,5785.5,91320,321840
2025-02-26 12:00:00,5786.0,5794.0,5781.5,5792.5,55283,197728
2025-02-26 13:00:00,5792.5,5802.5,5791.0,5802.5,61392,219543
2025-02-26 14:00:00,5802.5,5819.0,5801.5,5812.0,71524,300362
2025-02-26 15:00:00,5811.5,5817.0,5801.0,5804.0,14417,60494
2025-02-27 06:00:00,5819.0,5825.5,5797.5,5808.0,208817,568512
2025-02-27 07:00:00,5807.5,5829.5,5799.5,5825.0,180220,579796
2025-02-27 08:00:00,5825.0,5833.0,5809.0,5831.0,161404,508105
2025-02-27 09:00:00,5830.5,5837.0,5825.0,5830.0,104140,336167
2025-02-27 10:00:00,5830.0,5839.0,5828.5,5830.5,67007,231906
2025-02-27 11:00:00,5830.5,5836.0,5821.5,5828.0,64486,202038
2025-02-27 12:00:00,5828.0,5838.0,5822.5,5824.0,55751,176949
2025-02-27 13:00:00,5824.0,5839.0,5820.0,5830.5,58982,190449
2025-02-27 14:00:00,5831.0,5836.0,5825.0,5832.0,39201,135699
2025-02-27 15:00:00,5832.0,5843.0,5831.0,5833.0,11918,44721
2025-02-28 06:00:00,5867.0,5894.0,5864.0,5875.5,179210,550116
2025-02-28 07:00:00,5875.5,5878.5,5855.0,5868.0,137809,448210
2025-02-28 08:00:00,5867.5,5881.0,5860.0,5875.5,114196,489758
2025-02-28 09:00:00,5876.0,5905.5,5875.0,5902.0,108036,432484
2025-02-28 10:00:00,5902.0,5926.0,5888.5,5916.5,111208,410877
2025-02-28 11:00:00,5916.5,5924.5,5901.5,5918.5,95247,353121
2025-02-28 12:00:00,5918.5,5940.0,5918.5,5937.0,95410,326500
2025-02-28 13:00:00,5937.0,5951.0,5925.0,5948.5,66205,244845
2025-02-28 14:00:00,5948.5,5950.5,5915.5,5918.0,63599,224696
2025-02-28 15:00:00,5917.5,5929.0,5908.0,5912.0,21064,71127
2025-03-05 10:00:00,5871.5,5873.5,5823.5,5838.5,228540,823787
2025-03-05 11:00:00,5839.0,5847.0,5822.5,5823.5,96430,321550
2025-03-05 12:00:00,5823.0,5826.5,5800.0,5805.5,117681,394468
2025-03-05 13:00:00,5805.5,5806.5,5781.5,5786.0,84843,339885
2025-03-05 14:00:00,5785.5,5796.0,5778.0,5787.0,63175,230079
2025-03-05 15:00:00,5787.5,5787.5,5768.0,5771.0,22245,98416
2025-03-06 06:00:00,5781.0,5796.5,5773.5,5774.0,181065,519781
2025-03-06 07:00:00,5774.0,5784.5,5765.0,5769.0,144981,459748
2025-03-06 08:00:00,5769.0,5798.0,5762.0,5788.5,147395,485273
2025-03-06 09:00:00,5788.0,5792.0,5765.0,5782.0,136819,440881
2025-03-06 10:00:00,5782.0,5810.5,5780.0,5808.5,110247,360145
2025-03-06 11:00:00,5808.0,5809.5,5792.0,5799.5,73499,243927
2025-03-06 12:00:00,5799.5,5800.0,5781.0,5789.0,62577,200933
2025-03-06 13:00:00,5789.0,5797.0,5784.5,5789.0,48180,154769
2025-03-06 14:00:00,5789.0,5796.5,5785.0,5793.0,37810,128130
2025-03-06 15:00:00,5793.0,5795.0,5788.0,5794.5,8521,40232
2025-03-07 06:00:00,5788.0,5803.0,5780.5,5796.0,147488,416704
2025-03-07 07:00:00,5796.5,5807.0,5783.0,5799.5,165829,502372
2025-03-07 08:00:00,5799.5,5810.0,5790.0,5800.5,143194,417640
2025-03-07 09:00:00,5800.5,5812.5,5789.5,5793.5,105523,331681
2025-03-07 10:00:00,5793.0,5820.5,5792.0,5814.5,82343,282552
2025-03-07 11:00:00,5814.5,5823.5,5812.0,5820.0,74456,248663
2025-03-07 12:00:00,5819.5,5823.0,5812.0,5822.5,57868,194172
2025-03-07 13:00:00,5822.5,5827.5,5815.5,5816.5,47415,157151
2025-03-07 14:00:00,5816.5,5821.0,5815.5,5817.0,26874,90795
2025-03-07 15:00:00,5817.0,5819.5,5814.0,5814.5,10107,45669
2025-03-10 06:00:00,5818.0,5839.5,5810.0,5826.5,178017,518571
2025-03-10 07:00:00,5827.0,5830.0,5810.0,5815.5,127379,399437
2025-03-10 08:00:00,5815.0,5818.5,5798.0,5804.0,118218,381478
2025-03-10 09:00:00,5804.0,5825.0,5802.0,5823.5,85525,293021
2025-03-10 10:00:00,5823.0,5845.5,5822.5,5842.0,93651,324266
2025-03-10 11:00:00,5842.5,5868.5,5837.5,5866.5,91658,321552
2025-03-10 12:00:00,5866.5,5895.5,5863.0,5892.5,112723,430960
2025-03-10 13:00:00,5892.5,5899.0,5877.0,5880.5,84532,299076
2025-03-10 14:00:00,5880.5,5889.0,5875.0,5882.5,35233,114768
2025-03-10 15:00:00,5882.0,5884.5,5880.5,5880.5,5460,26303
2025-03-11 06:00:00,5864.0,5873.5,5855.5,5864.5,173088,496420
2025-03-11 07:00:00,5864.0,5867.0,5847.0,5852.0,161923,506262
2025-03-11 08:00:00,5852.0,5870.0,5849.5,5865.0,141846,468208
2025-03-11 09:00:00,5865.0,5865.5,5844.5,5850.0,78702,277156
2025-03-11 10:00:00,5850.0,5858.5,5846.0,5857.5,52620,186873
2025-03-11 11:00:00,5858.0,5867.0,5855.0,5856.0,70674,236357
2025-03-11 12:00:00,5856.0,5859.5,5831.5,5833.0,85906,295066
2025-03-11 13:00:00,5833.0,5839.5,5828.0,5835.0,54765,200044
2025-03-11 14:00:00,5835.5,5841.0,5833.0,5835.5,22841,84380
2025-03-11 15:00:00,5835.5,5837.5,5829.5,5834.0,4963,26222
2025-03-12 06:00:00,5836.0,5867.5,5824.0,5867.0,202975,620929
2025-03-12 07:00:00,5867.0,5870.0,5829.5,5833.5,159734,519670
2025-03-12 08:00:00,5834.0,5855.0,5830.0,5846.0,114325,373135
2025-03-12 09:00:00,5846.5,5851.5,5836.0,5844.0,61248,197280
2025-03-12 10:00:00,5844.5,5847.5,5835.0,5841.0,42285,131164
2025-03-12 11:00:00,5841.0,5847.0,5825.5,5832.0,56356,187416
2025-03-12 12:00:00,5831.5,5833.0,5808.0,5824.0,104246,406952
2025-03-12 13:00:00,5824.0,5831.5,5822.0,5830.5,46402,149984
2025-03-12 14:00:00,5830.5,5831.0,5818.5,5821.5,26763,86973
2025-03-12 15:00:00,5821.5,5827.5,5821.0,5827.0,5375,24647
2025-03-13 06:00:00,5843.5,5846.5,5831.5,5836.0,145915,426098
2025-03-13 07:00:00,5836.0,5858.0,5831.5,5847.5,139234,427024
2025-03-13 08:00:00,5848.0,5849.0,5826.5,5829.5,110294,363823
2025-03-13 09:00:00,5829.0,5833.5,5817.0,5826.0,76388,267271
2025-03-13 10:00:00,5825.5,5830.0,5821.0,5823.0,36526,118447
2025-03-13 11:00:00,5823.0,5834.0,5818.0,5833.5,46165,180309
2025-03-13 12:00:00,5833.5,5833.5,5825.0,5831.5,32416,116883
2025-03-13 13:00:00,5832.0,5832.0,5813.5,5819.5,46095,179347
2025-03-13 14:00:00,5819.0,5826.5,5819.0,5822.0,21697,98263
2025-03-13 15:00:00,5822.5,5823.5,5819.0,5823.0,5365,20319
2025-03-14 06:00:00,5810.0,5812.0,5776.0,5779.0,185319,570196
2025-03-14 07:00:00,5779.0,5782.0,5757.0,5761.5,164908,578867
2025-03-14 08:00:00,5761.5,5767.5,5746.5,5752.5,135267,473487
2025-03-14 09:00:00,5753.0,5757.0,5741.5,5750.0,67169,223738
2025-03-14 10:00:00,5750.5,5753.0,5734.5,5736.5,65420,231939
2025-03-14 11:00:00,5736.5,5751.5,5732.0,5750.0,67459,250197
2025-03-14 12:00:00,5750.5,5762.0,5744.0,5757.5,71010,257172
2025-03-14 13:00:00,5757.0,5765.0,5752.0,5765.0,51206,180097
2025-03-14 14:00:00,5764.5,5770.5,5759.0,5762.5,31827,126420
2025-03-14 15:00:00,5762.5,5766.5,5761.0,5766.0,6424,24207
2025-03-17 06:00:00,5756.0,5761.0,5718.0,5725.0,170776,515810
2025-03-17 07:00:00,5725.5,5744.5,5723.5,5743.5,132841,424241
2025-03-17 08:00:00,5743.5,5746.0,5720.0,5724.5,118605,386170
2025-03-17 09:00:00,5725.0,5725.5,5702.5,5705.0,93584,346319
2025-03-17 10:00:00,5705.5,5710.0,5698.5,5702.5,62908,255983
2025-03-17 11:00:00,5703.0,5712.5,5699.0,5712.0,48123,185584
2025-03-17 12:00:00,5712.0,5712.5,5684.5,5685.5,74129,258153
2025-03-17 13:00:00,5686.0,5704.5,5683.5,5703.0,60494,221247
2025-03-17 14:00:00,5703.0,5706.0,5697.0,5701.0,27724,102494
2025-03-17 15:00:00,5701.5,5706.0,5699.5,5705.0,6430,25821
2025-03-18 06:00:00,5719.0,5730.5,5706.5,5706.5,183370,547228
2025-03-18 07:00:00,5706.5,5710.5,5695.5,5707.5,155422,473638
2025-03-18 08:00:00,5708.0,5716.0,5701.0,5704.5,101456,339510
2025-03-18 09:00:00,5704.5,5707.5,5684.5,5687.5,93487,329744
2025-03-18 10:00:00,5687.5,5689.0,5671.0,5683.5,84693,299544
2025-03-18 11:00:00,5683.5,5686.5,5675.5,5681.0,55591,192719
2025-03-18 12:00:00,5681.0,5686.0,5678.0,5683.0,41178,138989
2025-03-18 13:00:00,5683.0,5690.5,5682.5,5688.5,36309,118014
2025-03-18 14:00:00,5688.5,5690.0,5685.0,5686.5,18564,63269
2025-03-18 15:00:00,5687.0,5689.0,5681.5,5689.0,6874,26004
2025-03-19 06:00:00,5698.5,5704.5,5684.0,5698.5,155550,451232
2025-03-19 07:00:00,5698.5,5699.0,5686.5,5693.0,111343,367099
2025-03-19 08:00:00,5693.0,5695.0,5668.5,5674.0,115464,410329
2025-03-19 09:00:00,5673.5,5675.5,5662.0,5662.0,71654,269505
2025-03-19 10:00:00,5662.0,5672.0,5660.0,5669.5,54371,207388
2025-03-19 11:00:00,5669.5,5678.5,5669.0,5674.5,44531,172712
2025-03-19 12:00:00,5674.0,5675.0,5645.5,5649.0,104699,361812
2025-03-19 13:00:00,5648.5,5666.0,5646.0,5661.5,73310,254263
2025-03-19 14:00:00,5661.0,5664.5,5655.5,5662.5,27164,93104
2025-03-19 15:00:00,5663.0,5665.0,5658.0,5663.0,5830,23390
2025-03-20 06:00:00,5675.0,5675.5,5661.5,5669.0,139981,398043
2025-03-20 07:00:00,5669.0,5692.0,5660.0,5684.5,176464,561471
2025-03-20 08:00:00,5684.0,5690.0,5677.5,5679.0,99816,330557
2025-03-20 09:00:00,5679.5,5694.0,5673.0,5686.5,78854,276236
2025-03-20 10:00:00,5686.5,5695.0,5678.0,5685.0,59592,221802
2025-03-20 11:00:00,5685.5,5686.0,5673.0,5676.5,49751,181063
2025-03-20 12:00:00,5677.0,5688.0,5667.0,5685.5,69656,264272
2025-03-20 13:00:00,5685.5,5690.5,5676.5,5689.0,48499,174499
2025-03-20 14:00:00,5689.5,5694.0,5680.5,5693.5,31658,120499
2025-03-20 15:00:00,5693.0,5695.0,5688.0,5688.5,6040,28927
2025-03-21 06:00:00,5699.5,5733.0,5692.5,5729.5,207961,662227
2025-03-21 07:00:00,5729.5,5742.0,5724.0,5736.5,135214,451332
2025-03-21 08:00:00,5736.5,5743.5,5732.5,5742.0,88863,300937
2025-03-21 09:00:00,5741.5,5745.5,5733.0,5735.5,67267,260382
2025-03-21 10:00:00,5735.5,5736.0,5717.5,5718.5,66993,250752
2025-03-21 11:00:00,5718.5,5731.5,5715.0,5726.0,60642,211858
2025-03-21 12:00:00,5726.0,5733.0,5723.0,5733.0,41798,142478
2025-03-21 13:00:00,5732.5,5733.0,5724.0,5726.0,27142,94096
2025-03-21 14:00:00,5726.0,5742.5,5725.5,5739.5,32216,124424
2025-03-21 15:00:00,5739.5,5748.0,5738.5,5738.5,8675,39330
2025-03-24 06:00:00,5722.5,5781.5,5711.5,5765.5,207926,699138
2025-03-24 07:00:00,5765.5,5770.0,5731.0,5745.0,151517,513735
2025-03-24 08:00:00,5745.5,5753.0,5732.5,5749.0,97339,324178
2025-03-24 09:00:00,5749.0,5751.0,5737.0,5738.5,53308,181760
2025-03-24 10:00:00,5738.5,5744.5,5733.5,5739.5,39899,149585
2025-03-24 11:00:00,5739.5,5759.0,5736.0,5757.5,58628,221182
2025-03-24 12:00:00,5757.5,5770.0,5755.5,5761.0,73231,276061
2025-03-24 13:00:00,5761.0,5764.5,5759.0,5760.5,30588,103934
2025-03-24 14:00:00,5760.0,5774.5,5760.0,5774.0,29282,114773
2025-03-24 15:00:00,5773.5,5774.0,5769.0,5769.5,8124,29459
2025-03-25 06:00:00,5761.0,5761.5,5733.0,5736.5,180985,528942
2025-03-25 07:00:00,5736.0,5742.5,5713.5,5715.5,154108,519899
2025-03-25 08:00:00,5715.0,5719.5,5688.5,5689.5,143590,552480
2025-03-25 09:00:00,5689.5,5697.0,5684.5,5691.0,72055,268928
2025-03-25 10:00:00,5691.0,5708.0,5688.5,5705.5,61928,262521
2025-03-25 11:00:00,5705.5,5714.0,5696.5,5701.0,68586,263107
2025-03-25 12:00:00,5701.0,5704.0,5691.0,5704.0,48583,174273
2025-03-25 13:00:00,5704.0,5716.0,5701.0,5714.0,44032,153033
2025-03-25 14:00:00,5714.0,5719.0,5705.5,5706.0,35972,132309
2025-03-25 15:00:00,5706.5,5709.5,5705.0,5706.0,7153,26344
2025-03-26 06:00:00,5711.0,5734.0,5699.0,5729.0,164285,497509
2025-03-26 07:00:00,5729.0,5742.5,5724.5,5733.5,152687,523266
2025-03-26 08:00:00,5734.0,5738.5,5722.5,5733.0,85369,276342
2025-03-26 09:00:00,5733.0,5747.5,5729.0,5743.0,81926,296862
2025-03-26 10:00:00,5743.0,5752.5,5735.0,5738.0,60024,231157
2025-03-26 11:00:00,5737.5,5750.5,5737.0,5745.0,53138,176963
2025-03-26 12:00:00,5745.0,5745.5,5734.0,5737.5,45215,161943
2025-03-26 13:00:00,5737.5,5742.0,5731.5,5738.0,39323,155476
2025-03-26 14:00:00,5738.5,5744.0,5735.0,5741.0,22938,103481
2025-03-26 15:00:00,5741.5,5744.0,5739.0,5742.0,7987,28002
2025-03-27 06:00:00,5729.0,5764.5,5726.0,5762.0,177995,543635
2025-03-27 07:00:00,5762.0,5775.5,5753.0,5755.0,134928,462464
2025-03-27 08:00:00,5754.5,5760.5,5731.5,5745.0,139732,467637
2025-03-27 09:00:00,5744.5,5748.5,5735.0,5738.5,63272,228582
2025-03-27 10:00:00,5739.0,5743.0,5737.0,5742.0,37793,138404
2025-03-27 11:00:00,5741.5,5769.0,5736.0,5753.5,58364,234192
2025-03-27 12:00:00,5753.5,5757.5,5743.5,5756.0,60510,224106
2025-03-27 13:00:00,5756.0,5767.0,5752.0,5761.5,49857,180544
2025-03-27 14:00:00,5762.0,5762.5,5747.0,5750.0,29101,105658
2025-03-27 15:00:00,5750.0,5751.5,5742.0,5744.5,6021,27593
2025-03-28 06:00:00,5750.5,5780.0,5749.5,5770.0,173737,550786
2025-03-28 07:00:00,5770.0,5780.0,5756.0,5757.5,157601,489003
2025-03-28 08:00:00,5757.5,5784.0,5755.0,5770.5,136452,464412
2025-03-28 09:00:00,5770.0,5772.5,5756.5,5769.5,70908,247590
2025-03-28 10:00:00,5769.5,5775.0,5767.5,5771.0,39980,136013
2025-03-28 11:00:00,5770.5,5773.0,5757.0,5759.0,74957,281462
2025-03-28 12:00:00,5759.5,5763.5,5748.0,5758.5,70230,258647
2025-03-28 13:00:00,5759.0,5764.5,5758.5,5763.0,27866,102022
2025-03-28 14:00:00,5763.0,5768.0,5760.0,5762.5,20907,71335
2025-03-28 15:00:00,5763.0,5765.0,5759.0,5759.5,4760,18374
2025-03-31 06:00:00,5797.0,5817.0,5784.5,5789.5,200132,556156
2025-03-31 07:00:00,5789.5,5794.5,5765.0,5772.5,165166,567245
2025-03-31 08:00:00,5773.0,5786.5,5753.0,5758.0,128568,468226
2025-03-31 09:00:00,5758.0,5773.0,5757.5,5772.5,69233,268636
2025-03-31 10:00:00,5772.5,5773.0,5750.0,5754.0,63009,234213
2025-03-31 11:00:00,5754.5,5757.5,5748.5,5753.5,37960,133580
2025-03-31 12:00:00,5753.0,5754.5,5732.5,5744.0,67792,255070
2025-03-31 13:00:00,5743.5,5747.5,5733.0,5738.0,53384,207132
2025-03-31 14:00:00,5738.0,5740.0,5733.0,5737.0,24347,97444
2025-03-31 15:00:00,5737.0,5737.5,5730.0,5731.0,8381,35569
2025-04-01 06:00:00,5744.0,5757.5,5733.0,5756.5,167113,469495
2025-04-01 07:00:00,5756.5,5762.0,5738.0,5749.0,153941,475838
2025-04-01 08:00:00,5748.5,5753.0,5719.0,5721.5,147578,480409
2025-04-01 09:00:00,5721.5,5724.5,5710.5,5718.0,84887,299585
2025-04-01 10:00:00,5718.0,5722.0,5702.0,5716.5,76349,265705
2025-04-01 11:00:00,5716.0,5723.0,5711.0,5714.5,46953,169517
2025-04-01 12:00:00,5715.0,5717.5,5709.0,5711.0,44135,172090
2025-04-01 13:00:00,5711.0,5716.0,5709.0,5711.5,31507,107876
2025-04-01 14:00:00,5711.5,5716.0,5709.5,5711.0,16505,68191
2025-04-01 15:00:00,5711.5,5714.0,5709.0,5711.0,6997,27585
2025-04-02 06:00:00,5710.0,5715.0,5691.0,5711.5,192811,544280
2025-04-02 07:00:00,5711.5,5720.5,5688.0,5715.0,180379,554044
2025-04-02 08:00:00,5715.0,5742.0,5713.5,5729.5,146450,492415
2025-04-02 09:00:00,5729.0,5738.5,5717.5,5728.0,88249,300820
2025-04-02 10:00:00,5728.0,5729.5,5717.0,5718.5,50665,168940
2025-04-02 11:00:00,5718.5,5730.0,5713.5,5722.5,54656,193908
2025-04-02 12:00:00,5722.5,5723.0,5711.0,5720.0,52135,180045
2025-04-02 13:00:00,5720.0,5727.0,5716.5,5724.0,32340,107950
2025-04-02 14:00:00,5724.0,5738.0,5675.0,5690.5,190312,542338
2025-04-02 15:00:00,5691.0,5724.0,5690.0,5719.5,10091,46084
2025-04-03 06:00:00,5652.5,5672.0,5633.5,5663.0,255821,803685
2025-04-03 07:00:00,5663.0,5668.0,5625.0,5640.0,213052,644735
2025-04-03 08:00:00,5640.0,5640.0,5619.5,5622.5,144129,440450
2025-04-03 09:00:00,5622.5,5641.0,5620.0,5630.0,111299,340512
2025-04-03 10:00:00,5629.5,5638.5,5625.5,5633.0,61210,193267
2025-04-03 11:00:00,5633.0,5645.0,5631.0,5644.5,56359,176422
2025-04-03 12:00:00,5644.0,5653.0,5637.5,5645.0,72346,213509
2025-04-03 13:00:00,5645.0,5657.0,5643.0,5655.0,48412,136917
2025-04-03 14:00:00,5655.0,5660.5,5653.0,5656.0,35902,119892
2025-04-03 15:00:00,5656.0,5663.0,5654.0,5661.5,6043,31455
2025-04-04 06:00:00,5726.5,5779.5,5724.0,5762.0,300246,913605
2025-04-04 07:00:00,5761.5,5816.0,5752.5,5809.5,217280,700643
2025-04-04 08:00:00,5809.5,5848.5,5800.0,5838.5,197666,663081
2025-04-04 09:00:00,5838.0,5849.0,5810.0,5829.5,180903,537169
2025-04-04 10:00:00,5829.5,5851.0,5825.5,5834.0,91271,301907
2025-04-04 11:00:00,5834.5,5867.5,5831.0,5848.0,132755,436804
2025-04-04 12:00:00,5848.5,5869.5,5842.5,5866.0,104684,334085
2025-04-04 13:00:00,5866.0,5872.0,5853.0,5864.0,74707,213555
2025-04-04 14:00:00,5864.0,5879.5,5857.5,5869.0,52864,178350
2025-04-04 15:00:00,5869.0,5884.5,5867.5,5883.0,10227,41984
2025-04-07 06:00:00,5905.0,5924.5,5881.5,5890.0,285747,892331
2025-04-07 07:00:00,5890.0,5933.0,5882.0,5910.5,224242,699963
2025-04-07 08:00:00,5911.0,5924.0,5839.5,5900.0,319066,867936
2025-04-07 09:00:00,5900.0,5957.0,5886.5,5949.0,181650,537146
2025-04-07 10:00:00,5949.5,5958.5,5939.0,5946.0,89669,260807
2025-04-07 11:00:00,5945.5,5945.5,5912.0,5918.0,119682,360337
2025-04-07 12:00:00,5918.0,5943.0,5911.0,5941.5,93464,286444
2025-04-07 13:00:00,5941.5,5942.5,5927.0,5934.5,67305,181609
2025-04-07 14:00:00,5934.5,5943.5,5930.0,5938.5,28672,81865
2025-04-07 15:00:00,5938.5,5940.0,5934.5,5937.0,5148,23418
2025-04-08 06:00:00,5898.5,5924.0,5883.5,5919.0,208816,624611
2025-04-08 07:00:00,5919.0,5932.5,5893.0,5914.0,190939,597344
2025-04-08 08:00:00,5913.5,5980.0,5908.0,5968.0,188554,664299
2025-04-08 09:00:00,5967.5,6012.5,5965.5,6011.0,179262,602422
2025-04-08 10:00:00,6011.0,6022.0,5994.5,6014.0,154032,486697
2025-04-08 11:00:00,6014.5,6025.0,5997.0,5998.0,117409,360018
2025-04-08 12:00:00,5998.0,6013.5,5992.0,6007.0,109136,329823
2025-04-08 13:00:00,6007.5,6027.5,5999.5,6019.5,90074,264007
2025-04-08 14:00:00,6019.5,6042.0,6015.5,6034.0,50824,171019
2025-04-08 15:00:00,6034.0,6040.0,6032.0,6037.0,10710,35355
2025-04-09 06:00:00,6049.5,6117.5,6047.5,6103.0,294128,867758
2025-04-09 07:00:00,6102.5,6107.5,6050.5,6062.0,268418,809656
2025-04-09 08:00:00,6062.0,6092.5,6055.0,6083.0,201635,575472
2025-04-09 09:00:00,6082.5,6092.0,6058.0,6075.0,139660,471767
2025-04-09 10:00:00,6074.5,6075.5,6031.0,6035.5,120470,409674
2025-04-09 11:00:00,6035.5,6053.5,5888.0,5905.0,311304,932008
2025-04-09 12:00:00,5905.0,5909.0,5862.0,5880.0,147951,436531
2025-04-09 13:00:00,5880.0,5888.5,5848.0,5866.5,90816,294817
2025-04-09 14:00:00,5866.0,5869.0,5839.0,5842.5,44582,143437
2025-04-09 15:00:00,5842.5,5844.5,5836.0,5844.0,6612,25567
2025-04-10 06:00:00,5879.5,5904.0,5842.5,5900.5,262503,730700
2025-04-10 07:00:00,5901.0,5930.0,5895.5,5920.5,220937,651394
2025-04-10 08:00:00,5920.5,5946.0,5909.0,5942.0,163273,499540
2025-04-10 09:00:00,5942.0,5974.5,5933.5,5962.5,135784,447750
2025-04-10 10:00:00,5962.0,5975.0,5946.0,5953.5,113475,342227
2025-04-10 11:00:00,5953.5,5956.0,5911.0,5919.0,120495,362577
2025-04-10 12:00:00,5918.5,5950.0,5904.0,5912.5,127790,402598
2025-04-10 13:00:00,5912.5,5929.0,5906.0,5917.5,85395,249544
2025-04-10 14:00:00,5918.0,5920.0,5901.5,5904.5,33018,106008
2025-04-10 15:00:00,5905.0,5907.0,5898.5,5898.5,5142,21527
2025-04-11 06:00:00,5843.0,5889.0,5833.0,5868.5,279539,773594
2025-04-11 07:00:00,5868.0,5935.5,5868.0,5901.0,273914,831090
2025-04-11 08:00:00,5900.5,5930.0,5885.0,5907.5,170633,506470
2025-04-11 09:00:00,5907.0,5914.0,5893.0,5895.0,101834,287175
2025-04-11 10:00:00,5895.0,5904.0,5875.5,5898.0,105639,313291
2025-04-11 11:00:00,5898.0,5903.5,5866.5,5875.5,113376,341357
2025-04-11 12:00:00,5876.0,5899.0,5871.0,5889.5,77079,209199
2025-04-11 13:00:00,5890.0,5892.5,5881.5,5885.0,46749,118452
2025-04-11 14:00:00,5885.5,5890.0,5877.0,5882.0,27786,80229
2025-04-11 15:00:00,5882.0,5884.0,5876.0,5881.0,4929,25031
2025-04-14 06:00:00,5859.5,5870.5,5851.0,5869.5,205891,509168
2025-04-14 07:00:00,5869.5,5873.5,5842.0,5850.0,187417,516984
2025-04-14 08:00:00,5850.0,5860.0,5841.5,5856.0,113612,325024
2025-04-14 09:00:00,5856.0,5886.5,5851.0,5879.0,119994,357088
2025-04-14 10:00:00,5879.0,5888.5,5865.5,5868.0,81571,218444
2025-04-14 11:00:00,5868.0,5879.5,5858.0,5875.5,77343,227426
2025-04-14 12:00:00,5876.0,5876.0,5863.5,5867.5,45315,135749
2025-04-14 13:00:00,5867.5,5872.0,5861.0,5866.0,35251,113408
2025-04-14 14:00:00,5865.5,5872.0,5860.5,5869.5,22158,81397
2025-04-14 15:00:00,5870.0,5875.0,5867.5,5874.5,3819,15136
2025-04-15 06:00:00,5870.0,5878.5,5845.0,5873.0,214972,601331
2025-04-15 07:00:00,5873.0,5887.5,5863.5,5876.0,160733,473872
2025-04-15 08:00:00,5876.0,5906.5,5872.0,5889.5,164348,501452
2025-04-15 09:00:00,5889.5,5909.5,5888.5,5894.0,88330,256679
2025-04-15 10:00:00,5894.0,5915.5,5893.5,5908.0,76100,236758
2025-04-15 11:00:00,5908.0,5915.0,5900.5,5903.5,55373,168854
2025-04-15 12:00:00,5904.0,5911.0,5899.5,5908.0,56195,185064
2025-04-15 13:00:00,5907.5,5909.0,5899.5,5902.5,34907,104369
2025-04-15 14:00:00,5902.5,5902.5,5896.0,5899.0,18367,68810
2025-04-15 15:00:00,5898.5,5899.0,5888.0,5890.0,4906,26172
2025-04-16 06:00:00,5880.0,5923.5,5875.0,5916.5,216565,634299
2025-04-16 07:00:00,5917.0,5929.0,5891.0,5894.5,185495,540642
2025-04-16 08:00:00,5894.0,5898.5,5883.0,5896.0,133990,409355
2025-04-16 09:00:00,5895.5,5897.5,5868.0,5874.5,102295,338300
2025-04-16 10:00:00,5874.5,5881.5,5868.0,5871.0,61233,195024
2025-04-16 11:00:00,5871.0,5888.5,5865.0,5885.0,84970,262155
2025-04-16 12:00:00,5885.5,5885.5,5866.0,5869.5,74718,217932
2025-04-16 13:00:00,5869.5,5884.0,5869.0,5878.5,48244,139123
2025-04-16 14:00:00,5878.0,5882.5,5871.0,5879.5,23167,73773
2025-04-16 15:00:00,5879.5,5885.0,5878.5,5878.5,4594,18005
2025-04-17 06:00:00,5885.5,5899.5,5873.0,5879.5,192205,540372
2025-04-17 07:00:00,5880.0,5894.5,5864.0,5869.0,165489,501207
2025-04-17 08:00:00,5869.0,5882.0,5860.0,5869.5,104670,307058
2025-04-17 09:00:00,5869.5,5872.5,5840.0,5842.0,96147,347141
2025-04-17 10:00:00,5842.0,5847.5,5811.0,5815.0,131454,436766
2025-04-17 11:00:00,5815.5,5831.0,5811.0,5817.0,74731,244527
2025-04-17 12:00:00,5817.0,5822.0,5807.0,5811.5,63166,196350
2025-04-17 13:00:00,5811.5,5822.5,5810.0,5817.0,37902,114627
2025-04-17 14:00:00,5817.0,5820.0,5809.5,5818.0,23009,77564
2025-04-17 15:00:00,5818.0,5825.5,5817.0,5824.0,5496,24304
2025-04-22 06:00:00,5804.0,5810.5,5779.5,5781.5,169493,504190
2025-04-22 07:00:00,5781.5,5784.5,5763.5,5765.5,153666,469107
2025-04-22 08:00:00,5766.0,5774.5,5759.5,5761.0,111852,349927
2025-04-22 09:00:00,5761.0,5763.0,5743.5,5751.0,91627,313946
2025-04-22 10:00:00,5751.0,5751.5,5732.5,5737.0,78724,249909
2025-04-22 11:00:00,5737.0,5753.5,5735.0,5745.5,78423,250109
2025-04-22 12:00:00,5746.0,5747.0,5726.5,5730.0,70823,246269
2025-04-22 13:00:00,5730.0,5736.5,5727.5,5736.5,42089,148485
2025-04-22 14:00:00,5736.5,5741.0,5731.0,5734.0,28066,122715
2025-04-22 15:00:00,5734.5,5735.0,5725.5,5730.5,6183,26400
2025-04-23 06:00:00,5708.0,5716.5,5683.0,5692.5,218339,659483
2025-04-23 07:00:00,5692.0,5699.0,5664.0,5685.0,210274,678440
2025-04-23 08:00:00,5684.5,5707.5,5672.5,5700.5,156746,473338
2025-04-23 09:00:00,5701.0,5718.5,5695.5,5703.5,106288,347562
2025-04-23 10:00:00,5703.5,5715.0,5700.0,5715.0,61093,193904
2025-04-23 11:00:00,5714.5,5729.0,5709.0,5714.5,80374,262645
2025-04-23 12:00:00,5714.0,5722.0,5710.0,5716.5,58045,200503
2025-04-23 13:00:00,5716.5,5735.0,5715.0,5723.5,56278,194108
2025-04-23 14:00:00,5723.5,5726.5,5713.0,5716.0,26117,99876
2025-04-23 15:00:00,5715.5,5718.5,5709.0,5710.0,5330,23158
2025-04-24 06:00:00,5711.0,5711.0,5675.0,5684.5,200808,596477
2025-04-24 07:00:00,5684.5,5697.0,5669.0,5682.0,193176,612452
2025-04-24 08:00:00,5682.5,5698.0,5677.5,5682.0,130907,443197
2025-04-24 09:00:00,5682.5,5684.5,5667.5,5677.5,85372,290625
2025-04-24 10:00:00,5677.5,5692.0,5671.0,5682.5,86095,286893
2025-04-24 11:00:00,5682.0,5688.5,5677.5,5688.5,47386,144861
2025-04-24 12:00:00,5688.5,5691.0,5682.0,5689.0,45967,149743
2025-04-24 13:00:00,5689.0,5699.0,5687.0,5699.0,38927,126375
2025-04-24 14:00:00,5699.0,5699.5,5686.0,5689.0,24947,99618
2025-04-24 15:00:00,5689.5,5691.0,5684.0,5688.5,4652,22445
2025-04-25 06:00:00,5705.5,5712.0,5684.0,5690.0,209930,574763
2025-04-25 07:00:00,5690.0,5704.0,5681.5,5687.0,152730,488599
2025-04-25 08:00:00,5687.0,5697.0,5681.0,5681.5,100223,317138
2025-04-25 09:00:00,5681.0,5696.0,5680.0,5685.5,69594,237918
2025-04-25 10:00:00,5685.5,5692.5,5669.0,5674.5,75724,250341
2025-04-25 11:00:00,5674.5,5692.0,5674.5,5687.5,62127,207396
2025-04-25 12:00:00,5687.5,5695.0,5684.0,5690.0,46797,168874
2025-04-25 13:00:00,5690.0,5694.0,5685.5,5693.5,34383,102050
2025-04-25 14:00:00,5693.5,5696.5,5687.0,5688.5,21639,78250
2025-04-25 15:00:00,5689.0,5694.0,5686.0,5691.5,5240,20962
2025-04-28 06:00:00,5700.0,5702.5,5665.0,5669.0,187874,533308
2025-04-28 07:00:00,5669.0,5674.0,5652.5,5652.5,166461,556656
2025-04-28 08:00:00,5652.5,5678.0,5650.0,5677.0,125357,435574
2025-04-28 09:00:00,5676.5,5689.5,5673.0,5680.0,95398,390532
2025-04-28 10:00:00,5679.5,5690.5,5677.5,5681.0,52595,185645
2025-04-28 11:00:00,5681.5,5688.0,5664.0,5668.5,76479,269773
2025-04-28 12:00:00,5668.5,5669.0,5652.0,5653.5,63904,228157
2025-04-28 13:00:00,5653.0,5658.5,5648.5,5649.5,44376,159603
2025-04-28 14:00:00,5649.5,5658.0,5648.0,5656.5,22063,81331
2025-04-28 15:00:00,5656.5,5658.5,5651.5,5657.0,7120,24991
2025-04-29 06:00:00,5661.5,5664.0,5639.0,5646.5,193512,528341
2025-04-29 07:00:00,5646.5,5660.0,5644.5,5653.5,169514,513539
2025-04-29 08:00:00,5653.5,5657.0,5638.5,5647.5,118086,376886
2025-04-29 09:00:00,5647.5,5649.5,5620.5,5634.5,122316,398384
2025-04-29 10:00:00,5634.0,5639.5,5628.5,5636.0,51788,163254
2025-04-29 11:00:00,5636.5,5641.0,5627.5,5634.0,51157,165396
2025-04-29 12:00:00,5634.5,5638.5,5628.0,5633.5,41861,137372
2025-04-29 13:00:00,5633.5,5638.0,5631.0,5631.0,36862,118840
2025-04-29 14:00:00,5631.5,5634.0,5620.5,5621.5,21411,78993
2025-04-29 15:00:00,5621.5,5622.0,5614.0,5615.5,9594,40801
2025-04-30 06:00:00,5663.0,5674.5,5644.5,5672.5,212323,609340
2025-04-30 07:00:00,5673.0,5718.0,5667.0,5711.0,211409,715660
2025-04-30 08:00:00,5710.5,5717.5,5699.0,5701.0,117687,432423
2025-04-30 09:00:00,5701.0,5708.0,5692.0,5701.0,101433,374541
2025-04-30 10:00:00,5701.0,5727.0,5697.0,5722.5,79117,300456
2025-04-30 11:00:00,5722.5,5726.5,5713.0,5716.5,57523,204976
2025-04-30 12:00:00,5716.5,5718.5,5701.0,5704.0,70606,248275
2025-04-30 13:00:00,5704.5,5722.0,5700.0,5715.0,55779,193550
2025-04-30 14:00:00,5715.5,5722.0,5710.5,5714.5,30857,108877
2025-04-30 15:00:00,5715.0,5720.0,5709.0,5710.5,5618,30124
2025-05-02 06:00:00,5710.0,5715.0,5677.5,5684.0,210752,605410
2025-05-02 07:00:00,5684.0,5684.5,5664.0,5670.0,145806,442349
2025-05-02 08:00:00,5670.0,5683.0,5664.5,5671.5,113253,355326
2025-05-02 09:00:00,5671.0,5693.5,5670.0,5686.5,76679,238520
2025-05-02 10:00:00,5686.0,5696.0,5680.0,5692.5,55948,171186
2025-05-02 11:00:00,5693.0,5699.5,5687.0,5691.5,46663,150024
2025-05-02 12:00:00,5691.5,5694.0,5686.0,5691.5,36318,139504
2025-05-02 13:00:00,5691.5,5696.0,5688.0,5693.0,26624,89069
2025-05-02 14:00:00,5692.5,5696.0,5688.0,5695.5,19454,77248
2025-05-02 15:00:00,5695.0,5698.0,5691.0,5695.0,5138,25895
2025-05-05 06:00:00,5691.5,5691.5,5664.5,5671.5,163668,495177
2025-05-05 07:00:00,5672.0,5683.0,5669.0,5678.5,121768,388266
2025-05-05 08:00:00,5678.5,5693.0,5677.0,5691.0,101277,352912
2025-05-05 09:00:00,5691.0,5704.0,5689.5,5702.5,86407,276774
2025-05-05 10:00:00,5703.0,5721.0,5700.0,5720.0,76896,263091
2025-05-05 11:00:00,5720.5,5721.0,5713.0,5719.0,37463,134996
2025-05-05 12:00:00,5719.5,5726.5,5716.0,5724.0,47434,166427
2025-05-05 13:00:00,5723.5,5726.5,5720.0,5725.5,35882,131022
2025-05-05 14:00:00,5725.5,5726.5,5721.5,5724.0,18467,74011
2025-05-05 15:00:00,5724.5,5739.5,5723.5,5733.0,9196,43474
2025-05-06 06:00:00,5733.0,5747.5,5726.5,5739.5,224906,665123
2025-05-06 07:00:00,5739.5,5772.0,5739.0,5765.0,170596,572473
2025-05-06 08:00:00,5765.0,5767.5,5750.5,5752.5,123448,446172
2025-05-06 09:00:00,5752.0,5757.0,5740.0,5755.0,92400,322315
2025-05-06 10:00:00,5755.0,5762.0,5742.0,5746.0,84606,274865
2025-05-06 11:00:00,5745.5,5747.0,5733.0,5735.0,58475,196624
2025-05-06 12:00:00,5734.5,5746.0,5730.5,5742.0,54114,189294
2025-05-06 13:00:00,5741.5,5745.5,5737.5,5745.0,32794,116425
2025-05-06 14:00:00,5744.5,5757.5,5743.5,5748.0,28690,108151
2025-05-06 15:00:00,5748.0,5751.0,5744.0,5749.5,5831,25184
2025-05-07 06:00:00,5740.0,5762.5,5730.0,5762.0,198586,564573
2025-05-07 07:00:00,5762.5,5775.0,5758.5,5774.5,143761,464404
2025-05-07 08:00:00,5774.5,5776.5,5760.0,5771.5,110987,366950
2025-05-07 09:00:00,5772.0,5780.5,5761.5,5777.0,92960,328716
2025-05-07 10:00:00,5777.0,5782.5,5770.5,5773.5,51981,171618
2025-05-07 11:00:00,5773.0,5779.0,5767.5,5775.5,47237,169027
2025-05-07 12:00:00,5775.5,5786.5,5767.0,5779.0,93140,287341
2025-05-07 13:00:00,5779.0,5795.5,5775.5,5777.0,83014,268715
2025-05-07 14:00:00,5776.5,5781.5,5771.5,5778.0,28351,114598
2025-05-07 15:00:00,5778.0,5780.0,5770.5,5772.5,4743,25505
2025-05-08 06:00:00,5752.0,5780.5,5728.5,5732.5,256875,800871
2025-05-08 07:00:00,5732.5,5734.5,5712.0,5714.5,154347,505623
2025-05-08 08:00:00,5714.5,5720.0,5702.0,5708.5,111397,400620
2025-05-08 09:00:00,5708.5,5712.5,5692.5,5712.5,93877,331546
2025-05-08 10:00:00,5712.5,5719.0,5701.5,5707.0,66295,242777
2025-05-08 11:00:00,5707.0,5715.0,5705.5,5713.5,38503,124394
2025-05-08 12:00:00,5713.0,5715.0,5706.5,5707.5,45837,157090
2025-05-08 13:00:00,5707.0,5709.5,5692.5,5693.0,54304,202560
2025-05-08 14:00:00,5693.0,5703.0,5691.5,5694.0,33758,143727
2025-05-08 15:00:00,5693.5,5696.0,5689.5,5690.5,9164,38181
2025-05-09 06:00:00,5697.5,5698.5,5675.0,5686.0,191122,541968
2025-05-09 07:00:00,5685.5,5698.0,5681.0,5684.5,146552,454516
2025-05-09 08:00:00,5684.5,5689.0,5674.5,5675.5,99070,344299
2025-05-09 09:00:00,5675.0,5686.0,5666.5,5673.5,86048,301348
2025-05-09 10:00:00,5673.5,5681.5,5672.0,5677.0,44671,170017
2025-05-09 11:00:00,5677.5,5685.5,5676.5,5680.5,40736,141914
2025-05-09 12:00:00,5681.0,5682.5,5670.0,5679.5,46355,183840
2025-05-09 13:00:00,5679.0,5685.5,5679.0,5684.0,33050,132075
2025-05-09 14:00:00,5683.5,5685.5,5680.5,5684.5,17127,69105
2025-05-09 15:00:00,5684.5,5685.0,5670.5,5679.0,6768,34815
2025-05-12 06:00:00,5700.0,5725.0,5689.0,5702.5,223592,649261
2025-05-12 07:00:00,5702.5,5710.5,5687.0,5703.5,166712,503984
2025-05-12 08:00:00,5704.0,5722.5,5699.5,5710.0,131312,456593
2025-05-12 09:00:00,5710.0,5719.0,5707.0,5711.0,66017,237436
2025-05-12 10:00:00,5711.5,5720.0,5708.0,5719.0,41850,149822
2025-05-12 11:00:00,5719.5,5728.5,5717.0,5727.0,45066,149092
2025-05-12 12:00:00,5726.5,5733.0,5717.0,5719.5,62507,220280
2025-05-12 13:00:00,5719.5,5720.5,5704.5,5709.0,54731,208820
2025-05-12 14:00:00,5709.0,5712.0,5701.5,5702.0,24449,92012
2025-05-12 15:00:00,5702.0,5702.5,5695.5,5697.5,6175,30776
2025-05-13 06:00:00,5686.5,5699.0,5662.5,5663.0,207996,624046
2025-05-13 07:00:00,5663.5,5668.0,5646.5,5659.0,195096,623452
2025-05-13 08:00:00,5659.0,5665.5,5647.5,5653.5,117093,427832
2025-05-13 09:00:00,5653.5,5654.0,5624.5,5627.5,117298,457107
2025-05-13 10:00:00,5627.5,5639.5,5624.5,5634.0,65100,247326
2025-05-13 11:00:00,5634.5,5642.0,5630.0,5636.0,52997,203457
2025-05-13 12:00:00,5635.5,5637.5,5619.0,5621.0,67814,279233
2025-05-13 13:00:00,5621.0,5632.0,5619.5,5632.0,45508,189631
2025-05-13 14:00:00,5632.0,5634.0,5628.0,5633.0,25283,111908
2025-05-13 15:00:00,5633.0,5638.5,5631.5,5638.5,7406,31805
2025-05-14 06:00:00,5627.0,5639.0,5604.5,5618.0,258230,760186
2025-05-14 07:00:00,5618.0,5635.0,5617.0,5623.5,172793,570530
2025-05-14 08:00:00,5624.0,5639.5,5617.5,5636.0,125588,400529
2025-05-14 09:00:00,5636.0,5643.0,5625.5,5635.5,95111,313188
2025-05-14 10:00:00,5635.5,5639.0,5630.5,5633.0,44013,152069
2025-05-14 11:00:00,5633.0,5647.0,5633.0,5639.5,51054,183606
2025-05-14 12:00:00,5639.0,5658.0,5638.5,5644.0,69163,271087
2025-05-14 13:00:00,5644.0,5655.0,5643.5,5654.5,41477,145868
2025-05-14 14:00:00,5655.0,5661.0,5653.5,5660.0,21672,87635
2025-05-14 15:00:00,5660.0,5665.0,5658.0,5662.5,6657,30591
2025-05-15 06:00:00,5654.0,5660.0,5635.0,5641.5,182889,531739
2025-05-15 07:00:00,5642.0,5650.0,5635.5,5649.5,156757,496029
2025-05-15 08:00:00,5649.5,5668.0,5641.5,5666.0,134526,442413
2025-05-15 09:00:00,5666.0,5673.5,5658.0,5659.0,87307,297316
2025-05-15 10:00:00,5658.5,5663.0,5654.5,5655.5,57475,201186
2025-05-15 11:00:00,5655.5,5712.0,5655.5,5699.5,132177,475335
2025-05-15 12:00:00,5699.5,5719.0,5679.5,5702.5,125004,453622
2025-05-15 13:00:00,5702.5,5713.5,5700.0,5701.0,53609,181395
2025-05-15 14:00:00,5700.5,5707.0,5694.0,5703.5,27466,93050
2025-05-15 15:00:00,5703.5,5708.5,5701.0,5703.0,6152,25716
2025-05-16 06:00:00,5693.0,5728.0,5688.5,5715.5,224984,663757
2025-05-16 07:00:00,5715.5,5733.0,5708.0,5709.0,153742,475095
2025-05-16 08:00:00,5709.0,5722.5,5704.5,5716.5,102317,355201
2025-05-16 09:00:00,5716.5,5718.5,5697.0,5697.5,83255,298190
2025-05-16 10:00:00,5697.5,5699.0,5687.0,5694.0,54691,198674
2025-05-16 11:00:00,5694.5,5698.5,5691.0,5696.5,42706,153664
2025-05-16 12:00:00,5697.0,5697.0,5680.0,5689.0,57881,207585
2025-05-16 13:00:00,5689.5,5689.5,5680.0,5687.5,32047,121635
2025-05-16 14:00:00,5687.5,5690.5,5680.5,5682.5,18844,78170
2025-05-16 15:00:00,5683.0,5688.5,5680.5,5688.0,5122,23942
2025-05-19 06:00:00,5676.5,5708.5,5672.0,5699.0,181739,543525
2025-05-19 07:00:00,5699.0,5704.5,5676.5,5679.5,205611,550743
2025-05-19 08:00:00,5679.5,5685.5,5666.5,5670.0,151847,423511
2025-05-19 09:00:00,5670.0,5670.0,5650.0,5660.5,111372,361613
2025-05-19 10:00:00,5660.5,5664.0,5654.0,5663.5,38250,125288
2025-05-19 11:00:00,5663.0,5668.5,5658.0,5664.0,45457,153241
2025-05-19 12:00:00,5664.0,5667.5,5660.5,5661.5,31595,99120
2025-05-19 13:00:00,5662.0,5673.0,5658.5,5671.5,48526,176146
2025-05-19 14:00:00,5671.5,5672.5,5665.0,5668.5,20739,81797
2025-05-19 15:00:00,5669.0,5669.5,5663.0,5663.0,5079,23744
2025-05-20 06:00:00,5662.5,5679.5,5657.5,5667.0,226153,649017
2025-05-20 07:00:00,5666.5,5684.5,5657.5,5678.5,177300,617973
2025-05-20 08:00:00,5678.5,5690.5,5671.5,5683.0,117934,402075
2025-05-20 09:00:00,5682.5,5688.0,5673.0,5685.0,87457,326056
2025-05-20 10:00:00,5685.0,5689.5,5679.0,5682.0,46272,170891
2025-05-20 11:00:00,5682.0,5689.0,5680.5,5684.0,39511,144198
2025-05-20 12:00:00,5684.0,5698.5,5682.5,5695.0,54364,215894
2025-05-20 13:00:00,5695.5,5695.5,5680.5,5682.5,46831,168405
2025-05-20 14:00:00,5682.5,5686.0,5680.5,5683.0,16697,62311
2025-05-20 15:00:00,5682.5,5685.0,5676.5,5676.5,4607,25946
2025-05-21 06:00:00,5683.0,5691.0,5663.0,5670.5,206397,602494
2025-05-21 07:00:00,5670.5,5682.0,5668.0,5669.0,124753,392446
2025-05-21 08:00:00,5669.5,5675.5,5657.5,5660.0,101444,335966
2025-05-21 09:00:00,5660.0,5677.5,5659.0,5672.5,71253,247824
2025-05-21 10:00:00,5672.0,5672.5,5665.0,5666.5,35481,126669
2025-05-21 11:00:00,5666.5,5679.5,5659.0,5670.0,98533,350317
2025-05-21 12:00:00,5670.0,5673.0,5663.5,5668.5,40354,145640
2025-05-21 13:00:00,5669.0,5671.5,5652.5,5653.0,56231,202938
2025-05-21 14:00:00,5653.0,5660.0,5652.5,5658.0,20947,81184
2025-05-21 15:00:00,5658.5,5659.5,5655.0,5657.5,5070,22376
2025-05-22 06:00:00,5660.5,5691.0,5659.0,5668.5,239271,686690
2025-05-22 07:00:00,5668.5,5668.5,5648.5,5654.0,169412,570753
2025-05-22 08:00:00,5654.0,5660.5,5645.0,5646.5,107288,381194
2025-05-22 09:00:00,5647.0,5648.5,5624.5,5631.0,103055,419977
2025-05-22 10:00:00,5631.0,5639.0,5626.5,5638.0,49199,185003
2025-05-22 11:00:00,5638.0,5643.0,5604.5,5612.0,126747,510152
2025-05-22 12:00:00,5612.5,5665.0,5611.5,5664.5,132325,519641
2025-05-22 13:00:00,5664.0,5674.5,5639.0,5670.0,109382,381216
2025-05-22 14:00:00,5669.5,5728.0,5665.5,5725.5,98862,455029
2025-05-22 15:00:00,5726.0,5783.5,5724.5,5765.0,32076,164685
2025-05-23 06:00:00,5740.0,5748.5,5690.0,5704.0,284245,893859
2025-05-23 07:00:00,5703.5,5752.5,5699.5,5715.5,210209,687300
2025-05-23 08:00:00,5715.0,5718.5,5687.5,5691.0,117045,362281
2025-05-23 09:00:00,5691.0,5697.0,5679.0,5696.5,77300,263236
2025-05-23 10:00:00,5696.0,5697.0,5676.5,5686.5,61517,192574
2025-05-23 11:00:00,5686.5,5688.0,5672.5,5678.0,46120,145060
2025-05-23 12:00:00,5678.0,5680.0,5659.5,5660.5,62413,221952
2025-05-23 13:00:00,5661.0,5663.5,5652.5,5653.0,53313,185225
2025-05-23 14:00:00,5653.0,5657.0,5650.5,5654.0,26301,87579
2025-05-23 15:00:00,5653.5,5664.0,5653.0,5659.5,6545,32756
2025-05-26 06:00:00,5650.0,5669.0,5642.0,5666.0,154675,422276
2025-05-26 07:00:00,5665.5,5673.0,5653.0,5663.5,121604,340739
2025-05-26 08:00:00,5663.0,5678.0,5659.0,5671.5,80731,254576
2025-05-26 09:00:00,5672.0,5682.5,5667.0,5681.0,44178,137231
2025-05-26 10:00:00,5681.0,5681.5,5672.0,5673.5,31357,115653
2025-05-26 11:00:00,5673.0,5677.0,5670.0,5676.0,28620,100103
2025-05-26 12:00:00,5676.0,5686.0,5674.0,5680.0,34024,123407
2025-05-26 13:00:00,5680.0,5684.5,5677.5,5682.0,17794,59413
2025-05-26 14:00:00,5682.0,5683.0,5672.5,5676.0,14174,50594
2025-05-26 15:00:00,5676.0,5677.0,5669.0,5669.0,4218,17813
2025-05-27 06:00:00,5665.0,5676.5,5648.5,5660.0,198048,593316
2025-05-27 07:00:00,5660.0,5677.0,5653.5,5663.5,148654,461949
2025-05-27 08:00:00,5663.0,5673.5,5654.0,5659.0,109846,398698
2025-05-27 09:00:00,5659.0,5666.5,5652.0,5656.5,67653,227843
2025-05-27 10:00:00,5657.0,5668.0,5653.0,5666.5,42972,174319
2025-05-27 11:00:00,5667.0,5668.0,5654.0,5658.5,41684,134980
2025-05-27 12:00:00,5659.0,5660.0,5645.5,5649.5,60043,199964
2025-05-27 13:00:00,5649.0,5655.5,5647.5,5650.0,33598,106353
2025-05-27 14:00:00,5650.0,5653.0,5640.0,5647.0,23986,92052
2025-05-27 15:00:00,5646.5,5647.5,5641.5,5643.0,4960,20069
2025-05-28 06:00:00,5653.0,5670.0,5647.0,5669.0,154724,465480
2025-05-28 07:00:00,5669.5,5690.0,5667.0,5684.0,187802,616803
2025-05-28 08:00:00,5684.0,5702.5,5683.0,5699.5,117519,369606
2025-05-28 09:00:00,5700.0,5714.0,5696.0,5713.0,91821,316809
2025-05-28 10:00:00,5713.0,5721.0,5706.0,5709.5,80658,276716
2025-05-28 11:00:00,5709.5,5712.0,5691.5,5698.0,70130,256073
2025-05-28 12:00:00,5698.0,5703.5,5684.5,5692.0,70626,249835
2025-05-28 13:00:00,5691.5,5700.5,5686.0,5698.0,40976,142216
2025-05-28 14:00:00,5698.0,5701.0,5689.0,5691.5,21905,90609
2025-05-28 15:00:00,5691.5,5694.0,5688.5,5694.0,4345,19410
2025-05-29 06:00:00,5700.5,5706.0,5666.0,5666.5,198687,567843
2025-05-29 07:00:00,5666.5,5680.0,5661.0,5668.5,161644,485476
2025-05-29 08:00:00,5668.5,5669.0,5645.5,5647.5,125207,433603
2025-05-29 09:00:00,5648.0,5656.5,5645.0,5654.0,65891,235771
2025-05-29 10:00:00,5654.0,5656.5,5650.0,5654.5,39030,138707
2025-05-29 11:00:00,5655.0,5663.5,5652.5,5663.0,64612,220538
2025-05-29 12:00:00,5663.5,5663.5,5655.5,5658.0,42435,142391
2025-05-29 13:00:00,5658.5,5671.0,5657.0,5668.0,39953,144813
2025-05-29 14:00:00,5668.0,5677.5,5667.0,5669.5,23197,96785
2025-05-29 15:00:00,5669.0,5671.0,5664.5,5668.5,5494,25151
2025-05-30 06:00:00,5707.0,5729.0,5696.0,5715.0,208748,595457
2025-05-30 07:00:00,5715.0,5754.0,5711.0,5753.5,149209,517874
2025-05-30 08:00:00,5753.5,5777.5,5744.5,5769.0,143708,567787
2025-05-30 09:00:00,5768.5,5771.0,5747.5,5757.0,89441,358065
2025-05-30 10:00:00,5757.0,5760.5,5748.0,5749.0,49586,176482
2025-05-30 11:00:00,5748.5,5753.5,5744.0,5752.5,44484,144111
2025-05-30 12:00:00,5752.5,5755.5,5743.0,5749.0,50672,183388
2025-05-30 13:00:00,5748.5,5761.0,5748.5,5758.0,40125,150989
2025-05-30 14:00:00,5758.5,5761.5,5750.5,5760.0,22127,100832
2025-05-30 15:00:00,5760.0,5770.0,5760.0,5769.0,7274,34700
2025-06-02 06:00:00,5737.5,5745.0,5712.0,5712.5,205286,597110
2025-06-02 07:00:00,5713.0,5727.5,5701.5,5720.0,163374,499536
2025-06-02 08:00:00,5720.0,5732.5,5713.0,5724.5,112109,362499
2025-06-02 09:00:00,5724.5,5743.0,5721.0,5742.0,83329,260146
2025-06-02 10:00:00,5741.5,5745.0,5730.5,5736.5,59596,186031
2025-06-02 11:00:00,5737.0,5743.0,5732.0,5733.5,42465,134740
2025-06-02 12:00:00,5733.5,5736.0,5716.0,5718.0,54469,176182
2025-06-02 13:00:00,5717.5,5722.0,5709.0,5710.0,41403,139461
2025-06-02 14:00:00,5709.5,5713.0,5707.5,5709.5,25076,98483
2025-06-02 15:00:00,5709.0,5714.0,5708.5,5713.5,4402,20915
2025-06-03 06:00:00,5714.0,5745.0,5705.0,5743.0,162916,515629
2025-06-03 07:00:00,5743.0,5743.5,5713.5,5724.0,180520,556912
2025-06-03 08:00:00,5724.5,5731.5,5675.5,5677.5,184266,651075
2025-06-03 09:00:00,5678.0,5692.0,5675.0,5679.5,78043,255794
2025-06-03 10:00:00,5680.0,5686.5,5675.0,5676.5,44937,161729
2025-06-03 11:00:00,5676.0,5677.0,5666.5,5671.0,52889,173792
2025-06-03 12:00:00,5671.0,5679.5,5658.5,5673.0,83971,293321
2025-06-03 13:00:00,5673.0,5680.0,5668.0,5670.0,45304,161178
2025-06-03 14:00:00,5670.0,5674.0,5666.0,5672.5,25400,88863
2025-06-03 15:00:00,5672.5,5675.5,5668.5,5672.0,5724,27064
2025-06-04 06:00:00,5670.0,5670.5,5641.5,5656.0,209191,568588
2025-06-04 07:00:00,5656.0,5672.0,5653.5,5669.0,141681,447328
2025-06-04 08:00:00,5668.5,5674.5,5648.5,5659.0,129910,409260
2025-06-04 09:00:00,5659.5,5676.5,5659.5,5671.0,72131,232991
2025-06-04 10:00:00,5671.5,5678.5,5668.0,5670.0,54503,185135
2025-06-04 11:00:00,5670.0,5675.5,5665.0,5672.5,52298,188724
2025-06-04 12:00:00,5673.0,5680.0,5670.0,5678.0,38235,136931
2025-06-04 13:00:00,5678.0,5684.0,5673.0,5675.0,37996,134724
2025-06-04 14:00:00,5675.0,5676.5,5664.0,5667.5,31468,125756
2025-06-04 15:00:00,5668.0,5669.5,5662.0,5662.0,5304,23969
2025-06-05 06:00:00,5665.0,5668.5,5635.5,5643.5,209132,603215
2025-06-05 07:00:00,5643.5,5644.0,5619.0,5626.0,190025,637562
2025-06-05 08:00:00,5626.5,5639.0,5621.0,5627.5,122532,430722
2025-06-05 09:00:00,5627.5,5633.5,5620.0,5622.5,68957,248678
2025-06-05 10:00:00,5622.5,5628.0,5611.5,5618.0,75429,284329
2025-06-05 11:00:00,5618.5,5621.0,5608.0,5616.5,59063,204434
2025-06-05 12:00:00,5616.0,5625.5,5615.0,5618.0,48348,172028
2025-06-05 13:00:00,5618.5,5624.5,5614.0,5616.5,38364,140096
2025-06-05 14:00:00,5616.5,5620.0,5612.5,5618.5,23232,94814
2025-06-05 15:00:00,5619.0,5619.5,5611.0,5613.0,6825,29254
2025-06-06 06:00:00,5624.0,5627.0,5591.5,5608.5,248319,717445
2025-06-06 07:00:00,5608.5,5634.0,5606.5,5621.0,172587,539174
2025-06-06 08:00:00,5620.5,5640.0,5610.5,5638.0,116557,384238
2025-06-06 09:00:00,5638.0,5645.5,5625.5,5626.5,91039,304916
2025-06-06 10:00:00,5626.5,5626.5,5601.0,5609.5,72458,265983
2025-06-06 11:00:00,5609.5,5613.0,5595.5,5610.5,62893,220065
2025-06-06 12:00:00,5611.0,5614.5,5588.5,5592.5,78609,276457
2025-06-06 13:00:00,5593.0,5598.0,5587.5,5597.5,38612,127011
2025-06-06 14:00:00,5598.0,5598.5,5585.5,5587.5,24713,96269
2025-06-06 15:00:00,5587.5,5593.0,5585.0,5592.0,7047,31146
2025-06-09 06:00:00,5596.5,5606.0,5577.5,5596.0,197024,554503
2025-06-09 07:00:00,5596.0,5624.5,5590.5,5611.0,170798,534643
2025-06-09 08:00:00,5611.0,5618.0,5603.5,5612.0,103150,311174
2025-06-09 09:00:00,5612.0,5612.5,5594.0,5602.0,78195,254294
2025-06-09 10:00:00,5601.5,5607.5,5596.5,5601.0,46785,148415
2025-06-09 11:00:00,5601.0,5604.0,5595.5,5599.5,33453,109183
2025-06-09 12:00:00,5600.0,5601.0,5580.5,5583.5,64751,212075
2025-06-09 13:00:00,5584.0,5593.0,5582.0,5587.5,46441,149178
2025-06-09 14:00:00,5588.0,5588.0,5583.0,5584.5,12929,61953
2025-06-09 15:00:00,5584.0,5587.0,5583.5,5584.0,5688,26619
2025-06-10 06:00:00,5581.5,5595.5,5568.5,5576.0,219093,687818
2025-06-10 07:00:00,5576.5,5584.5,5567.5,5576.0,119215,367195
2025-06-10 08:00:00,5576.5,5587.5,5561.5,5584.0,133744,477318
2025-06-10 09:00:00,5584.5,5589.0,5575.0,5588.5,63906,206381
2025-06-10 10:00:00,5588.5,5598.0,5582.0,5583.0,59902,201557
2025-06-10 11:00:00,5582.5,5593.0,5581.5,5590.0,41600,133192
2025-06-10 12:00:00,5590.5,5601.0,5588.5,5597.0,42218,140521
2025-06-10 13:00:00,5597.5,5600.0,5590.5,5592.0,43834,138810
2025-06-10 14:00:00,5591.5,5600.0,5588.5,5597.5,24957,87809
2025-06-10 15:00:00,5597.0,5599.0,5592.5,5592.5,4507,20682
2025-06-11 06:00:00,5591.0,5602.0,5562.5,5575.0,232483,689022
2025-06-11 07:00:00,5574.5,5585.0,5560.0,5560.5,166149,549228
2025-06-11 08:00:00,5560.5,5567.5,5552.0,5564.5,120078,439932
2025-06-11 09:00:00,5564.5,5566.5,5546.5,5549.5,81196,305023
2025-06-11 10:00:00,5550.0,5555.5,5542.5,5552.0,61034,216255
2025-06-11 11:00:00,5552.0,5554.5,5548.0,5552.0,33023,113212
2025-06-11 12:00:00,5552.0,5567.5,5551.0,5560.5,59681,200055
2025-06-11 13:00:00,5560.5,5567.0,5559.0,5559.0,35002,127366
2025-06-11 14:00:00,5559.5,5561.5,5555.5,5557.5,17943,90688
2025-06-11 15:00:00,5557.5,5560.0,5556.5,5560.0,5780,24071
2025-06-12 06:00:00,5550.0,5562.5,5544.5,5550.0,205139,595917
2025-06-12 07:00:00,5550.0,5561.0,5546.0,5554.5,125509,397607
2025-06-12 08:00:00,5554.5,5579.0,5549.0,5566.5,102373,365458
2025-06-12 09:00:00,5566.5,5576.5,5558.0,5565.5,76651,290062
2025-06-12 10:00:00,5565.5,5579.5,5563.0,5573.0,46852,167959
2025-06-12 11:00:00,5573.0,5575.0,5563.5,5564.5,37738,132478
2025-06-12 12:00:00,5564.0,5566.0,5557.0,5563.0,43020,194167
2025-06-12 13:00:00,5563.0,5566.5,5560.0,5563.0,28301,103536
2025-06-12 14:00:00,5562.5,5563.0,5555.5,5557.5,20203,86622
2025-06-12 15:00:00,5557.0,5558.0,5552.0,5553.0,5142,25423
2025-06-13 06:00:00,5587.0,5599.5,5576.0,5595.5,175906,562466
2025-06-13 07:00:00,5596.0,5612.0,5580.0,5585.5,192932,625526
2025-06-13 08:00:00,5585.5,5589.5,5563.5,5569.5,119416,410614
2025-06-13 09:00:00,5570.0,5576.5,5554.5,5563.5,85918,298503
2025-06-13 10:00:00,5563.5,5571.0,5560.0,5562.0,45634,158219
2025-06-13 11:00:00,5562.5,5566.0,5556.0,5559.5,47042,171678
2025-06-13 12:00:00,5560.0,5569.5,5551.0,5552.5,55758,247395
2025-06-13 13:00:00,5552.5,5560.0,5548.5,5558.0,38557,172243
2025-06-13 14:00:00,5558.0,5563.0,5556.5,5561.0,21224,92479
2025-06-13 15:00:00,5561.5,5569.5,5561.0,5569.0,5832,27108
2025-06-16 06:00:00,5543.0,5553.5,5525.0,5534.5,164054,524351
2025-06-16 07:00:00,5534.5,5552.0,5516.5,5517.5,176162,547601
2025-06-16 08:00:00,5518.0,5526.0,5512.5,5519.5,96022,350419
2025-06-16 09:00:00,5519.0,5536.0,5518.5,5533.5,90029,325384
2025-06-16 10:00:00,5533.5,5534.0,5521.5,5526.0,43296,158488
2025-06-16 11:00:00,5525.5,5529.0,5514.5,5517.0,47201,179316
2025-06-16 12:00:00,5517.0,5518.0,5507.0,5513.0,65059,247396
2025-06-16 13:00:00,5513.0,5513.5,5500.5,5502.0,49971,210617
2025-06-16 14:00:00,5502.5,5510.0,5501.0,5507.0,28757,133520
2025-06-16 15:00:00,5507.5,5508.0,5498.0,5498.5,8564,39842
2025-06-17 06:00:00,5508.0,5520.0,5498.5,5505.0,195088,561058
2025-06-17 07:00:00,5505.0,5505.5,5481.5,5483.0,163425,549749
2025-06-17 08:00:00,5483.0,5507.0,5480.0,5500.0,137732,487798
2025-06-17 09:00:00,5500.0,5502.0,5489.5,5490.0,68190,238341
2025-06-17 10:00:00,5490.0,5505.0,5483.0,5502.5,79283,299957
2025-06-17 11:00:00,5502.0,5517.5,5495.5,5515.0,85312,333730
2025-06-17 12:00:00,5515.0,5521.0,5505.5,5516.0,66478,240057
2025-06-17 13:00:00,5516.0,5518.5,5507.0,5510.0,48705,172933
2025-06-17 14:00:00,5510.5,5516.5,5509.0,5513.5,17956,76589
2025-06-17 15:00:00,5514.0,5514.5,5507.5,5507.5,5335,25216
2025-06-18 06:00:00,5506.0,5524.5,5491.0,5516.0,196659,616447
2025-06-18 07:00:00,5516.0,5517.0,5488.0,5497.5,145586,485358
2025-06-18 08:00:00,5497.0,5502.0,5488.0,5495.0,91943,304280
2025-06-18 09:00:00,5495.0,5509.0,5494.5,5505.5,60819,212351
2025-06-18 10:00:00,5506.0,5522.0,5503.5,5521.0,61184,214194
2025-06-18 11:00:00,5520.5,5521.0,5508.0,5510.0,48180,173537
2025-06-18 12:00:00,5510.0,5521.0,5500.0,5518.5,82637,296702
2025-06-18 13:00:00,5518.5,5519.5,5507.5,5513.5,49509,164387
2025-06-18 14:00:00,5513.0,5514.5,5503.0,5504.5,18499,88117
2025-06-18 15:00:00,5504.5,5506.0,5493.0,5496.0,5871,33765
2025-06-20 06:00:00,5483.0,5509.5,5480.0,5507.0,156930,475553
2025-06-20 07:00:00,5507.0,5508.5,5486.5,5498.0,127378,388626
2025-06-20 08:00:00,5498.5,5516.5,5490.5,5514.0,111517,399568
2025-06-20 09:00:00,5513.5,5525.0,5511.0,5515.0,89382,307538
2025-06-20 10:00:00,5515.0,5524.0,5509.5,5522.5,54943,182862
2025-06-20 11:00:00,5522.0,5527.5,5514.5,5524.5,43862,151036
2025-06-20 12:00:00,5524.0,5535.0,5524.0,5534.0,49265,161815
2025-06-20 13:00:00,5534.5,5538.0,5531.5,5536.5,33855,110733
2025-06-20 14:00:00,5536.5,5537.0,5522.5,5524.0,34439,124512
2025-06-20 15:00:00,5523.0,5530.5,5521.5,5527.0,6418,33518
2025-06-23 06:00:00,5545.5,5552.5,5528.5,5530.0,201750,620358
2025-06-23 07:00:00,5530.5,5540.5,5520.0,5537.5,147920,462066
2025-06-23 08:00:00,5538.0,5542.0,5515.5,5522.0,131634,430234
2025-06-23 09:00:00,5522.0,5526.0,5505.0,5525.5,97917,351948
2025-06-23 10:00:00,5525.5,5534.0,5518.0,5530.0,81494,291045
2025-06-23 11:00:00,5530.0,5531.0,5510.5,5519.5,72931,248044
2025-06-23 12:00:00,5520.0,5522.0,5509.0,5510.5,49072,170987
2025-06-23 13:00:00,5510.5,5516.5,5509.5,5512.5,27988,96866
2025-06-23 14:00:00,5512.5,5513.0,5503.0,5505.5,26456,107236
2025-06-23 15:00:00,5505.0,5506.0,5501.0,5505.0,6668,29598
2025-06-24 06:00:00,5482.0,5509.5,5482.0,5503.5,194244,630415
2025-06-24 07:00:00,5504.0,5513.0,5499.5,5510.5,124580,400174
2025-06-24 08:00:00,5510.5,5510.5,5482.0,5502.0,150246,541081
2025-06-24 09:00:00,5502.5,5511.5,5493.0,5505.5,83779,300588
2025-06-24 10:00:00,5505.5,5516.0,5504.5,5512.5,53834,210988
2025-06-24 11:00:00,5513.0,5515.5,5502.0,5512.5,46168,186997
2025-06-24 12:00:00,5512.0,5530.0,5508.5,5528.0,63858,262307
2025-06-24 13:00:00,5528.0,5528.5,5517.0,5525.0,51039,184346
2025-06-24 14:00:00,5525.0,5530.0,5516.0,5518.0,25601,112394
2025-06-24 15:00:00,5517.5,5525.0,5517.0,5519.5,5978,28514
2025-06-25 06:00:00,5517.5,5553.5,5515.0,5533.0,206161,641903
2025-06-25 07:00:00,5533.5,5551.0,5530.0,5544.5,150488,473347
2025-06-25 08:00:00,5545.0,5558.0,5542.5,5549.0,114606,429929
2025-06-25 09:00:00,5549.0,5579.0,5548.0,5564.0,109051,405484
2025-06-25 10:00:00,5563.5,5564.0,5536.0,5541.0,70497,265564
2025-06-25 11:00:00,5541.0,5551.0,5540.0,5549.5,52101,190100
2025-06-25 12:00:00,5549.0,5557.0,5547.5,5556.5,49876,186129
2025-06-25 13:00:00,5556.5,5564.5,5555.0,5562.0,44551,160526
2025-06-25 14:00:00,5561.5,5570.0,5558.0,5568.5,28807,127902
2025-06-25 15:00:00,5568.5,5569.0,5562.0,5562.0,5540,27192
2025-06-26 06:00:00,5552.0,5567.0,5540.0,5541.0,199944,633474
2025-06-26 07:00:00,5541.0,5543.5,5514.0,5519.0,175132,584873
2025-06-26 08:00:00,5519.0,5524.0,5507.0,5510.0,114241,368569
2025-06-26 09:00:00,5510.0,5516.0,5505.0,5509.0,86006,295363
2025-06-26 10:00:00,5508.5,5514.5,5499.0,5503.0,65022,207209
2025-06-26 11:00:00,5503.5,5506.0,5494.5,5499.5,54912,195495
2025-06-26 12:00:00,5499.5,5503.5,5496.0,5498.0,44079,161630
2025-06-26 13:00:00,5498.0,5510.5,5498.0,5502.0,53584,179507
2025-06-26 14:00:00,5502.0,5505.0,5490.5,5492.0,31514,182707
2025-06-26 15:00:00,5491.5,5492.5,5411.5,5483.0,18815,113632
2025-06-27 06:00:00,5489.5,5494.0,5461.5,5470.5,196943,645641
2025-06-27 07:00:00,5471.0,5495.0,5468.0,5493.5,175086,525141
2025-06-27 08:00:00,5493.0,5507.0,5488.0,5489.0,131476,450652
2025-06-27 09:00:00,5489.5,5490.5,5473.5,5483.0,103478,378772
2025-06-27 10:00:00,5483.5,5484.5,5466.5,5470.0,62313,229926
2025-06-27 11:00:00,5470.5,5497.0,5468.0,5486.5,77533,289645
2025-06-27 12:00:00,5486.5,5498.5,5483.5,5490.5,62062,234004
2025-06-27 13:00:00,5490.0,5493.0,5483.5,5484.5,40677,139898
2025-06-27 14:00:00,5485.0,5490.5,5481.5,5487.5,19532,78403
2025-06-27 15:00:00,5487.5,5488.0,5479.5,5482.0,5809,25664
2025-06-30 06:00:00,5525.5,5547.5,5513.5,5515.5,181403,538851
2025-06-30 07:00:00,5516.0,5526.5,5505.0,5514.0,153591,521097
2025-06-30 08:00:00,5514.0,5522.5,5496.5,5497.5,132337,488546
2025-06-30 09:00:00,5497.5,5501.5,5465.0,5468.5,126088,550603
2025-06-30 10:00:00,5468.0,5484.5,5468.0,5478.0,60813,232572
2025-06-30 11:00:00,5478.0,5482.5,5474.0,5477.5,43271,156013
2025-06-30 12:00:00,5477.5,5477.5,5466.5,5468.5,56969,213812
2025-06-30 13:00:00,5468.5,5478.0,5468.0,5476.5,38870,152602
2025-06-30 14:00:00,5476.5,5478.0,5472.0,5474.5,18173,91644
2025-06-30 15:00:00,5474.0,5475.0,5468.5,5473.5,5895,33493
2025-07-01 06:00:00,5467.5,5479.0,5457.5,5478.0,190384,587909
2025-07-01 07:00:00,5478.0,5494.5,5473.0,5485.5,156894,518308
2025-07-01 08:00:00,5485.5,5499.0,5485.5,5491.0,102865,330204
2025-07-01 09:00:00,5491.0,5509.0,5488.5,5499.0,82450,281426
2025-07-01 10:00:00,5499.5,5504.0,5491.0,5492.5,49272,162886
2025-07-01 11:00:00,5492.5,5505.0,5491.0,5504.0,50011,200270
2025-07-01 12:00:00,5504.0,5509.5,5502.5,5507.0,44645,167526
2025-07-01 13:00:00,5506.5,5509.0,5492.0,5500.5,47358,181815
2025-07-01 14:00:00,5500.5,5502.5,5495.5,5498.5,15958,79210
2025-07-01 15:00:00,5498.5,5501.5,5493.0,5495.5,5180,24504
2025-07-02 06:00:00,5502.0,5518.5,5488.0,5496.5,210818,631272
2025-07-02 07:00:00,5497.0,5510.0,5493.0,5498.5,158729,521216
2025-07-02 08:00:00,5498.5,5508.0,5479.5,5483.5,114105,436826
2025-07-02 09:00:00,5484.0,5485.0,5464.5,5466.5,101993,379139
2025-07-02 10:00:00,5466.5,5470.0,5461.5,5464.5,50487,192198
2025-07-02 11:00:00,5464.5,5470.0,5458.0,5468.0,52402,219688
2025-07-02 12:00:00,5468.0,5470.0,5456.0,5460.5,51675,194694
2025-07-02 13:00:00,5460.0,5464.0,5452.5,5456.0,40299,153874
2025-07-02 14:00:00,5455.5,5462.5,5455.5,5462.0,25975,119672
2025-07-02 15:00:00,5462.0,5465.0,5457.5,5464.5,7533,39669
2025-07-03 06:00:00,5465.0,5482.5,5459.5,5468.5,167230,571888
2025-07-03 07:00:00,5468.0,5472.5,5440.0,5450.0,168987,583844
2025-07-03 08:00:00,5450.5,5453.5,5440.5,5445.5,94402,336277
2025-07-03 09:00:00,5446.0,5457.0,5445.0,5454.0,63969,208468
2025-07-03 10:00:00,5453.5,5468.5,5451.0,5452.5,66220,241428
2025-07-03 11:00:00,5452.5,5459.0,5452.5,5457.5,34228,127826
2025-07-03 12:00:00,5457.0,5459.0,5447.0,5447.5,30561,117708
2025-07-03 13:00:00,5447.0,5449.5,5438.5,5439.0,30216,138020
2025-07-03 14:00:00,5439.0,5445.0,5437.5,5444.0,21911,93987
2025-07-03 15:00:00,5444.5,5449.0,5440.5,5448.0,7075,29358
2025-07-04 06:00:00,5455.5,5460.0,5448.5,5451.0,102763,300381
2025-07-04 07:00:00,5451.0,5453.0,5437.5,5443.0,103009,297578
2025-07-04 08:00:00,5443.0,5448.0,5438.0,5441.0,51431,174264
2025-07-04 09:00:00,5441.5,5446.5,5440.0,5442.5,25279,92127
2025-07-04 10:00:00,5442.5,5447.0,5442.5,5445.5,14722,63635
2025-07-04 11:00:00,5446.0,5457.5,5444.5,5454.0,34335,131804
2025-07-04 12:00:00,5454.5,5460.5,5453.0,5458.0,29124,103812
2025-07-04 13:00:00,5457.5,5462.0,5457.0,5459.0,16208,59249
2025-07-04 14:00:00,5459.5,5460.0,5452.0,5456.0,11218,46776
2025-07-04 15:00:00,5455.5,5458.5,5452.5,5455.5,4761,22278
2025-07-07 06:00:00,5474.0,5489.5,5470.5,5479.0,152670,479338
2025-07-07 07:00:00,5479.0,5491.0,5475.0,5480.5,150865,506932
2025-07-07 08:00:00,5480.5,5502.0,5477.5,5489.5,138353,489418
2025-07-07 09:00:00,5489.0,5503.5,5488.0,5497.5,77878,294368
2025-07-07 10:00:00,5498.0,5517.0,5493.0,5515.5,92050,363295
2025-07-07 11:00:00,5516.0,5516.5,5506.0,5510.5,46623,176319
2025-07-07 12:00:00,5510.5,5516.5,5506.5,5515.0,44241,156018
2025-07-07 13:00:00,5515.5,5516.0,5511.0,5511.5,23319,79128
2025-07-07 14:00:00,5512.0,5523.0,5507.5,5521.5,29858,147457
2025-07-07 15:00:00,5521.5,5526.0,5518.0,5520.5,8605,38089
2025-07-08 06:00:00,5505.5,5510.5,5480.5,5484.5,181573,585271
2025-07-08 07:00:00,5484.5,5502.0,5479.5,5485.5,150856,492014
2025-07-08 08:00:00,5485.0,5496.5,5481.5,5491.0,97148,337233
2025-07-08 09:00:00,5491.0,5496.0,5486.5,5492.5,51189,177380
2025-07-08 10:00:00,5492.5,5505.0,5488.5,5493.5,93230,309678
2025-07-08 11:00:00,5493.5,5495.0,5478.0,5479.5,65605,235229
2025-07-08 12:00:00,5479.0,5480.0,5467.0,5471.5,67733,246710
2025-07-08 13:00:00,5471.5,5479.5,5470.5,5477.0,39439,153856
2025-07-08 14:00:00,5477.0,5481.0,5472.5,5478.5,20158,81942
2025-07-08 15:00:00,5478.5,5485.0,5476.5,5483.5,5941,28524
2025-07-09 06:00:00,5488.0,5506.5,5486.0,5496.5,145218,466215
2025-07-09 07:00:00,5497.0,5500.0,5479.5,5492.0,107417,368175
2025-07-09 08:00:00,5492.5,5502.5,5488.0,5500.5,77654,299605
2025-07-09 09:00:00,5500.5,5501.0,5485.0,5485.5,52545,202692
2025-07-09 10:00:00,5485.5,5488.0,5480.0,5483.0,37793,146263
2025-07-09 11:00:00,5482.5,5520.0,5478.0,5512.5,101307,412708
2025-07-09 12:00:00,5512.5,5526.5,5506.5,5516.0,84470,341160
2025-07-09 13:00:00,5516.5,5532.5,5515.0,5532.0,48130,169962
2025-07-09 14:00:00,5532.0,5638.0,5530.5,5606.0,159171,692814
2025-07-09 15:00:00,5606.5,5633.0,5602.0,5608.5,17188,99182
2025-07-10 06:00:00,5643.5,5658.0,5598.5,5605.0,296569,1066062
2025-07-10 07:00:00,5605.0,5605.5,5553.0,5577.0,267423,943678
2025-07-10 08:00:00,5577.0,5582.5,5564.0,5575.5,133325,423381
2025-07-10 09:00:00,5576.0,5591.0,5563.5,5564.5,96945,356249
2025-07-10 10:00:00,5565.0,5585.5,5555.0,5574.0,83114,307128
2025-07-10 11:00:00,5574.0,5593.0,5568.0,5585.0,72489,265440
2025-07-10 12:00:00,5585.5,5591.0,5575.0,5578.0,64317,216170
2025-07-10 13:00:00,5578.0,5579.5,5565.5,5570.0,58051,193495
2025-07-10 14:00:00,5570.0,5574.0,5559.5,5561.0,32185,118008
2025-07-10 15:00:00,5560.5,5566.5,5558.0,5561.5,6240,27437
2025-07-11 06:00:00,5579.5,5604.0,5577.0,5597.5,170354,516141
2025-07-11 07:00:00,5598.0,5619.0,5585.0,5610.5,164897,586054
2025-07-11 08:00:00,5611.0,5619.0,5583.5,5598.0,166912,627201
2025-07-11 09:00:00,5598.5,5610.0,5591.5,5599.5,71404,272238
2025-07-11 10:00:00,5599.0,5602.0,5586.0,5590.5,52278,198103
2025-07-11 11:00:00,5590.5,5592.5,5578.0,5579.5,40488,141729
2025-07-11 12:00:00,5579.0,5580.0,5569.0,5574.0,47161,166885
2025-07-11 13:00:00,5573.5,5574.5,5567.5,5573.5,31840,107105
2025-07-11 14:00:00,5574.0,5589.0,5572.0,5585.0,25150,108322
2025-07-11 15:00:00,5584.5,5597.0,5584.5,5590.5,6953,31968
2025-07-14 06:00:00,5591.5,5599.5,5573.5,5581.5,184934,550222
2025-07-14 07:00:00,5581.0,5584.0,5568.5,5570.0,129004,428992
2025-07-14 08:00:00,5570.0,5594.0,5569.0,5588.0,101770,354536
2025-07-14 09:00:00,5587.5,5601.0,5587.0,5599.0,76902,282192
2025-07-14 10:00:00,5599.0,5600.0,5590.0,5593.0,44143,155231
2025-07-14 11:00:00,5593.5,5600.0,5588.5,5598.0,34724,118762
2025-07-14 12:00:00,5598.0,5614.0,5596.5,5607.0,57972,226449
2025-07-14 13:00:00,5607.0,5618.0,5604.0,5610.5,48250,226726
2025-07-14 14:00:00,5610.0,5615.0,5605.0,5613.5,25552,119945
2025-07-14 15:00:00,5613.0,5621.5,5611.5,5613.0,7606,33810
2025-07-15 06:00:00,5599.0,5623.0,5567.5,5573.0,252281,850136
2025-07-15 07:00:00,5573.5,5588.0,5556.5,5576.0,174309,633309
2025-07-15 08:00:00,5576.0,5588.0,5573.0,5577.0,102391,371295
2025-07-15 09:00:00,5577.0,5598.0,5570.0,5589.0,95573,380646
2025-07-15 10:00:00,5589.0,5627.0,5585.5,5618.5,113639,457407
2025-07-15 11:00:00,5618.5,5618.5,5589.0,5598.0,94251,354997
2025-07-15 12:00:00,5598.0,5600.5,5580.0,5583.5,64414,228800
2025-07-15 13:00:00,5583.5,5586.5,5574.0,5580.0,45479,160862
2025-07-15 14:00:00,5579.5,5584.5,5577.0,5578.0,19573,81223
2025-07-15 15:00:00,5578.5,5580.0,5572.5,5574.0,5963,29204
2025-07-16 06:00:00,5585.0,5597.0,5576.5,5594.0,177245,532614
2025-07-16 07:00:00,5594.0,5613.5,5585.5,5602.5,169664,568934
2025-07-16 08:00:00,5602.5,5605.5,5586.0,5590.5,124889,459569
2025-07-16 09:00:00,5591.0,5594.0,5571.0,5585.5,167778,647335
2025-07-16 10:00:00,5585.5,5590.0,5575.5,5583.0,58338,205945
2025-07-16 11:00:00,5583.0,5586.0,5560.0,5569.0,74894,286423
2025-07-16 12:00:00,5569.0,5598.0,5567.0,5578.0,93259,365784
2025-07-16 13:00:00,5577.5,5583.5,5575.0,5579.5,31833,113495
2025-07-16 14:00:00,5579.5,5590.0,5578.5,5588.0,19180,83652
2025-07-16 15:00:00,5588.0,5588.0,5583.0,5587.0,4925,20055
2025-07-17 06:00:00,5601.0,5629.0,5597.5,5605.0,210249,700322
2025-07-17 07:00:00,5605.0,5611.0,5595.0,5599.5,125253,407718
2025-07-17 08:00:00,5599.5,5608.0,5575.5,5580.0,117244,420934
2025-07-17 09:00:00,5580.0,5588.0,5575.5,5583.5,58725,213693
2025-07-17 10:00:00,5583.5,5590.0,5577.5,5582.5,48915,169456
2025-07-17 11:00:00,5582.0,5586.5,5573.0,5574.0,40053,152668
2025-07-17 12:00:00,5574.0,5577.0,5561.0,5566.5,58776,218689
2025-07-17 13:00:00,5566.5,5570.0,5564.5,5566.5,25742,89884
2025-07-17 14:00:00,5566.0,5568.5,5556.5,5567.0,30054,152551
2025-07-17 15:00:00,5567.0,5572.5,5563.0,5567.0,11073,53737
2025-07-18 06:00:00,5581.0,5585.0,5563.5,5574.0,170105,541444
2025-07-18 07:00:00,5574.5,5577.5,5544.5,5545.0,163037,573875
2025-07-18 08:00:00,5544.5,5563.0,5539.5,5561.5,104882,384486
2025-07-18 09:00:00,5561.0,5582.5,5555.5,5580.5,74612,280929
2025-07-18 10:00:00,5581.0,5592.5,5577.0,5589.5,65552,262326
2025-07-18 11:00:00,5589.5,5597.0,5581.5,5592.5,55959,215198
2025-07-18 12:00:00,5592.5,5615.0,5589.5,5611.0,63089,281508
2025-07-18 13:00:00,5611.0,5611.0,5600.5,5604.5,47859,206549
2025-07-18 14:00:00,5604.5,5606.0,5595.0,5596.5,19565,86964
2025-07-18 15:00:00,5596.5,5598.5,5588.0,5592.5,6786,34758
2025-07-21 06:00:00,5610.0,5626.5,5573.0,5574.0,186470,624648
2025-07-21 07:00:00,5574.0,5593.0,5570.0,5590.0,130550,414649
2025-07-21 08:00:00,5590.0,5591.5,5572.5,5574.0,105357,342738
2025-07-21 09:00:00,5574.0,5576.0,5565.0,5567.0,63375,233989
2025-07-21 10:00:00,5567.0,5576.0,5565.5,5571.5,37838,124403
2025-07-21 11:00:00,5571.0,5585.0,5570.0,5579.5,45457,174069
2025-07-21 12:00:00,5579.0,5582.0,5576.5,5578.5,31377,108412
2025-07-21 13:00:00,5578.0,5584.0,5576.0,5579.5,30084,106531
2025-07-21 14:00:00,5579.0,5582.5,5577.0,5582.5,15363,57898
2025-07-21 15:00:00,5582.0,5583.5,5580.0,5581.0,5570,26274
2025-07-22 06:00:00,5584.5,5599.5,5573.0,5589.0,178819,557560
2025-07-22 07:00:00,5589.5,5592.5,5574.0,5590.5,145379,475955
2025-07-22 08:00:00,5591.0,5603.5,5576.0,5579.0,127392,463613
2025-07-22 09:00:00,5579.5,5584.0,5565.0,5567.5,76156,289584
2025-07-22 10:00:00,5567.5,5574.5,5564.0,5574.5,50234,174359
2025-07-22 11:00:00,5574.0,5583.5,5572.5,5578.5,53344,206282
2025-07-22 12:00:00,5579.0,5584.0,5576.0,5579.0,36838,136714
2025-07-22 13:00:00,5578.5,5586.5,5575.5,5578.5,36067,132223
2025-07-22 14:00:00,5578.5,5580.0,5572.5,5578.5,18586,82773
2025-07-22 15:00:00,5578.0,5578.5,5572.0,5575.0,4644,20451
2025-07-23 06:00:00,5575.0,5588.5,5570.0,5573.0,164507,556221
2025-07-23 07:00:00,5573.5,5579.0,5565.0,5571.5,124814,417414
2025-07-23 08:00:00,5571.5,5580.0,5565.0,5567.0,90216,331263
2025-07-23 09:00:00,5567.5,5572.0,5550.0,5552.5,79169,296470
2025-07-23 10:00:00,5552.0,5552.5,5541.5,5544.5,64214,251958
2025-07-23 11:00:00,5544.5,5545.5,5530.0,5533.0,69561,275487
2025-07-23 12:00:00,5533.0,5535.5,5525.5,5529.0,51833,208509
2025-07-23 13:00:00,5529.0,5534.0,5527.5,5533.5,28030,107588
2025-07-23 14:00:00,5533.0,5533.5,5526.0,5532.0,21899,105742
2025-07-23 15:00:00,5531.5,5532.0,5520.5,5521.0,9179,41911
2025-07-24 06:00:00,5534.5,5549.0,5529.0,5536.5,144032,502522
2025-07-24 07:00:00,5536.5,5549.0,5526.0,5543.5,152151,526991
2025-07-24 08:00:00,5543.0,5546.0,5531.0,5537.5,80728,278143
2025-07-24 09:00:00,5538.0,5541.0,5530.5,5530.5,54913,225963
2025-07-24 10:00:00,5530.5,5545.5,5527.0,5539.0,53951,219423
2025-07-24 11:00:00,5539.0,5541.0,5529.5,5540.0,41219,168138
2025-07-24 12:00:00,5539.5,5541.0,5530.0,5531.0,31860,118961
2025-07-24 13:00:00,5531.5,5532.5,5521.5,5530.0,43118,178862
2025-07-24 14:00:00,5530.5,5533.5,5525.5,5531.0,18220,76858
2025-07-24 15:00:00,5531.0,5532.5,5526.0,5532.5,4953,18885
2025-07-25 06:00:00,5540.0,5545.0,5528.5,5534.5,140128,473085
2025-07-25 07:00:00,5534.5,5554.0,5534.0,5546.0,135079,472450
2025-07-25 08:00:00,5546.0,5553.0,5536.0,5545.5,77557,291102
2025-07-25 09:00:00,5546.0,5581.0,5544.5,5575.0,119563,477575
2025-07-25 10:00:00,5575.0,5576.0,5557.0,5567.0,51656,190557
2025-07-25 11:00:00,5567.0,5574.0,5565.5,5572.0,31262,118612
2025-07-25 12:00:00,5572.5,5577.0,5568.0,5575.5,31695,124363
2025-07-25 13:00:00,5575.5,5576.0,5568.0,5569.5,25453,108988
2025-07-25 14:00:00,5569.0,5574.0,5565.5,5570.5,19315,90287
2025-07-25 15:00:00,5571.0,5574.5,5567.5,5568.0,5010,26463
2025-07-28 06:00:00,5592.5,5599.0,5576.0,5579.5,149127,508492
2025-07-28 07:00:00,5579.5,5611.5,5573.5,5600.5,154448,619332
2025-07-28 08:00:00,5600.0,5604.0,5586.5,5588.5,89225,338094
2025-07-28 09:00:00,5588.5,5602.5,5586.5,5599.5,65070,257976
2025-07-28 10:00:00,5599.5,5600.0,5592.5,5596.5,34258,128978
2025-07-28 11:00:00,5596.0,5609.0,5596.0,5605.0,44725,177820
2025-07-28 12:00:00,5605.0,5608.5,5597.0,5604.0,42879,155543
2025-07-28 13:00:00,5604.0,5605.5,5597.0,5597.5,29273,108989
2025-07-28 14:00:00,5597.0,5598.5,5590.5,5594.0,21865,104696
2025-07-28 15:00:00,5594.5,5597.5,5593.0,5594.5,5303,22814
2025-07-29 06:00:00,5604.0,5607.5,5589.5,5598.5,147803,522858
2025-07-29 07:00:00,5599.0,5606.0,5585.0,5591.5,138167,523792
2025-07-29 08:00:00,5592.0,5601.0,5573.0,5596.0,141829,631778
2025-07-29 09:00:00,5596.0,5598.0,5572.0,5573.0,81303,348984
2025-07-29 10:00:00,5572.5,5573.5,5562.0,5572.5,56564,231214
2025-07-29 11:00:00,5572.5,5574.0,5567.5,5573.0,37523,141205
2025-07-29 12:00:00,5573.0,5583.0,5568.5,5572.0,54141,218580
2025-07-29 13:00:00,5572.0,5576.0,5569.0,5571.5,29243,109945
2025-07-29 14:00:00,5571.5,5580.0,5571.5,5577.5,19568,85056
2025-07-29 15:00:00,5577.5,5585.0,5577.0,5580.0,5875,32260
2025-07-30 06:00:00,5580.5,5597.5,5580.5,5585.5,147229,517470
2025-07-30 07:00:00,5585.0,5605.5,5581.5,5596.5,139059,512984
2025-07-30 08:00:00,5596.5,5616.0,5593.0,5605.5,110336,427705
2025-07-30 09:00:00,5606.0,5627.0,5604.0,5620.5,80335,312301
2025-07-30 10:00:00,5620.5,5632.0,5596.5,5598.5,117546,476519
2025-07-30 11:00:00,5598.0,5608.0,5587.0,5600.5,77844,291891
2025-07-30 12:00:00,5600.0,5631.0,5536.0,5573.5,241318,906168
2025-07-30 13:00:00,5573.5,5589.5,5567.0,5589.5,76705,235988
2025-07-30 14:00:00,5589.0,5592.5,5570.5,5571.0,29747,101090
2025-07-30 15:00:00,5571.5,5584.5,5570.5,5581.0,6104,23467
2025-07-31 06:00:00,5610.0,5646.0,5606.0,5642.0,165816,569664
2025-07-31 07:00:00,5642.5,5668.0,5641.0,5659.0,147810,584294
2025-07-31 08:00:00,5659.0,5661.0,5628.5,5641.0,127957,547473
2025-07-31 09:00:00,5641.0,5642.5,5624.5,5628.5,67945,287860
2025-07-31 10:00:00,5628.5,5637.0,5623.5,5633.0,39232,156492
2025-07-31 11:00:00,5633.5,5648.0,5631.5,5645.5,43938,168516
2025-07-31 12:00:00,5645.5,5660.0,5639.5,5640.5,73281,302249
2025-07-31 13:00:00,5641.0,5647.0,5637.5,5643.0,37295,142697
2025-07-31 14:00:00,5643.0,5645.5,5638.0,5645.5,20970,83491
2025-07-31 15:00:00,5645.0,5652.0,5645.0,5649.5,6367,26811
2025-08-01 06:00:00,5662.0,5669.5,5586.0,5592.0,249318,929932
2025-08-01 07:00:00,5592.0,5599.0,5568.0,5588.5,208958,774207
2025-08-01 08:00:00,5588.5,5603.0,5577.0,5589.0,113479,461827
2025-08-01 09:00:00,5589.0,5593.0,5581.5,5583.5,64065,246740
2025-08-01 10:00:00,5584.0,5594.5,5578.0,5590.5,45588,170215
2025-08-01 11:00:00,5590.5,5598.0,5589.0,5592.0,46532,182077
2025-08-01 12:00:00,5591.5,5603.0,5584.0,5599.0,64444,253846
2025-08-01 13:00:00,5599.5,5599.5,5581.5,5586.5,49948,187827
2025-08-01 14:00:00,5586.0,5591.5,5574.0,5584.0,30431,135958
2025-08-01 15:00:00,5584.0,5585.0,5578.5,5581.0,6087,25616
2025-08-04 06:00:00,5572.0,5583.0,5554.0,5557.0,152307,473567
2025-08-04 07:00:00,5557.5,5560.5,5535.0,5537.0,150353,562114
2025-08-04 08:00:00,5537.5,5547.5,5534.0,5545.0,77458,315628
2025-08-04 09:00:00,5544.5,5555.0,5542.5,5554.5,73114,294672
2025-08-04 10:00:00,5554.5,5565.0,5553.0,5559.5,57852,222007
2025-08-04 11:00:00,5559.5,5562.0,5555.5,5558.0,28028,103373
2025-08-04 12:00:00,5558.5,5560.5,5545.5,5550.5,45806,180125
2025-08-04 13:00:00,5550.5,5552.0,5542.5,5545.0,30816,124976
2025-08-04 14:00:00,5545.5,5546.0,5536.0,5537.5,25762,117683
2025-08-04 15:00:00,5537.0,5559.0,5531.5,5559.0,15840,87946
2025-08-05 06:00:00,5570.5,5573.0,5544.5,5555.0,174710,562255
2025-08-05 07:00:00,5555.0,5562.5,5535.0,5539.5,160467,567266
2025-08-05 08:00:00,5539.0,5551.0,5535.5,5549.0,85333,289740
2025-08-05 09:00:00,5549.0,5551.0,5539.0,5544.0,52737,194826
2025-08-05 10:00:00,5543.5,5545.5,5538.0,5541.5,35735,143064
2025-08-05 11:00:00,5542.0,5548.5,5536.0,5543.5,42982,169551
2025-08-05 12:00:00,5543.5,5549.5,5539.5,5542.5,35789,133580
2025-08-05 13:00:00,5542.5,5545.0,5541.0,5542.0,20621,68954
2025-08-05 14:00:00,5542.0,5545.5,5538.5,5544.5,19403,82409
2025-08-05 15:00:00,5544.5,5545.0,5539.0,5541.5,6216,23890
2025-08-06 06:00:00,5538.5,5545.5,5519.0,5522.0,163162,529904
2025-08-06 07:00:00,5521.5,5526.5,5494.0,5504.0,155622,621957
2025-08-06 08:00:00,5503.5,5524.5,5501.5,5515.0,101657,419612
2025-08-06 09:00:00,5515.0,5517.5,5506.0,5511.5,65486,270030
2025-08-06 10:00:00,5511.5,5515.0,5507.5,5510.5,32553,130553
2025-08-06 11:00:00,5510.5,5510.5,5496.0,5497.0,55471,221813
2025-08-06 12:00:00,5497.5,5502.5,5492.5,5498.5,46711,193856
2025-08-06 13:00:00,5498.5,5501.0,5495.5,5496.5,27321,102814
2025-08-06 14:00:00,5496.5,5501.5,5495.0,5498.5,24699,119472
2025-08-06 15:00:00,5498.0,5499.0,5492.0,5493.0,8712,37442
2025-08-07 06:00:00,5498.0,5504.5,5488.0,5494.0,165194,541541
2025-08-07 07:00:00,5494.0,5498.0,5484.0,5496.5,131169,466974
2025-08-07 08:00:00,5497.0,5508.0,5495.5,5503.5,115682,437318
2025-08-07 09:00:00,5504.0,5509.0,5487.5,5488.5,75077,286032
2025-08-07 10:00:00,5488.5,5497.0,5484.0,5489.0,59959,255966
2025-08-07 11:00:00,5489.0,5494.5,5485.5,5494.0,34507,125753
2025-08-07 12:00:00,5493.5,5494.0,5477.5,5481.5,53368,235822
2025-08-07 13:00:00,5481.0,5482.5,5448.0,5455.5,99145,455341
2025-08-07 14:00:00,5455.5,5460.5,5453.5,5456.0,24166,114095
2025-08-07 15:00:00,5456.0,5457.5,5445.5,5448.0,9509,45338
2025-08-08 06:00:00,5457.0,5467.0,5447.5,5461.0,155725,540205
2025-08-08 07:00:00,5461.0,5468.5,5445.0,5455.0,128915,442775
2025-08-08 08:00:00,5455.0,5460.0,5449.0,5456.0,77682,298846
2025-08-08 09:00:00,5456.0,5456.5,5446.5,5452.0,48549,213056
2025-08-08 10:00:00,5452.5,5456.5,5449.0,5453.5,31176,129205
2025-08-08 11:00:00,5454.0,5458.5,5451.0,5457.5,24236,100714
2025-08-08 12:00:00,5457.0,5473.5,5448.0,5464.0,101995,451135
2025-08-08 13:00:00,5463.5,5473.0,5460.5,5463.5,46337,177031
2025-08-08 14:00:00,5464.0,5471.0,5463.0,5463.5,19275,87729
2025-08-08 15:00:00,5464.0,5466.5,5459.5,5462.0,4742,21431
2025-08-11 06:00:00,5470.0,5485.5,5464.0,5478.5,130348,441976
2025-08-11 07:00:00,5478.0,5480.5,5470.0,5471.5,94043,339150
2025-08-11 08:00:00,5471.5,5486.5,5470.0,5481.0,79366,296465
2025-08-11 09:00:00,5481.0,5487.5,5470.5,5471.0,57097,216286
2025-08-11 10:00:00,5470.5,5474.5,5462.0,5473.5,57457,219780
2025-08-11 11:00:00,5473.5,5480.5,5471.0,5476.0,39873,142606
2025-08-11 12:00:00,5476.0,5477.0,5467.5,5472.0,33387,145894
2025-08-11 13:00:00,5472.0,5474.0,5465.5,5472.0,27860,122331
2025-08-11 14:00:00,5471.5,5472.0,5466.0,5471.0,18999,75492
2025-08-11 15:00:00,5471.0,5472.0,5467.0,5467.5,4558,22114
2025-08-12 06:00:00,5468.5,5470.5,5432.0,5433.5,194399,663187
2025-08-12 07:00:00,5433.5,5449.0,5430.5,5443.0,137542,503395
2025-08-12 08:00:00,5442.5,5447.0,5431.5,5435.0,81385,333670
2025-08-12 09:00:00,5435.0,5435.5,5414.5,5418.5,94561,443887
2025-08-12 10:00:00,5419.0,5426.5,5417.0,5420.0,42335,181900
2025-08-12 11:00:00,5420.0,5427.0,5416.5,5420.5,40436,166389
2025-08-12 12:00:00,5420.5,5421.0,5412.0,5417.0,50574,218255
2025-08-12 13:00:00,5417.5,5421.5,5411.5,5412.5,40312,166451
2025-08-12 14:00:00,5412.0,5417.0,5411.5,5415.5,22491,115123
2025-08-12 15:00:00,5415.5,5430.0,5414.0,5428.5,11218,59575
2025-08-13 06:00:00,5413.0,5423.5,5404.0,5409.5,152656,534263
2025-08-13 07:00:00,5409.5,5428.0,5408.0,5418.5,126077,479873
2025-08-13 08:00:00,5418.5,5421.5,5411.5,5417.5,82550,312197
2025-08-13 09:00:00,5417.5,5435.0,5414.0,5429.5,67309,272214
2025-08-13 10:00:00,5430.0,5431.5,5420.5,5423.5,43787,187987
2025-08-13 11:00:00,5423.5,5425.0,5416.0,5421.0,45438,190275
2025-08-13 12:00:00,5421.0,5430.0,5420.0,5428.5,33285,137792
2025-08-13 13:00:00,5429.0,5431.0,5424.0,5425.5,30072,113278
2025-08-13 14:00:00,5425.0,5426.5,5421.0,5423.0,19366,94290
2025-08-13 15:00:00,5423.5,5423.5,5413.0,5415.0,6095,26544
2025-08-14 06:00:00,5425.5,5435.5,5417.5,5428.5,162294,557990
2025-08-14 07:00:00,5428.5,5446.5,5427.0,5446.0,127569,465239
2025-08-14 08:00:00,5446.0,5447.0,5419.5,5422.5,117415,444161
2025-08-14 09:00:00,5423.0,5443.0,5422.0,5437.5,69257,298960
2025-08-14 10:00:00,5437.5,5448.0,5430.5,5447.5,57414,231214
2025-08-14 11:00:00,5447.0,5447.5,5438.5,5443.0,42640,166300
2025-08-14 12:00:00,5443.0,5455.5,5432.0,5436.5,64634,284319
2025-08-14 13:00:00,5436.5,5441.5,5435.5,5441.0,25007,106471
2025-08-14 14:00:00,5440.5,5443.0,5438.5,5439.0,16066,74375
2025-08-14 15:00:00,5439.5,5440.0,5433.5,5434.5,5201,27070
2025-08-15 06:00:00,5428.0,5429.5,5407.5,5411.5,141345,504930
2025-08-15 07:00:00,5411.5,5418.0,5405.5,5416.5,102549,369769
2025-08-15 08:00:00,5416.5,5417.0,5410.0,5415.0,59895,218042
2025-08-15 09:00:00,5414.5,5421.0,5413.5,5417.5,38804,158535
2025-08-15 10:00:00,5417.0,5425.0,5413.0,5421.5,40174,154385
2025-08-15 11:00:00,5421.0,5426.0,5414.5,5420.5,41565,173831
2025-08-15 12:00:00,5420.5,5424.5,5417.0,5422.0,27064,114168
2025-08-15 13:00:00,5421.5,5422.5,5417.5,5419.5,21050,94597
2025-08-15 14:00:00,5420.0,5424.0,5415.5,5422.5,20008,87380
2025-08-15 15:00:00,5422.0,5423.0,5412.0,5414.0,5653,25183
2025-08-18 06:00:00,5422.0,5439.0,5422.0,5429.0,112674,363777
2025-08-18 07:00:00,5429.5,5433.5,5423.5,5428.0,90173,313494
2025-08-18 08:00:00,5428.5,5441.0,5422.5,5434.0,91550,369110
2025-08-18 09:00:00,5434.0,5441.5,5432.0,5439.5,50900,225931
2025-08-18 10:00:00,5439.5,5453.5,5439.0,5453.0,59041,238429
2025-08-18 11:00:00,5453.0,5459.0,5446.5,5450.0,46849,201383
2025-08-18 12:00:00,5449.5,5458.5,5449.5,5453.5,43593,177907
2025-08-18 13:00:00,5453.0,5455.0,5449.5,5453.0,27959,115941
2025-08-18 14:00:00,5453.0,5455.5,5451.5,5455.0,15560,72459
2025-08-18 15:00:00,5455.0,5460.0,5454.0,5456.5,9191,41984
2025-08-19 06:00:00,5451.5,5480.0,5446.0,5477.0,167081,633930
2025-08-19 07:00:00,5477.0,5506.5,5476.5,5487.0,156050,669594
2025-08-19 08:00:00,5487.5,5501.5,5481.0,5497.0,93205,392992
2025-08-19 09:00:00,5497.5,5502.5,5485.5,5494.5,75757,312190
2025-08-19 10:00:00,5494.0,5495.0,5479.0,5493.0,67905,291678
2025-08-19 11:00:00,5492.5,5502.5,5491.5,5499.5,50724,214550
2025-08-19 12:00:00,5500.0,5513.0,5499.5,5508.5,65663,295394
2025-08-19 13:00:00,5508.5,5522.5,5508.0,5516.0,55901,254845
2025-08-19 14:00:00,5516.0,5525.0,5514.5,5520.5,32058,163835
2025-08-19 15:00:00,5520.5,5524.0,5514.5,5515.5,9379,45587
2025-08-20 06:00:00,5513.0,5519.5,5486.0,5488.5,186960,671522
2025-08-20 07:00:00,5488.5,5494.0,5479.5,5489.5,116067,425402
2025-08-20 08:00:00,5489.5,5492.0,5480.0,5487.0,80212,332400
2025-08-20 09:00:00,5486.5,5491.0,5479.0,5489.0,50287,232126
2025-08-20 10:00:00,5489.5,5491.5,5480.0,5480.5,34212,148029
2025-08-20 11:00:00,5480.5,5501.5,5476.5,5486.5,100021,430390
2025-08-20 12:00:00,5487.0,5490.0,5484.0,5487.5,29332,113960
2025-08-20 13:00:00,5487.0,5492.5,5485.5,5486.5,29321,117293
2025-08-20 14:00:00,5487.0,5501.5,5486.0,5497.0,30504,147815
2025-08-20 15:00:00,5497.0,5498.5,5490.0,5492.5,7457,32446
2025-08-21 06:00:00,5503.0,5510.5,5494.0,5495.0,140430,484290
2025-08-21 07:00:00,5495.5,5499.5,5480.0,5491.5,178476,636399
2025-08-21 08:00:00,5491.5,5504.5,5485.5,5498.0,109792,394712
2025-08-21 09:00:00,5498.0,5508.5,5496.5,5501.5,75894,285763
2025-08-21 10:00:00,5501.5,5508.5,5496.5,5498.0,43957,173640
2025-08-21 11:00:00,5497.5,5498.0,5485.5,5489.5,52726,221711
2025-08-21 12:00:00,5489.5,5492.0,5481.0,5488.5,46020,191896
2025-08-21 13:00:00,5488.0,5495.0,5488.0,5491.5,24530,101321
2025-08-21 14:00:00,5491.5,5495.0,5488.5,5489.0,17698,85991
2025-08-21 15:00:00,5489.5,5490.0,5484.5,5484.5,6110,27628
2025-08-22 06:00:00,5486.5,5486.5,5473.0,5480.5,132548,464355
2025-08-22 07:00:00,5480.5,5488.5,5473.0,5487.5,95584,367159
2025-08-22 08:00:00,5487.0,5487.0,5430.0,5434.0,211016,837956
2025-08-22 09:00:00,5434.0,5438.5,5423.5,5435.5,76012,331610
2025-08-22 10:00:00,5435.0,5439.0,5431.0,5438.0,33174,125547
2025-08-22 11:00:00,5437.5,5438.5,5430.5,5432.0,26954,114821
2025-08-22 12:00:00,5432.0,5438.0,5428.0,5436.0,36983,141478
2025-08-22 13:00:00,5435.5,5440.0,5435.0,5436.5,24802,101084
2025-08-22 14:00:00,5436.5,5438.5,5433.0,5437.5,15977,71929
2025-08-22 15:00:00,5437.5,5441.0,5435.0,5437.5,5174,25491
2025-08-25 06:00:00,5438.5,5446.5,5430.5,5431.5,103926,370535
2025-08-25 07:00:00,5431.5,5440.5,5430.0,5434.5,73971,257202
2025-08-25 08:00:00,5434.0,5434.5,5410.5,5414.5,98004,400303
2025-08-25 09:00:00,5414.0,5420.5,5413.0,5418.5,59103,259415
2025-08-25 10:00:00,5418.0,5419.5,5413.5,5415.0,26221,110618
2025-08-25 11:00:00,5415.5,5421.5,5414.0,5418.5,29253,131800
2025-08-25 12:00:00,5418.5,5422.5,5415.5,5421.5,28906,115655
2025-08-25 13:00:00,5421.5,5424.5,5420.5,5424.0,29808,118768
2025-08-25 14:00:00,5423.5,5424.5,5420.0,5421.5,16268,72472
2025-08-25 15:00:00,5421.0,5421.5,5417.0,5418.5,5735,31008
2025-08-26 06:00:00,5410.0,5417.5,5405.5,5413.5,119127,429778
2025-08-26 07:00:00,5414.0,5425.5,5411.0,5420.0,89500,339416
2025-08-26 08:00:00,5420.0,5440.0,5419.5,5434.5,102062,442690
2025-08-26 09:00:00,5434.5,5444.0,5431.0,5441.5,49676,219181
2025-08-26 10:00:00,5441.5,5456.0,5440.0,5451.5,58207,272864
2025-08-26 11:00:00,5451.5,5454.5,5442.0,5442.5,37080,160398
2025-08-26 12:00:00,5442.0,5450.5,5441.0,5442.0,37633,147716
2025-08-26 13:00:00,5442.0,5443.5,5438.5,5440.5,27331,128061
2025-08-26 14:00:00,5440.5,5442.5,5435.5,5438.5,20871,94714
2025-08-26 15:00:00,5438.0,5440.5,5436.0,5439.5,5218,25535
2025-08-27 06:00:00,5455.0,5460.0,5432.5,5450.0,158204,610899
2025-08-27 07:00:00,5450.0,5455.5,5444.5,5451.0,106517,420247
2025-08-27 08:00:00,5451.0,5462.5,5447.5,5450.5,103650,432610
2025-08-27 09:00:00,5450.5,5452.5,5437.0,5439.0,67183,255129
2025-08-27 10:00:00,5439.0,5442.5,5427.5,5433.0,65492,262527
2025-08-27 11:00:00,5432.5,5433.5,5419.5,5425.5,56981,240388
2025-08-27 12:00:00,5425.5,5431.0,5423.0,5426.0,43529,189945
2025-08-27 13:00:00,5426.5,5428.0,5420.5,5422.0,28825,125107
2025-08-27 14:00:00,5421.5,5425.5,5420.5,5423.5,16784,77275
2025-08-27 15:00:00,5423.0,5425.0,5419.5,5424.5,5509,26568
2025-08-28 06:00:00,5417.5,5420.5,5406.5,5417.0,126162,479647
2025-08-28 07:00:00,5417.0,5434.0,5413.0,5418.5,161102,632008
2025-08-28 08:00:00,5419.0,5419.5,5407.0,5411.0,104312,405680
2025-08-28 09:00:00,5411.5,5417.5,5409.5,5414.0,37907,147991
2025-08-28 10:00:00,5414.0,5414.5,5401.5,5407.5,53339,228766
2025-08-28 11:00:00,5407.0,5410.5,5398.5,5409.5,59094,252908
2025-08-28 12:00:00,5409.5,5410.5,5403.0,5409.0,29543,119604
2025-08-28 13:00:00,5408.5,5410.0,5403.0,5408.5,23191,103988
2025-08-28 14:00:00,5408.5,5421.0,5405.5,5416.0,20462,95155
2025-08-28 15:00:00,5416.0,5420.0,5413.0,5420.0,6445,28191
2025-08-29 06:00:00,5460.0,5483.0,5454.0,5478.0,179147,659456
2025-08-29 07:00:00,5478.5,5481.5,5452.0,5457.5,125295,487848
2025-08-29 08:00:00,5457.5,5469.5,5453.0,5467.5,100084,425077
2025-08-29 09:00:00,5467.0,5475.0,5465.5,5469.5,56326,266723
2025-08-29 10:00:00,5469.5,5473.0,5463.0,5468.0,35564,165787
2025-08-29 11:00:00,5468.5,5472.5,5464.0,5467.5,28315,131386
2025-08-29 12:00:00,5467.5,5469.0,5461.0,5463.5,26701,127120
2025-08-29 13:00:00,5463.5,5466.0,5457.5,5461.5,32098,140534
2025-08-29 14:00:00,5461.5,5470.5,5460.5,5470.5,17740,86715
2025-08-29 15:00:00,5470.5,5474.0,5467.0,5467.0,5336,27219
2025-09-01 06:00:00,5463.5,5470.0,5454.5,5459.5,81752,282565
2025-09-01 07:00:00,5459.5,5476.0,5459.5,5464.5,96455,399705
2025-09-01 08:00:00,5464.0,5481.5,5464.0,5479.5,57896,247769
2025-09-01 09:00:00,5479.0,5489.0,5478.0,5484.5,50812,221343
2025-09-01 10:00:00,5484.5,5488.0,5483.5,5485.5,23853,93826
2025-09-01 11:00:00,5486.0,5488.0,5483.5,5485.0,14605,63497
2025-09-01 12:00:00,5485.0,5487.0,5482.0,5482.5,21452,92186
2025-09-01 13:00:00,5482.5,5485.0,5477.5,5478.5,14565,62278
2025-09-01 14:00:00,5478.5,5481.0,5477.0,5479.5,13281,58011
2025-09-01 15:00:00,5479.5,5483.0,5477.0,5477.5,4984,24791
2025-09-02 06:00:00,5505.0,5536.5,5499.5,5534.5,199413,773157
2025-09-02 07:00:00,5534.5,5539.0,5503.5,5507.0,163024,626821
2025-09-02 08:00:00,5507.0,5507.5,5491.5,5496.5,98436,384088
2025-09-02 09:00:00,5497.0,5507.0,5492.5,5500.5,66934,261178
2025-09-02 10:00:00,5501.0,5502.5,5482.5,5485.5,56002,225631
2025-09-02 11:00:00,5485.5,5498.0,5485.0,5497.5,29015,112991
2025-09-02 12:00:00,5497.5,5513.0,5495.0,5508.0,67861,290460
2025-09-02 13:00:00,5508.0,5515.5,5506.0,5511.5,31186,127593
2025-09-02 14:00:00,5511.5,5513.5,5501.0,5502.5,21918,106674
2025-09-02 15:00:00,5502.0,5508.0,5501.5,5506.0,4967,23312
2025-09-03 06:00:00,5499.0,5500.0,5478.0,5482.5,125762,463958
2025-09-03 07:00:00,5483.0,5494.0,5482.0,5485.0,113244,426678
2025-09-03 08:00:00,5484.5,5485.0,5469.0,5476.0,105737,411548
2025-09-03 09:00:00,5476.5,5493.5,5475.5,5492.5,65168,274113
2025-09-03 10:00:00,5492.5,5504.0,5492.0,5498.5,60572,243830
2025-09-03 11:00:00,5498.5,5500.5,5492.0,5496.5,31224,126458
2025-09-03 12:00:00,5496.5,5497.0,5489.0,5494.5,32167,131238
2025-09-03 13:00:00,5494.0,5495.0,5488.0,5489.0,23176,93440
2025-09-03 14:00:00,5488.5,5492.5,5484.0,5486.5,21008,103961
2025-09-03 15:00:00,5486.5,5487.0,5483.0,5484.0,4597,20017
2025-09-04 06:00:00,5499.5,5500.0,5481.0,5492.0,144792,532077
2025-09-04 07:00:00,5491.5,5495.5,5482.0,5486.0,87510,321314
2025-09-04 08:00:00,5486.5,5498.0,5485.5,5495.5,77372,300640
2025-09-04 09:00:00,5495.5,5502.0,5493.0,5498.5,51994,210949
2025-09-04 10:00:00,5498.5,5507.0,5496.5,5505.0,43925,188010
2025-09-04 11:00:00,5504.5,5506.0,5490.0,5491.5,40224,164005
2025-09-04 12:00:00,5491.5,5493.5,5476.5,5482.5,61750,262642
2025-09-04 13:00:00,5482.5,5483.0,5478.5,5481.5,24114,100691
2025-09-04 14:00:00,5481.5,5484.5,5478.5,5481.5,19424,75902
2025-09-04 15:00:00,5481.0,5482.5,5478.5,5480.5,5639,23129
2025-09-05 06:00:00,5463.5,5472.5,5426.0,5430.5,203313,789512
2025-09-05 07:00:00,5431.0,5436.0,5415.0,5415.0,140768,549714
2025-09-05 08:00:00,5415.5,5451.5,5415.0,5441.5,120731,503592
2025-09-05 09:00:00,5441.5,5451.0,5429.0,5431.0,77480,312525
2025-09-05 10:00:00,5431.0,5435.0,5427.0,5432.5,43016,164027
2025-09-05 11:00:00,5433.0,5439.5,5430.0,5435.0,34509,149648
2025-09-05 12:00:00,5434.5,5444.5,5434.5,5442.5,31165,121983
2025-09-05 13:00:00,5442.5,5452.0,5441.5,5446.5,37110,154012
2025-09-05 14:00:00,5447.0,5449.0,5442.0,5446.5,22065,93847
2025-09-05 15:00:00,5446.5,5452.5,5444.0,5444.0,6500,32309
2025-09-08 06:00:00,5439.0,5445.5,5433.0,5442.5,113691,406946
2025-09-08 07:00:00,5443.0,5466.0,5441.0,5463.5,114957,466374
2025-09-08 08:00:00,5463.5,5478.5,5462.5,5468.5,94977,393841
2025-09-08 09:00:00,5469.0,5469.0,5454.5,5458.5,58721,244523
2025-09-08 10:00:00,5458.0,5469.0,5457.5,5465.0,35380,145912
2025-09-08 11:00:00,5464.5,5465.5,5459.5,5462.0,21668,79381
2025-09-08 12:00:00,5462.0,5462.0,5449.0,5450.5,39268,162098
2025-09-08 13:00:00,5451.0,5452.5,5446.5,5448.0,28149,118069
2025-09-08 14:00:00,5447.5,5454.5,5446.0,5450.0,21295,83008
2025-09-08 15:00:00,5450.0,5454.5,5448.5,5452.0,4946,20064
2025-09-09 06:00:00,5450.0,5463.5,5447.0,5463.5,122752,438953
2025-09-09 07:00:00,5463.5,5467.0,5446.5,5450.5,121878,446272
2025-09-09 08:00:00,5450.0,5459.0,5441.0,5451.0,121764,465580
2025-09-09 09:00:00,5451.0,5458.0,5450.5,5456.5,42278,166852
2025-09-09 10:00:00,5457.0,5467.5,5453.0,5462.0,49920,187702
2025-09-09 11:00:00,5462.0,5466.5,5457.5,5464.0,42066,169182
2025-09-09 12:00:00,5464.5,5466.5,5458.5,5460.5,28956,116049
2025-09-09 13:00:00,5460.0,5464.5,5460.0,5463.0,18642,71734
2025-09-09 14:00:00,5463.5,5472.0,5462.5,5467.0,26600,110636
2025-09-09 15:00:00,5467.0,5470.0,5460.0,5460.5,6688,34200
2025-09-10 06:00:00,5460.5,5465.0,5437.0,5458.0,160295,567039
2025-09-10 07:00:00,5458.5,5459.0,5430.5,5439.0,143314,547149
2025-09-10 08:00:00,5439.5,5439.5,5426.0,5431.0,83568,316501
2025-09-10 09:00:00,5431.0,5436.5,5424.0,5435.0,58916,250704
2025-09-10 10:00:00,5434.5,5435.5,5428.5,5431.0,34786,152377
2025-09-10 11:00:00,5430.5,5433.0,5427.5,5428.5,27279,107017
2025-09-10 12:00:00,5429.0,5432.0,5427.0,5431.5,20850,86168
2025-09-10 13:00:00,5431.0,5434.5,5431.0,5431.5,18281,67770
2025-09-10 14:00:00,5431.5,5436.5,5430.0,5434.0,22559,98807
2025-09-10 15:00:00,5434.0,5434.0,5426.0,5427.5,6410,29709
2025-09-11 06:00:00,5435.0,5449.0,5424.0,5425.0,167976,643658
2025-09-11 07:00:00,5425.0,5425.5,5410.5,5413.5,126259,454727
2025-09-11 08:00:00,5413.5,5417.0,5400.0,5406.0,94675,422671
2025-09-11 09:00:00,5406.0,5408.5,5399.0,5408.0,53593,230365
2025-09-11 10:00:00,5408.0,5411.0,5402.5,5406.0,34794,168199
2025-09-11 11:00:00,5406.5,5408.0,5402.0,5404.0,30624,140188
2025-09-11 12:00:00,5404.0,5417.0,5403.0,5412.5,57696,269433
2025-09-11 13:00:00,5413.0,5418.5,5410.5,5416.0,30658,138057
2025-09-11 14:00:00,5415.5,5417.0,5410.0,5414.5,22773,99747
2025-09-11 15:00:00,5415.0,5416.5,5409.0,5414.5,6741,30884
2025-09-12 06:00:00,5423.0,5431.5,5410.5,5412.5,135952,475417
2025-09-12 07:00:00,5412.0,5413.0,5389.0,5392.0,121391,500583
2025-09-12 08:00:00,5391.5,5396.5,5376.0,5385.0,115271,537131
2025-09-12 09:00:00,5385.5,5388.0,5373.5,5377.0,78495,388014
2025-09-12 10:00:00,5377.0,5383.5,5373.5,5376.5,38045,184568
2025-09-12 11:00:00,5376.0,5377.0,5366.0,5372.5,54735,267435
2025-09-12 12:00:00,5372.5,5376.5,5368.0,5373.0,33496,160919
2025-09-12 13:00:00,5373.0,5378.5,5371.5,5376.0,30283,131189
2025-09-12 14:00:00,5375.5,5380.0,5374.0,5377.0,22248,93978
2025-09-12 15:00:00,5377.0,5377.5,5363.5,5370.5,11676,58988
2025-09-15 06:00:00,5369.5,5371.5,5344.0,5345.5,152765,610474
2025-09-15 07:00:00,5345.0,5353.0,5341.5,5345.0,93469,376301
2025-09-15 08:00:00,5345.5,5357.5,5335.5,5336.5,105837,464307
2025-09-15 09:00:00,5336.5,5339.0,5329.0,5329.5,55191,258694
2025-09-15 10:00:00,5329.5,5339.5,5329.0,5339.0,40123,211939
2025-09-15 11:00:00,5339.5,5340.5,5332.5,5336.5,31680,135677
2025-09-15 12:00:00,5336.5,5340.5,5336.0,5337.0,30318,128173
2025-09-15 13:00:00,5337.0,5341.5,5336.5,5341.5,22352,88928
2025-09-15 14:00:00,5341.0,5343.0,5336.5,5337.5,21781,94179
2025-09-15 15:00:00,5337.5,5340.0,5334.0,5337.5,6897,30131
2025-09-16 06:00:00,5324.5,5333.5,5315.5,5320.5,136599,502064
2025-09-16 07:00:00,5320.5,5336.0,5319.5,5330.5,126816,487628
2025-09-16 08:00:00,5331.0,5340.0,5324.5,5330.0,88955,346030
2025-09-16 09:00:00,5330.0,5332.5,5316.0,5318.5,61239,251019
2025-09-16 10:00:00,5318.5,5320.5,5313.0,5317.0,40273,171162
2025-09-16 11:00:00,5317.5,5318.5,5310.0,5316.0,40440,183186
2025-09-16 12:00:00,5316.0,5321.0,5315.0,5319.0,29582,148373
2025-09-16 13:00:00,5319.0,5319.5,5312.0,5316.0,30065,139877
2025-09-16 14:00:00,5316.5,5317.5,5312.0,5315.5,18712,92727
2025-09-16 15:00:00,5315.0,5315.5,5312.5,5313.0,5445,28561
2025-09-17 06:00:00,5317.5,5324.5,5314.0,5316.0,95425,349470
2025-09-17 07:00:00,5316.0,5319.5,5310.5,5312.5,77645,317020
2025-09-17 08:00:00,5312.5,5320.5,5308.5,5318.5,76652,332730
2025-09-17 09:00:00,5318.5,5326.0,5315.5,5323.0,41982,170478
2025-09-17 10:00:00,5323.0,5328.5,5320.0,5322.0,36542,153389
2025-09-17 11:00:00,5322.0,5325.0,5316.0,5318.0,38379,170086
2025-09-17 12:00:00,5318.0,5329.0,5291.0,5318.0,210218,840791
2025-09-17 13:00:00,5318.5,5321.0,5311.0,5317.5,73904,237331
2025-09-17 14:00:00,5317.0,5322.5,5310.0,5321.5,22990,119414
2025-09-17 15:00:00,5321.5,5327.5,5320.0,5327.0,5875,27818
2025-09-18 06:00:00,5309.5,5309.5,5284.5,5306.0,165441,647010
2025-09-18 07:00:00,5306.0,5329.0,5306.0,5320.5,135990,548506
2025-09-18 08:00:00,5320.5,5322.0,5305.5,5315.5,102222,428644
2025-09-18 09:00:00,5316.0,5322.5,5309.0,5319.5,54994,254330
2025-09-18 10:00:00,5319.0,5319.5,5313.5,5313.5,29828,150458
2025-09-18 11:00:00,5313.5,5315.5,5309.0,5313.5,29402,142737
2025-09-18 12:00:00,5313.5,5319.0,5312.5,5317.0,26621,124757
2025-09-18 13:00:00,5317.0,5334.0,5317.0,5333.0,43309,192198
2025-09-18 14:00:00,5333.5,5334.0,5324.0,5328.5,22791,90726
2025-09-18 15:00:00,5328.5,5328.5,5320.0,5321.0,5982,26223
2025-09-19 06:00:00,5338.0,5351.5,5329.5,5341.5,131611,517112
2025-09-19 07:00:00,5341.5,5345.0,5334.5,5340.5,100664,382381
2025-09-19 08:00:00,5341.0,5341.5,5330.0,5330.5,67208,297258
2025-09-19 09:00:00,5330.5,5342.5,5330.5,5338.5,58192,275042
2025-09-19 10:00:00,5338.5,5342.0,5333.0,5333.5,24583,105688
2025-09-19 11:00:00,5334.0,5337.5,5330.5,5337.0,26224,117081
2025-09-19 12:00:00,5337.0,5338.5,5331.0,5332.5,23935,114768
2025-09-19 13:00:00,5332.0,5334.0,5328.0,5332.5,26438,110931
2025-09-19 14:00:00,5333.0,5338.5,5331.5,5336.0,16485,80138
2025-09-19 15:00:00,5336.5,5347.5,5336.0,5346.0,6351,31219
2025-09-22 06:00:00,5335.0,5355.0,5331.0,5341.0,125590,508625
2025-09-22 07:00:00,5340.5,5359.5,5340.0,5354.0,128867,516976
2025-09-22 08:00:00,5354.5,5376.0,5354.0,5364.0,110388,505086
2025-09-22 09:00:00,5364.0,5367.0,5358.5,5361.5,51338,227840
2025-09-22 10:00:00,5361.5,5362.0,5349.0,5359.0,50190,216681
2025-09-22 11:00:00,5359.0,5361.0,5344.0,5348.0,42377,189187
2025-09-22 12:00:00,5348.0,5349.5,5341.5,5349.5,31669,133352
2025-09-22 13:00:00,5349.0,5350.0,5345.5,5348.0,24422,95918
2025-09-22 14:00:00,5348.0,5351.0,5345.0,5346.0,17248,69924
2025-09-22 15:00:00,5345.5,5347.0,5343.5,5346.5,4827,26480
2025-09-23 06:00:00,5347.5,5354.5,5342.5,5344.5,100113,371295
2025-09-23 07:00:00,5344.5,5344.5,5328.5,5328.5,141270,589372
2025-09-23 08:00:00,5328.5,5329.0,5300.5,5309.5,123582,605769
2025-09-23 09:00:00,5309.5,5312.0,5287.0,5298.5,109694,524922
2025-09-23 10:00:00,5298.0,5305.5,5293.5,5297.0,47224,223377
2025-09-23 11:00:00,5297.0,5299.0,5285.0,5295.0,56512,262229
2025-09-23 12:00:00,5295.0,5296.0,5289.0,5293.0,33101,151040
2025-09-23 13:00:00,5292.5,5295.5,5285.0,5286.0,33584,154450
2025-09-23 14:00:00,5286.0,5292.0,5285.5,5291.0,21713,114190
2025-09-23 15:00:00,5291.5,5292.0,5284.5,5285.0,8772,45279
2025-09-24 06:00:00,5302.0,5316.5,5300.0,5311.5,119378,496869
2025-09-24 07:00:00,5311.5,5321.0,5310.5,5317.5,86618,361859
2025-09-24 08:00:00,5317.5,5324.0,5311.0,5315.0,81891,325192
2025-09-24 09:00:00,5315.0,5326.0,5314.0,5324.5,50692,223509
2025-09-24 10:00:00,5325.0,5328.0,5322.0,5323.5,37653,155534
2025-09-24 11:00:00,5323.0,5332.0,5321.0,5330.0,39569,161908
2025-09-24 12:00:00,5330.0,5336.5,5329.5,5335.0,37719,172972
2025-09-24 13:00:00,5334.5,5336.5,5331.5,5333.5,25742,117520
2025-09-24 14:00:00,5333.5,5341.0,5330.5,5339.0,27215,121108
2025-09-24 15:00:00,5339.5,5341.0,5307.0,5313.0,23310,153575
2025-09-25 06:00:00,5331.0,5345.5,5314.5,5329.5,169727,668328
2025-09-25 07:00:00,5329.5,5350.0,5328.5,5346.5,128966,531703
2025-09-25 08:00:00,5346.5,5359.0,5344.5,5356.5,112329,514496
2025-09-25 09:00:00,5356.5,5360.5,5349.0,5349.5,55382,275103
2025-09-25 10:00:00,5349.5,5355.5,5348.5,5351.0,39127,195918
2025-09-25 11:00:00,5350.5,5366.0,5349.0,5360.0,55107,259483
2025-09-25 12:00:00,5360.0,5374.0,5359.0,5371.0,60364,279548
2025-09-25 13:00:00,5370.5,5377.0,5369.0,5370.0,40772,173325
2025-09-25 14:00:00,5370.0,5372.0,5364.5,5369.0,23146,107180
2025-09-25 15:00:00,5369.5,5373.0,5368.0,5369.0,6576,29254
2025-09-26 06:00:00,5370.0,5370.0,5350.0,5355.5,148610,591363
2025-09-26 07:00:00,5355.5,5360.0,5340.0,5357.0,135233,571876
2025-09-26 08:00:00,5357.5,5357.5,5345.5,5349.5,86415,349799
2025-09-26 09:00:00,5349.5,5351.5,5342.5,5344.5,47100,199478
2025-09-26 10:00:00,5344.0,5349.5,5342.5,5345.0,35830,125326
2025-09-26 11:00:00,5345.0,5347.5,5339.0,5343.5,35849,167424
2025-09-26 12:00:00,5343.0,5344.5,5338.0,5342.0,28964,105610
2025-09-26 13:00:00,5341.5,5343.5,5339.0,5339.5,20016,80418
2025-09-26 14:00:00,5340.0,5348.0,5339.5,5345.5,17470,80252
2025-09-26 15:00:00,5345.5,5355.0,5343.0,5354.5,6540,27281
2025-09-29 06:00:00,5345.0,5346.5,5319.5,5324.5,130952,501506
2025-09-29 07:00:00,5325.0,5334.0,5306.5,5319.0,147626,622305
2025-09-29 08:00:00,5319.0,5329.5,5315.0,5327.0,75159,332665
2025-09-29 09:00:00,5326.5,5332.5,5320.5,5328.0,61640,270286
2025-09-29 10:00:00,5328.5,5329.5,5317.0,5317.0,35456,155268
2025-09-29 11:00:00,5317.5,5322.5,5315.0,5320.5,33779,141376
2025-09-29 12:00:00,5320.5,5322.5,5313.0,5315.0,30138,132084
2025-09-29 13:00:00,5315.5,5324.0,5314.5,5323.0,24830,107202
2025-09-29 14:00:00,5323.0,5326.0,5320.0,5325.0,17063,79527
2025-09-29 15:00:00,5325.0,5328.0,5320.5,5322.0,6220,26636
2025-09-30 06:00:00,5355.0,5368.5,5346.0,5364.5,152328,560805
2025-09-30 07:00:00,5364.5,5364.5,5351.0,5355.5,97409,423042
2025-09-30 08:00:00,5355.5,5370.0,5352.5,5370.0,80953,406944
2025-09-30 09:00:00,5370.0,5376.0,5363.0,5370.0,68433,347454
2025-09-30 10:00:00,5370.0,5371.0,5358.0,5359.5,44404,210165
2025-09-30 11:00:00,5359.5,5364.0,5354.0,5363.5,35511,150253
2025-09-30 12:00:00,5363.0,5372.0,5359.5,5360.5,41360,187830
2025-09-30 13:00:00,5361.0,5367.0,5360.5,5364.5,25304,112152
2025-09-30 14:00:00,5364.0,5367.5,5358.0,5365.0,18993,93063
2025-09-30 15:00:00,5365.0,5365.0,5358.5,5361.0,4704,20263
2025-10-01 06:00:00,5347.5,5356.5,5334.0,5353.0,180095,709396
2025-10-01 07:00:00,5353.0,5359.5,5348.0,5351.0,108710,446566
2025-10-01 08:00:00,5350.5,5366.5,5348.5,5360.0,93723,397985
2025-10-01 09:00:00,5360.5,5376.5,5357.0,5374.5,78280,367296
2025-10-01 10:00:00,5374.5,5376.5,5369.0,5373.5,34511,150963
2025-10-01 11:00:00,5374.0,5374.5,5369.0,5374.0,20752,86574
2025-10-01 12:00:00,5374.0,5376.0,5359.0,5362.0,51357,223138
2025-10-01 13:00:00,5362.0,5368.5,5360.0,5368.5,25113,110044
2025-10-01 14:00:00,5368.0,5374.0,5368.0,5369.5,20197,92900
2025-10-01 15:00:00,5369.5,5371.0,5366.0,5368.0,5190,22830
2025-10-02 06:00:00,5359.5,5370.0,5347.0,5368.5,124315,485417
2025-10-02 07:00:00,5368.5,5376.0,5359.5,5373.5,113627,437140
2025-10-02 08:00:00,5374.0,5393.5,5373.5,5388.0,111818,488603
2025-10-02 09:00:00,5388.0,5413.0,5385.5,5405.5,102995,476236
2025-10-02 10:00:00,5406.0,5407.0,5384.5,5385.0,56295,254584
2025-10-02 11:00:00,5385.5,5388.0,5376.5,5386.5,48204,231502
2025-10-02 12:00:00,5386.5,5391.5,5378.5,5379.5,33780,154527
2025-10-02 13:00:00,5379.0,5380.5,5374.5,5379.0,28699,139353
2025-10-02 14:00:00,5379.0,5382.0,5377.0,5377.5,18059,87395
2025-10-02 15:00:00,5378.0,5380.0,5375.5,5379.0,3936,21292
2025-10-03 06:00:00,5370.0,5385.5,5361.5,5370.5,156952,606036
2025-10-03 07:00:00,5370.0,5392.5,5370.0,5390.0,122755,503747
2025-10-03 08:00:00,5390.0,5396.5,5382.5,5391.5,102972,426347
2025-10-03 09:00:00,5391.5,5399.0,5382.0,5386.5,64126,266817
2025-10-03 10:00:00,5386.5,5392.0,5372.5,5378.0,60415,258274
2025-10-03 11:00:00,5377.5,5381.0,5371.5,5379.0,42389,177511
2025-10-03 12:00:00,5379.0,5382.5,5371.0,5372.0,28721,119762
2025-10-03 13:00:00,5371.5,5373.5,5365.0,5373.0,40442,175650
2025-10-03 14:00:00,5373.5,5379.0,5371.5,5374.5,18712,90866
2025-10-03 15:00:00,5375.0,5378.5,5374.5,5378.0,4311,17699
2025-10-06 06:00:00,5382.0,5386.0,5354.0,5361.5,149140,573469
2025-10-06 07:00:00,5362.0,5364.5,5348.5,5355.5,121160,490957
2025-10-06 08:00:00,5356.0,5362.5,5348.5,5357.0,104500,460041
2025-10-06 09:00:00,5357.5,5359.5,5349.5,5350.5,38685,196409
2025-10-06 10:00:00,5351.0,5354.5,5343.0,5347.5,42412,197633
2025-10-06 11:00:00,5347.5,5352.0,5346.5,5349.5,25726,101399
2025-10-06 12:00:00,5349.0,5350.5,5343.5,5345.5,27468,112812
2025-10-06 13:00:00,5346.0,5347.0,5343.0,5345.0,23878,97641
2025-10-06 14:00:00,5345.0,5349.5,5344.0,5348.0,20455,95866
2025-10-06 15:00:00,5348.0,5349.0,5342.0,5343.0,8321,37937
2025-10-07 06:00:00,5354.5,5379.0,5352.0,5368.0,158662,606919
2025-10-07 07:00:00,5368.0,5369.5,5357.0,5363.0,115896,423563
2025-10-07 08:00:00,5362.5,5375.0,5362.5,5369.5,78997,343464
2025-10-07 09:00:00,5369.5,5377.0,5364.0,5374.5,66003,286362
2025-10-07 10:00:00,5375.0,5380.0,5370.5,5378.0,39498,166674
2025-10-07 11:00:00,5378.0,5383.5,5376.0,5381.5,49032,228029
2025-10-07 12:00:00,5381.5,5386.0,5378.0,5383.5,40001,172815
2025-10-07 13:00:00,5383.5,5384.0,5379.5,5382.5,22294,99614
2025-10-07 14:00:00,5383.0,5390.0,5382.0,5384.0,26366,139600
2025-10-07 15:00:00,5383.5,5391.0,5382.5,5388.0,8509,40986
2025-10-08 06:00:00,5388.0,5395.0,5366.5,5370.5,155855,588885
2025-10-08 07:00:00,5370.0,5373.0,5360.0,5372.0,111199,443914
2025-10-08 08:00:00,5371.5,5379.5,5369.5,5378.5,95457,383496
2025-10-08 09:00:00,5378.0,5383.5,5374.0,5376.5,57588,245889
2025-10-08 10:00:00,5376.5,5380.5,5373.5,5376.0,31988,141173
2025-10-08 11:00:00,5376.0,5386.0,5375.0,5381.0,35372,155370
2025-10-08 12:00:00,5380.5,5390.0,5379.0,5385.0,52952,237598
2025-10-08 13:00:00,5384.5,5385.0,5371.0,5373.0,43123,190297
2025-10-08 14:00:00,5373.5,5377.5,5373.0,5374.5,17497,90446
2025-10-08 15:00:00,5374.5,5374.5,5364.0,5364.0,7826,43031
2025-10-09 06:00:00,5360.0,5369.0,5352.5,5365.5,144175,506889
2025-10-09 07:00:00,5365.5,5387.0,5360.0,5382.5,155450,611622
2025-10-09 08:00:00,5383.0,5395.5,5380.0,5392.5,97477,420125
2025-10-09 09:00:00,5392.5,5397.0,5388.5,5392.0,63910,299187
2025-10-09 10:00:00,5392.5,5400.5,5388.5,5399.5,61178,267455
2025-10-09 11:00:00,5399.5,5403.5,5393.0,5397.0,52617,236520
2025-10-09 12:00:00,5397.5,5408.0,5397.0,5405.0,43178,191704
2025-10-09 13:00:00,5404.5,5407.5,5400.0,5403.0,31814,137403
2025-10-09 14:00:00,5403.0,5407.0,5396.5,5397.5,20922,108330
2025-10-09 15:00:00,5397.5,5409.5,5397.0,5406.5,9153,45579
2025-10-10 06:00:00,5399.5,5416.0,5387.5,5415.5,149778,570383
2025-10-10 07:00:00,5416.0,5523.0,5415.0,5487.5,246200,1102565
2025-10-10 08:00:00,5487.0,5493.5,5450.5,5481.5,230664,888502
2025-10-10 09:00:00,5481.0,5517.5,5477.0,5511.0,182052,696791
2025-10-10 10:00:00,5511.0,5517.5,5503.0,5516.5,85197,352878
2025-10-10 11:00:00,5516.5,5545.5,5514.5,5517.5,124819,478488
2025-10-10 12:00:00,5517.5,5531.5,5513.5,5529.0,66307,248234
2025-10-10 13:00:00,5528.5,5530.5,5520.5,5529.5,47659,204277
2025-10-10 14:00:00,5529.0,5549.5,5527.5,5548.0,45876,236768
2025-10-10 15:00:00,5548.0,5560.0,5540.0,5559.5,12607,53237
2025-10-13 06:00:00,5520.0,5526.0,5481.0,5486.5,213158,741149
2025-10-13 07:00:00,5486.5,5507.5,5482.5,5497.0,144203,509716
2025-10-13 08:00:00,5497.0,5507.0,5478.0,5478.0,108232,439541
2025-10-13 09:00:00,5478.0,5481.5,5473.0,5479.5,56595,226829
2025-10-13 10:00:00,5479.0,5481.5,5472.5,5480.0,42028,167113
2025-10-13 11:00:00,5480.5,5482.5,5468.0,5473.0,47366,196937
2025-10-13 12:00:00,5473.0,5478.0,5469.0,5474.5,31503,116922
2025-10-13 13:00:00,5474.5,5487.5,5473.5,5485.5,34291,141700
2025-10-13 14:00:00,5485.5,5494.5,5484.5,5491.0,20000,94762
2025-10-13 15:00:00,5491.5,5494.0,5484.0,5484.0,6166,28082
2025-10-14 06:00:00,5506.0,5538.5,5506.0,5525.5,217779,829541
2025-10-14 07:00:00,5525.5,5543.0,5520.0,5531.5,156871,599312
2025-10-14 08:00:00,5531.5,5535.0,5515.5,5523.5,113681,463982
2025-10-14 09:00:00,5524.0,5531.0,5500.5,5504.0,83338,341958
2025-10-14 10:00:00,5503.5,5512.5,5485.5,5493.0,98611,439761
2025-10-14 11:00:00,5492.5,5496.5,5484.0,5485.0,47618,201666
2025-10-14 12:00:00,5485.5,5492.5,5480.5,5489.5,47885,188430
2025-10-14 13:00:00,5489.5,5504.0,5486.5,5493.5,49221,192779
2025-10-14 14:00:00,5493.5,5509.5,5493.0,5505.5,22637,100428
2025-10-14 15:00:00,5505.5,5509.5,5500.5,5500.5,5523,24084
2025-10-15 06:00:00,5482.5,5493.5,5478.5,5479.0,135895,479327
2025-10-15 07:00:00,5479.0,5483.5,5464.0,5466.5,148484,590136
2025-10-15 08:00:00,5466.0,5471.5,5454.5,5456.0,91052,377255
2025-10-15 09:00:00,5456.0,5469.0,5455.0,5464.5,57524,256635
2025-10-15 10:00:00,5465.0,5472.5,5462.0,5468.0,39350,176780
2025-10-15 11:00:00,5468.5,5490.0,5468.0,5476.5,77659,319925
2025-10-15 12:00:00,5477.0,5479.0,5471.0,5479.0,33331,123118
2025-10-15 13:00:00,5479.0,5485.0,5475.5,5484.0,30486,121181
2025-10-15 14:00:00,5484.0,5485.0,5475.0,5476.5,20338,100953
2025-10-15 15:00:00,5476.5,5477.0,5469.5,5475.0,5678,27765
2025-10-16 06:00:00,5470.0,5473.5,5459.0,5467.0,131500,485944
2025-10-16 07:00:00,5467.0,5473.0,5455.5,5459.0,119243,467506
2025-10-16 08:00:00,5458.5,5464.5,5442.0,5444.0,96564,413409
2025-10-16 09:00:00,5444.0,5459.5,5442.5,5456.0,60406,269843
2025-10-16 10:00:00,5456.0,5479.5,5452.0,5463.5,96475,411666
2025-10-16 11:00:00,5463.5,5472.5,5460.5,5468.5,48026,177276
2025-10-16 12:00:00,5468.0,5478.5,5464.5,5466.0,53592,212512
2025-10-16 13:00:00,5466.0,5470.0,5460.5,5463.0,32044,130773
2025-10-16 14:00:00,5463.5,5467.5,5462.5,5467.0,13369,65706
2025-10-16 15:00:00,5466.5,5473.5,5464.5,5473.0,4840,30845
2025-10-17 06:00:00,5469.5,5473.0,5450.5,5470.0,143756,545866
2025-10-17 07:00:00,5470.5,5479.0,5462.0,5465.5,123286,464253
2025-10-17 08:00:00,5466.0,5471.0,5440.5,5449.5,116019,476223
2025-10-17 09:00:00,5449.5,5450.0,5433.5,5436.5,65804,281907
2025-10-17 10:00:00,5436.0,5439.5,5426.0,5433.5,53072,240615
2025-10-17 11:00:00,5433.0,5435.5,5427.0,5431.5,35397,141932
2025-10-17 12:00:00,5431.0,5432.0,5422.0,5423.0,35414,146867
2025-10-17 13:00:00,5422.5,5426.5,5421.5,5424.5,22163,83810
2025-10-17 14:00:00,5425.0,5430.0,5423.5,5427.0,18220,79650
2025-10-17 15:00:00,5427.5,5429.5,5421.0,5425.0,6773,33880
2025-10-20 06:00:00,5429.5,5429.5,5400.5,5401.0,125801,462257
2025-10-20 07:00:00,5401.0,5401.5,5386.5,5398.5,104893,439300
2025-10-20 08:00:00,5398.5,5398.5,5383.0,5394.0,79550,333056
2025-10-20 09:00:00,5394.0,5398.5,5383.5,5388.0,54661,239158
2025-10-20 10:00:00,5387.5,5390.0,5383.0,5387.0,27220,137771
2025-10-20 11:00:00,5387.0,5393.5,5386.5,5390.0,24994,112620
2025-10-20 12:00:00,5390.0,5391.5,5384.5,5386.5,26624,115237
2025-10-20 13:00:00,5386.5,5390.5,5385.5,5387.0,17125,77172
2025-10-20 14:00:00,5387.0,5392.5,5386.5,5391.0,16238,77110
2025-10-20 15:00:00,5391.5,5392.5,5387.0,5389.5,6700,32614
2025-10-21 06:00:00,5404.5,5406.5,5392.5,5400.0,125366,455853
2025-10-21 07:00:00,5400.0,5419.5,5398.5,5413.0,125630,495480
2025-10-21 08:00:00,5413.0,5415.5,5398.5,5399.5,99260,407479
2025-10-21 09:00:00,5399.5,5401.0,5384.0,5386.5,77582,295083
2025-10-21 10:00:00,5386.5,5399.0,5384.0,5397.5,57588,243476
2025-10-21 11:00:00,5398.0,5404.0,5393.0,5398.0,47836,203843
2025-10-21 12:00:00,5398.0,5401.5,5394.5,5398.5,23953,97701
2025-10-21 13:00:00,5398.0,5405.5,5398.0,5404.5,23587,102844
2025-10-21 14:00:00,5404.0,5405.0,5396.5,5403.0,16210,90709
2025-10-21 15:00:00,5403.0,5404.5,5398.5,5402.5,4016,22631
2025-10-22 06:00:00,5407.5,5410.0,5389.0,5399.0,113048,405294
2025-10-22 07:00:00,5399.5,5409.5,5398.0,5403.0,103558,397016
2025-10-22 08:00:00,5403.5,5414.0,5396.5,5406.0,98035,400799
2025-10-22 09:00:00,5406.0,5408.5,5399.0,5405.5,57523,258633
2025-10-22 10:00:00,5405.0,5426.0,5404.5,5414.5,84251,343763
2025-10-22 11:00:00,5414.0,5425.5,5412.5,5419.5,60804,265684
2025-10-22 12:00:00,5419.5,5423.5,5413.5,5415.0,35506,148798
2025-10-22 13:00:00,5414.5,5416.5,5408.5,5409.5,30075,123788
2025-10-22 14:00:00,5410.0,5414.5,5406.5,5413.0,16369,88912
2025-10-22 15:00:00,5413.0,5414.0,5410.0,5414.0,4039,20491
2025-10-23 06:00:00,5414.0,5415.0,5394.0,5399.5,114992,431788
2025-10-23 07:00:00,5399.5,5400.0,5390.5,5393.5,86987,349137
2025-10-23 08:00:00,5393.0,5399.0,5391.0,5395.5,58219,251165
2025-10-23 09:00:00,5395.5,5407.0,5394.0,5396.0,55590,244513
2025-10-23 10:00:00,5396.0,5400.0,5391.0,5398.0,33244,163804
2025-10-23 11:00:00,5397.5,5402.5,5389.5,5393.0,37410,183348
2025-10-23 12:00:00,5392.5,5394.5,5390.0,5392.0,23679,106204
2025-10-23 13:00:00,5392.0,5399.0,5391.0,5397.5,21319,95632
2025-10-23 14:00:00,5397.0,5398.5,5394.5,5394.5,10663,47771
2025-10-23 15:00:00,5395.0,5395.0,5391.0,5392.0,4868,24331
2025-10-24 06:00:00,5397.0,5401.5,5373.0,5377.0,139164,533335
2025-10-24 07:00:00,5376.5,5390.0,5372.0,5386.5,92502,338779
2025-10-24 08:00:00,5386.0,5401.0,5385.0,5396.5,81353,327001
2025-10-24 09:00:00,5396.5,5400.5,5388.0,5392.5,52973,240022
2025-10-24 10:00:00,5392.0,5399.0,5390.5,5396.5,22752,92115
2025-10-24 11:00:00,5396.5,5401.0,5394.0,5400.5,23992,97822
2025-10-24 12:00:00,5400.5,5405.0,5398.0,5399.0,32955,152846
2025-10-24 13:00:00,5398.5,5405.0,5397.5,5402.5,20252,74438
2025-10-24 14:00:00,5403.0,5403.5,5398.0,5399.0,10554,46909
2025-10-24 15:00:00,5399.5,5400.5,5395.5,5395.5,4217,29236
2025-10-27 06:00:00,5372.5,5384.5,5368.0,5370.5,106626,399820
2025-10-27 07:00:00,5371.0,5387.5,5370.0,5384.0,96594,365209
2025-10-27 08:00:00,5383.5,5393.5,5383.5,5385.5,66155,282943
2025-10-27 09:00:00,5385.5,5390.5,5378.5,5384.5,58561,285106
2025-10-27 10:00:00,5385.0,5388.0,5381.0,5383.5,31825,157446
2025-10-27 11:00:00,5383.5,5387.0,5376.0,5378.0,33455,159403
2025-10-27 12:00:00,5378.0,5381.5,5375.5,5377.0,26380,126767
2025-10-27 13:00:00,5377.0,5381.5,5377.0,5377.5,19733,100066
2025-10-27 14:00:00,5377.5,5383.0,5377.5,5381.0,13804,69257
2025-10-27 15:00:00,5381.5,5382.5,5379.0,5382.0,3679,17460
2025-10-28 06:00:00,5385.5,5393.5,5381.5,5382.5,87163,358945
2025-10-28 07:00:00,5383.0,5388.5,5370.0,5377.0,96242,406968
2025-10-28 08:00:00,5377.5,5384.0,5370.5,5372.5,81612,365709
2025-10-28 09:00:00,5372.5,5374.0,5367.0,5368.5,50144,247023
2025-10-28 10:00:00,5369.0,5369.5,5362.5,5366.5,41553,212563
2025-10-28 11:00:00,5366.5,5370.5,5362.5,5365.0,28198,128589
2025-10-28 12:00:00,5365.0,5365.5,5358.5,5361.5,37516,161375
2025-10-28 13:00:00,5362.0,5367.5,5361.5,5365.0,25874,109144
2025-10-28 14:00:00,5365.5,5368.0,5363.5,5364.5,13086,59766
2025-10-28 15:00:00,5364.0,5367.5,5362.0,5365.0,5105,26703
2025-10-29 06:00:00,5367.0,5369.0,5348.5,5350.5,113804,510612
2025-10-29 07:00:00,5350.5,5352.5,5340.0,5343.5,98659,455379
2025-10-29 08:00:00,5343.5,5349.5,5340.5,5344.0,58878,259337
2025-10-29 09:00:00,5344.5,5350.0,5338.0,5349.0,66382,341807
2025-10-29 10:00:00,5349.5,5352.5,5345.0,5346.0,37335,191454
2025-10-29 11:00:00,5346.0,5350.5,5344.0,5345.0,28806,141627
2025-10-29 12:00:00,5345.0,5371.0,5344.0,5362.0,150891,559828
2025-10-29 13:00:00,5361.5,5370.5,5359.0,5361.0,71391,257665
2025-10-29 14:00:00,5361.0,5366.0,5360.0,5364.5,18443,85980
2025-10-29 15:00:00,5364.5,5365.5,5358.0,5359.0,4276,21787
2025-10-30 06:00:00,5365.5,5391.0,5365.5,5390.5,108076,437606
2025-10-30 07:00:00,5391.0,5398.0,5378.0,5386.5,127791,493336
2025-10-30 08:00:00,5386.0,5390.0,5377.5,5385.5,85582,324990
2025-10-30 09:00:00,5386.0,5390.5,5380.0,5386.5,56486,225641
2025-10-30 10:00:00,5386.5,5390.5,5383.5,5386.5,40422,153180
2025-10-30 11:00:00,5386.5,5390.0,5378.5,5379.5,36279,163458
2025-10-30 12:00:00,5379.0,5384.0,5377.5,5380.0,36015,143011
2025-10-30 13:00:00,5380.5,5385.0,5379.5,5382.5,25736,106071
2025-10-30 14:00:00,5382.5,5386.5,5380.5,5384.0,16493,90714
2025-10-30 15:00:00,5384.5,5389.0,5382.0,5387.5,3560,16872
2025-10-31 06:00:00,5425.0,5431.5,5406.5,5412.5,125721,461851
2025-10-31 07:00:00,5412.0,5422.5,5410.0,5417.0,84559,394391
2025-10-31 08:00:00,5416.5,5427.0,5414.0,5426.0,74361,377273
2025-10-31 09:00:00,5426.0,5434.5,5417.0,5421.5,79088,389722
2025-10-31 10:00:00,5421.5,5422.0,5407.0,5415.0,59284,330778
2025-10-31 11:00:00,5415.0,5420.0,5410.5,5418.5,38182,176547
2025-10-31 12:00:00,5418.5,5419.5,5412.5,5414.0,31015,140705
2025-10-31 13:00:00,5413.5,5419.0,5413.5,5416.0,24353,118206
2025-10-31 14:00:00,5416.0,5417.0,5410.5,5410.5,14472,66923
2025-10-31 15:00:00,5410.5,5414.0,5409.0,5414.0,3779,20161
2025-11-03 06:00:00,5409.5,5417.0,5384.0,5388.0,120564,483903
2025-11-03 07:00:00,5388.0,5395.0,5380.0,5384.5,89582,365845
2025-11-03 08:00:00,5384.5,5391.5,5382.0,5386.5,51842,232167
2025-11-03 09:00:00,5386.5,5405.0,5378.0,5393.5,102455,442319
2025-11-03 10:00:00,5393.5,5397.0,5387.0,5394.5,39911,182135
2025-11-03 11:00:00,5394.0,5399.0,5388.0,5390.0,31609,139193
2025-11-03 12:00:00,5389.5,5396.0,5388.5,5390.5,28962,143050
2025-11-03 13:00:00,5391.0,5394.0,5388.5,5392.0,21080,91882
2025-11-03 14:00:00,5392.0,5395.0,5390.5,5390.5,16399,74695
2025-11-03 15:00:00,5390.5,5397.5,5390.5,5396.0,7869,45656
2025-11-04 06:00:00,5417.5,5431.5,5414.0,5421.5,133652,545419
2025-11-04 07:00:00,5421.0,5429.5,5412.0,5420.5,98170,415434
2025-11-04 08:00:00,5421.0,5427.5,5413.0,5414.0,81669,384820
2025-11-04 09:00:00,5414.0,5418.0,5410.5,5412.5,52942,257042
2025-11-04 10:00:00,5412.5,5420.0,5411.0,5417.0,35699,175961
2025-11-04 11:00:00,5417.0,5428.5,5416.5,5427.0,36714,187486
2025-11-04 12:00:00,5427.0,5434.0,5425.5,5430.0,42138,186569
2025-11-04 13:00:00,5429.5,5432.0,5427.5,5431.0,25208,105393
2025-11-04 14:00:00,5431.0,5434.0,5427.5,5433.0,27652,129594
2025-11-04 15:00:00,5432.5,5443.5,5430.5,5442.5,11474,69199
2025-11-05 06:00:00,5433.0,5435.5,5422.0,5429.5,81442,298467
2025-11-05 07:00:00,5429.0,5432.0,5410.5,5413.0,99112,399155
2025-11-05 08:00:00,5412.5,5414.5,5396.0,5400.5,95730,425405
2025-11-05 09:00:00,5400.5,5406.5,5392.0,5392.0,72697,306508
2025-11-05 10:00:00,5392.0,5395.5,5383.0,5388.0,63568,296294
2025-11-05 11:00:00,5388.5,5391.5,5384.0,5390.0,32331,152095
2025-11-05 12:00:00,5390.5,5395.0,5388.5,5390.5,28882,127833
2025-11-05 13:00:00,5390.0,5393.0,5387.5,5390.5,21107,93233
2025-11-05 14:00:00,5390.5,5393.0,5385.5,5387.5,19905,89508
2025-11-05 15:00:00,5387.5,5389.0,5382.5,5386.0,10329,54409
2025-11-06 06:00:00,5380.0,5383.5,5366.0,5370.5,111208,434947
2025-11-06 07:00:00,5370.5,5372.0,5359.5,5365.5,93961,410251
2025-11-06 08:00:00,5365.5,5382.0,5364.0,5379.5,86903,396177
2025-11-06 09:00:00,5379.0,5392.0,5375.5,5383.0,85890,378168
2025-11-06 10:00:00,5382.5,5390.0,5380.5,5386.5,43867,185355
2025-11-06 11:00:00,5387.0,5393.0,5380.0,5383.0,42639,174002
2025-11-06 12:00:00,5383.0,5389.0,5374.5,5381.0,44092,208186
2025-11-06 13:00:00,5380.5,5382.5,5374.5,5377.5,27794,132798
2025-11-06 14:00:00,5378.0,5381.5,5377.0,5379.0,17123,87730
2025-11-06 15:00:00,5379.0,5381.5,5375.5,5378.5,6158,39985
2025-11-07 06:00:00,5376.0,5390.5,5369.0,5388.5,105277,377924
2025-11-07 07:00:00,5389.0,5390.5,5378.5,5384.5,73684,303207
2025-11-07 08:00:00,5384.5,5389.0,5374.0,5376.5,83964,379099
2025-11-07 09:00:00,5376.5,5379.0,5366.5,5371.5,69676,341655
2025-11-07 10:00:00,5371.5,5375.0,5361.0,5367.5,57125,284258
2025-11-07 11:00:00,5367.5,5372.0,5363.0,5364.5,37879,161892
2025-11-07 12:00:00,5364.0,5366.0,5360.5,5362.0,27370,107311
2025-11-07 13:00:00,5362.0,5362.5,5357.0,5359.0,29322,133625
2025-11-07 14:00:00,5358.5,5362.5,5357.5,5357.5,20838,92031
2025-11-07 15:00:00,5357.5,5358.0,5352.0,5354.5,10381,66341
2025-11-10 06:00:00,5340.0,5344.5,5327.0,5338.0,105900,483897
2025-11-10 07:00:00,5338.5,5347.0,5332.0,5341.0,82696,372003
2025-11-10 08:00:00,5340.5,5345.5,5335.5,5338.5,59571,259470
2025-11-10 09:00:00,5339.0,5345.0,5336.0,5340.5,41252,211387
2025-11-10 10:00:00,5341.0,5345.0,5340.0,5342.0,27375,141125
2025-11-10 11:00:00,5342.0,5342.5,5328.0,5329.5,45129,204511
2025-11-10 12:00:00,5329.0,5331.0,5326.0,5327.5,32354,144681
2025-11-10 13:00:00,5327.5,5331.5,5326.5,5329.0,17521,80658
2025-11-10 14:00:00,5329.0,5329.5,5321.5,5322.0,28852,133854
2025-11-10 15:00:00,5321.5,5322.0,5308.5,5314.5,13005,105950
2025-11-11 06:00:00,5313.5,5321.5,5303.0,5310.0,116960,481646
2025-11-11 07:00:00,5310.5,5313.0,5293.0,5294.0,107767,450301
2025-11-11 08:00:00,5294.0,5297.0,5286.5,5287.5,81074,372526
2025-11-11 09:00:00,5287.0,5303.0,5286.0,5298.0,66089,349908
2025-11-11 10:00:00,5297.5,5301.0,5291.5,5300.5,40130,208892
2025-11-11 11:00:00,5300.0,5301.0,5292.5,5296.5,32245,146205
2025-11-11 12:00:00,5296.5,5297.0,5293.0,5293.5,21215,103131
2025-11-11 13:00:00,5294.0,5297.0,5292.0,5295.5,20310,88279
2025-11-11 14:00:00,5295.0,5296.5,5293.0,5294.0,17678,74170
2025-11-11 15:00:00,5293.5,5297.5,5292.5,5295.5,8901,52720
2025-11-12 06:00:00,5298.5,5300.5,5286.5,5287.5,74912,296732
2025-11-12 07:00:00,5287.0,5310.5,5286.0,5309.0,97801,399600
2025-11-12 08:00:00,5309.5,5319.5,5307.0,5316.0,74198,317205
2025-11-12 09:00:00,5315.5,5322.5,5311.0,5320.5,58249,259048
2025-11-12 10:00:00,5320.5,5322.0,5314.5,5316.0,34582,163449
2025-11-12 11:00:00,5315.5,5318.5,5313.0,5315.5,22526,87926
2025-11-12 12:00:00,5315.5,5317.0,5309.0,5314.5,27317,113998
2025-11-12 13:00:00,5314.0,5316.5,5310.0,5313.0,21468,97545
2025-11-12 14:00:00,5313.0,5314.0,5309.0,5310.0,18110,84336
2025-11-12 15:00:00,5310.0,5315.0,5309.0,5313.0,6922,43590
2025-11-13 06:00:00,5301.5,5310.0,5292.0,5294.0,104882,395783
2025-11-13 07:00:00,5294.0,5306.0,5293.0,5296.5,101290,395311
2025-11-13 08:00:00,5296.5,5308.0,5296.0,5307.0,72596,315657
2025-11-13 09:00:00,5307.0,5308.5,5299.0,5300.5,57991,270970
2025-11-13 10:00:00,5300.5,5305.5,5299.0,5304.0,43504,203786
2025-11-13 11:00:00,5304.0,5309.0,5300.0,5308.5,36848,186810
2025-11-13 12:00:00,5308.5,5320.5,5306.5,5317.5,59664,287363
2025-11-13 13:00:00,5317.5,5322.0,5314.0,5317.0,39057,176867
2025-11-13 14:00:00,5316.5,5324.5,5315.5,5316.0,33450,166460
2025-11-13 15:00:00,5315.5,5316.5,5308.0,5309.5,7995,58617
2025-11-14 06:00:00,5325.0,5333.5,5311.0,5313.0,125352,478098
2025-11-14 07:00:00,5313.5,5328.5,5313.0,5323.0,102973,458006
2025-11-14 08:00:00,5322.5,5329.0,5302.0,5305.5,101558,447111
2025-11-14 09:00:00,5305.5,5309.5,5289.0,5290.0,81756,374543
2025-11-14 10:00:00,5290.5,5303.5,5289.5,5303.5,43404,206676
2025-11-14 11:00:00,5303.5,5304.0,5295.5,5299.0,29716,124966
2025-11-14 12:00:00,5299.5,5315.0,5299.5,5314.0,52776,248664
2025-11-14 13:00:00,5314.5,5317.0,5311.5,5312.5,24333,124504
2025-11-14 14:00:00,5312.5,5317.0,5312.5,5313.0,17164,79649
2025-11-14 15:00:00,5312.5,5319.0,5312.5,5313.0,5600,35584
2025-11-17 06:00:00,5317.0,5324.5,5308.5,5318.5,94787,366392
2025-11-17 07:00:00,5318.0,5326.0,5314.0,5324.0,63612,260536
2025-11-17 08:00:00,5324.0,5329.0,5320.5,5327.0,55641,239522
2025-11-17 09:00:00,5326.5,5329.5,5320.0,5324.5,48469,222822
2025-11-17 10:00:00,5324.5,5328.0,5320.5,5321.0,32762,171692
2025-11-17 11:00:00,5321.0,5327.5,5319.0,5325.0,28482,125672
2025-11-17 12:00:00,5325.0,5333.0,5324.5,5331.5,39040,178332
2025-11-17 13:00:00,5331.5,5347.0,5331.5,5346.0,56905,265783
2025-11-17 14:00:00,5346.5,5348.5,5335.5,5335.5,34963,145804
2025-11-17 15:00:00,5336.0,5344.0,5334.0,5344.0,9967,60778
2025-11-18 06:00:00,5351.0,5358.5,5346.0,5356.5,85303,302266
2025-11-18 07:00:00,5357.0,5357.5,5328.5,5336.5,109424,471966
2025-11-18 08:00:00,5336.0,5350.0,5330.5,5350.0,76386,303935
2025-11-18 09:00:00,5350.0,5355.5,5345.5,5351.0,71129,286698
2025-11-18 10:00:00,5351.0,5356.5,5331.0,5333.5,67334,293727
2025-11-18 11:00:00,5333.0,5341.5,5332.0,5335.0,37073,139550
2025-11-18 12:00:00,5334.5,5335.0,5328.0,5332.0,35733,143268
2025-11-18 13:00:00,5332.0,5333.0,5328.0,5331.0,22132,75283
2025-11-18 14:00:00,5330.5,5339.0,5330.0,5334.5,24699,99809
2025-11-18 15:00:00,5334.5,5340.0,5334.0,5339.5,6158,34534
2025-11-19 06:00:00,5336.5,5351.0,5332.5,5351.0,96129,375052
2025-11-19 07:00:00,5351.0,5353.0,5344.0,5347.5,66916,280110
2025-11-19 08:00:00,5347.5,5355.0,5340.5,5341.0,62771,261282
2025-11-19 09:00:00,5341.5,5349.5,5336.5,5347.0,52985,229434
2025-11-19 10:00:00,5347.0,5352.0,5345.5,5349.5,34436,165420
2025-11-19 11:00:00,5349.5,5359.5,5348.0,5352.5,51766,232442
2025-11-19 12:00:00,5353.0,5355.5,5341.5,5343.5,44762,192827
2025-11-19 13:00:00,5343.0,5353.0,5342.5,5349.0,34231,148228
2025-11-19 14:00:00,5349.0,5352.5,5342.5,5343.0,23410,94667
2025-11-19 15:00:00,5343.5,5348.0,5336.0,5338.5,9277,50401
2025-11-21 06:00:00,5362.5,5390.5,5360.5,5367.5,161765,595711
2025-11-21 07:00:00,5367.5,5388.0,5364.5,5384.0,91987,366836
2025-11-21 08:00:00,5384.0,5407.5,5383.5,5404.5,96590,386398
2025-11-21 09:00:00,5405.0,5443.0,5401.5,5425.5,142070,574257
2025-11-21 10:00:00,5425.5,5436.5,5399.5,5399.5,97895,414422
2025-11-21 11:00:00,5399.5,5412.5,5395.5,5411.5,58742,251568
2025-11-21 12:00:00,5412.0,5425.0,5406.0,5413.0,62608,245896
2025-11-21 13:00:00,5413.0,5413.5,5406.5,5411.0,24081,91150
2025-11-21 14:00:00,5411.5,5417.5,5410.5,5414.5,22738,98187
2025-11-21 15:00:00,5414.0,5419.5,5410.5,5416.5,7767,44955
2025-11-24 06:00:00,5408.0,5408.0,5386.5,5394.5,118415,428801
2025-11-24 07:00:00,5394.5,5414.5,5393.5,5413.5,101000,406684
2025-11-24 08:00:00,5413.5,5415.0,5394.0,5402.5,99265,399245
2025-11-24 09:00:00,5402.0,5406.0,5397.0,5400.0,61306,286529
2025-11-24 10:00:00,5400.0,5406.5,5396.5,5402.5,34513,172110
2025-11-24 11:00:00,5403.0,5404.0,5399.0,5402.5,24596,109819
2025-11-24 12:00:00,5402.5,5406.5,5397.5,5399.0,28375,130116
2025-11-24 13:00:00,5399.0,5402.5,5398.5,5402.0,18338,87023
2025-11-24 14:00:00,5402.0,5402.5,5396.0,5397.0,16726,82961
2025-11-24 15:00:00,5397.5,5398.0,5392.0,5394.5,8110,55089
2025-11-25 06:00:00,5392.0,5392.0,5371.0,5374.0,128507,486270
2025-11-25 07:00:00,5374.5,5375.5,5358.5,5372.5,112231,500300
2025-11-25 08:00:00,5372.5,5415.5,5372.5,5402.0,144760,661655
2025-11-25 09:00:00,5402.5,5403.0,5382.0,5398.0,82906,378163
2025-11-25 10:00:00,5398.0,5399.5,5389.0,5393.0,36799,171886
2025-11-25 11:00:00,5393.5,5395.5,5380.0,5386.5,59170,269211
2025-11-25 12:00:00,5386.5,5386.5,5377.5,5379.5,46125,188998
2025-11-25 13:00:00,5379.5,5382.0,5374.0,5379.0,29565,139764
2025-11-25 14:00:00,5379.0,5392.0,5377.5,5390.0,24404,128785
2025-11-25 15:00:00,5389.5,5390.0,5382.0,5385.0,6410,39463
2025-11-26 06:00:00,5385.0,5392.5,5376.0,5386.0,99004,350317
2025-11-26 07:00:00,5386.0,5386.0,5374.0,5381.5,112205,418213
2025-11-26 08:00:00,5381.5,5384.5,5371.5,5375.0,73241,280585
2025-11-26 09:00:00,5374.5,5376.5,5354.0,5355.5,80852,335176
2025-11-26 10:00:00,5356.0,5356.5,5347.5,5352.0,56278,239749
2025-11-26 11:00:00,5351.5,5352.0,5340.5,5343.5,45918,226481
2025-11-26 12:00:00,5343.0,5346.0,5338.0,5339.0,38834,173713
2025-11-26 13:00:00,5339.5,5340.5,5333.5,5335.5,27429,144061
2025-11-26 14:00:00,5335.0,5340.5,5334.0,5334.0,26124,149437
2025-11-26 15:00:00,5334.0,5337.0,5331.5,5335.5,11949,61141
2025-11-27 06:00:00,5340.0,5355.0,5330.5,5349.5,86101,325541
2025-11-27 07:00:00,5350.0,5353.0,5345.5,5349.5,48484,170708
2025-11-27 08:00:00,5349.5,5357.5,5348.5,5355.5,42048,171830
2025-11-27 09:00:00,5355.5,5356.0,5346.5,5349.5,29003,108890
2025-11-27 10:00:00,5350.0,5351.0,5340.5,5349.0,35013,133378
2025-11-27 11:00:00,5349.5,5353.5,5346.0,5351.0,24500,103381
2025-11-27 12:00:00,5351.0,5360.5,5346.0,5358.0,30928,138195
2025-11-27 13:00:00,5358.0,5359.0,5352.5,5353.5,15710,70004
2025-11-27 14:00:00,5353.5,5357.0,5353.0,5355.0,10826,46295
2025-11-27 15:00:00,5355.0,5357.5,5351.0,5357.5,4237,26075
2025-11-28 06:00:00,5388.0,5396.0,5374.5,5376.5,86778,356875
2025-11-28 07:00:00,5377.0,5384.0,5365.5,5366.5,86360,379143
2025-11-28 08:00:00,5366.5,5376.5,5361.5,5365.5,68504,349244
2025-11-28 09:00:00,5365.0,5386.5,5363.5,5382.5,61896,316207
2025-11-28 10:00:00,5382.5,5383.5,5374.0,5378.5,37534,216114
2025-11-28 11:00:00,5378.5,5381.0,5374.0,5375.0,22548,97595
2025-11-28 12:00:00,5374.5,5377.0,5364.5,5367.5,34174,169289
2025-11-28 13:00:00,5367.5,5372.0,5364.5,5371.0,17037,89879
2025-11-28 14:00:00,5371.0,5373.0,5368.5,5370.5,11327,52845
2025-11-28 15:00:00,5370.0,5374.0,5370.0,5371.5,5124,34346
2025-12-01 06:00:00,5371.5,5378.0,5362.0,5377.0,109086,388634
2025-12-01 07:00:00,5376.5,5385.5,5375.5,5380.0,90686,369586
2025-12-01 08:00:00,5380.5,5385.5,5372.5,5377.5,67762,274250
2025-12-01 09:00:00,5377.5,5383.0,5370.5,5380.0,66536,296474
2025-12-01 10:00:00,5380.0,5390.0,5377.0,5389.0,51244,237604
2025-12-01 11:00:00,5389.0,5392.5,5383.5,5389.0,32549,135715
2025-12-01 12:00:00,5388.5,5395.5,5387.0,5393.0,32796,147917
2025-12-01 13:00:00,5393.0,5396.5,5392.5,5394.0,20696,94715
2025-12-01 14:00:00,5394.5,5400.0,5389.0,5391.0,29459,147407
2025-12-01 15:00:00,5391.5,5392.0,5385.5,5386.0,5544,32327
2025-12-02 06:00:00,5388.0,5396.5,5374.5,5387.0,97887,380329
2025-12-02 07:00:00,5387.5,5394.0,5379.0,5379.5,86478,343995
2025-12-02 08:00:00,5379.5,5382.0,5370.5,5372.5,80939,342294
2025-12-02 09:00:00,5373.0,5377.5,5368.0,5374.0,57580,262177
2025-12-02 10:00:00,5374.0,5379.5,5373.0,5377.5,37346,171665
2025-12-02 11:00:00,5377.0,5377.5,5362.5,5369.0,47798,214528
2025-12-02 12:00:00,5369.0,5370.5,5365.0,5368.0,26260,108553
2025-12-02 13:00:00,5368.0,5368.5,5363.0,5364.5,22207,102823
2025-12-02 14:00:00,5364.5,5366.5,5361.0,5361.5,18492,84321
2025-12-02 15:00:00,5362.0,5363.5,5360.0,5361.5,7092,40413
2025-12-03 06:00:00,5350.0,5355.5,5344.0,5353.5,89490,338551
2025-12-03 07:00:00,5354.0,5355.0,5332.0,5347.5,116144,492732
2025-12-03 08:00:00,5347.0,5351.0,5331.0,5337.0,93392,387060
2025-12-03 09:00:00,5337.0,5342.5,5331.5,5333.0,57721,259902
2025-12-03 10:00:00,5333.0,5344.5,5330.0,5343.0,44584,215397
2025-12-03 11:00:00,5343.5,5344.0,5336.5,5340.5,25766,115009
2025-12-03 12:00:00,5340.5,5346.0,5336.0,5341.0,32141,142530
2025-12-03 13:00:00,5341.0,5346.0,5339.5,5345.5,21858,94623
2025-12-03 14:00:00,5345.5,5345.5,5341.5,5342.5,19089,78765
2025-12-03 15:00:00,5343.0,5344.5,5339.0,5341.5,6332,36272
2025-12-04 06:00:00,5336.0,5341.5,5329.0,5335.0,86494,328743
2025-12-04 07:00:00,5335.5,5338.0,5319.5,5321.5,99478,439159
2025-12-04 08:00:00,5321.5,5326.5,5318.5,5326.0,60155,251250
2025-12-04 09:00:00,5326.5,5328.0,5322.0,5323.0,39924,188457
2025-12-04 10:00:00,5323.0,5334.5,5322.5,5333.0,47545,241279
2025-12-04 11:00:00,5333.5,5342.5,5331.5,5339.5,40534,183052
2025-12-04 12:00:00,5339.0,5347.0,5339.0,5341.5,39462,186432
2025-12-04 13:00:00,5341.5,5347.0,5335.0,5340.5,36696,182837
2025-12-04 14:00:00,5340.5,5344.5,5340.0,5343.0,18585,78786
2025-12-04 15:00:00,5343.0,5344.5,5339.5,5341.0,6393,36928
2025-12-05 06:00:00,5327.5,5340.0,5326.0,5337.5,72811,277082
2025-12-05 07:00:00,5337.5,5350.0,5336.0,5348.5,77296,317909
2025-12-05 08:00:00,5348.5,5378.5,5345.0,5372.0,119432,544169
2025-12-05 09:00:00,5372.0,5417.0,5362.0,5403.5,133079,589200
2025-12-05 10:00:00,5404.0,5461.0,5396.5,5435.0,278168,1047558
2025-12-05 11:00:00,5434.5,5456.5,5400.5,5445.0,183947,741396
2025-12-05 12:00:00,5445.5,5514.5,5438.0,5506.5,167207,637063
2025-12-05 13:00:00,5506.5,5512.0,5461.5,5463.5,124504,429252
2025-12-05 14:00:00,5463.5,5486.0,5458.5,5483.0,60536,239557
2025-12-05 15:00:00,5483.0,5486.0,5464.5,5466.0,14254,68175
2025-12-08 06:00:00,5451.5,5465.0,5422.5,5443.0,198145,734874
2025-12-08 07:00:00,5443.0,5450.0,5414.0,5418.5,125841,513192
2025-12-08 08:00:00,5418.5,5458.5,5416.5,5452.0,108834,429601
2025-12-08 09:00:00,5452.0,5495.0,5452.0,5474.5,143952,562948
2025-12-08 10:00:00,5475.0,5479.5,5460.0,5470.5,72483,278997
2025-12-08 11:00:00,5470.5,5478.5,5454.5,5456.5,70625,264355
2025-12-08 12:00:00,5456.0,5457.5,5444.0,5448.5,57309,210003
2025-12-08 13:00:00,5449.0,5456.5,5447.0,5449.0,35856,166706
2025-12-08 14:00:00,5448.5,5472.5,5446.5,5460.0,40829,174843
2025-12-08 15:00:00,5460.0,5464.5,5457.5,5457.5,7632,40443
2025-12-09 06:00:00,5449.0,5495.0,5446.0,5492.5,186938,660065
2025-12-09 07:00:00,5492.5,5522.0,5483.0,5496.0,179256,688690
2025-12-09 08:00:00,5496.0,5503.0,5483.5,5493.0,99693,376556
2025-12-09 09:00:00,5493.0,5504.5,5452.5,5458.5,137675,588701
2025-12-09 10:00:00,5458.5,5468.5,5447.0,5462.5,78411,316854
2025-12-09 11:00:00,5462.5,5475.5,5456.0,5472.5,47440,175692
2025-12-09 12:00:00,5473.0,5475.5,5462.5,5465.0,40044,163078
2025-12-09 13:00:00,5464.5,5471.0,5458.0,5464.0,46002,191375
2025-12-09 14:00:00,5463.5,5467.0,5457.5,5465.5,25968,108712
2025-12-09 15:00:00,5465.5,5466.5,5459.0,5459.5,7365,31234
2025-12-10 06:00:00,5449.5,5470.0,5442.5,5468.5,132144,470718
2025-12-10 07:00:00,5468.0,5493.0,5467.0,5486.0,124321,453564
2025-12-10 08:00:00,5486.5,5493.0,5481.0,5491.0,73229,282504
2025-12-10 09:00:00,5491.0,5515.0,5483.0,5504.0,92472,396621
2025-12-10 10:00:00,5504.5,5509.0,5495.0,5497.5,48908,193155
2025-12-10 11:00:00,5497.0,5508.0,5496.5,5506.0,42418,168847
2025-12-10 12:00:00,5506.0,5513.0,5499.0,5509.0,39465,151643
2025-12-10 13:00:00,5509.5,5510.0,5488.5,5491.5,122999,387243
2025-12-10 14:00:00,5491.5,5498.5,5479.5,5497.0,60139,221447
2025-12-10 15:00:00,5497.0,5500.0,5493.5,5497.0,9725,42631
2025-12-11 06:00:00,5499.5,5500.0,5465.5,5467.5,131338,468804
2025-12-11 07:00:00,5467.5,5473.5,5448.5,5451.5,110194,442247
2025-12-11 08:00:00,5451.5,5454.0,5441.5,5443.0,83506,362832
2025-12-11 09:00:00,5443.0,5444.5,5424.5,5427.5,85092,417336
2025-12-11 10:00:00,5427.0,5431.0,5420.5,5427.5,54060,246323
2025-12-11 11:00:00,5427.5,5439.0,5424.0,5434.5,45894,202610
2025-12-11 12:00:00,5434.5,5438.5,5417.5,5421.0,63325,277056
2025-12-11 13:00:00,5421.0,5427.5,5418.5,5426.5,27164,142828
2025-12-11 14:00:00,5426.5,5431.0,5426.0,5428.0,18259,80071
2025-12-11 15:00:00,5428.5,5432.0,5425.5,5431.5,9507,55227
2025-12-12 06:00:00,5429.5,5440.0,5420.0,5421.5,115635,400285
2025-12-12 07:00:00,5421.0,5424.0,5399.0,5408.0,130421,523088
2025-12-12 08:00:00,5408.0,5416.0,5400.0,5404.0,69819,285350
2025-12-12 09:00:00,5404.0,5446.0,5403.5,5437.0,116771,506454
2025-12-12 10:00:00,5437.5,5444.5,5426.0,5427.5,67217,298115
2025-12-12 11:00:00,5427.5,5430.0,5412.5,5422.0,61235,300019
2025-12-12 12:00:00,5422.5,5428.5,5416.0,5426.0,34503,150225
2025-12-12 13:00:00,5425.5,5434.5,5425.5,5432.0,33064,138515
2025-12-12 14:00:00,5432.0,5441.5,5430.0,5438.5,26311,98674
2025-12-12 15:00:00,5439.0,5445.0,5431.0,5433.0,8101,42206
2025-12-15 06:00:00,5420.0,5430.5,5404.5,5406.5,113237,407529
2025-12-15 07:00:00,5406.0,5411.0,5399.0,5408.5,81404,321858
2025-12-15 08:00:00,5408.5,5430.0,5406.0,5425.0,96261,407772
2025-12-15 09:00:00,5424.5,5431.0,5417.0,5420.5,77362,313862
2025-12-15 10:00:00,5420.5,5427.5,5412.5,5425.0,57010,237064
2025-12-15 11:00:00,5425.0,5435.5,5422.5,5434.0,36457,134149
2025-12-15 12:00:00,5433.5,5444.0,5431.5,5442.0,49938,208367
2025-12-15 13:00:00,5442.0,5444.0,5437.5,5439.5,22875,88689
2025-12-15 14:00:00,5439.5,5441.5,5433.0,5438.0,24294,97323
2025-12-15 15:00:00,5438.0,5440.5,5431.5,5433.5,8269,35991
2025-12-16 06:00:00,5438.5,5475.0,5432.5,5451.5,200022,772102
2025-12-16 07:00:00,5451.0,5469.0,5434.0,5459.0,146345,521430
2025-12-16 08:00:00,5459.5,5475.0,5456.0,5466.5,110291,423163
2025-12-16 09:00:00,5467.0,5491.5,5464.5,5483.5,92168,407125
2025-12-16 10:00:00,5483.0,5487.0,5474.5,5477.0,55941,246352
2025-12-16 11:00:00,5476.5,5477.0,5462.5,5475.5,60900,260021
2025-12-16 12:00:00,5475.5,5481.5,5472.5,5480.5,44362,164268
2025-12-16 13:00:00,5480.0,5488.5,5477.5,5479.0,35243,130076
2025-12-16 14:00:00,5479.5,5489.5,5478.0,5483.5,31467,122714
2025-12-16 15:00:00,5484.0,5540.5,5483.0,5528.5,31726,181553
2025-12-17 06:00:00,5516.0,5535.0,5498.5,5507.5,164273,564990
2025-12-17 07:00:00,5508.0,5533.0,5503.5,5514.0,153507,584146
2025-12-17 08:00:00,5514.5,5523.0,5505.5,5514.5,109662,483234
2025-12-17 09:00:00,5514.5,5539.5,5512.5,5536.0,92935,381539
2025-12-17 10:00:00,5536.0,5545.0,5530.5,5538.0,76399,306655
2025-12-17 11:00:00,5538.0,5538.0,5521.0,5527.5,57884,248401
2025-12-17 12:00:00,5528.0,5540.0,5527.5,5533.0,47935,208361
2025-12-17 13:00:00,5532.5,5542.0,5530.0,5535.5,31377,137560
2025-12-17 14:00:00,5536.0,5537.5,5522.5,5528.0,29792,112238
2025-12-17 15:00:00,5528.0,5539.5,5525.0,5534.5,10730,53795
2025-12-18 06:00:00,5519.0,5571.5,5516.0,5568.5,152778,629966
2025-12-18 07:00:00,5568.0,5569.5,5528.5,5551.0,170424,689858
2025-12-18 08:00:00,5551.0,5553.5,5536.0,5542.5,101196,412576
2025-12-18 09:00:00,5542.0,5544.5,5514.5,5525.0,85654,376640
2025-12-18 10:00:00,5525.0,5534.0,5513.5,5529.0,70598,317836
2025-12-18 11:00:00,5528.5,5543.5,5524.0,5527.5,67171,257083
2025-12-18 12:00:00,5527.5,5532.0,5521.5,5531.0,36935,171664
2025-12-18 13:00:00,5531.0,5536.5,5527.5,5535.0,23228,109822
2025-12-18 14:00:00,5535.0,5537.5,5529.5,5535.0,23145,91209
2025-12-18 15:00:00,5535.0,5537.0,5531.5,5534.5,7842,38592
2025-12-19 06:00:00,5535.0,5556.5,5530.5,5549.5,143236,508064
2025-12-19 07:00:00,5549.5,5549.5,5521.5,5523.0,111930,431262
2025-12-19 08:00:00,5522.5,5528.5,5508.0,5516.5,105088,501135
2025-12-19 09:00:00,5516.0,5524.0,5513.0,5522.0,59325,287144
2025-12-19 10:00:00,5522.0,5523.0,5513.0,5521.5,32901,159524
2025-12-19 11:00:00,5521.5,5542.0,5520.0,5540.5,36950,181570
2025-12-19 12:00:00,5540.5,5543.5,5534.5,5541.5,36384,164932
2025-12-19 13:00:00,5541.5,5543.0,5535.0,5540.0,28276,130068
2025-12-19 14:00:00,5540.0,5558.5,5537.5,5552.5,29823,141112
2025-12-19 15:00:00,5552.5,5560.5,5550.5,5555.0,8899,45973
2025-12-22 06:00:00,5538.5,5552.0,5528.5,5535.5,116451,412699
2025-12-22 07:00:00,5535.5,5545.5,5525.0,5542.0,102204,388922
2025-12-22 08:00:00,5542.0,5560.5,5535.5,5553.0,92311,361685
2025-12-22 09:00:00,5553.0,5571.0,5546.0,5568.5,84552,379810
2025-12-22 10:00:00,5568.5,5592.0,5566.5,5587.5,94409,407350
2025-12-22 11:00:00,5587.5,5604.5,5584.0,5597.0,76250,344354
2025-12-22 12:00:00,5597.0,5614.0,5588.0,5590.5,80502,330319
2025-12-22 13:00:00,5590.5,5595.0,5584.0,5591.5,49235,200244
2025-12-22 14:00:00,5591.5,5602.5,5590.5,5598.5,29037,131921
2025-12-22 15:00:00,5599.0,5604.0,5596.0,5598.5,10851,47984
2025-12-23 06:00:00,5588.5,5603.0,5582.0,5595.5,127267,460149
2025-12-23 07:00:00,5595.0,5599.5,5575.5,5586.0,111788,455081
2025-12-23 08:00:00,5585.5,5588.0,5560.0,5561.0,87860,341546
2025-12-23 09:00:00,5561.0,5563.0,5538.0,5551.5,92325,395932
2025-12-23 10:00:00,5551.0,5553.0,5540.0,5545.0,39254,158537
2025-12-23 11:00:00,5545.0,5548.5,5539.5,5546.5,30973,140383
2025-12-23 12:00:00,5546.5,5548.5,5541.5,5543.5,29966,118973
2025-12-23 13:00:00,5543.5,5545.0,5535.0,5536.0,28972,104559
2025-12-23 14:00:00,5536.0,5538.0,5532.0,5534.0,24176,88027
2025-12-23 15:00:00,5534.0,5534.0,5523.0,5528.5,10077,53047
2025-12-26 06:00:00,5550.0,5570.0,5543.0,5558.0,105732,376971
2025-12-26 07:00:00,5557.5,5566.0,5552.5,5555.5,77060,299219
2025-12-26 08:00:00,5555.5,5555.5,5541.0,5542.5,75810,282072
2025-12-26 09:00:00,5542.5,5543.0,5523.0,5538.0,74831,308078
2025-12-26 10:00:00,5538.0,5543.5,5536.5,5541.5,31463,130987
2025-12-26 11:00:00,5542.0,5549.0,5528.0,5543.5,50553,208134
2025-12-26 12:00:00,5543.0,5550.0,5542.0,5546.5,25114,81798
2025-12-26 13:00:00,5546.0,5552.5,5545.0,5547.0,20570,78561
2025-12-26 14:00:00,5547.0,5550.5,5543.5,5545.5,14003,52790
2025-12-26 15:00:00,5546.0,5550.0,5540.0,5545.5,6781,32605
2025-12-29 06:00:00,5545.5,5568.0,5543.0,5566.5,101319,352769
2025-12-29 07:00:00,5566.5,5581.5,5566.0,5575.5,80982,310362
2025-12-29 08:00:00,5575.5,5580.0,5566.0,5573.0,68164,270782
2025-12-29 09:00:00,5573.0,5582.0,5562.0,5566.5,79693,366485
2025-12-29 10:00:00,5566.5,5584.5,5563.5,5579.5,55558,250832
2025-12-29 11:00:00,5579.0,5582.5,5576.5,5581.0,24057,79509
2025-12-29 12:00:00,5581.0,5586.0,5577.5,5578.0,38631,153535
2025-12-29 13:00:00,5578.5,5583.0,5568.5,5571.0,30310,126701
2025-12-29 14:00:00,5570.5,5573.5,5562.0,5572.5,26786,98813
2025-12-29 15:00:00,5572.5,5577.0,5571.0,5572.5,7924,37117
2025-12-30 06:00:00,5604.0,5608.0,5560.0,5561.0,132409,453334
2025-12-30 07:00:00,5560.5,5568.0,5534.0,5541.0,112630,464169
2025-12-30 08:00:00,5541.0,5547.0,5530.5,5537.0,86298,366589
2025-12-30 09:00:00,5537.0,5545.0,5527.5,5539.5,68177,311052
2025-12-30 10:00:00,5540.0,5544.5,5529.0,5540.0,49698,247401
2025-12-30 11:00:00,5540.0,5542.0,5525.5,5526.5,32822,150591
2025-12-30 12:00:00,5527.0,5537.5,5525.5,5531.5,36877,183105
2025-12-30 13:00:00,5531.5,5533.0,5525.0,5528.0,27089,115197
2025-12-30 14:00:00,5527.5,5531.0,5514.0,5518.0,25515,107577
2025-12-30 15:00:00,5518.0,5521.0,5513.0,5519.0,9132,49064
2026-01-02 06:00:00,5507.0,5508.0,5467.5,5471.5,120850,444320
2026-01-02 07:00:00,5471.5,5481.0,5459.0,5470.0,85855,361467
2026-01-02 08:00:00,5470.0,5480.0,5457.0,5475.0,87535,361182
2026-01-02 09:00:00,5475.0,5491.5,5473.5,5475.0,72453,267069
2026-01-02 10:00:00,5475.0,5480.0,5460.0,5461.0,51971,215104
2026-01-02 11:00:00,5460.5,5462.5,5454.0,5460.5,38427,155629
2026-01-02 12:00:00,5460.5,5463.5,5454.0,5463.0,30714,127983
2026-01-02 13:00:00,5463.0,5465.0,5455.0,5461.0,28620,131627
2026-01-02 14:00:00,5460.5,5466.0,5460.0,5462.5,19420,80069
2026-01-02 15:00:00,5462.0,5464.0,5452.0,5456.0,7636,40421
2026-01-05 06:00:00,5455.0,5480.0,5455.0,5475.0,122792,398498
2026-01-05 07:00:00,5475.5,5489.5,5475.0,5479.5,96714,349106
2026-01-05 08:00:00,5479.5,5482.5,5462.5,5471.5,99291,393837
2026-01-05 09:00:00,5471.5,5476.5,5449.0,5450.5,81285,325984
2026-01-05 10:00:00,5451.0,5455.5,5444.5,5446.0,47793,207196
2026-01-05 11:00:00,5446.5,5448.5,5431.5,5433.5,48892,205674
2026-01-05 12:00:00,5433.5,5438.5,5432.5,5436.0,32695,151298
2026-01-05 13:00:00,5436.5,5442.5,5434.5,5441.0,28250,121855
2026-01-05 14:00:00,5441.5,5445.0,5440.0,5445.0,22393,97109
2026-01-05 15:00:00,5445.0,5449.0,5443.0,5449.0,8051,46952
2026-01-06 06:00:00,5449.0,5452.0,5430.5,5434.0,128696,427548
2026-01-06 07:00:00,5434.0,5440.0,5420.0,5428.0,107223,407767
2026-01-06 08:00:00,5428.0,5429.5,5397.5,5403.5,109663,464303
2026-01-06 09:00:00,5403.5,5417.5,5401.0,5405.5,68448,289119
2026-01-06 10:00:00,5405.5,5408.5,5400.0,5405.5,41017,187862
2026-01-06 11:00:00,5405.5,5409.5,5399.5,5406.0,28236,113137
2026-01-06 12:00:00,5406.0,5415.5,5402.0,5408.0,40828,185129
2026-01-06 13:00:00,5408.0,5418.0,5407.0,5415.5,29264,138086
2026-01-06 14:00:00,5415.5,5416.0,5405.5,5410.0,19673,90904
2026-01-06 15:00:00,5410.5,5414.0,5408.5,5409.0,8004,43811
2026-01-07 06:00:00,5403.0,5421.0,5401.0,5415.0,106397,375379
2026-01-07 07:00:00,5414.5,5424.0,5410.5,5413.5,100971,371796
2026-01-07 08:00:00,5413.5,5432.5,5410.0,5422.0,94526,374794
2026-01-07 09:00:00,5422.5,5434.0,5420.5,5425.5,71675,305913
2026-01-07 10:00:00,5425.0,5430.0,5421.0,5423.0,35471,151616
2026-01-07 11:00:00,5423.0,5430.0,5420.0,5427.5,27224,115345
2026-01-07 12:00:00,5428.0,5429.0,5415.0,5418.5,43029,185354
2026-01-07 13:00:00,5418.5,5423.5,5417.5,5418.0,21058,91720
2026-01-07 14:00:00,5418.0,5422.5,5418.0,5420.5,15938,76601
2026-01-07 15:00:00,5421.0,5424.0,5418.0,5420.5,6501,36723
2026-01-08 06:00:00,5424.0,5427.5,5410.0,5412.5,107596,350598
2026-01-08 07:00:00,5412.5,5423.5,5406.5,5417.5,88578,327014
2026-01-08 08:00:00,5418.0,5428.5,5413.5,5418.5,89686,352798
2026-01-08 09:00:00,5419.0,5428.0,5413.0,5421.0,55929,213652
2026-01-08 10:00:00,5420.5,5428.0,5414.5,5417.5,37925,159365
2026-01-08 11:00:00,5417.5,5421.0,5413.5,5417.0,27426,111492
2026-01-08 12:00:00,5417.0,5426.0,5416.5,5425.0,31222,135264
2026-01-08 13:00:00,5425.5,5427.0,5419.0,5420.5,21869,94700
2026-01-08 14:00:00,5421.0,5422.0,5418.0,5418.5,13731,63038
2026-01-08 15:00:00,5419.0,5420.5,5417.0,5417.5,5128,26195
2026-01-09 06:00:00,5428.5,5428.5,5411.0,5416.0,88451,304329
2026-01-09 07:00:00,5416.5,5424.0,5384.0,5396.5,162692,641083
2026-01-09 08:00:00,5396.0,5402.0,5389.0,5393.0,86578,339568
2026-01-09 09:00:00,5393.5,5400.5,5383.0,5384.0,63283,261573
2026-01-09 10:00:00,5384.0,5390.5,5381.5,5384.5,44254,192495
2026-01-09 11:00:00,5384.5,5396.5,5382.0,5395.0,32346,136723
2026-01-09 12:00:00,5395.0,5397.0,5391.0,5394.5,21568,89579
2026-01-09 13:00:00,5394.0,5398.5,5393.5,5395.0,20115,93659
2026-01-09 14:00:00,5395.0,5396.0,5391.0,5395.5,14858,72769
2026-01-09 15:00:00,5395.5,5402.0,5393.0,5402.0,8226,44786
2026-01-12 06:00:00,5388.0,5408.5,5377.0,5408.0,116105,407752
2026-01-12 07:00:00,5408.0,5412.0,5388.0,5405.5,128688,503918
2026-01-12 08:00:00,5406.0,5413.0,5392.5,5400.5,79093,308957
2026-01-12 09:00:00,5401.0,5405.5,5393.5,5396.0,44200,188329
2026-01-12 10:00:00,5396.0,5398.0,5388.0,5395.0,40373,168547
2026-01-12 11:00:00,5395.0,5400.0,5390.5,5396.5,26907,115909
2026-01-12 12:00:00,5396.0,5399.0,5395.0,5399.0,21227,87082
2026-01-12 13:00:00,5399.0,5399.0,5395.0,5398.0,11900,56110
2026-01-12 14:00:00,5398.5,5401.5,5397.5,5401.5,14366,63328
2026-01-12 15:00:00,5401.5,5404.0,5399.0,5401.5,7034,41776
2026-01-13 06:00:00,5397.5,5411.0,5394.5,5405.0,100465,370338
2026-01-13 07:00:00,5404.5,5410.5,5390.0,5401.0,114892,438366
2026-01-13 08:00:00,5401.5,5404.0,5388.5,5400.0,84229,347889
2026-01-13 09:00:00,5400.5,5414.5,5396.5,5404.5,74889,336514
2026-01-13 10:00:00,5404.0,5419.0,5402.0,5408.5,50371,222655
2026-01-13 11:00:00,5408.5,5413.0,5405.0,5409.5,28212,129688
2026-01-13 12:00:00,5409.5,5413.0,5400.5,5403.5,28979,117898
2026-01-13 13:00:00,5403.5,5405.5,5398.0,5398.5,20517,90953
2026-01-13 14:00:00,5398.5,5402.0,5396.0,5398.0,18103,79189
2026-01-13 15:00:00,5398.0,5399.0,5396.0,5396.0,5764,37898
2026-01-14 06:00:00,5393.5,5404.0,5387.0,5393.5,89950,324293
2026-01-14 07:00:00,5393.5,5395.0,5380.0,5390.5,112598,454675
2026-01-14 08:00:00,5390.5,5446.0,5387.0,5396.0,209250,834796
2026-01-14 09:00:00,5396.5,5417.0,5395.5,5413.5,69565,292375
2026-01-14 10:00:00,5414.0,5416.0,5399.0,5401.5,42158,169918
2026-01-14 11:00:00,5401.0,5412.0,5399.5,5411.5,33846,142961
2026-01-14 12:00:00,5411.5,5422.0,5409.0,5416.0,43518,183623
2026-01-14 13:00:00,5416.0,5425.5,5409.0,5422.5,42221,182650
2026-01-14 14:00:00,5422.0,5423.5,5412.5,5414.0,25955,107887
2026-01-14 15:00:00,5414.5,5419.0,5412.5,5419.0,6807,33473
2026-01-15 06:00:00,5412.0,5412.0,5401.0,5403.5,75289,273075
2026-01-15 07:00:00,5404.0,5423.5,5397.5,5418.0,116859,437034
2026-01-15 08:00:00,5418.0,5419.5,5405.0,5409.0,80040,314984
2026-01-15 09:00:00,5409.0,5409.5,5388.0,5388.5,78287,337013
2026-01-15 10:00:00,5389.0,5393.0,5380.0,5382.0,58342,269488
2026-01-15 11:00:00,5381.5,5384.5,5375.0,5383.0,41034,179724
2026-01-15 12:00:00,5383.0,5383.5,5372.5,5378.0,42641,175978
2026-01-15 13:00:00,5378.5,5389.0,5377.5,5386.0,27566,124256
2026-01-15 14:00:00,5386.5,5391.5,5385.0,5389.5,23142,101880
2026-01-15 15:00:00,5389.0,5390.5,5384.0,5386.5,7525,38070
2026-01-16 06:00:00,5385.5,5397.0,5381.5,5391.5,89186,306164
2026-01-16 07:00:00,5392.0,5395.5,5385.0,5395.0,51716,206262
2026-01-16 08:00:00,5395.0,5413.0,5394.0,5401.5,61613,278187
2026-01-16 09:00:00,5401.5,5411.5,5391.0,5400.0,72827,318934
2026-01-16 10:00:00,5400.0,5401.5,5386.0,5390.0,44232,198128
2026-01-16 11:00:00,5390.0,5395.0,5387.5,5394.0,27967,135228
2026-01-16 12:00:00,5393.5,5395.0,5384.0,5385.5,25149,115275
2026-01-16 13:00:00,5386.0,5391.0,5384.5,5390.0,16792,69136
2026-01-16 14:00:00,5390.0,5391.5,5387.5,5388.5,13849,57087
2026-01-16 15:00:00,5388.5,5390.0,5385.5,5387.0,5329,35144
2026-01-19 06:00:00,5397.0,5400.0,5381.5,5386.0,68547,244171
2026-01-19 07:00:00,5386.0,5391.5,5375.5,5380.5,67778,239969
2026-01-19 08:00:00,5381.0,5388.0,5380.0,5384.0,34598,153095
2026-01-19 09:00:00,5383.5,5386.0,5375.5,5376.0,30574,131254
2026-01-19 10:00:00,5376.0,5377.5,5362.5,5372.0,55087,256936
2026-01-19 11:00:00,5372.5,5379.5,5369.5,5370.5,27099,121169
2026-01-19 12:00:00,5370.5,5383.5,5369.0,5381.5,25912,116013
2026-01-19 13:00:00,5381.5,5385.0,5378.5,5381.5,14998,65096
2026-01-19 14:00:00,5381.5,5385.0,5380.0,5383.5,10456,49058
2026-01-19 15:00:00,5383.5,5389.0,5382.5,5387.5,5620,30740
2026-01-20 06:00:00,5394.0,5412.5,5387.0,5396.5,138909,562742
2026-01-20 07:00:00,5396.5,5424.0,5396.0,5406.0,133802,553211
2026-01-20 08:00:00,5405.5,5409.0,5390.0,5391.0,97175,454297
2026-01-20 09:00:00,5391.5,5394.5,5373.5,5380.0,80435,360458
2026-01-20 10:00:00,5380.5,5382.0,5374.0,5377.0,35371,153962
2026-01-20 11:00:00,5377.0,5389.5,5374.5,5386.5,37026,167582
2026-01-20 12:00:00,5387.0,5401.5,5385.0,5397.5,50829,232134
2026-01-20 13:00:00,5397.5,5398.0,5390.5,5394.0,28785,130107
2026-01-20 14:00:00,5394.5,5395.5,5388.0,5389.5,19042,88627
2026-01-20 15:00:00,5389.0,5393.0,5388.0,5392.0,5859,33844
2026-01-21 06:00:00,5383.5,5385.5,5362.0,5363.5,114718,425001
2026-01-21 07:00:00,5363.0,5369.5,5356.5,5360.5,98920,426798
2026-01-21 08:00:00,5360.5,5367.5,5335.5,5341.0,124961,531243
2026-01-21 09:00:00,5341.5,5351.5,5335.5,5336.0,77397,371036
2026-01-21 10:00:00,5336.0,5341.0,5330.0,5335.5,59495,310405
2026-01-21 11:00:00,5335.5,5346.0,5334.0,5337.5,43966,192182
2026-01-21 12:00:00,5337.5,5341.5,5330.0,5330.5,38133,175152
2026-01-21 13:00:00,5331.0,5336.5,5327.5,5331.5,46552,199710
2026-01-21 14:00:00,5331.0,5335.5,5326.5,5328.5,21783,91083
2026-01-21 15:00:00,5328.5,5334.0,5328.0,5333.0,10423,57447
2026-01-22 06:00:00,5327.5,5335.5,5316.0,5325.0,101167,370081
2026-01-22 07:00:00,5324.5,5337.0,5324.0,5337.0,84244,345127
2026-01-22 08:00:00,5336.5,5337.0,5321.0,5325.0,77743,307570
2026-01-22 09:00:00,5325.0,5327.5,5305.0,5305.5,78209,357082
2026-01-22 10:00:00,5305.5,5310.5,5300.5,5308.0,53962,273770
2026-01-22 11:00:00,5308.0,5312.0,5297.0,5303.5,52436,262004
2026-01-22 12:00:00,5303.5,5304.5,5293.0,5293.5,44346,202900
2026-01-22 13:00:00,5294.0,5297.0,5292.0,5294.5,23097,98382
2026-01-22 14:00:00,5294.0,5300.5,5291.0,5300.5,25210,107171
2026-01-22 15:00:00,5300.5,5307.5,5296.5,5298.0,9927,62024
2026-01-23 06:00:00,5299.0,5308.0,5296.0,5296.0,83070,312890
2026-01-23 07:00:00,5296.0,5308.0,5286.0,5303.5,97637,385802
2026-01-23 08:00:00,5304.0,5314.5,5301.0,5308.0,78309,326600
2026-01-23 09:00:00,5308.0,5308.0,5292.0,5292.5,68114,309058
2026-01-23 10:00:00,5292.5,5307.5,5290.5,5304.5,50188,237249
2026-01-23 11:00:00,5305.0,5307.0,5282.5,5301.0,75513,348718
2026-01-23 12:00:00,5301.0,5308.0,5293.5,5298.0,50386,218460
2026-01-23 13:00:00,5297.5,5299.5,5292.5,5296.0,25935,102776
2026-01-23 14:00:00,5295.5,5299.0,5286.0,5296.0,34142,138398
2026-01-23 15:00:00,5296.0,5304.0,5293.0,5300.0,9029,46296
2026-01-26 06:00:00,5289.0,5298.0,5275.0,5290.0,80579,303548
2026-01-26 07:00:00,5290.5,5298.0,5287.0,5290.0,75822,319308
2026-01-26 08:00:00,5290.0,5293.0,5275.0,5277.0,94927,394880
2026-01-26 09:00:00,5277.0,5285.0,5268.0,5269.5,67396,308850
2026-01-26 10:00:00,5269.5,5282.5,5268.5,5281.5,40871,193759
2026-01-26 11:00:00,5281.5,5284.0,5274.0,5277.0,29313,119808
2026-01-26 12:00:00,5277.5,5284.0,5274.0,5283.5,31348,152277
2026-01-26 13:00:00,5284.0,5293.0,5283.5,5287.0,34874,158065
2026-01-26 14:00:00,5287.5,5292.5,5282.0,5291.0,24216,113554
2026-01-26 15:00:00,5290.5,5294.5,5287.5,5289.5,8966,41890
2026-01-27 06:00:00,5282.0,5283.5,5260.0,5262.0,97605,377889
2026-01-27 07:00:00,5262.0,5262.0,5250.0,5251.0,85987,419420
2026-01-27 08:00:00,5251.5,5257.5,5248.5,5252.0,61713,281151
2026-01-27 09:00:00,5252.0,5253.0,5223.0,5223.5,91982,456335
2026-01-27 10:00:00,5223.5,5228.0,5212.0,5218.5,75636,373675
2026-01-27 11:00:00,5219.0,5227.0,5214.5,5216.5,45565,215174
2026-01-27 12:00:00,5216.5,5220.5,5208.5,5210.0,46385,249559
2026-01-27 13:00:00,5210.0,5213.5,5202.5,5212.5,51241,277854
2026-01-27 14:00:00,5212.5,5213.0,5182.0,5194.0,62779,293132
2026-01-27 15:00:00,5194.0,5195.5,5180.0,5183.5,21014,87701
2026-01-28 06:00:00,5192.0,5206.5,5180.0,5182.5,125311,480861
2026-01-28 07:00:00,5183.0,5190.5,5174.0,5180.0,113385,489847
2026-01-28 08:00:00,5179.5,5200.0,5177.0,5192.0,110430,479601
2026-01-28 09:00:00,5192.0,5216.0,5184.0,5214.0,131863,608805
2026-01-28 10:00:00,5214.5,5220.0,5204.5,5215.0,67752,326584
2026-01-28 11:00:00,5214.5,5216.5,5204.5,5213.0,44870,182865
2026-01-28 12:00:00,5213.0,5227.0,5209.0,5224.5,55400,235950
2026-01-28 13:00:00,5224.5,5228.0,5208.5,5210.5,77116,267935
2026-01-28 14:00:00,5210.5,5211.0,5194.5,5200.5,41917,156701
2026-01-28 15:00:00,5200.0,5201.5,5195.0,5197.0,8015,52115
2026-01-29 06:00:00,5200.0,5206.0,5180.0,5195.0,117279,442233
2026-01-29 07:00:00,5194.5,5196.0,5183.0,5186.5,97570,420491
2026-01-29 08:00:00,5186.5,5202.0,5167.5,5200.0,131031,525748
2026-01-29 09:00:00,5199.5,5252.5,5199.5,5233.5,230793,808046
2026-01-29 10:00:00,5233.5,5234.0,5205.5,5217.5,116408,398765
2026-01-29 11:00:00,5217.0,5218.0,5199.5,5210.0,72646,260557
2026-01-29 12:00:00,5210.5,5212.5,5189.0,5192.5,56343,218140
2026-01-29 13:00:00,5192.5,5197.5,5187.0,5196.5,40863,161225
2026-01-29 14:00:00,5196.5,5197.5,5190.0,5191.5,22399,106350
2026-01-29 15:00:00,5191.5,5198.5,5190.5,5196.0,7575,36709
2026-01-30 06:00:00,5239.5,5258.0,5227.0,5251.5,125683,469272
2026-01-30 07:00:00,5252.0,5275.5,5247.5,5270.5,128555,545580
2026-01-30 08:00:00,5270.5,5271.0,5247.0,5253.5,107974,448162
2026-01-30 09:00:00,5253.0,5270.5,5249.0,5269.5,104031,427912
2026-01-30 10:00:00,5269.5,5284.0,5264.5,5278.5,82101,365295
2026-01-30 11:00:00,5278.5,5297.5,5276.0,5290.5,89795,365660
2026-01-30 12:00:00,5290.5,5312.0,5280.5,5285.0,117987,503302
2026-01-30 13:00:00,5285.0,5286.0,5273.0,5279.0,62544,237061
2026-01-30 14:00:00,5279.5,5298.5,5278.5,5294.5,40919,170348
2026-01-30 15:00:00,5294.5,5298.0,5288.5,5290.5,9865,54982
2026-02-02 06:00:00,5297.5,5297.5,5266.5,5274.5,126818,504657
2026-02-02 07:00:00,5274.0,5295.5,5273.0,5288.5,93440,338684
2026-02-02 08:00:00,5288.5,5312.0,5278.0,5289.5,116456,490730
2026-02-02 09:00:00,5289.5,5301.0,5284.5,5293.5,83129,343884
2026-02-02 10:00:00,5294.0,5296.5,5284.0,5290.5,49183,201562
2026-02-02 11:00:00,5291.0,5291.5,5280.5,5289.0,33834,132516
2026-02-02 12:00:00,5289.5,5298.5,5289.0,5291.5,39993,165485
2026-02-02 13:00:00,5291.5,5295.0,5286.0,5288.5,24950,107106
2026-02-02 14:00:00,5288.0,5290.5,5286.5,5288.0,18933,77809
2026-02-02 15:00:00,5288.0,5291.5,5286.5,5291.5,6298,33042
2026-02-03 06:00:00,5275.5,5278.0,5254.5,5262.0,115212,466500
2026-02-03 07:00:00,5262.0,5263.0,5239.5,5243.5,98300,433535
2026-02-03 08:00:00,5244.0,5258.5,5235.0,5258.0,92637,438885
2026-02-03 09:00:00,5258.5,5267.5,5243.5,5243.5,89899,417626
2026-02-03 10:00:00,5244.0,5257.0,5241.5,5253.5,55571,253128
2026-02-03 11:00:00,5253.0,5268.0,5251.5,5261.5,57430,262802
2026-02-03 12:00:00,5261.0,5271.0,5256.5,5270.0,47985,224294
2026-02-03 13:00:00,5270.0,5292.5,5264.0,5276.5,74725,364266
2026-02-03 14:00:00,5276.5,5282.5,5266.0,5268.5,30043,137412
2026-02-03 15:00:00,5268.0,5271.5,5266.0,5266.5,5323,35437
2026-02-04 06:00:00,5268.0,5269.5,5244.0,5245.5,91121,341662
2026-02-04 07:00:00,5246.0,5255.0,5241.5,5245.5,83128,325939
2026-02-04 08:00:00,5245.0,5273.5,5245.0,5272.5,109072,476815
2026-02-04 09:00:00,5272.5,5283.5,5267.5,5276.5,91597,371841
2026-02-04 10:00:00,5276.0,5285.5,5273.0,5274.0,56961,234878
2026-02-04 11:00:00,5274.0,5288.0,5265.5,5281.0,78534,324095
2026-02-04 12:00:00,5281.5,5288.0,5280.0,5283.5,47985,175916
2026-02-04 13:00:00,5283.5,5291.5,5272.5,5276.0,50038,204616
2026-02-04 14:00:00,5276.0,5279.0,5266.0,5268.0,30497,139400
2026-02-04 15:00:00,5268.5,5271.0,5265.0,5268.0,7504,34629
2026-02-05 06:00:00,5276.0,5300.0,5266.0,5292.5,124015,503488
2026-02-05 07:00:00,5292.5,5293.0,5269.5,5273.5,96170,393061
2026-02-05 08:00:00,5274.0,5279.0,5260.5,5270.5,120297,496583
2026-02-05 09:00:00,5270.5,5314.0,5267.0,5299.0,136415,612344
2026-02-05 10:00:00,5299.5,5311.0,5283.0,5287.0,88338,371192
2026-02-05 11:00:00,5287.5,5296.0,5277.0,5280.5,59862,242036
2026-02-05 12:00:00,5280.5,5281.0,5272.0,5275.0,42988,161013
2026-02-05 13:00:00,5274.5,5281.0,5274.0,5279.0,28234,100760
2026-02-05 14:00:00,5278.5,5299.5,5278.5,5297.0,38664,170339
2026-02-05 15:00:00,5297.5,5303.5,5295.5,5298.5,10009,64538
2026-02-06 06:00:00,5269.0,5273.5,5247.5,5271.5,126177,477730
2026-02-06 07:00:00,5271.5,5278.5,5249.0,5249.5,117537,510784
2026-02-06 08:00:00,5250.0,5252.5,5233.5,5250.0,111956,508065
2026-02-06 09:00:00,5249.5,5257.0,5245.0,5249.5,70661,273941
2026-02-06 10:00:00,5249.5,5253.0,5234.5,5242.0,54061,236755
2026-02-06 11:00:00,5242.5,5244.0,5228.0,5233.0,41971,191952
2026-02-06 12:00:00,5233.0,5255.0,5232.5,5241.5,68310,316954
2026-02-06 13:00:00,5241.5,5247.0,5238.5,5242.0,24739,94110
2026-02-06 14:00:00,5242.0,5244.0,5238.5,5239.5,17423,82107
2026-02-06 15:00:00,5239.5,5247.5,5235.0,5240.5,7514,46578
2026-02-09 06:00:00,5230.0,5233.5,5217.0,5226.0,113652,420312
2026-02-09 07:00:00,5226.0,5232.5,5210.5,5230.5,115330,472143
2026-02-09 08:00:00,5231.0,5232.0,5206.5,5209.5,95745,395386
2026-02-09 09:00:00,5210.0,5210.5,5197.0,5197.5,65378,291459
2026-02-09 10:00:00,5197.5,5215.5,5195.0,5212.5,58260,270836
2026-02-09 11:00:00,5212.0,5215.5,5204.0,5211.5,35969,166092
2026-02-09 12:00:00,5212.0,5226.5,5207.5,5212.5,56663,252122
2026-02-09 13:00:00,5212.5,5215.5,5205.5,5208.5,26865,116429
2026-02-09 14:00:00,5208.5,5214.5,5207.5,5213.0,20053,95438
2026-02-09 15:00:00,5213.0,5219.0,5212.0,5216.5,6360,34269
2026-02-10 06:00:00,5214.0,5226.5,5208.0,5223.5,106732,388036
2026-02-10 07:00:00,5223.0,5228.5,5218.0,5218.5,78510,306874
2026-02-10 08:00:00,5219.0,5224.0,5202.0,5216.0,117018,490814
2026-02-10 09:00:00,5215.5,5231.5,5215.5,5224.5,72447,313952
2026-02-10 10:00:00,5224.0,5225.5,5213.5,5218.5,49642,236934
2026-02-10 11:00:00,5218.0,5224.5,5216.5,5223.0,28338,146433
2026-02-10 12:00:00,5223.0,5227.0,5219.5,5221.5,31066,136442
2026-02-10 13:00:00,5222.0,5224.5,5214.0,5215.5,26616,109852
2026-02-10 14:00:00,5215.5,5216.5,5213.0,5215.5,20657,90394
2026-02-10 15:00:00,5215.5,5216.5,5210.0,5210.0,7439,43900
2026-02-11 06:00:00,5204.5,5207.5,5190.5,5198.5,96935,377170
2026-02-11 07:00:00,5199.0,5220.5,5195.0,5199.5,132685,557067
2026-02-11 08:00:00,5199.5,5203.0,5185.0,5200.0,114750,512020
2026-02-11 09:00:00,5200.5,5212.0,5192.5,5204.0,81232,365119
2026-02-11 10:00:00,5204.0,5204.5,5191.5,5192.5,48221,209550
2026-02-11 11:00:00,5192.5,5197.5,5190.0,5195.0,36244,168773
2026-02-11 12:00:00,5194.5,5202.5,5193.0,5201.5,36680,164672
2026-02-11 13:00:00,5202.0,5205.5,5198.0,5203.0,27537,134748
2026-02-11 14:00:00,5203.0,5205.0,5198.0,5200.5,16628,87642
2026-02-11 15:00:00,5200.5,5202.5,5195.5,5198.5,6407,38721
2026-02-12 06:00:00,5194.0,5201.5,5185.5,5193.0,82823,331173
2026-02-12 07:00:00,5193.5,5196.0,5178.5,5179.5,84939,379674
2026-02-12 08:00:00,5180.0,5183.5,5172.5,5177.5,80637,395164
2026-02-12 09:00:00,5178.0,5189.5,5171.0,5188.0,73949,387065
2026-02-12 10:00:00,5188.0,5219.5,5182.5,5213.0,130023,612243
2026-02-12 11:00:00,5213.0,5222.0,5208.5,5213.5,70448,288616
2026-02-12 12:00:00,5213.5,5227.0,5211.0,5223.0,71789,342793
2026-02-12 13:00:00,5222.5,5225.5,5213.0,5216.0,42663,198823
2026-02-12 14:00:00,5215.5,5236.0,5215.5,5228.5,35161,169120
2026-02-12 15:00:00,5229.0,5235.5,5226.0,5229.0,9036,61869
2026-02-13 06:00:00,5234.0,5245.5,5226.0,5227.5,111339,479245
2026-02-13 07:00:00,5227.5,5241.5,5217.5,5234.0,106041,476094
2026-02-13 08:00:00,5234.5,5264.0,5225.0,5254.0,136234,641296
2026-02-13 09:00:00,5254.5,5264.5,5241.5,5250.5,101360,468478
2026-02-13 10:00:00,5250.5,5254.0,5240.0,5245.0,52774,226162
2026-02-13 11:00:00,5245.0,5247.0,5232.5,5236.0,39953,185489
2026-02-13 12:00:00,5235.5,5245.5,5233.0,5240.5,35916,156858
2026-02-13 13:00:00,5240.5,5245.5,5236.5,5244.5,30285,138091
2026-02-13 14:00:00,5245.0,5245.5,5236.0,5237.5,23531,114658
2026-02-13 15:00:00,5237.5,5237.5,5231.0,5231.0,6260,36414
2026-02-18 10:00:00,5218.0,5230.0,5205.5,5228.5,110028,594975
2026-02-18 11:00:00,5228.5,5248.5,5225.0,5239.5,68629,335382
2026-02-18 12:00:00,5239.5,5262.5,5239.5,5254.0,69988,352276
2026-02-18 13:00:00,5254.5,5261.5,5252.5,5255.5,39429,182206
2026-02-18 14:00:00,5256.0,5256.0,5247.5,5248.5,29776,146614
2026-02-18 15:00:00,5248.5,5254.0,5248.0,5249.5,6623,48893
2026-02-19 06:00:00,5260.0,5266.5,5237.0,5244.0,110930,507169
2026-02-19 07:00:00,5244.0,5253.5,5227.0,5230.0,111887,566677
2026-02-19 08:00:00,5229.5,5245.5,5228.0,5243.5,103941,494391
2026-02-19 09:00:00,5243.5,5246.0,5227.0,5228.5,91264,472386
2026-02-19 10:00:00,5228.5,5239.0,5227.5,5237.0,45447,258454
2026-02-19 11:00:00,5237.5,5244.5,5233.5,5243.0,39834,188509
2026-02-19 12:00:00,5242.5,5244.5,5236.5,5238.0,33157,159710
2026-02-19 13:00:00,5238.0,5245.0,5236.0,5240.5,35609,185522
2026-02-19 14:00:00,5240.5,5241.0,5225.0,5226.5,31018,160720
2026-02-19 15:00:00,5227.0,5227.5,5221.5,5223.0,7797,58154
2026-02-20 06:00:00,5222.5,5233.5,5215.0,5228.5,84596,345682
2026-02-20 07:00:00,5228.5,5232.5,5212.0,5213.0,99750,433116
2026-02-20 08:00:00,5213.0,5217.5,5200.0,5207.0,86066,418239
2026-02-20 09:00:00,5207.5,5210.0,5191.5,5195.5,146439,640018
2026-02-20 10:00:00,5196.0,5197.5,5187.0,5196.5,59568,242428
2026-02-20 11:00:00,5196.0,5207.5,5194.0,5201.0,58753,248105
2026-02-20 12:00:00,5200.5,5203.5,5183.0,5187.5,80769,327399
2026-02-20 13:00:00,5187.0,5190.0,5183.5,5185.5,30238,119684
2026-02-20 14:00:00,5185.5,5186.0,5181.5,5184.5,28087,123214
2026-02-20 15:00:00,5185.0,5186.5,5179.5,5186.0,10658,59811
2026-02-23 06:00:00,5192.0,5198.0,5184.5,5190.0,81175,329873
2026-02-23 07:00:00,5189.5,5197.0,5169.5,5175.5,101686,412357
2026-02-23 08:00:00,5175.5,5176.0,5145.5,5150.0,116098,613886
2026-02-23 09:00:00,5149.5,5163.0,5147.0,5161.5,81144,378551
2026-02-23 10:00:00,5161.5,5173.0,5153.0,5161.5,80220,443847
2026-02-23 11:00:00,5162.0,5176.0,5159.0,5168.5,57620,262924
2026-02-23 12:00:00,5169.0,5175.5,5166.5,5173.5,40669,179208
2026-02-23 13:00:00,5174.0,5179.5,5172.5,5176.0,28085,117604
2026-02-23 14:00:00,5176.0,5176.5,5171.5,5172.5,21524,91745
2026-02-23 15:00:00,5173.0,5181.0,5171.0,5179.5,8682,57053
2026-02-24 06:00:00,5179.0,5190.5,5170.5,5179.0,90851,357742
2026-02-24 07:00:00,5178.5,5190.0,5177.5,5184.5,77336,309559
2026-02-24 08:00:00,5184.0,5185.5,5173.0,5176.5,89250,429920
2026-02-24 09:00:00,5177.0,5178.5,5156.0,5158.5,88688,409949
2026-02-24 10:00:00,5158.5,5161.5,5148.0,5153.5,66487,323287
2026-02-24 11:00:00,5153.0,5157.0,5151.5,5154.0,29057,132872
2026-02-24 12:00:00,5154.5,5156.0,5151.0,5155.0,25693,123416
2026-02-24 13:00:00,5155.0,5161.5,5154.5,5160.0,31837,151972
2026-02-24 14:00:00,5160.0,5167.5,5158.0,5161.0,33858,162604
2026-02-24 15:00:00,5161.0,5167.0,5158.5,5161.0,8435,56711
2026-02-25 06:00:00,5144.0,5146.5,5121.0,5128.0,122134,574217
2026-02-25 07:00:00,5127.5,5152.5,5126.5,5152.0,93320,373193
2026-02-25 08:00:00,5152.0,5159.5,5142.0,5156.5,97712,411915
2026-02-25 09:00:00,5156.0,5172.5,5149.5,5150.0,104271,498861
2026-02-25 10:00:00,5150.0,5151.0,5139.5,5141.0,55020,260514
2026-02-25 11:00:00,5141.5,5142.0,5128.5,5134.5,48980,232727
2026-02-25 12:00:00,5134.5,5137.0,5131.0,5131.5,31547,128594
2026-02-25 13:00:00,5132.0,5133.0,5126.0,5128.0,26536,112821
2026-02-25 14:00:00,5128.0,5129.5,5123.5,5128.5,22697,101643
2026-02-25 15:00:00,5128.5,5129.0,5124.5,5128.0,9457,56236
2026-02-26 06:00:00,5133.0,5144.5,5129.0,5130.5,82449,323064
2026-02-26 07:00:00,5130.5,5138.0,5123.0,5135.0,87120,342466
2026-02-26 08:00:00,5135.5,5155.0,5134.5,5147.0,111027,457322
2026-02-26 09:00:00,5147.5,5163.0,5141.0,5144.5,121394,553582
2026-02-26 10:00:00,5145.0,5158.5,5142.5,5155.0,61428,253072
2026-02-26 11:00:00,5155.5,5168.5,5154.0,5162.0,52488,216401
2026-02-26 12:00:00,5161.5,5161.5,5141.0,5142.5,57135,221558
2026-02-26 13:00:00,5142.5,5147.0,5141.0,5141.0,32908,124651
2026-02-26 14:00:00,5141.5,5142.0,5136.0,5140.0,21223,99686
2026-02-26 15:00:00,5140.5,5144.0,5137.0,5139.0,5851,36809
2026-02-27 06:00:00,5180.5,5199.5,5176.0,5191.5,120986,411321
2026-02-27 07:00:00,5191.0,5212.0,5184.5,5206.0,102849,490569
2026-02-27 08:00:00,5206.0,5206.5,5185.5,5198.0,99145,477846
2026-02-27 09:00:00,5198.0,5199.5,5166.0,5169.5,100631,478298
2026-02-27 10:00:00,5169.5,5179.5,5164.0,5179.0,63145,316901
2026-02-27 11:00:00,5178.5,5183.5,5175.0,5178.5,41308,184381
2026-02-27 12:00:00,5178.5,5186.0,5176.0,5178.0,37770,157397
2026-02-27 13:00:00,5177.5,5180.5,5175.0,5175.5,29913,142330
2026-02-27 14:00:00,5175.5,5176.0,5157.0,5168.5,34910,183484
2026-02-27 15:00:00,5168.5,5174.5,5168.0,5170.5,7997,51583
2026-03-02 06:00:00,5188.5,5245.5,5178.0,5241.0,203453,918355
2026-03-02 07:00:00,5240.5,5255.5,5229.0,5249.0,156489,709720
2026-03-02 08:00:00,5249.0,5255.0,5227.0,5230.0,130670,523791
2026-03-02 09:00:00,5230.0,5242.0,5216.5,5239.5,109633,442211
2026-03-02 10:00:00,5240.0,5245.0,5225.5,5231.0,75529,322849
2026-03-02 11:00:00,5231.0,5234.5,5208.0,5209.5,65022,264624
2026-03-02 12:00:00,5209.5,5219.5,5207.5,5211.0,50976,218580
2026-03-02 13:00:00,5210.5,5212.0,5204.0,5205.0,45244,172963
2026-03-02 14:00:00,5205.5,5230.0,5204.5,5216.0,79166,317692
2026-03-02 15:00:00,5216.0,5217.5,5210.5,5215.0,9267,52588
2026-03-03 06:00:00,5277.0,5302.0,5270.0,5282.5,225400,886447
2026-03-03 07:00:00,5283.0,5302.0,5277.5,5298.5,147947,601653
2026-03-03 08:00:00,5298.5,5354.5,5294.5,5352.5,240035,1023459
2026-03-03 09:00:00,5352.0,5383.5,5343.5,5356.5,257818,1015260
2026-03-03 10:00:00,5356.5,5357.0,5311.0,5313.0,193154,758776
2026-03-03 11:00:00,5313.0,5338.5,5310.0,5322.0,116265,455827
2026-03-03 12:00:00,5322.0,5322.5,5298.0,5301.0,90614,397569
2026-03-03 13:00:00,5301.0,5315.5,5291.5,5302.5,97094,402028
2026-03-03 14:00:00,5302.5,5313.5,5298.5,5310.5,46987,206278
2026-03-03 15:00:00,5310.5,5324.0,5306.5,5319.0,18374,71494
2026-03-04 06:00:00,5290.0,5295.0,5261.0,5261.5,180055,647013
2026-03-04 07:00:00,5261.5,5261.5,5245.0,5246.5,151167,580293
2026-03-04 08:00:00,5247.0,5259.0,5234.0,5247.0,167320,682888
2026-03-04 09:00:00,5247.0,5255.5,5231.5,5233.0,105279,415112
2026-03-04 10:00:00,5233.0,5266.5,5229.5,5249.5,94122,386983
2026-03-04 11:00:00,5249.0,5266.0,5246.5,5257.0,54736,208271
2026-03-04 12:00:00,5257.0,5263.5,5247.0,5250.5,45774,174184
2026-03-04 13:00:00,5251.0,5259.0,5249.5,5253.5,34328,142059
2026-03-04 14:00:00,5253.5,5268.0,5253.0,5266.5,33635,142240
2026-03-04 15:00:00,5267.0,5270.0,5264.5,5268.0,7793,46241
2026-03-05 06:00:00,5280.0,5296.0,5267.0,5279.5,145617,497649
2026-03-05 07:00:00,5279.5,5294.0,5272.0,5289.0,128966,467297
2026-03-05 08:00:00,5289.0,5298.5,5268.5,5274.0,148298,553575
2026-03-05 09:00:00,5274.0,5294.0,5262.0,5286.5,128816,509175
2026-03-05 10:00:00,5287.0,5322.5,5286.5,5294.0,150927,611158
2026-03-05 11:00:00,5294.0,5306.0,5273.5,5298.0,150638,609097
2026-03-05 12:00:00,5298.0,5322.5,5295.5,5314.0,102919,461879
2026-03-05 13:00:00,5313.5,5329.0,5307.5,5322.0,66994,275498
2026-03-05 14:00:00,5322.0,5325.5,5295.0,5298.5,78362,331301
2026-03-05 15:00:00,5298.5,5309.0,5298.0,5301.5,9155,46745
2026-03-06 06:00:00,5349.0,5352.5,5316.0,5325.0,178723,655389
2026-03-06 07:00:00,5325.0,5339.0,5299.5,5338.5,198227,753578
2026-03-06 08:00:00,5338.0,5354.5,5314.5,5328.0,188259,665060
2026-03-06 09:00:00,5327.5,5329.0,5307.5,5316.0,126682,444396
2026-03-06 10:00:00,5316.0,5317.5,5291.5,5303.0,101735,425383
2026-03-06 11:00:00,5303.0,5313.0,5294.5,5312.5,69050,268584
2026-03-06 12:00:00,5313.0,5314.0,5286.0,5296.5,79413,336669
2026-03-06 13:00:00,5296.5,5297.5,5271.0,5273.0,76745,360921
2026-03-06 14:00:00,5273.5,5287.0,5262.0,5270.5,63603,289599
2026-03-06 15:00:00,5271.0,5294.5,5268.0,5289.0,15215,109502
2026-03-09 06:00:00,5312.5,5317.5,5268.5,5269.0,175843,571535
2026-03-09 07:00:00,5269.0,5270.0,5242.0,5245.5,205944,783443
2026-03-09 08:00:00,5245.0,5261.5,5234.0,5237.0,168182,539217
2026-03-09 09:00:00,5236.5,5253.5,5232.0,5239.5,91018,361664
2026-03-09 10:00:00,5239.5,5248.0,5233.0,5244.0,70375,289054
2026-03-09 11:00:00,5243.5,5255.0,5243.0,5248.5,47773,177356
2026-03-09 12:00:00,5248.5,5248.5,5232.5,5237.5,54515,229812
2026-03-09 13:00:00,5237.0,5237.5,5178.0,5196.0,178806,654884
2026-03-09 14:00:00,5196.0,5205.5,5186.0,5190.5,41582,181778
2026-03-09 15:00:00,5190.5,5198.5,5185.5,5197.0,7869,33902
2026-03-10 06:00:00,5185.0,5213.0,5179.5,5204.0,170609,605106
2026-03-10 07:00:00,5204.0,5215.5,5196.0,5203.5,134896,475161
2026-03-10 08:00:00,5203.5,5211.5,5178.5,5181.0,107212,439595
2026-03-10 09:00:00,5181.0,5183.0,5168.5,5169.5,71468,325709
2026-03-10 10:00:00,5169.0,5181.5,5168.5,5169.5,58440,252378
2026-03-10 11:00:00,5170.0,5175.0,5158.5,5171.5,72306,301526
2026-03-10 12:00:00,5171.5,5193.5,5169.0,5180.5,129135,459057
2026-03-10 13:00:00,5180.5,5197.0,5175.5,5185.0,80317,285223
2026-03-10 14:00:00,5185.0,5190.0,5182.5,5187.5,26305,98179
2026-03-10 15:00:00,5187.5,5195.0,5187.0,5191.0,5312,22434
2026-03-11 06:00:00,5192.5,5208.0,5178.0,5207.0,145808,563434
2026-03-11 07:00:00,5206.5,5207.0,5179.0,5180.0,137744,495903
2026-03-11 08:00:00,5179.5,5188.0,5171.5,5178.5,125203,470007
2026-03-11 09:00:00,5179.0,5185.5,5171.5,5182.0,83513,359049
2026-03-11 10:00:00,5182.5,5188.0,5177.0,5185.5,46689,188996
2026-03-11 11:00:00,5186.0,5198.0,5183.0,5192.0,62337,218902
2026-03-11 12:00:00,5191.5,5200.0,5180.5,5181.5,59621,234151
2026-03-11 13:00:00,5181.5,5192.5,5181.0,5184.0,33125,136696
2026-03-11 14:00:00,5184.0,5186.5,5180.5,5182.5,12647,61684
2026-03-11 15:00:00,5182.0,5185.0,5180.5,5180.5,3628,13312
2026-03-12 06:00:00,5188.5,5206.5,5187.5,5199.0,133434,486646
2026-03-12 07:00:00,5199.0,5243.5,5180.5,5234.0,205611,807485
2026-03-12 08:00:00,5234.0,5250.0,5221.5,5240.0,160568,612412
2026-03-12 09:00:00,5240.5,5263.0,5227.5,5238.0,155795,603878
2026-03-12 10:00:00,5238.0,5245.0,5222.0,5230.5,94486,362467
2026-03-12 11:00:00,5230.5,5249.0,5221.0,5244.5,70809,272845
2026-03-12 12:00:00,5244.0,5259.5,5239.5,5258.5,66156,267360
2026-03-12 13:00:00,5258.5,5274.5,5256.5,5268.0,66445,257458
2026-03-12 14:00:00,5268.0,5275.5,5264.5,5269.0,31106,134613
2026-03-12 15:00:00,5269.0,5287.0,5266.5,5281.0,10306,58001
2026-03-13 06:00:00,5262.0,5267.0,5248.0,5249.5,147638,516074
2026-03-13 07:00:00,5249.5,5269.0,5237.5,5243.5,150274,572747
2026-03-13 08:00:00,5243.5,5282.5,5242.5,5281.0,121193,473705
2026-03-13 09:00:00,5281.5,5319.5,5268.0,5315.0,174305,727534
2026-03-13 10:00:00,5314.5,5317.5,5297.0,5305.5,102092,370204
2026-03-13 11:00:00,5305.5,5327.5,5304.0,5316.5,92438,330962
2026-03-13 12:00:00,5317.0,5332.5,5311.0,5321.5,77282,326052
2026-03-13 13:00:00,5321.0,5347.5,5319.5,5338.5,69249,294840
2026-03-13 14:00:00,5339.0,5349.0,5336.5,5346.0,25829,136427
2026-03-13 15:00:00,5346.5,5358.5,5345.5,5354.0,7042,36294
2026-03-16 06:00:00,5304.5,5306.5,5277.5,5284.5,124379,476633
2026-03-16 07:00:00,5284.0,5300.5,5272.0,5276.5,129787,501594
2026-03-16 08:00:00,5277.0,5302.5,5273.0,5289.5,100661,367620
2026-03-16 09:00:00,5290.0,5293.5,5278.0,5286.0,67504,232747
2026-03-16 10:00:00,5286.5,5294.0,5276.0,5284.0,67755,245797
2026-03-16 11:00:00,5283.5,5284.5,5273.0,5279.5,56300,204647
2026-03-16 12:00:00,5279.0,5279.5,5247.5,5253.0,83442,364400
2026-03-16 13:00:00,5253.0,5254.0,5246.0,5251.0,50908,177748
2026-03-16 14:00:00,5251.0,5257.5,5248.5,5252.0,20966,94004
2026-03-16 15:00:00,5252.0,5256.0,5249.0,5252.5,5527,27276
2026-03-17 06:00:00,5253.0,5261.0,5215.0,5228.0,158795,630628
2026-03-17 07:00:00,5228.0,5232.0,5211.5,5219.5,109217,431212
2026-03-17 08:00:00,5220.0,5226.0,5207.5,5217.5,91745,331683
2026-03-17 09:00:00,5217.5,5237.5,5214.5,5215.5,91692,343922
2026-03-17 10:00:00,5215.5,5220.5,5210.0,5218.0,51772,208210
2026-03-17 11:00:00,5218.5,5223.5,5198.0,5198.5,56620,244635
2026-03-17 12:00:00,5198.0,5229.0,5195.5,5215.5,85273,395948
2026-03-17 13:00:00,5215.5,5230.0,5213.5,5218.0,58390,249469
2026-03-17 14:00:00,5218.0,5220.0,5208.5,5211.5,20587,107064
2026-03-17 15:00:00,5211.0,5216.5,5209.0,5214.5,5363,29249
2026-03-18 06:00:00,5209.5,5247.5,5199.5,5246.5,162269,603876
2026-03-18 07:00:00,5246.5,5248.5,5227.5,5229.5,121823,433120
2026-03-18 08:00:00,5229.0,5241.5,5217.0,5219.5,120389,488637
2026-03-18 09:00:00,5219.0,5222.5,5209.0,5218.0,71434,285644
2026-03-18 10:00:00,5218.5,5229.0,5207.0,5220.0,62375,274995
2026-03-18 11:00:00,5219.5,5229.0,5213.5,5219.0,47697,203811
2026-03-18 12:00:00,5219.0,5240.5,5212.0,5239.5,97556,332215
2026-03-18 13:00:00,5239.5,5261.5,5232.0,5258.5,83960,366556
2026-03-18 14:00:00,5258.5,5285.5,5257.5,5283.0,48894,229919
2026-03-18 15:00:00,5283.0,5289.5,5261.0,5261.5,9745,54227
2026-03-19 06:00:00,5256.0,5329.5,5256.0,5296.0,239134,864699
2026-03-19 07:00:00,5296.5,5330.0,5276.0,5278.0,246028,786503
2026-03-19 08:00:00,5277.5,5294.0,5259.5,5262.5,165523,491099
2026-03-19 09:00:00,5263.0,5281.0,5247.0,5260.0,133619,452449
2026-03-19 10:00:00,5260.0,5272.0,5248.5,5265.0,85668,267164
2026-03-19 11:00:00,5264.5,5274.5,5248.0,5256.0,76363,282158
2026-03-19 12:00:00,5255.5,5274.0,5250.0,5251.0,72258,276912
2026-03-19 13:00:00,5251.5,5252.0,5215.5,5230.5,161474,531700
2026-03-19 14:00:00,5230.5,5241.5,5227.0,5235.5,27003,123825
2026-03-19 15:00:00,5235.5,5241.0,5232.5,5239.5,3955,16169
2026-03-20 06:00:00,5261.0,5269.0,5246.0,5257.5,149155,467335
2026-03-20 07:00:00,5258.0,5302.0,5256.0,5299.5,173356,621840
2026-03-20 08:00:00,5300.0,5324.0,5297.5,5311.5,164702,607282
2026-03-20 09:00:00,5312.0,5312.0,5286.5,5303.0,129722,490742
2026-03-20 10:00:00,5303.0,5309.5,5284.0,5305.0,88643,371417
2026-03-20 11:00:00,5305.0,5326.0,5298.0,5314.0,104907,375105
2026-03-20 12:00:00,5314.0,5333.5,5307.5,5333.5,101627,360175
2026-03-20 13:00:00,5333.0,5338.0,5321.5,5323.0,74247,288123
2026-03-20 14:00:00,5323.5,5332.0,5318.0,5325.5,34073,140347
2026-03-20 15:00:00,5325.0,5329.0,5278.0,5290.5,11097,73410
2026-03-23 06:00:00,5302.0,5325.0,5262.5,5265.5,322281,911610
2026-03-23 07:00:00,5265.0,5289.5,5263.0,5269.0,217854,612831
2026-03-23 08:00:00,5269.0,5270.5,5233.0,5243.0,168533,596484
2026-03-23 09:00:00,5242.5,5260.0,5224.5,5256.0,137596,491495
2026-03-23 10:00:00,5256.5,5269.5,5243.0,5251.5,110675,390476
2026-03-23 11:00:00,5251.5,5254.0,5233.5,5236.5,74993,251152
2026-03-23 12:00:00,5237.0,5252.0,5228.0,5235.0,84022,269647
2026-03-23 13:00:00,5235.0,5253.5,5234.0,5251.0,47324,178154
2026-03-23 14:00:00,5251.5,5252.5,5241.0,5245.0,26741,92778
2026-03-23 15:00:00,5245.0,5248.5,5241.0,5242.0,4940,21642
2026-03-24 06:00:00,5262.5,5288.0,5254.0,5274.0,172199,575480
2026-03-24 07:00:00,5274.0,5286.5,5260.0,5267.0,184059,581659
2026-03-24 08:00:00,5266.5,5280.5,5254.5,5268.5,171345,562479
2026-03-24 09:00:00,5269.0,5275.0,5250.5,5275.0,107172,361238
2026-03-24 10:00:00,5275.0,5278.0,5259.0,5268.5,75850,280131
2026-03-24 11:00:00,5269.0,5287.0,5267.0,5274.5,124240,427198
2026-03-24 12:00:00,5274.5,5280.0,5261.0,5269.5,91062,323620
2026-03-24 13:00:00,5269.5,5269.5,5257.5,5262.0,42247,158123
2026-03-24 14:00:00,5262.0,5263.5,5220.5,5241.5,87223,338439
2026-03-24 15:00:00,5241.5,5245.5,5237.5,5243.0,6616,22952
2026-03-25 06:00:00,5220.0,5250.5,5219.0,5237.0,165715,535692
2026-03-25 07:00:00,5237.0,5254.5,5231.0,5249.5,141601,480077
2026-03-25 08:00:00,5249.5,5254.5,5212.5,5216.5,129341,487043
2026-03-25 09:00:00,5216.5,5237.5,5214.0,5226.0,94817,335940
2026-03-25 10:00:00,5226.0,5235.0,5216.5,5223.0,68551,248969
2026-03-25 11:00:00,5223.0,5230.0,5212.0,5218.0,59846,221171
2026-03-25 12:00:00,5218.0,5235.0,5210.0,5223.5,65614,273350
2026-03-25 13:00:00,5224.0,5233.5,5223.5,5225.0,43608,175757
2026-03-25 14:00:00,5225.0,5236.0,5221.0,5234.0,23565,106230
2026-03-25 15:00:00,5234.0,5237.5,5232.0,5233.5,4460,19498
2026-03-26 06:00:00,5256.5,5269.0,5242.0,5243.5,145610,492665
2026-03-26 07:00:00,5243.5,5245.5,5225.0,5225.5,138049,467198
2026-03-26 08:00:00,5226.0,5244.0,5223.5,5238.0,122924,421145
2026-03-26 09:00:00,5238.0,5243.0,5233.0,5235.0,64003,205372
2026-03-26 10:00:00,5235.0,5254.5,5234.0,5252.0,61164,234656
2026-03-26 11:00:00,5252.0,5258.5,5245.5,5255.0,48485,198290
2026-03-26 12:00:00,5255.5,5255.5,5238.5,5241.0,46694,193157
2026-03-26 13:00:00,5241.0,5261.5,5240.5,5261.5,54723,225690
2026-03-26 14:00:00,5261.0,5265.5,5227.5,5245.5,80241,272512
2026-03-26 15:00:00,5245.5,5246.0,5240.5,5242.0,2899,15275
2026-03-27 06:00:00,5269.0,5283.0,5249.0,5252.0,134258,479668
2026-03-27 07:00:00,5252.0,5264.5,5235.5,5245.0,140413,499275
2026-03-27 08:00:00,5245.0,5250.0,5233.0,5236.0,98961,354939
2026-03-27 09:00:00,5235.5,5236.5,5220.0,5234.5,101612,359179
2026-03-27 10:00:00,5234.0,5247.5,5229.0,5240.0,66696,253714
2026-03-27 11:00:00,5240.0,5256.0,5238.5,5250.0,72822,273030
2026-03-27 12:00:00,5249.5,5255.5,5239.0,5247.0,61845,216435
2026-03-27 13:00:00,5247.0,5251.0,5239.0,5240.5,41383,154994
2026-03-27 14:00:00,5240.5,5246.5,5235.5,5241.0,29209,128098
2026-03-27 15:00:00,5241.5,5245.0,5239.5,5241.5,3685,19470
2026-03-30 06:00:00,5233.0,5252.5,5225.5,5229.0,132940,468896
2026-03-30 07:00:00,5229.0,5248.0,5224.5,5244.0,116295,396583
2026-03-30 08:00:00,5244.0,5253.0,5234.5,5235.0,125480,394881
2026-03-30 09:00:00,5234.5,5251.0,5232.5,5238.0,80450,264742
2026-03-30 10:00:00,5238.5,5251.0,5236.5,5249.0,55898,217679
2026-03-30 11:00:00,5249.0,5260.0,5244.0,5253.0,68693,268839
2026-03-30 12:00:00,5252.5,5258.5,5248.0,5252.0,44481,161945
2026-03-30 13:00:00,5252.0,5268.5,5247.0,5248.0,52241,205437
2026-03-30 14:00:00,5247.5,5257.0,5247.0,5254.5,17598,74706
2026-03-30 15:00:00,5254.5,5259.5,5252.0,5255.5,4419,24235
2026-03-31 06:00:00,5260.0,5269.5,5251.5,5264.0,159438,531137
2026-03-31 07:00:00,5264.0,5268.0,5245.0,5246.5,122990,511123
2026-03-31 08:00:00,5246.5,5260.5,5230.0,5253.0,132792,583499
2026-03-31 09:00:00,5253.0,5255.5,5240.0,5245.0,79763,340001
2026-03-31 10:00:00,5245.0,5247.0,5216.5,5226.5,125193,457579
2026-03-31 11:00:00,5227.0,5228.0,5212.5,5223.0,101631,328041
2026-03-31 12:00:00,5222.5,5226.5,5215.5,5224.5,56461,209173
2026-03-31 13:00:00,5224.0,5226.0,5210.0,5211.0,46888,161892
2026-03-31 14:00:00,5211.0,5216.5,5209.0,5214.0,25317,104659
2026-03-31 15:00:00,5214.0,5215.0,5208.0,5211.0,4712,20494
2026-04-01 06:00:00,5188.0,5206.5,5182.0,5202.5,175335,619413
2026-04-01 07:00:00,5202.5,5209.5,5192.5,5200.5,135765,470759
2026-04-01 08:00:00,5200.5,5206.5,5184.0,5186.0,114569,418417
2026-04-01 09:00:00,5185.5,5191.0,5181.5,5183.0,58595,248971
2026-04-01 10:00:00,5182.5,5189.5,5180.0,5181.5,49907,232401
2026-04-01 11:00:00,5181.5,5188.5,5179.5,5187.0,39884,181367
2026-04-01 12:00:00,5187.5,5196.0,5184.5,5191.5,64891,280495
2026-04-01 13:00:00,5192.0,5195.5,5185.0,5189.5,38019,146645
2026-04-01 14:00:00,5189.5,5190.0,5182.0,5186.5,15675,86961
2026-04-01 15:00:00,5187.0,5187.5,5184.5,5186.0,3217,17179
2026-04-02 06:00:00,5220.0,5225.5,5200.5,5208.0,118891,447339
2026-04-02 07:00:00,5208.0,5215.5,5186.0,5190.5,129699,486490
2026-04-02 08:00:00,5190.5,5197.5,5169.0,5187.5,143625,549283
2026-04-02 09:00:00,5187.5,5190.5,5180.0,5189.5,70570,269324
2026-04-02 10:00:00,5190.0,5194.5,5186.0,5192.0,43732,140223
2026-04-02 11:00:00,5192.0,5194.5,5183.5,5191.5,38510,150029
2026-04-02 12:00:00,5191.0,5196.0,5185.5,5189.5,39339,172015
2026-04-02 13:00:00,5189.5,5195.0,5184.5,5188.5,34062,132532
2026-04-02 14:00:00,5188.0,5190.0,5185.5,5187.0,14660,73875
2026-04-02 15:00:00,5187.0,5192.5,5186.5,5189.5,5415,27601
2026-04-06 06:00:00,5176.5,5187.5,5176.0,5180.5,74049,267934
2026-04-06 07:00:00,5180.0,5187.0,5172.0,5177.0,87686,315803
2026-04-06 08:00:00,5177.0,5184.0,5167.0,5181.0,95877,377253
2026-04-06 09:00:00,5181.5,5188.0,5178.5,5182.0,49108,196984
2026-04-06 10:00:00,5182.5,5183.5,5177.5,5182.0,28270,127063
2026-04-06 11:00:00,5181.5,5188.0,5177.0,5180.5,45070,174140
2026-04-06 12:00:00,5180.5,5182.5,5171.0,5173.5,42726,155681
2026-04-06 13:00:00,5173.5,5177.0,5171.0,5174.5,22404,86356
2026-04-06 14:00:00,5175.0,5175.5,5171.0,5172.0,9384,44550
2026-04-06 15:00:00,5172.5,5173.5,5167.5,5168.0,4803,21289
2026-04-07 06:00:00,5170.0,5187.0,5162.0,5183.0,123931,446372
2026-04-07 07:00:00,5183.0,5194.5,5178.0,5193.0,79150,293872
2026-04-07 08:00:00,5193.0,5199.0,5178.0,5188.5,93810,338591
2026-04-07 09:00:00,5189.0,5194.5,5183.0,5186.5,58289,197569
2026-04-07 10:00:00,5186.5,5198.0,5180.0,5197.0,56817,216917
2026-04-07 11:00:00,5197.5,5199.5,5186.5,5187.5,46017,164344
2026-04-07 12:00:00,5188.0,5195.5,5184.5,5194.5,35677,145061
2026-04-07 13:00:00,5194.0,5195.5,5176.5,5180.0,76470,270543
2026-04-07 14:00:00,5180.0,5181.5,5175.0,5180.0,24753,107067
2026-04-07 15:00:00,5180.0,5181.5,5175.5,5177.0,3623,19995
2026-04-08 06:00:00,5117.5,5125.5,5094.5,5099.0,201772,854307
2026-04-08 07:00:00,5099.0,5116.0,5088.5,5112.0,168684,693003
2026-04-08 08:00:00,5112.0,5133.0,5108.5,5127.0,125205,512875
2026-04-08 09:00:00,5127.5,5129.5,5115.5,5117.0,67925,290463
2026-04-08 10:00:00,5117.5,5126.5,5115.5,5116.0,45951,199552
2026-04-08 11:00:00,5116.5,5125.5,5113.5,5119.5,45713,180155
2026-04-08 12:00:00,5119.5,5140.0,5119.5,5139.5,76297,315337
2026-04-08 13:00:00,5139.5,5143.5,5125.5,5127.0,56425,231924
2026-04-08 14:00:00,5127.0,5128.5,5119.0,5124.0,19584,125497
2026-04-08 15:00:00,5124.0,5125.5,5119.5,5124.5,3907,25498
2026-04-09 06:00:00,5121.5,5130.0,5117.5,5119.0,98838,360407
2026-04-09 07:00:00,5118.5,5121.5,5097.0,5102.0,119109,490550
2026-04-09 08:00:00,5102.5,5112.5,5096.0,5105.5,82698,355852
2026-04-09 09:00:00,5106.0,5110.0,5092.0,5094.0,83521,343081
2026-04-09 10:00:00,5093.5,5102.0,5090.5,5097.0,56441,296558
2026-04-09 11:00:00,5096.5,5097.5,5081.0,5085.5,57036,253370
2026-04-09 12:00:00,5085.5,5096.0,5085.0,5092.5,56335,241333
2026-04-09 13:00:00,5093.0,5094.5,5085.0,5086.0,34326,137673
2026-04-09 14:00:00,5086.0,5089.5,5080.0,5081.0,21160,131512
2026-04-09 15:00:00,5080.5,5084.5,5079.0,5082.0,6555,32147
2026-04-10 06:00:00,5087.5,5089.5,5047.5,5048.0,156681,663020
2026-04-10 07:00:00,5047.5,5053.0,5033.0,5041.0,112144,517641
2026-04-10 08:00:00,5041.0,5050.0,5027.5,5044.5,118610,571915
2026-04-10 09:00:00,5044.0,5050.0,5035.0,5047.0,69288,362056
2026-04-10 10:00:00,5046.5,5053.5,5042.5,5046.0,46853,191264
2026-04-10 11:00:00,5046.0,5051.5,5039.5,5045.0,38276,167628
2026-04-10 12:00:00,5044.5,5047.5,5031.0,5032.5,43536,182681
2026-04-10 13:00:00,5032.5,5033.0,5025.5,5032.0,36271,159541
2026-04-10 14:00:00,5031.5,5035.5,5024.0,5025.5,22254,118956
2026-04-10 15:00:00,5025.5,5034.0,5022.0,5034.0,5936,29892
2026-04-13 06:00:00,5048.5,5060.5,5036.5,5043.5,129279,537189
2026-04-13 07:00:00,5043.0,5056.0,5038.0,5047.5,115097,457867
2026-04-13 08:00:00,5047.5,5054.5,5042.5,5044.0,72770,317776
2026-04-13 09:00:00,5044.0,5049.5,5040.0,5041.5,52908,229497
2026-04-13 10:00:00,5042.0,5044.0,5011.0,5014.0,100662,503400
2026-04-13 11:00:00,5014.0,5015.0,5002.0,5013.5,62391,296782
2026-04-13 12:00:00,5014.0,5021.5,5011.0,5016.0,49638,235289
2026-04-13 13:00:00,5016.5,5018.5,5013.0,5016.5,35248,155868
2026-04-13 14:00:00,5016.5,5021.5,5013.5,5015.0,20253,93550
2026-04-13 15:00:00,5014.5,5021.5,5011.5,5017.5,6913,31340
2026-04-14 06:00:00,4991.5,5008.5,4990.5,4992.5,120399,488185
2026-04-14 07:00:00,4992.0,5002.0,4988.5,4990.0,96043,360479
2026-04-14 08:00:00,4990.0,4999.0,4988.0,4991.0,84805,388253
2026-04-14 09:00:00,4991.0,5005.5,4989.0,5003.5,68765,313263
2026-04-14 10:00:00,5003.5,5007.5,5001.0,5004.0,36184,149689
2026-04-14 11:00:00,5004.0,5007.0,5000.0,5004.5,31720,135530
2026-04-14 12:00:00,5004.5,5013.0,5003.0,5007.5,44677,210060
2026-04-14 13:00:00,5008.0,5010.5,5004.5,5009.5,32692,137021
2026-04-14 14:00:00,5009.0,5010.5,5004.0,5004.5,18680,100227
2026-04-14 15:00:00,5004.5,5007.0,5002.0,5002.0,4291,24231
2026-04-15 06:00:00,5010.0,5017.0,5003.5,5008.0,94504,361575
2026-04-15 07:00:00,5008.5,5011.5,4999.0,5006.5,87076,362891
2026-04-15 08:00:00,5006.5,5011.0,5002.0,5007.5,62813,287458
2026-04-15 09:00:00,5007.0,5014.5,5003.0,5012.0,49167,232896
2026-04-15 10:00:00,5012.5,5013.0,5006.5,5009.0,28977,114353
2026-04-15 11:00:00,5009.5,5013.0,5007.5,5011.0,24239,109666
2026-04-15 12:00:00,5011.0,5013.5,5004.5,5005.0,40371,148504
2026-04-15 13:00:00,5005.5,5008.0,5004.0,5006.5,27846,126055
2026-04-15 14:00:00,5006.5,5009.5,5005.5,5008.5,12850,68254
2026-04-15 15:00:00,5008.0,5009.0,5004.5,5006.0,3688,14924
2026-04-16 06:00:00,5010.0,5010.5,4999.0,5008.0,87831,341385
2026-04-16 07:00:00,5007.5,5014.0,5001.5,5010.0,90960,428908
2026-04-16 08:00:00,5010.0,5028.5,5007.5,5025.0,87861,399924
2026-04-16 09:00:00,5025.5,5026.5,5014.5,5016.0,59059,257708
2026-04-16 10:00:00,5016.0,5022.0,5010.0,5019.5,45338,197245
2026-04-16 11:00:00,5020.0,5024.5,5014.5,5014.5,35829,147272
2026-04-16 12:00:00,5014.5,5016.0,5005.0,5007.5,47117,201998
2026-04-16 13:00:00,5007.5,5007.5,5004.0,5006.5,23600,116311
2026-04-16 14:00:00,5006.5,5009.0,5005.0,5006.5,10653,65021
2026-04-16 15:00:00,5006.0,5007.0,5003.5,5006.0,3638,22013
2026-04-17 06:00:00,4999.5,4999.5,4965.5,4967.5,153197,787779
2026-04-17 07:00:00,4967.5,4983.5,4962.5,4974.5,143867,632602
2026-04-17 08:00:00,4974.0,4992.0,4971.0,4990.5,112232,510291
2026-04-17 09:00:00,4990.5,5004.0,4987.5,4994.0,90605,425595
2026-04-17 10:00:00,4994.0,4998.5,4992.0,4997.0,31294,126443
2026-04-17 11:00:00,4997.0,5004.5,4996.5,4998.5,47779,185372
2026-04-17 12:00:00,4998.5,5004.5,4997.5,4998.5,38358,167243
2026-04-17 13:00:00,4998.5,4999.5,4992.5,4995.5,30350,137178
2026-04-17 14:00:00,4995.5,4998.0,4990.0,4991.0,21752,122979
2026-04-17 15:00:00,4991.0,4994.5,4990.0,4990.0,3385,20628
2026-04-20 06:00:00,4990.0,4998.0,4989.0,4994.5,56405,200216
2026-04-20 07:00:00,4994.5,4999.0,4984.0,4991.5,75441,265852
2026-04-20 08:00:00,4991.0,5000.0,4990.5,4995.0,66857,255513
2026-04-20 09:00:00,4995.0,4997.5,4988.0,4993.0,51316,201187
2026-04-20 10:00:00,4993.0,4996.5,4992.0,4994.5,22360,101947
2026-04-20 11:00:00,4995.0,4996.0,4990.5,4990.5,22887,103520
2026-04-20 12:00:00,4991.0,4991.0,4981.0,4987.0,45374,211979
2026-04-20 13:00:00,4987.5,4988.0,4982.5,4984.0,20015,94060
2026-04-20 14:00:00,4984.5,4985.0,4975.0,4975.5,14967,85660
2026-04-20 15:00:00,4975.5,4976.0,4960.5,4963.0,8215,40504
2026-04-22 06:00:00,4978.0,4998.5,4973.0,4981.5,105776,466785
2026-04-22 07:00:00,4981.0,4985.5,4966.0,4968.0,101042,433117
2026-04-22 08:00:00,4967.5,4980.0,4963.0,4974.0,82644,386826
2026-04-22 09:00:00,4974.5,4981.0,4972.0,4976.0,45374,211138
2026-04-22 10:00:00,4975.5,4983.5,4972.0,4981.5,33547,154074
2026-04-22 11:00:00,4981.5,4982.0,4971.5,4974.0,31834,158097
2026-04-22 12:00:00,4974.0,4977.5,4971.5,4976.0,23578,126041
2026-04-22 13:00:00,4976.0,4983.0,4975.5,4982.0,27455,130735
2026-04-22 14:00:00,4982.0,4986.0,4969.0,4972.5,25886,134035
2026-04-22 15:00:00,4972.0,4977.5,4972.0,4974.5,4342,23588
2026-04-23 06:00:00,4973.5,4979.0,4953.5,4959.5,122444,601076
2026-04-23 07:00:00,4959.5,4971.0,4959.0,4962.0,79940,366410
2026-04-23 08:00:00,4961.5,4967.0,4955.5,4962.5,73782,395358
2026-04-23 09:00:00,4962.0,4962.5,4947.5,4962.0,88806,511921
2026-04-23 10:00:00,4962.0,4966.5,4960.5,4964.5,32817,159184
2026-04-23 11:00:00,4964.5,5002.5,4963.5,4987.5,160316,738212
2026-04-23 12:00:00,4987.5,4999.0,4979.5,4997.0,68538,317370
2026-04-23 13:00:00,4997.5,5025.5,4996.0,5011.5,62389,338874
2026-04-23 14:00:00,5011.5,5032.0,5003.0,5028.5,34505,200098
2026-04-23 15:00:00,5028.0,5041.0,5023.5,5041.0,12717,59695
2026-04-24 06:00:00,5014.0,5027.5,5001.0,5013.0,131824,542473
2026-04-24 07:00:00,5013.0,5032.5,5010.0,5024.5,99835,384514
2026-04-24 08:00:00,5024.5,5028.5,5017.5,5019.5,80574,354929
2026-04-24 09:00:00,5019.5,5020.5,5004.0,5006.5,67155,305888
2026-04-24 10:00:00,5006.0,5020.5,5003.5,5016.0,54418,258463
2026-04-24 11:00:00,5016.0,5017.0,5009.5,5015.5,35255,146707
2026-04-24 12:00:00,5015.0,5018.5,5006.5,5008.0,30764,146153
2026-04-24 13:00:00,5008.5,5008.5,5001.0,5006.0,29713,151424
2026-04-24 14:00:00,5006.0,5006.5,4984.5,4987.0,29860,171253
2026-04-24 15:00:00,4987.0,4997.5,4985.0,4996.5,4808,21510
2026-04-27 06:00:00,4988.0,4989.0,4970.0,4978.5,86903,359909
2026-04-27 07:00:00,4979.0,4982.0,4968.5,4977.5,98344,445455
2026-04-27 08:00:00,4977.0,4981.5,4972.5,4973.5,57909,270394
2026-04-27 09:00:00,4973.0,4979.5,4972.0,4975.0,38578,219182
2026-04-27 10:00:00,4974.5,4980.0,4972.0,4978.5,26797,149131
2026-04-27 11:00:00,4978.5,4983.0,4974.5,4976.5,28227,151553
2026-04-27 12:00:00,4976.5,4983.0,4971.5,4981.5,32423,165202
2026-04-27 13:00:00,4981.0,4987.5,4980.0,4987.0,26227,135141
2026-04-27 14:00:00,4987.0,4988.5,4984.5,4987.5,9622,56322
2026-04-27 15:00:00,4988.0,4988.5,4983.5,4986.5,3846,19085
2026-04-28 06:00:00,4999.5,5012.0,4983.5,4983.5,120719,468373
2026-04-28 07:00:00,4983.5,4995.0,4983.0,4989.5,90255,382515
2026-04-28 08:00:00,4989.5,5019.0,4987.5,5014.5,115847,606877
2026-04-28 09:00:00,5015.0,5015.0,4990.0,4990.0,72954,334986
2026-04-28 10:00:00,4990.0,4991.0,4980.0,4981.5,48684,212935
2026-04-28 11:00:00,4981.0,4988.0,4980.5,4987.0,32545,131221
2026-04-28 12:00:00,4986.5,4988.0,4975.0,4980.5,45799,219755
2026-04-28 13:00:00,4980.5,4985.5,4979.5,4984.5,19694,96429
2026-04-28 14:00:00,4984.5,4986.0,4976.5,4979.0,19151,113229
2026-04-28 15:00:00,4979.0,4981.5,4976.0,4976.5,4348,19768
2026-04-29 06:00:00,4982.0,5003.5,4980.5,4996.0,92262,381631
2026-04-29 07:00:00,4996.0,5006.5,4992.5,5004.5,85979,338571
2026-04-29 08:00:00,5005.0,5009.0,4996.0,4997.5,82433,339772
2026-04-29 09:00:00,4997.5,5007.5,4996.0,5001.0,66320,271108
2026-04-29 10:00:00,5001.0,5007.0,4999.0,5005.5,42436,163622
2026-04-29 11:00:00,5005.0,5006.5,4995.0,4998.5,45414,183881
2026-04-29 12:00:00,4998.5,5016.5,4997.0,5011.5,102701,418004
2026-04-29 13:00:00,5011.5,5016.0,5002.5,5004.5,45793,207661
2026-04-29 14:00:00,5004.0,5011.5,4998.0,4999.5,24500,122648
2026-04-29 15:00:00,5000.0,5005.5,4995.0,4999.5,5644,31905
2026-04-30 06:00:00,5030.0,5030.0,5008.0,5025.0,113047,429152
2026-04-30 07:00:00,5025.5,5032.5,5018.0,5032.0,95899,393893
2026-04-30 08:00:00,5032.0,5035.5,5010.0,5018.5,109398,547545
2026-04-30 09:00:00,5018.5,5020.5,5007.0,5015.5,55206,335016
2026-04-30 10:00:00,5015.5,5022.0,5010.5,5013.0,34938,218757
2026-04-30 11:00:00,5012.5,5014.0,4998.0,5002.0,43383,226250
2026-04-30 12:00:00,5001.5,5002.0,4990.5,4992.0,31973,155198
2026-04-30 13:00:00,4991.5,4993.5,4986.5,4988.5,27853,141817
2026-04-30 14:00:00,4989.0,4995.0,4987.0,4990.5,17554,98208
2026-04-30 15:00:00,4990.5,4995.0,4975.0,4980.0,6247,36119
2026-05-04 06:00:00,4996.5,5002.5,4981.5,4986.5,86447,340949
2026-05-04 07:00:00,4986.5,4996.0,4982.0,4991.5,86078,309441
2026-05-04 08:00:00,4991.5,4994.5,4981.5,4986.5,60971,266694
2026-05-04 09:00:00,4986.5,5003.5,4981.5,5001.0,86161,392048
2026-05-04 10:00:00,5001.0,5017.0,4999.5,5016.0,81540,388091
2026-05-04 11:00:00,5016.0,5016.5,5000.0,5002.0,41467,177500
2026-05-04 12:00:00,5002.0,5005.0,4998.0,5001.0,31715,133377
2026-05-04 13:00:00,5001.0,5004.5,4998.0,5002.5,29091,123951
2026-05-04 14:00:00,5002.0,5007.0,4996.5,4997.0,18037,93618
2026-05-04 15:00:00,4996.5,4998.5,4994.0,4998.5,4580,20601
2026-05-05 06:00:00,4980.5,4985.0,4968.0,4969.5,97278,367415
2026-05-05 07:00:00,4969.0,4970.0,4958.5,4960.0,82371,365691
2026-05-05 08:00:00,4960.5,4961.5,4953.0,4955.5,71015,389532
2026-05-05 09:00:00,4955.5,4957.0,4942.0,4942.5,49927,270000
2026-05-05 10:00:00,4943.0,4948.5,4940.0,4944.0,34544,195722
2026-05-05 11:00:00,4943.5,4947.5,4943.0,4946.5,23482,112385
2026-05-05 12:00:00,4946.5,4947.5,4937.5,4943.0,32842,166059
2026-05-05 13:00:00,4942.5,4946.5,4942.5,4944.5,21336,110390
2026-05-05 14:00:00,4944.5,4946.0,4941.0,4942.5,12511,71144
2026-05-05 15:00:00,4942.5,4943.0,4938.0,4939.5,7342,28100
2026-05-06 06:00:00,4915.0,4958.0,4914.0,4956.5,185620,774605
2026-05-06 07:00:00,4956.5,4961.0,4945.0,4959.5,113421,403884
2026-05-06 08:00:00,4959.0,4964.5,4946.5,4953.0,92153,371988
2026-05-06 09:00:00,4953.0,4958.5,4952.0,4957.0,39619,156112
2026-05-06 10:00:00,4957.0,4963.5,4952.0,4961.0,33991,158287
2026-05-06 11:00:00,4960.5,4961.0,4946.5,4946.5,32661,154054
2026-05-06 12:00:00,4947.0,4956.5,4946.0,4953.0,36291,177248
2026-05-06 13:00:00,4953.5,4953.5,4946.5,4950.0,27544,110533
2026-05-06 14:00:00,4950.0,4958.0,4948.5,4953.5,14936,80845
2026-05-06 15:00:00,4953.5,4956.5,4949.5,4950.0,4695,22706
2026-05-07 06:00:00,4932.5,4948.5,4924.0,4930.0,103716,431080
2026-05-07 07:00:00,4930.0,4945.5,4927.5,4945.5,95071,352947
2026-05-07 08:00:00,4945.5,4952.0,4939.0,4945.5,87073,354847
2026-05-07 09:00:00,4945.5,4957.5,4943.5,4957.0,54631,227635
2026-05-07 10:00:00,4957.0,4958.5,4947.0,4951.5,37745,135449
2026-05-07 11:00:00,4951.5,4960.0,4947.5,4948.0,53629,189248
2026-05-07 12:00:00,4948.0,4952.5,4942.5,4950.0,43693,186884
2026-05-07 13:00:00,4950.5,4955.5,4946.5,4951.5,38011,173403
2026-05-07 14:00:00,4951.0,4953.5,4938.5,4953.0,32118,140117
2026-05-07 15:00:00,4953.5,4960.0,4952.0,4959.5,4412,23940
2026-05-08 06:00:00,4939.5,4942.0,4920.0,4926.0,97655,371131
2026-05-08 07:00:00,4926.5,4935.0,4917.0,4922.0,94217,365007
2026-05-08 08:00:00,4922.0,4930.0,4918.5,4922.0,64051,271442
2026-05-08 09:00:00,4922.0,4925.5,4919.0,4924.5,36352,159930
2026-05-08 10:00:00,4925.0,4927.0,4921.0,4923.5,24736,105856
2026-05-08 11:00:00,4923.5,4929.0,4921.5,4923.5,21708,110447
2026-05-08 12:00:00,4923.5,4924.0,4919.0,4920.0,24862,122906
2026-05-08 13:00:00,4920.0,4922.5,4917.5,4922.0,22071,91699
2026-05-08 14:00:00,4922.0,4922.5,4914.0,4915.5,14417,94101
2026-05-08 15:00:00,4916.0,4920.5,4914.5,4915.0,4944,22792
2026-05-11 06:00:00,4925.0,4929.5,4916.0,4925.5,82693,317634
2026-05-11 07:00:00,4925.5,4926.5,4911.0,4914.0,76240,302687
2026-05-11 08:00:00,4914.5,4924.0,4910.0,4922.0,73946,307304
2026-05-11 09:00:00,4922.0,4926.5,4920.5,4922.5,39475,192645
2026-05-11 10:00:00,4922.5,4927.5,4922.5,4924.0,26429,131188
2026-05-11 11:00:00,4924.0,4927.0,4919.0,4920.5,22726,108023
2026-05-11 12:00:00,4920.0,4921.5,4915.0,4916.5,25807,127453
2026-05-11 13:00:00,4917.0,4922.5,4915.5,4915.5,24521,97382
2026-05-11 14:00:00,4916.0,4918.5,4914.0,4916.0,10955,62243
2026-05-11 15:00:00,4916.0,4916.5,4911.0,4912.5,4296,23062
2026-05-12 06:00:00,4925.5,4932.0,4913.5,4914.0,92628,411611
2026-05-12 07:00:00,4914.0,4927.0,4912.0,4924.5,79811,328702
2026-05-12 08:00:00,4925.0,4929.5,4921.5,4927.0,50077,196196
2026-05-12 09:00:00,4927.0,4939.0,4922.5,4925.0,65128,292501
2026-05-12 10:00:00,4924.5,4925.5,4919.0,4923.0,31520,138136
2026-05-12 11:00:00,4923.0,4923.5,4911.5,4918.0,38810,195269
2026-05-12 12:00:00,4918.0,4919.5,4913.5,4915.5,27681,120753
2026-05-12 13:00:00,4915.5,4918.0,4912.0,4917.0,24193,98740
2026-05-12 14:00:00,4917.5,4919.0,4915.5,4916.5,8872,48535
2026-05-12 15:00:00,4916.5,4917.5,4912.5,4914.0,4236,20598
2026-05-13 06:00:00,4914.5,4945.0,4913.0,4941.0,121869,513926
2026-05-13 07:00:00,4941.0,4956.5,4934.5,4937.0,110718,442972
2026-05-13 08:00:00,4937.0,4943.5,4932.5,4932.5,68295,301815
2026-05-13 09:00:00,4933.0,4934.0,4927.0,4928.0,37005,177701
2026-05-13 10:00:00,4928.0,4930.0,4923.0,4929.0,29177,130282
2026-05-13 11:00:00,4929.0,4968.0,4926.5,4964.5,59226,281120
2026-05-13 12:00:00,4965.0,5027.0,4962.5,5010.5,239538,926533
2026-05-13 13:00:00,5011.0,5035.0,5008.0,5027.5,85397,359845
2026-05-13 14:00:00,5027.5,5040.0,5022.0,5033.0,56831,257902
2026-05-13 15:00:00,5033.0,5039.0,5028.0,5028.0,7438,39642
2026-05-14 06:00:00,5026.0,5051.0,4994.5,5003.5,171530,692030
2026-05-14 07:00:00,5003.5,5017.5,4992.5,5005.5,131226,513707
2026-05-14 08:00:00,5005.0,5008.0,4992.5,5000.0,84633,375542
2026-05-14 09:00:00,5000.5,5010.0,4998.0,5000.0,52865,230310
2026-05-14 10:00:00,5000.0,5016.0,4998.5,5009.5,47015,209184
2026-05-14 11:00:00,5009.5,5010.0,5000.5,5008.5,43467,219163
2026-05-14 12:00:00,5008.5,5011.5,5002.0,5008.0,38260,162972
2026-05-14 13:00:00,5008.5,5011.0,5004.0,5007.5,28635,122264
2026-05-14 14:00:00,5007.5,5008.0,5001.0,5001.5,19011,129125
2026-05-14 15:00:00,5001.5,5008.5,5001.0,5007.0,4148,18884
2026-05-15 06:00:00,5041.0,5076.0,5037.0,5072.0,164747,700942
2026-05-15 07:00:00,5072.0,5095.0,5064.0,5086.0,143711,633912
2026-05-15 08:00:00,5086.5,5091.5,5063.0,5086.5,131905,537722
2026-05-15 09:00:00,5086.5,5097.0,5083.0,5092.5,77996,353374
2026-05-15 10:00:00,5092.5,5101.5,5086.0,5091.5,56681,256618
2026-05-15 11:00:00,5091.5,5093.0,5077.0,5078.5,43841,179896
2026-05-15 12:00:00,5078.0,5094.5,5075.5,5089.0,60071,256445
2026-05-15 13:00:00,5089.0,5092.5,5082.0,5085.0,36014,156534
2026-05-15 14:00:00,5085.0,5086.5,5072.5,5075.0,23486,104379
2026-05-15 15:00:00,5075.0,5078.0,5071.0,5074.5,4742,23265
2026-05-18 06:00:00,5072.5,5072.5,5031.5,5033.5,130333,473167
2026-05-18 07:00:00,5033.5,5038.0,5025.0,5027.0,104960,389935
2026-05-18 08:00:00,5027.0,5038.5,5026.0,5028.0,88424,331149
2026-05-18 09:00:00,5028.0,5035.0,5019.0,5023.5,74024,305282
2026-05-18 10:00:00,5023.5,5025.0,5016.0,5018.0,38191,145477
2026-05-18 11:00:00,5018.0,5022.5,5017.0,5020.0,29446,119924
2026-05-18 12:00:00,5020.0,5031.0,5019.5,5029.5,43610,181775
2026-05-18 13:00:00,5030.0,5030.5,5012.5,5015.0,70770,268042
2026-05-18 14:00:00,5014.5,5016.0,5005.5,5008.0,20845,104453
2026-05-18 15:00:00,5008.0,5009.0,5001.5,5007.0,6570,34824
2026-05-19 06:00:00,5037.0,5048.0,5023.5,5046.0,135954,500114
2026-05-19 07:00:00,5046.0,5060.0,5043.5,5046.0,116955,484862
2026-05-19 08:00:00,5046.0,5067.5,5037.5,5066.5,103365,421842
2026-05-19 09:00:00,5066.0,5073.0,5057.0,5058.5,72583,336535
2026-05-19 10:00:00,5058.5,5063.0,5045.5,5047.5,49982,234827
2026-05-19 11:00:00,5047.5,5049.5,5042.0,5046.0,39409,188254
2026-05-19 12:00:00,5046.0,5058.5,5046.0,5054.5,54858,281639
2026-05-19 13:00:00,5055.0,5062.0,5053.5,5055.5,35559,179288
2026-05-19 14:00:00,5056.0,5064.5,5053.0,5062.5,19396,110571
2026-05-19 15:00:00,5062.5,5063.5,5056.5,5059.5,4763,23576
2026-05-20 06:00:00,5042.0,5065.5,5037.5,5061.5,109513,435215
2026-05-20 07:00:00,5061.5,5070.0,5054.0,5059.5,126254,543780
2026-05-20 08:00:00,5059.0,5059.5,5020.0,5027.0,154704,648806
2026-05-20 09:00:00,5027.5,5030.5,5014.0,5028.0,94406,366891
2026-05-20 10:00:00,5028.0,5030.5,5017.5,5018.5,44124,167722
2026-05-20 11:00:00,5019.0,5020.5,5015.0,5018.5,31598,123651
2026-05-20 12:00:00,5018.5,5020.5,5012.0,5014.0,36543,174476
2026-05-20 13:00:00,5014.0,5015.5,5011.0,5015.0,22934,101513
2026-05-20 14:00:00,5015.0,5016.5,5009.0,5011.5,17376,95002
2026-05-20 15:00:00,5011.5,5013.0,5004.0,5008.5,6628,40638
2026-05-21 06:00:00,5027.5,5034.5,5016.5,5030.0,95195,326101
2026-05-21 07:00:00,5030.0,5033.5,5012.5,5018.5,110308,417463
2026-05-21 08:00:00,5019.0,5024.0,5013.5,5017.0,75429,296820
2026-05-21 09:00:00,5017.0,5026.0,5012.0,5013.0,50209,191443
2026-05-21 10:00:00,5013.0,5022.0,5011.0,5019.0,33125,131650
2026-05-21 11:00:00,5019.0,5020.5,4992.0,5000.5,87933,344374
2026-05-21 12:00:00,5000.5,5014.0,4997.5,5009.5,61109,229815
2026-05-21 13:00:00,5009.5,5012.0,5003.5,5009.5,32098,111653
2026-05-21 14:00:00,5009.0,5015.5,5008.0,5013.0,16208,69693
2026-05-21 15:00:00,5013.0,5018.0,5012.0,5015.5,5829,24349
2026-05-22 06:00:00,5022.0,5027.5,5003.5,5005.0,109391,378578
2026-05-22 07:00:00,5005.0,5024.0,5004.0,5014.5,116155,415473
2026-05-22 08:00:00,5014.5,5034.5,5014.5,5033.5,76612,330436
2026-05-22 09:00:00,5034.0,5036.0,5025.5,5031.0,47953,196614
2026-05-22 10:00:00,5031.0,5038.5,5028.0,5028.0,41140,161262
2026-05-22 11:00:00,5028.0,5030.5,5019.0,5025.5,46563,180370
2026-05-22 12:00:00,5025.5,5029.5,5023.5,5027.5,24552,101161
2026-05-22 13:00:00,5027.5,5035.5,5026.5,5035.0,31625,119512
2026-05-22 14:00:00,5035.0,5044.0,5027.5,5043.5,21955,90482
2026-05-22 15:00:00,5043.5,5052.0,5041.0,5051.5,5987,29941
2026-05-25 06:00:00,5022.5,5022.5,5000.0,5010.0,92864,356071
2026-05-25 07:00:00,5010.5,5020.0,5007.0,5018.0,55930,250141
2026-05-25 08:00:00,5017.5,5021.0,5014.0,5016.5,32274,158371
2026-05-25 09:00:00,5017.0,5017.5,5009.0,5012.5,29538,133155
2026-05-25 10:00:00,5012.5,5020.0,5012.0,5016.0,20161,110304
2026-05-25 11:00:00,5015.5,5016.5,5010.0,5016.0,15810,90471
2026-05-25 12:00:00,5016.0,5026.0,5016.0,5021.5,27743,139033
2026-05-25 13:00:00,5021.5,5027.5,5021.0,5025.5,16248,77201
2026-05-25 14:00:00,5025.5,5027.0,5021.5,5023.0,11407,58902
2026-05-25 15:00:00,5023.0,5026.0,5014.5,5016.5,5555,28905
2026-05-26 06:00:00,5027.0,5032.0,5008.0,5008.0,86138,342968
2026-05-26 07:00:00,5008.5,5043.0,5008.0,5030.5,128495,565130
2026-05-26 08:00:00,5030.5,5035.0,5019.5,5026.0,77524,345727
2026-05-26 09:00:00,5026.0,5040.5,5025.0,5034.5,57359,273777
2026-05-26 10:00:00,5034.0,5037.0,5030.5,5033.5,23828,113657
2026-05-26 11:00:00,5033.5,5035.5,5027.0,5029.5,24964,116140
2026-05-26 12:00:00,5030.0,5036.5,5028.0,5035.5,26551,128550
2026-05-26 13:00:00,5035.5,5037.5,5031.5,5032.0,20645,89236
2026-05-26 14:00:00,5032.0,5041.0,5029.5,5039.0,17821,93949
2026-05-26 15:00:00,5039.0,5042.0,5038.5,5038.5,3809,16849
2026-05-27 06:00:00,5039.0,5056.5,5033.5,5055.0,156249,637842
2026-05-27 07:00:00,5055.0,5064.5,5049.0,5059.5,104628,436841
2026-05-27 08:00:00,5059.0,5074.0,5057.5,5068.5,117342,516301
2026-05-27 09:00:00,5068.5,5070.0,5054.5,5064.5,66248,278996
2026-05-27 10:00:00,5064.5,5067.0,5060.5,5064.0,33555,135542
2026-05-27 11:00:00,5064.0,5071.5,5059.5,5064.0,37480,143668
2026-05-27 12:00:00,5063.5,5066.0,5058.5,5062.5,31077,130060
2026-05-27 13:00:00,5062.5,5065.0,5058.5,5064.0,23845,106534
2026-05-27 14:00:00,5063.5,5064.5,5059.0,5062.5,12896,66045
2026-05-27 15:00:00,5062.0,5065.5,5061.0,5063.5,5513,25071
2026-05-28 06:00:00,5070.5,5077.5,5056.5,5065.5,97860,372772
2026-05-28 07:00:00,5065.0,5067.0,5052.5,5064.0,106266,393199
2026-05-28 08:00:00,5063.5,5066.5,5038.5,5048.0,115756,421025
2026-05-28 09:00:00,5047.5,5051.5,5043.0,5050.0,45342,197595
2026-05-28 10:00:00,5050.0,5051.0,5036.0,5036.5,40767,156403
2026-05-28 11:00:00,5036.5,5037.0,5026.0,5028.5,49762,229589
2026-05-28 12:00:00,5028.5,5036.5,5025.0,5031.5,43164,198397
2026-05-28 13:00:00,5031.5,5035.0,5029.5,5034.5,20246,89362
2026-05-28 14:00:00,5034.0,5045.5,5032.5,5041.5,23176,120719
2026-05-28 15:00:00,5041.5,5046.5,5035.0,5044.0,5491,22880
2026-05-29 06:00:00,5073.5,5092.5,5071.5,5092.0,103083,374075
2026-05-29 07:00:00,5092.0,5097.0,5084.0,5096.5,82039,333499
2026-05-29 08:00:00,5096.5,5107.5,5089.0,5098.0,125058,578791
2026-05-29 09:00:00,5098.0,5100.0,5090.0,5095.5,63167,279310
2026-05-29 10:00:00,5095.5,5097.0,5085.0,5088.0,32638,152681
2026-05-29 11:00:00,5088.0,5088.5,5070.5,5085.5,51081,257199
2026-05-29 12:00:00,5085.5,5086.5,5076.0,5080.0,31504,150547
2026-05-29 13:00:00,5080.0,5086.0,5077.0,5081.5,27738,132376
2026-05-29 14:00:00,5081.5,5082.0,5066.5,5073.5,27387,157814
2026-05-29 15:00:00,5073.5,5076.0,5068.0,5073.5,5074,19327
2026-06-01 06:00:00,5069.0,5076.0,5053.0,5059.0,107891,399582
2026-06-01 07:00:00,5059.5,5080.5,5054.5,5078.0,137902,504174
2026-06-01 08:00:00,5078.0,5081.5,5060.0,5060.0,86313,336052
2026-06-01 09:00:00,5060.0,5069.0,5058.5,5068.5,59612,265959
2026-06-01 10:00:00,5068.5,5076.5,5062.0,5063.0,45484,179216
2026-06-01 11:00:00,5062.5,5068.5,5050.5,5055.5,52320,232145
2026-06-01 12:00:00,5056.0,5058.5,5048.5,5051.5,39875,234171
2026-06-01 13:00:00,5051.5,5058.0,5047.0,5057.5,30232,146875
2026-06-01 14:00:00,5057.0,5063.5,5055.0,5062.0,18771,99107
2026-06-01 15:00:00,5062.5,5064.0,5060.0,5061.5,4337,16110
2026-06-02 06:00:00,5049.5,5056.0,5034.0,5046.0,102069,362547
2026-06-02 07:00:00,5046.0,5056.5,5045.0,5050.5,95167,372417
2026-06-02 08:00:00,5050.5,5056.0,5037.0,5046.0,89499,406743
2026-06-02 09:00:00,5046.0,5052.5,5045.5,5047.0,37732,194337
2026-06-02 10:00:00,5047.5,5054.0,5046.5,5051.5,29833,144801
2026-06-02 11:00:00,5051.0,5057.0,5049.5,5054.0,27264,116877
2026-06-02 12:00:00,5053.5,5055.5,5043.5,5046.5,29451,138759
2026-06-02 13:00:00,5046.5,5048.5,5043.0,5043.5,18734,87061
2026-06-02 14:00:00,5044.0,5044.5,5035.0,5039.5,21307,111408
2026-06-02 15:00:00,5040.0,5042.0,5039.0,5041.0,3688,16967
2026-06-03 06:00:00,5047.0,5075.0,5044.5,5066.5,127967,490247
2026-06-03 07:00:00,5066.5,5086.5,5063.0,5083.0,99969,442498
2026-06-03 08:00:00,5083.5,5085.0,5071.0,5073.5,73535,308618
2026-06-03 09:00:00,5073.5,5083.0,5069.0,5079.5,44308,194505
2026-06-03 10:00:00,5080.0,5109.5,5079.5,5103.5,76874,361932
2026-06-03 11:00:00,5104.0,5114.0,5100.0,5109.5,45365,206910
2026-06-03 12:00:00,5109.5,5124.0,5107.0,5109.0,69198,340579
2026-06-03 13:00:00,5109.0,5111.0,5099.0,5100.0,38118,178470
2026-06-03 14:00:00,5099.5,5101.0,5093.0,5099.0,24020,139359
2026-06-03 15:00:00,5099.0,5105.5,5091.0,5093.0,8327,35360
2026-06-05 06:00:00,5089.0,5131.0,5085.0,5129.5,134567,509609
2026-06-05 07:00:00,5129.5,5153.5,5126.5,5153.5,158991,590777
2026-06-05 08:00:00,5153.5,5160.5,5144.5,5152.5,106344,421021
2026-06-05 09:00:00,5152.5,5179.5,5152.0,5176.0,89357,386760
2026-06-05 10:00:00,5176.0,5186.0,5170.5,5171.5,79663,377000
2026-06-05 11:00:00,5171.5,5176.5,5165.0,5173.5,57469,217529
2026-06-05 12:00:00,5173.0,5184.5,5172.0,5183.5,60388,212604
2026-06-05 13:00:00,5184.0,5187.5,5182.0,5186.5,51728,222824
2026-06-05 14:00:00,5186.5,5208.0,5186.5,5199.5,45200,198708
2026-06-05 15:00:00,5199.5,5207.0,5198.0,5203.5,7929,26888
2026-06-08 06:00:00,5180.0,5196.0,5162.0,5179.0,194497,692641
2026-06-08 07:00:00,5179.5,5205.0,5175.5,5204.5,158415,574400
2026-06-08 08:00:00,5204.5,5225.0,5199.5,5204.0,138144,538295
2026-06-08 09:00:00,5204.0,5215.5,5195.5,5199.0,87779,322333
2026-06-08 10:00:00,5198.5,5206.0,5191.0,5205.5,60590,222761
2026-06-08 11:00:00,5206.0,5222.0,5205.0,5218.0,56075,216948
2026-06-08 12:00:00,5218.0,5218.0,5201.5,5212.5,58494,237883
2026-06-08 13:00:00,5212.0,5214.0,5206.0,5209.5,36514,154677
2026-06-08 14:00:00,5209.5,5228.0,5207.5,5223.0,25682,111402
2026-06-08 15:00:00,5223.0,5232.5,5221.5,5223.5,8069,34042
2026-06-09 06:00:00,5195.0,5199.0,5177.5,5185.5,130881,452586
2026-06-09 07:00:00,5185.5,5202.0,5183.0,5193.0,114830,422620
2026-06-09 08:00:00,5193.5,5209.0,5183.0,5199.5,106657,385080
2026-06-09 09:00:00,5199.5,5213.5,5197.0,5206.0,78825,279436
2026-06-09 10:00:00,5205.5,5221.5,5202.0,5208.0,98751,307293
2026-06-09 11:00:00,5208.5,5208.5,5196.0,5207.5,60169,214806
2026-06-09 12:00:00,5207.0,5208.5,5195.0,5197.5,44201,176061
2026-06-09 13:00:00,5198.0,5211.0,5197.0,5205.5,41115,157488
2026-06-09 14:00:00,5205.0,5207.0,5199.0,5199.5,16877,85899
2026-06-09 15:00:00,5200.0,5204.0,5196.0,5204.0,4998,24970
2026-06-10 06:00:00,5217.5,5223.0,5188.5,5206.5,157989,551682
2026-06-10 07:00:00,5206.0,5211.0,5184.0,5192.5,116709,405268
2026-06-10 08:00:00,5192.5,5216.0,5186.5,5209.0,105825,392545
2026-06-10 09:00:00,5209.0,5219.5,5188.0,5202.5,128684,491237
2026-06-10 10:00:00,5202.0,5204.0,5194.0,5201.0,43752,143049
2026-06-10 11:00:00,5200.5,5208.0,5197.5,5199.0,44524,147365
2026-06-10 12:00:00,5198.5,5200.5,5188.5,5191.5,52560,193348
2026-06-10 13:00:00,5191.5,5201.0,5190.5,5197.0,41568,150444
2026-06-10 14:00:00,5196.5,5212.0,5195.0,5211.0,24319,127245
2026-06-10 15:00:00,5211.0,5213.0,5207.0,5208.0,6083,41900
2026-06-11 06:00:00,5196.5,5206.5,5181.5,5186.5,147475,487441
2026-06-11 07:00:00,5187.0,5194.0,5161.5,5168.0,142302,553623
2026-06-11 08:00:00,5167.5,5176.0,5160.5,5165.0,89214,350844
2026-06-11 09:00:00,5165.0,5173.0,5161.0,5171.5,56091,217781
2026-06-11 10:00:00,5171.5,5175.0,5167.0,5175.0,33317,137720
2026-06-11 11:00:00,5175.0,5179.5,5135.5,5137.5,127956,484773
2026-06-11 12:00:00,5138.0,5151.0,5136.0,5142.5,72559,291594
2026-06-11 13:00:00,5142.5,5143.0,5115.5,5124.5,84409,359407
2026-06-11 14:00:00,5124.5,5128.0,5118.5,5120.0,22779,123921
2026-06-11 15:00:00,5120.0,5128.0,5115.0,5127.0,6809,33146
2026-06-12 06:00:00,5118.0,5141.0,5116.0,5131.5,102324,366134
2026-06-12 07:00:00,5131.5,5134.0,5095.5,5104.0,138782,574656
2026-06-12 08:00:00,5104.0,5108.5,5093.5,5096.5,94239,370346
2026-06-12 09:00:00,5096.5,5100.0,5088.5,5095.0,59749,269295
2026-06-12 10:00:00,5095.5,5100.0,5082.5,5086.5,58379,260166
2026-06-12 11:00:00,5086.5,5089.5,5079.0,5083.0,35574,154694
2026-06-12 12:00:00,5083.0,5086.5,5080.5,5086.0,27126,129709
2026-06-12 13:00:00,5086.0,5088.0,5082.5,5083.0,24472,103923
2026-06-12 14:00:00,5083.0,5085.0,5080.0,5081.0,13418,83205
2026-06-12 15:00:00,5081.5,5085.5,5079.5,5083.0,5293,23006
2026-06-15 06:00:00,5055.5,5081.0,5049.5,5052.0,131205,486892
2026-06-15 07:00:00,5052.0,5061.5,5046.0,5053.0,95375,371519
2026-06-15 08:00:00,5053.0,5069.5,5053.0,5063.0,81707,339601
2026-06-15 09:00:00,5063.0,5081.5,5061.5,5076.0,57728,256165
2026-06-15 10:00:00,5076.0,5085.5,5072.0,5076.0,52460,221047
2026-06-15 11:00:00,5076.0,5084.5,5076.0,5080.0,29475,114849
2026-06-15 12:00:00,5079.5,5090.0,5079.0,5087.5,43990,191553
2026-06-15 13:00:00,5087.5,5093.5,5084.0,5085.5,32916,133156
2026-06-15 14:00:00,5086.0,5086.5,5079.5,5081.0,15094,72584
2026-06-15 15:00:00,5081.0,5081.5,5065.5,5073.0,7041,33269
2026-06-16 06:00:00,5066.5,5087.5,5064.0,5082.0,101487,376601
2026-06-16 07:00:00,5082.0,5098.5,5081.0,5093.5,105207,452769
2026-06-16 08:00:00,5093.5,5121.0,5089.0,5113.5,104034,481669
2026-06-16 09:00:00,5113.5,5116.5,5094.0,5096.0,60282,273471
2026-06-16 10:00:00,5095.5,5107.5,5093.5,5100.0,40142,176733
2026-06-16 11:00:00,5100.5,5107.5,5098.0,5103.0,27863,125191
2026-06-16 12:00:00,5103.0,5110.5,5099.5,5109.0,24987,119114
2026-06-16 13:00:00,5109.5,5111.5,5103.5,5106.0,28108,113855
2026-06-16 14:00:00,5106.0,5112.0,5100.0,5106.5,19664,103784
2026-06-16 15:00:00,5106.5,5109.5,5104.5,5106.0,4718,22201
2026-06-17 06:00:00,5113.0,5113.0,5090.5,5092.5,97161,406516
2026-06-17 07:00:00,5092.5,5093.0,5072.0,5082.5,98755,441853
2026-06-17 08:00:00,5082.0,5089.0,5074.5,5077.0,71058,298845
2026-06-17 09:00:00,5077.5,5079.5,5070.0,5075.5,42247,218458
2026-06-17 10:00:00,5075.5,5080.5,5072.0,5079.0,20656,102840
2026-06-17 11:00:00,5079.5,5084.0,5066.0,5068.5,42164,218121
2026-06-17 12:00:00,5068.5,5105.5,5068.0,5098.0,159475,621927
2026-06-17 13:00:00,5098.0,5137.0,5096.0,5124.5,148677,552381
2026-06-17 14:00:00,5125.0,5144.0,5122.0,5126.0,40610,202742
2026-06-17 15:00:00,5125.5,5128.5,5119.0,5121.5,5482,24057
2026-06-18 06:00:00,5149.0,5166.5,5141.0,5146.5,152014,570107
2026-06-18 07:00:00,5147.0,5174.5,5143.0,5174.0,134415,497919
2026-06-18 08:00:00,5174.5,5182.5,5160.0,5175.5,93105,381243
2026-06-18 09:00:00,5175.5,5190.0,5174.0,5182.0,70411,297594
2026-06-18 10:00:00,5182.0,5203.5,5180.5,5190.0,59053,271583
2026-06-18 11:00:00,5190.5,5193.5,5185.0,5189.0,33742,164865
2026-06-18 12:00:00,5189.5,5197.0,5180.0,5185.5,47812,223619
2026-06-18 13:00:00,5185.0,5191.0,5184.0,5188.0,32993,153592
2026-06-18 14:00:00,5188.0,5188.5,5174.0,5180.5,27034,131822
2026-06-18 15:00:00,5180.5,5181.0,5169.5,5175.5,5820,24745
2026-06-19 06:00:00,5172.0,5179.0,5158.5,5165.5,77534,268214
2026-06-19 07:00:00,5165.0,5170.0,5150.0,5157.0,78171,331568
2026-06-19 08:00:00,5157.0,5159.5,5145.0,5150.5,49769,269321
2026-06-19 09:00:00,5150.5,5157.5,5147.5,5156.0,23900,154704
2026-06-19 10:00:00,5156.0,5158.0,5152.5,5156.0,14952,76826
2026-06-19 11:00:00,5156.0,5158.0,5152.5,5153.5,12766,62424
2026-06-19 12:00:00,5154.0,5157.5,5151.5,5157.0,11301,59678
2026-06-19 13:00:00,5157.0,5182.0,5156.0,5177.0,33586,170128
2026-06-19 14:00:00,5177.5,5179.5,5162.0,5164.5,18037,88729
2026-06-19 15:00:00,5164.5,5166.5,5162.5,5165.5,3080,12522
2026-06-22 06:00:00,5166.5,5171.5,5155.0,5167.0,107589,398048
2026-06-22 07:00:00,5167.5,5168.5,5149.0,5158.0,89579,321933
2026-06-22 08:00:00,5158.0,5163.5,5144.5,5146.5,79585,302732
2026-06-22 09:00:00,5146.5,5147.5,5134.5,5144.5,58825,250383
2026-06-22 10:00:00,5144.0,5148.5,5143.0,5145.5,27991,125655
2026-06-22 11:00:00,5145.5,5155.5,5144.0,5154.5,27083,108610
2026-06-22 12:00:00,5155.0,5156.5,5150.0,5150.5,27793,119606
2026-06-22 13:00:00,5150.5,5161.0,5149.5,5153.5,29073,134194
2026-06-22 14:00:00,5154.0,5158.0,5151.0,5154.0,14576,74485
2026-06-22 15:00:00,5154.0,5156.0,5151.5,5154.0,4051,18234
2026-06-23 06:00:00,5186.5,5189.5,5171.0,5181.5,110237,430751
2026-06-23 07:00:00,5181.0,5193.5,5177.5,5183.0,93703,354589
2026-06-23 08:00:00,5183.0,5189.5,5178.0,5183.0,65605,286798
2026-06-23 09:00:00,5183.0,5199.0,5182.5,5190.5,50871,227420
2026-06-23 10:00:00,5190.5,5198.5,5187.5,5195.0,35829,157483
2026-06-23 11:00:00,5195.5,5200.0,5191.0,5197.5,34726,161017
2026-06-23 12:00:00,5197.0,5201.5,5195.5,5199.0,26708,133430
2026-06-23 13:00:00,5199.0,5201.0,5194.0,5195.0,29090,119667
2026-06-23 14:00:00,5195.0,5196.5,5188.0,5189.5,16024,82582
2026-06-23 15:00:00,5189.0,5192.0,5188.0,5192.0,4558,16767
2026-06-24 06:00:00,5200.5,5229.5,5198.0,5218.5,136122,535868
2026-06-24 07:00:00,5219.0,5224.0,5206.0,5208.0,104296,408960
2026-06-24 08:00:00,5208.5,5224.0,5207.0,5218.5,70636,309262
2026-06-24 09:00:00,5218.5,5222.0,5208.0,5217.5,51829,251900
2026-06-24 10:00:00,5218.0,5219.0,5194.0,5206.5,57934,257648
2026-06-24 11:00:00,5206.5,5213.5,5203.0,5212.0,34624,132415
2026-06-24 12:00:00,5212.5,5213.0,5202.0,5205.5,36110,141031
2026-06-24 13:00:00,5205.5,5212.5,5205.0,5207.5,27387,109494
2026-06-24 14:00:00,5207.5,5209.0,5200.5,5202.0,19469,94066
2026-06-24 15:00:00,5202.0,5203.0,5194.0,5194.0,3923,12600
2026-06-25 06:00:00,5206.0,5225.0,5204.0,5216.5,140939,606150
2026-06-25 07:00:00,5216.5,5217.0,5189.5,5206.5,110102,449824
2026-06-25 08:00:00,5206.0,5206.0,5191.0,5195.5,81653,310872
2026-06-25 09:00:00,5196.0,5199.5,5178.0,5179.5,64459,285177
2026-06-25 10:00:00,5179.5,5186.5,5172.5,5184.5,44917,195156
2026-06-25 11:00:00,5184.0,5186.5,5178.0,5182.5,34831,142460
2026-06-25 12:00:00,5182.5,5192.5,5180.5,5186.5,46149,201521
2026-06-25 13:00:00,5186.5,5189.5,5180.5,5186.0,29376,127188
2026-06-25 14:00:00,5185.5,5186.0,5180.5,5183.5,13899,70995
2026-06-25 15:00:00,5183.5,5187.5,5181.0,5184.0,3896,20701
2026-06-26 06:00:00,5191.0,5191.0,5169.5,5180.0,103513,392214
2026-06-26 07:00:00,5179.5,5192.5,5173.0,5175.5,101338,413511
2026-06-26 08:00:00,5175.5,5177.5,5162.0,5176.0,84134,327448
2026-06-26 09:00:00,5176.5,5178.5,5160.0,5163.5,60921,272119
2026-06-26 10:00:00,5163.5,5176.0,5162.0,5171.5,36053,146292
2026-06-26 11:00:00,5171.5,5174.5,5166.0,5173.0,27454,103336
2026-06-26 12:00:00,5173.0,5178.5,5171.0,5173.5,31894,124464
2026-06-26 13:00:00,5173.5,5177.0,5170.5,5172.5,26207,117426
2026-06-26 14:00:00,5172.5,5179.5,5170.5,5176.0,18252,92153
2026-06-26 15:00:00,5175.5,5179.5,5174.0,5179.5,3494,19198
2026-06-29 06:00:00,5168.0,5181.5,5155.0,5164.0,103298,401147
2026-06-29 07:00:00,5164.5,5177.0,5162.5,5172.5,73065,284538
2026-06-29 08:00:00,5172.5,5188.0,5171.5,5181.0,87795,323527
2026-06-29 09:00:00,5181.5,5187.0,5176.5,5182.0,44994,216192
2026-06-29 10:00:00,5182.5,5185.0,5175.5,5178.5,32211,130043
2026-06-29 11:00:00,5178.5,5180.5,5175.0,5175.0,15365,53498
2026-06-29 12:00:00,5175.5,5176.5,5167.0,5169.0,24211,114306
2026-06-29 13:00:00,5169.0,5179.5,5167.0,5174.5,25599,114931
2026-06-29 14:00:00,5175.0,5178.5,5170.5,5177.0,13085,57564
2026-06-29 15:00:00,5177.0,5179.0,5173.5,5179.0,3809,18251
2026-06-30 06:00:00,5211.5,5241.5,5210.5,5227.5,110935,464316
2026-06-30 07:00:00,5227.0,5229.0,5213.0,5218.0,77955,346497
2026-06-30 08:00:00,5218.0,5223.0,5205.5,5215.5,77647,411229
2026-06-30 09:00:00,5215.5,5219.0,5206.5,5207.5,46334,264933
2026-06-30 10:00:00,5208.0,5213.0,5203.5,5208.5,36784,196923
2026-06-30 11:00:00,5208.5,5215.0,5205.5,5208.5,25921,123150
2026-06-30 12:00:00,5208.5,5216.5,5206.0,5208.5,31693,175552
2026-06-30 13:00:00,5208.0,5211.5,5202.5,5203.0,28263,144045
2026-06-30 14:00:00,5203.5,5207.5,5200.5,5202.5,14938,93838
2026-06-30 15:00:00,5203.0,5204.5,5197.0,5199.0,5462,28341
2026-07-01 06:00:00,5208.0,5237.0,5206.0,5231.5,106742,442600
2026-07-01 07:00:00,5231.5,5238.0,5215.5,5223.5,116330,486520
2026-07-01 08:00:00,5223.5,5246.0,5215.5,5244.5,87887,393853
2026-07-01 09:00:00,5244.5,5256.5,5235.0,5240.0,77962,373135
2026-07-01 10:00:00,5239.5,5240.0,5231.5,5236.0,29340,125791
2026-07-01 11:00:00,5236.0,5240.5,5232.5,5240.0,22856,94473
2026-07-01 12:00:00,5240.0,5249.0,5238.5,5247.0,31444,144149
2026-07-01 13:00:00,5247.0,5252.0,5242.5,5247.5,30039,141014
2026-07-01 14:00:00,5247.5,5251.0,5244.5,5246.5,12555,66384
2026-07-01 15:00:00,5246.0,5249.0,5241.5,5241.5,4813,19528
2026-07-02 06:00:00,5234.5,5250.0,5196.5,5218.5,175512,700139
2026-07-02 07:00:00,5218.0,5241.5,5214.0,5222.0,142009,566251
2026-07-02 08:00:00,5222.0,5243.0,5217.5,5233.0,88582,353580
2026-07-02 09:00:00,5233.0,5241.5,5229.0,5239.0,51835,208873
2026-07-02 10:00:00,5239.0,5258.0,5236.0,5251.5,65918,273448
2026-07-02 11:00:00,5252.0,5255.0,5245.0,5253.0,32964,139463
2026-07-02 12:00:00,5252.5,5254.5,5239.5,5242.5,37957,160902
2026-07-02 13:00:00,5242.5,5251.5,5241.0,5245.5,24339,98865
2026-07-02 14:00:00,5246.0,5247.5,5237.0,5241.5,15481,80999
2026-07-02 15:00:00,5241.5,5246.0,5239.0,5245.0,3588,18059
2026-07-03 06:00:00,5235.5,5237.5,5209.0,5213.0,85233,328389
2026-07-03 07:00:00,5213.5,5223.5,5207.5,5214.5,63702,251048
2026-07-03 08:00:00,5214.0,5215.5,5207.5,5208.5,37340,154631
2026-07-03 09:00:00,5208.0,5208.5,5201.0,5204.5,29691,137245
2026-07-03 10:00:00,5204.5,5205.5,5201.5,5205.0,14361,76109
2026-07-03 11:00:00,5204.5,5207.0,5201.5,5204.0,14078,76767
2026-07-03 12:00:00,5204.0,5206.5,5203.0,5203.5,13420,69605
2026-07-03 13:00:00,5203.0,5206.5,5202.5,5204.0,11467,70768
2026-07-03 14:00:00,5204.0,5207.0,5204.0,5205.5,8673,40326
2026-07-03 15:00:00,5205.5,5209.0,5205.0,5206.0,5252,21422
2026-07-06 06:00:00,5208.0,5218.5,5204.0,5210.0,81971,317064
2026-07-06 07:00:00,5210.0,5213.0,5198.0,5202.5,70500,281426
2026-07-06 08:00:00,5202.5,5209.5,5197.5,5202.5,57477,243600
2026-07-06 09:00:00,5202.5,5203.0,5181.5,5182.0,58562,302035
2026-07-06 10:00:00,5181.5,5187.0,5181.5,5182.5,24478,114947
2026-07-06 11:00:00,5182.0,5183.5,5164.5,5167.5,46915,240783
2026-07-06 12:00:00,5167.5,5169.5,5162.0,5165.0,33912,165264
2026-07-06 13:00:00,5164.5,5171.0,5164.5,5166.5,26277,135324
2026-07-06 14:00:00,5166.0,5169.0,5159.5,5161.5,15017,83704
2026-07-06 15:00:00,5162.0,5163.0,5157.5,5158.0,8100,29257
2026-07-07 06:00:00,5165.0,5177.0,5161.5,5174.5,94043,344276
2026-07-07 07:00:00,5174.5,5179.5,5168.5,5175.0,82440,346690
2026-07-07 08:00:00,5175.0,5183.5,5171.0,5174.5,65529,285835
2026-07-07 09:00:00,5174.5,5186.5,5173.0,5184.0,33489,152709
2026-07-07 10:00:00,5184.0,5185.5,5177.5,5180.5,24389,97494
2026-07-07 11:00:00,5180.5,5184.0,5177.5,5181.5,21088,92713
2026-07-07 12:00:00,5181.0,5189.5,5177.5,5186.5,32826,155534
2026-07-07 13:00:00,5186.5,5195.5,5183.5,5185.0,45354,187546
2026-07-07 14:00:00,5185.0,5192.0,5183.5,5191.0,15345,86864
2026-07-07 15:00:00,5191.5,5202.5,5189.5,5192.0,6647,31524
2026-07-08 06:00:00,5209.5,5215.5,5166.0,5178.0,145678,604026
2026-07-08 07:00:00,5177.5,5186.0,5167.0,5180.5,99562,401064
2026-07-08 08:00:00,5180.0,5190.5,5177.5,5188.0,68496,291472
2026-07-08 09:00:00,5188.0,5196.0,5184.5,5192.0,44963,198683
2026-07-08 10:00:00,5192.0,5193.5,5181.0,5183.5,41284,201698
2026-07-08 11:00:00,5184.0,5185.0,5175.0,5180.5,32570,175415
2026-07-08 12:00:00,5181.0,5183.0,5172.0,5176.0,35727,163241
2026-07-08 13:00:00,5176.5,5179.5,5174.0,5177.5,21662,85869
2026-07-08 14:00:00,5177.5,5185.5,5176.0,5181.0,16515,85665
2026-07-08 15:00:00,5181.0,5181.5,5177.5,5180.5,5370,19511
2026-07-09 06:00:00,5179.0,5185.0,5166.5,5183.5,78899,300922
2026-07-09 07:00:00,5184.0,5184.0,5168.0,5169.0,58842,228971
2026-07-09 08:00:00,5169.0,5170.5,5150.0,5151.0,70066,292009
2026-07-09 09:00:00,5150.5,5154.5,5148.0,5149.5,34116,172223
2026-07-09 10:00:00,5150.0,5152.0,5144.0,5148.5,27982,136901
2026-07-09 11:00:00,5148.5,5150.0,5142.0,5143.0,22203,110648
2026-07-09 12:00:00,5143.0,5150.5,5141.5,5145.0,26754,118888
2026-07-09 13:00:00,5145.0,5153.5,5144.5,5152.0,20097,83938
2026-07-09 14:00:00,5151.5,5152.5,5143.5,5145.0,11914,63838
2026-07-09 15:00:00,5144.5,5145.0,5136.5,5142.0,6849,28800
2026-07-10 06:00:00,5143.0,5152.0,5131.0,5135.5,107123,407663
2026-07-10 07:00:00,5136.0,5151.5,5134.0,5137.0,81390,361126
2026-07-10 08:00:00,5137.5,5154.0,5131.0,5137.0,90138,427612
2026-07-10 09:00:00,5137.0,5138.0,5127.5,5131.0,37573,199642
2026-07-10 10:00:00,5131.0,5132.0,5125.0,5132.0,29514,156515
2026-07-10 11:00:00,5132.0,5135.0,5129.5,5132.5,20210,91707
2026-07-10 12:00:00,5133.0,5136.0,5131.0,5133.0,22778,107377
2026-07-10 13:00:00,5132.5,5138.5,5132.0,5134.5,19988,99573
2026-07-10 14:00:00,5134.5,5137.5,5133.0,5136.0,9095,60539
2026-07-10 15:00:00,5136.0,5139.0,5135.0,5137.5,3866,22045
2026-07-13 06:00:00,5137.5,5148.5,5135.0,5135.0,103543,386721
2026-07-13 07:00:00,5135.0,5154.0,5133.5,5146.5,86293,372384
2026-07-13 08:00:00,5146.5,5161.0,5142.5,5147.5,76606,317011
2026-07-13 09:00:00,5147.5,5152.0,5143.0,5145.5,39398,188828
2026-07-13 10:00:00,5145.0,5165.0,5143.0,5158.5,58143,317984
2026-07-13 11:00:00,5159.0,5161.0,5152.5,5155.0,26402,140566
2026-07-13 12:00:00,5154.5,5160.0,5152.5,5154.0,28063,130291
2026-07-13 13:00:00,5154.0,5158.0,5152.0,5156.5,22317,103708
2026-07-13 14:00:00,5156.5,5165.5,5154.0,5161.5,17234,95181
2026-07-13 15:00:00,5161.5,5162.0,5159.0,5160.0,3956,21278
2026-07-14 06:00:00,5150.0,5150.5,5086.5,5109.5,157199,707228
2026-07-14 07:00:00,5109.5,5112.0,5090.5,5095.5,101590,492471
2026-07-14 08:00:00,5095.5,5103.0,5090.0,5093.5,72529,331830
2026-07-14 09:00:00,5093.5,5101.5,5088.0,5100.0,49991,229044
2026-07-14 10:00:00,5100.0,5105.0,5093.5,5096.0,31158,142708
2026-07-14 11:00:00,5096.0,5100.0,5093.0,5099.0,23033,116548
2026-07-14 12:00:00,5099.5,5100.0,5094.5,5096.0,25547,131358
2026-07-14 13:00:00,5095.5,5100.0,5094.5,5099.0,18155,77221
2026-07-14 14:00:00,5099.5,5102.0,5093.0,5095.0,14937,92440
2026-07-14 15:00:00,5095.0,5096.0,5089.5,5096.0,7173,30435
2026-07-15 06:00:00,5097.0,5105.0,5080.0,5083.5,105267,439048
2026-07-15 07:00:00,5084.0,5095.0,5077.5,5089.0,83542,390184
2026-07-15 08:00:00,5089.5,5101.5,5088.0,5099.0,62688,300303
2026-07-15 09:00:00,5099.5,5103.5,5095.5,5101.0,35883,163934
2026-07-15 10:00:00,5100.5,5108.5,5098.0,5106.0,32445,160589
2026-07-15 11:00:00,5106.0,5106.0,5093.0,5097.0,41708,237891
2026-07-15 12:00:00,5097.0,5098.5,5094.5,5097.0,32197,124816
2026-07-15 13:00:00,5097.0,5101.5,5096.0,5098.5,21641,121664
2026-07-15 14:00:00,5098.0,5100.0,5095.5,5099.0,8754,66317
2026-07-15 15:00:00,5099.0,5099.5,5095.0,5098.0,3584,18028
2026-07-16 06:00:00,5115.0,5120.0,5099.5,5117.5,89400,358476
2026-07-16 07:00:00,5118.0,5123.0,5115.0,5119.0,59301,258823
2026-07-16 08:00:00,5119.0,5124.5,5113.0,5120.0,48842,202591
2026-07-16 09:00:00,5120.5,5121.5,5110.5,5113.0,31701,138705
2026-07-16 10:00:00,5112.5,5123.5,5112.0,5116.5,25578,119494
2026-07-16 11:00:00,5117.0,5134.0,5116.5,5126.5,42769,215820
2026-07-16 12:00:00,5126.0,5128.0,5119.0,5119.5,28715,153578
2026-07-16 13:00:00,5119.5,5123.0,5117.5,5117.5,17241,76283
2026-07-16 14:00:00,5118.0,5124.0,5115.0,5121.0,13612,75211
2026-07-16 15:00:00,5121.0,5122.5,5118.0,5121.5,3185,13976
2026-07-17 06:00:00,5133.0,5141.0,5125.0,5138.0,91101,367488
2026-07-17 07:00:00,5137.5,5151.0,5136.5,5140.0,94981,403054
2026-07-17 08:00:00,5139.5,5142.0,5126.0,5131.0,63164,272120
2026-07-17 09:00:00,5131.0,5134.0,5125.5,5126.0,35703,162056
2026-07-17 10:00:00,5126.0,5131.5,5124.5,5131.0,30314,154122
2026-07-17 11:00:00,5131.0,5131.0,5122.5,5126.5,23409,106685
2026-07-17 12:00:00,5126.0,5129.5,5123.5,5129.0,28316,140324
2026-07-17 13:00:00,5129.0,5129.5,5125.0,5127.5,18917,99483
2026-07-17 14:00:00,5128.0,5132.5,5125.5,5130.0,12283,81222
2026-07-17 15:00:00,5130.0,5131.5,5125.0,5128.0,4484,17408
2026-07-20 06:00:00,5122.0,5131.0,5108.0,5111.0,90993,392611
2026-07-20 07:00:00,5111.5,5111.5,5097.5,5102.0,66369,314553
2026-07-20 08:00:00,5102.0,5106.0,5099.0,5104.5,48137,238440
2026-07-20 09:00:00,5104.5,5111.0,5098.0,5101.0,41772,201600
2026-07-20 10:00:00,5101.0,5111.0,5097.0,5109.0,32343,167919
2026-07-20 11:00:00,5109.0,5111.5,5105.5,5106.0,22542,124914
2026-07-20 12:00:00,5106.0,5109.5,5104.5,5105.5,23241,117801
2026-07-20 13:00:00,5105.5,5109.0,5102.0,5104.5,27064,132894
2026-07-20 14:00:00,5104.5,5108.5,5104.0,5105.5,10003,57235
2026-07-20 15:00:00,5106.0,5107.5,5105.0,5106.5,3921,21086
2026-07-21 06:00:00,5095.0,5099.0,5082.5,5087.5,80191,342031
2026-07-21 07:00:00,5087.0,5100.0,5086.0,5096.0,75115,319578
2026-07-21 08:00:00,5096.0,5096.5,5087.5,5093.0,52000,251105
2026-07-21 09:00:00,5093.5,5095.0,5088.0,5090.0,25036,110933
2026-07-21 10:00:00,5090.0,5091.0,5086.5,5087.0,15000,74777
2026-07-21 11:00:00,5087.0,5088.0,5080.5,5082.0,33491,186907
2026-07-21 12:00:00,5081.5,5087.0,5080.0,5084.0,25373,145194
2026-07-21 13:00:00,5083.5,5088.0,5082.5,5086.5,15749,97559
2026-07-21 14:00:00,5086.5,5088.0,5083.5,5086.5,8990,76690
2026-07-21 15:00:00,5086.5,5089.5,5086.5,5086.5,3682,23026
2026-07-22 06:00:00,5090.0,5096.0,5085.0,5091.0,79920,360602
2026-07-22 07:00:00,5091.0,5091.0,5065.0,5069.0,82933,374779
2026-07-22 08:00:00,5068.5,5074.5,5061.0,5072.0,56122,286013
2026-07-22 09:00:00,5072.5,5076.5,5068.5,5070.0,33493,172442
2026-07-22 10:00:00,5070.5,5074.0,5067.5,5069.5,21479,113840
2026-07-22 11:00:00,5069.5,5071.5,5065.5,5070.5,22396,127516
2026-07-22 12:00:00,5070.5,5073.0,5066.5,5068.5,20874,93774
2026-07-22 13:00:00,5068.5,5069.0,5063.0,5063.5,21120,120969
2026-07-22 14:00:00,5063.0,5067.5,5059.5,5065.5,16485,108703
2026-07-22 15:00:00,5065.0,5071.0,5064.5,5070.0,5040,27217
2026-07-23 06:00:00,5087.0,5096.5,5079.5,5089.0,93377,416544
2026-07-23 07:00:00,5089.0,5102.5,5086.0,5098.5,91456,395564
2026-07-23 08:00:00,5098.5,5098.5,5083.5,5088.5,67578,297427
2026-07-23 09:00:00,5089.0,5102.5,5087.5,5095.5,46295,204254
2026-07-23 10:00:00,5095.0,5097.0,5089.0,5093.0,26666,124457
2026-07-23 11:00:00,5093.0,5100.5,5093.0,5099.5,21713,99238
2026-07-23 12:00:00,5099.5,5103.5,5097.0,5100.5,27991,136149
2026-07-23 13:00:00,5100.5,5101.5,5090.0,5095.0,25434,131921
2026-07-23 14:00:00,5094.5,5097.0,5093.0,5094.5,10095,58889
2026-07-23 15:00:00,5095.0,5097.0,5090.0,5091.5,3454,19897
2026-07-24 06:00:00,5085.5,5099.0,5078.5,5083.5,95624,442063
2026-07-24 07:00:00,5084.0,5094.5,5080.0,5083.0,69470,337291
2026-07-24 08:00:00,5083.0,5085.0,5070.0,5072.0,65448,330321
2026-07-24 09:00:00,5071.5,5073.0,5058.0,5068.0,65581,364954
2026-07-24 10:00:00,5068.0,5079.5,5066.5,5077.0,27799,132617
2026-07-24 11:00:00,5077.0,5082.0,5076.0,5079.5,18172,84673
2026-07-24 12:00:00,5079.5,5084.5,5077.5,5082.5,21001,114168
2026-07-24 13:00:00,5082.5,5091.0,5082.5,5089.5,23051,126408
2026-07-24 14:00:00,5089.5,5093.0,5088.0,5092.0,11842,67132
2026-07-24 15:00:00,5092.0,5101.0,5091.0,5099.5,6810,34748
2026-07-27 06:00:00,5085.0,5096.0,5082.0,5092.0,59468,244914
2026-07-27 07:00:00,5091.5,5108.0,5091.0,5104.0,76397,379507
2026-07-27 08:00:00,5104.0,5117.0,5101.0,5111.0,60552,267091
2026-07-27 09:00:00,5111.0,5114.5,5106.5,5111.0,33167,157348
2026-07-27 10:00:00,5111.5,5114.0,5104.5,5110.0,34552,169218
2026-07-27 11:00:00,5110.0,5115.0,5109.5,5111.0,22137,102330
2026-07-27 12:00:00,5111.0,5118.0,5110.5,5117.5,27422,134081
2026-07-27 13:00:00,5117.0,5119.5,5114.5,5118.5,23879,118032
2026-07-27 14:00:00,5118.5,5126.5,5118.0,5123.5,17791,109638
2026-07-27 15:00:00,5124.0,5124.5,5118.5,5118.5,5555,26481
2026-07-28 06:00:00,5122.5,5130.0,5118.0,5122.0,71074,322834
2026-07-28 07:00:00,5122.5,5135.0,5116.5,5129.5,80625,379190
2026-07-28 08:00:00,5129.5,5132.0,5122.0,5123.5,41488,198859
2026-07-28 09:00:00,5123.5,5127.0,5114.0,5117.0,42370,216068
2026-07-28 10:00:00,5117.0,5121.5,5114.5,5116.5,23006,99471
2026-07-28 11:00:00,5116.5,5125.5,5115.5,5122.0,26958,156339
2026-07-28 12:00:00,5122.0,5126.0,5121.5,5124.5,21725,100776
2026-07-28 13:00:00,5125.0,5126.5,5122.0,5126.0,18384,85216
2026-07-28 14:00:00,5126.0,5127.0,5123.0,5126.0,9551,58172
2026-07-28 15:00:00,5126.5,5132.0,5123.5,5131.5,4438,24018
2026-07-29 06:00:00,5128.5,5133.0,5119.0,5122.0,84658,388172
2026-07-29 07:00:00,5122.0,5122.5,5113.0,5113.5,60337,283024
2026-07-29 08:00:00,5113.5,5144.5,5110.0,5139.5,99620,510900
2026-07-29 09:00:00,5139.5,5141.0,5129.0,5130.5,54530,254236
2026-07-29 10:00:00,5130.0,5137.5,5127.5,5130.5,37926,153611
2026-07-29 11:00:00,5130.5,5132.5,5126.5,5131.0,33149,152549
2026-07-29 12:00:00,5131.0,5131.0,5097.5,5098.0,132093,539576
2026-07-29 13:00:00,5098.0,5114.0,5091.5,5112.5,98390,415187
2026-07-29 14:00:00,5112.5,5122.5,5108.5,5120.5,25440,125335
2026-07-29 15:00:00,5120.5,5123.5,5119.5,5121.0,3751,19876
2026-07-30 06:00:00,5107.5,5109.0,5091.5,5097.5,83581,360880
2026-07-30 07:00:00,5097.5,5098.5,5066.5,5067.5,106894,438682
2026-07-30 08:00:00,5067.5,5078.5,5066.0,5070.0,79387,324814
2026-07-30 09:00:00,5070.0,5074.0,5065.0,5070.5,45009,199601
2026-07-30 10:00:00,5070.5,5077.0,5065.0,5071.5,35297,171763
2026-07-30 11:00:00,5071.0,5077.0,5069.5,5072.5,26575,120663
2026-07-30 12:00:00,5072.0,5077.5,5070.0,5071.5,26203,123004
2026-07-30 13:00:00,5072.0,5073.0,5063.5,5064.5,29910,165689
2026-07-30 14:00:00,5064.0,5067.0,5060.0,5062.0,15847,77576
2026-07-30 15:00:00,5062.0,5068.5,5061.5,5067.5,5464,25821
2026-07-31 09:00:00,5115.0,5119.0,5107.0,5109.5,27780,110747
2026-07-31 10:00:00,5109.5,5116.5,5101.0,5116.5,50710,230975
2026-07-31 11:00:00,5117.0,5118.0,5107.5,5109.5,33679,169238
2026-07-31 12:00:00,5109.0,5114.0,5108.0,5108.5,27499,129468
2026-07-31 13:00:00,5109.0,5111.5,5104.0,5105.5,23669,120081
2026-07-31 14:00:00,5105.0,5113.0,5105.0,5112.5,15170,97537
2026-07-31 15:00:00,5113.0,5119.5,5108.5,5117.0,4071,23660
2026-08-03 06:00:00,5107.0,5109.0,5088.5,5089.5,82002,305049
2026-08-03 07:00:00,5090.0,5106.0,5087.0,5102.5,66722,320045
2026-08-03 08:00:00,5103.0,5118.5,5102.5,5112.5,57865,258684
2026-08-03 09:00:00,5112.5,5119.5,5111.0,5112.5,30874,140235
2026-08-03 10:00:00,5112.5,5120.0,5112.0,5118.0,20566,99998
2026-08-03 11:00:00,5118.0,5127.0,5118.0,5125.5,26479,119635
2026-08-03 12:00:00,5125.5,5126.5,5121.0,5123.0,18668,80394
2026-08-03 13:00:00,5123.0,5123.0,5119.0,5122.0,18914,89013
2026-08-03 14:00:00,5122.0,5124.0,5115.0,5123.0,15557,70808
2026-08-03 15:00:00,5123.0,5124.5,5120.5,5123.5,3829,18023
2026-08-04 06:00:00,5108.5,5127.0,5105.0,5125.5,83478,331776
2026-08-04 07:00:00,5125.5,5139.5,5124.5,5138.0,78040,359980
2026-08-04 08:00:00,5138.5,5142.0,5134.0,5138.0,52925,277429
2026-08-04 09:00:00,5138.0,5148.5,5136.0,5144.0,34617,162845
2026-08-04 10:00:00,5144.0,5150.0,5142.0,5143.0,26381,136539
2026-08-04 11:00:00,5143.5,5152.5,5142.5,5152.0,23668,120738
2026-08-04 12:00:00,5152.0,5181.5,5152.0,5170.0,86675,453313
2026-08-04 13:00:00,5169.5,5171.0,5164.0,5166.0,28085,121246
2026-08-04 14:00:00,5166.0,5166.5,5155.0,5162.5,27387,142319
2026-08-04 15:00:00,5162.0,5166.5,5156.5,5157.0,6985,31089
2026-08-05 06:00:00,5147.0,5156.0,5139.5,5153.0,69779,274809
2026-08-05 07:00:00,5153.0,5155.0,5140.0,5141.0,67057,259681
2026-08-05 08:00:00,5141.0,5160.5,5130.0,5151.5,89403,409106
2026-08-05 09:00:00,5152.0,5153.5,5143.0,5150.5,36370,164732
2026-08-05 10:00:00,5150.5,5159.0,5148.5,5157.5,24332,114158
2026-08-05 11:00:00,5158.0,5166.0,5155.0,5157.5,28814,138413
2026-08-05 12:00:00,5157.5,5158.5,5152.5,5156.5,22265,85429
2026-08-05 13:00:00,5156.5,5164.0,5156.5,5161.5,27405,142314
2026-08-05 14:00:00,5161.5,5161.5,5150.5,5153.5,17927,104220
2026-08-05 15:00:00,5154.0,5155.0,5149.5,5152.0,3202,16124
2026-08-06 06:00:00,5152.0,5158.5,5137.0,5138.5,86816,349096
2026-08-06 07:00:00,5139.0,5143.5,5126.0,5127.5,78281,337240
2026-08-06 08:00:00,5127.0,5129.5,5121.0,5125.5,52153,236740
2026-08-06 09:00:00,5126.0,5140.5,5122.5,5138.0,44669,196719
2026-08-06 10:00:00,5138.0,5139.5,5131.5,5135.5,24492,106938
2026-08-06 11:00:00,5135.5,5135.5,5130.5,5132.5,14808,74396
2026-08-06 12:00:00,5132.5,5135.5,5130.5,5131.5,17413,74979
2026-08-06 13:00:00,5131.0,5137.5,5130.0,5136.0,21912,104203
2026-08-06 14:00:00,5136.0,5141.5,5135.5,5141.5,14225,71987
2026-08-06 15:00:00,5141.5,5145.0,5138.5,5142.0,4432,19122
2026-08-07 06:00:00,5129.5,5132.5,5102.5,5112.0,103124,453190
2026-08-07 07:00:00,5112.0,5127.0,5110.5,5123.0,80063,349586
2026-08-07 08:00:00,5123.5,5124.5,5118.0,5120.0,40471,180864
2026-08-07 09:00:00,5120.0,5122.5,5115.0,5118.0,30602,143158
2026-08-07 10:00:00,5118.0,5118.0,5109.0,5115.0,28477,131373
2026-08-07 11:00:00,5115.0,5115.0,5106.0,5110.5,24885,138227
2026-08-07 12:00:00,5110.5,5115.0,5109.0,5113.5,24197,131307
2026-08-07 13:00:00,5113.5,5116.0,5110.5,5112.5,20891,125136
2026-08-07 14:00:00,5112.5,5113.0,5108.5,5110.5,9993,62029
2026-08-07 15:00:00,5110.5,5112.0,5107.5,5110.0,4056,21130
2026-08-10 06:00:00,5110.0,5122.5,5109.5,5117.5,56201,241982
2026-08-10 07:00:00,5117.5,5127.0,5112.5,5123.5,51696,218771
2026-08-10 08:00:00,5124.0,5128.5,5121.5,5127.0,39047,181875
2026-08-10 09:00:00,5127.5,5130.0,5125.0,5126.5,23093,112379
2026-08-10 10:00:00,5126.5,5132.5,5124.0,5131.0,24068,117123
2026-08-10 11:00:00,5131.0,5147.0,5129.5,5144.5,38478,201848
2026-08-10 12:00:00,5145.0,5145.0,5137.5,5138.5,25013,112311
2026-08-10 13:00:00,5139.0,5140.5,5136.5,5137.0,16135,82261
2026-08-10 14:00:00,5137.0,5139.5,5132.5,5136.5,15779,85741
2026-08-10 15:00:00,5136.5,5138.0,5132.0,5133.0,4319,17388
2026-08-11 06:00:00,5130.0,5135.5,5122.5,5128.0,72344,272540
2026-08-11 07:00:00,5128.0,5138.5,5122.5,5134.5,71205,297321
2026-08-11 08:00:00,5135.0,5170.5,5134.5,5165.0,93638,493419
2026-08-11 09:00:00,5165.5,5196.0,5163.0,5183.5,90663,537002
2026-08-11 10:00:00,5184.0,5190.0,5182.0,5184.5,31274,184519
2026-08-11 11:00:00,5185.0,5191.0,5181.5,5185.5,30208,173541
2026-08-11 12:00:00,5185.5,5202.5,5185.5,5194.5,49593,248646
2026-08-11 13:00:00,5194.0,5194.5,5185.5,5188.5,33444,187986
2026-08-11 14:00:00,5188.5,5189.5,5183.0,5186.0,16542,94331
2026-08-11 15:00:00,5186.0,5191.5,5180.5,5183.5,6034,34732
2026-08-12 06:00:00,5174.0,5182.0,5159.0,5174.0,128614,559534
2026-08-12 07:00:00,5174.0,5202.0,5171.5,5192.5,126494,593494
2026-08-12 08:00:00,5192.5,5197.5,5186.5,5197.0,55011,261183
2026-08-12 09:00:00,5197.0,5199.0,5184.5,5186.5,37097,180146
2026-08-12 10:00:00,5186.5,5188.5,5181.0,5182.5,22391,100003
2026-08-12 11:00:00,5182.5,5187.5,5180.5,5186.5,21656,102919
2026-08-12 12:00:00,5186.5,5189.5,5183.5,5184.0,24913,113955
2026-08-12 13:00:00,5184.5,5203.5,5184.0,5200.5,38460,230243
2026-08-12 14:00:00,5200.5,5202.5,5196.0,5201.0,17787,104934
2026-08-12 15:00:00,5200.5,5216.0,5200.0,5214.0,6592,43514
2026-08-13 06:00:00,5208.5,5221.0,5202.5,5208.0,109662,472246
2026-08-13 07:00:00,5208.0,5214.0,5197.0,5211.5,98723,422644
2026-08-13 08:00:00,5211.5,5214.0,5202.5,5209.5,60479,290223
2026-08-13 09:00:00,5209.5,5216.0,5209.0,5210.0,37837,192271
2026-08-13 10:00:00,5209.5,5217.5,5206.0,5209.5,33761,145784
2026-08-13 11:00:00,5210.0,5216.5,5208.5,5215.0,24802,117344
2026-08-13 12:00:00,5215.0,5216.0,5208.5,5211.5,27424,130420
2026-08-13 13:00:00,5212.0,5214.0,5209.5,5213.0,16412,100119
2026-08-13 14:00:00,5213.0,5214.0,5207.5,5209.5,12758,77822
2026-08-13 15:00:00,5210.0,5210.5,5201.0,5204.0,5600,30850
2026-08-14 06:00:00,5192.5,5226.0,5192.0,5213.5,119258,540728
2026-08-14 07:00:00,5214.0,5252.0,5213.0,5243.0,132612,600941
2026-08-14 08:00:00,5243.0,5245.5,5236.0,5244.0,56357,276446
2026-08-14 09:00:00,5244.0,5264.0,5240.0,5259.5,72549,375949
2026-08-14 10:00:00,5259.5,5268.5,5254.0,5254.0,44561,220166
2026-08-14 11:00:00,5254.0,5265.5,5253.5,5258.0,31624,147296
2026-08-14 12:00:00,5258.0,5259.5,5240.0,5249.5,54182,263690
2026-08-14 13:00:00,5249.5,5249.5,5236.5,5240.5,29538,146851
2026-08-14 14:00:00,5240.0,5243.0,5235.0,5243.0,21207,113336
2026-08-14 15:00:00,5242.5,5243.0,5233.0,5234.0,5637,31998
2026-08-17 06:00:00,5233.5,5240.0,5220.5,5229.5,88233,322678
2026-08-17 07:00:00,5229.5,5238.5,5219.5,5226.0,90200,342134
2026-08-17 08:00:00,5226.5,5227.5,5199.5,5206.0,82837,394749
2026-08-17 09:00:00,5206.0,5210.0,5198.5,5202.5,42466,213571
2026-08-17 10:00:00,5202.0,5208.5,5202.0,5208.0,20589,104256
2026-08-17 11:00:00,5208.0,5222.5,5205.5,5220.0,44794,224255
2026-08-17 12:00:00,5220.5,5220.5,5215.0,5218.0,26911,108332
2026-08-17 13:00:00,5218.0,5220.0,5213.5,5217.0,20426,101574
2026-08-17 14:00:00,5217.0,5222.0,5216.5,5219.5,12151,66182
2026-08-17 15:00:00,5219.5,5224.0,5217.5,5222.0,4522,16043
2026-08-18 06:00:00,5224.0,5233.0,5217.0,5221.5,76790,288035
2026-08-18 07:00:00,5222.0,5235.0,5212.0,5212.5,88700,374001
2026-08-18 08:00:00,5212.0,5218.5,5206.0,5216.0,62324,289459
2026-08-18 09:00:00,5216.0,5239.0,5216.0,5220.0,64168,321551
2026-08-18 10:00:00,5220.0,5227.0,5220.0,5224.0,22456,98724
2026-08-18 11:00:00,5224.0,5231.5,5223.5,5229.5,20206,106967
2026-08-18 12:00:00,5230.0,5237.0,5224.0,5235.0,30639,161143
2026-08-18 13:00:00,5234.5,5238.0,5232.5,5237.5,19693,110029
2026-08-18 14:00:00,5237.5,5239.0,5232.5,5233.0,11835,71646
2026-08-18 15:00:00,5233.0,5235.5,5227.0,5230.0,5007,23908
2026-08-19 06:00:00,5221.5,5225.0,5186.5,5190.0,121904,516868
2026-08-19 07:00:00,5189.5,5190.5,5170.0,5182.0,113463,509433
2026-08-19 08:00:00,5182.0,5190.5,5180.0,5188.0,77025,315972
2026-08-19 09:00:00,5188.0,5190.0,5178.5,5182.5,46594,205799
2026-08-19 10:00:00,5183.0,5185.0,5177.5,5181.5,23962,100756
2026-08-19 11:00:00,5181.5,5188.0,5179.5,5188.0,24613,114657
2026-08-19 12:00:00,5188.0,5188.0,5181.0,5181.5,31010,128718
2026-08-19 13:00:00,5182.0,5191.5,5181.5,5191.0,32224,178612
2026-08-19 14:00:00,5191.0,5196.0,5188.0,5189.5,20545,106651
2026-08-19 15:00:00,5189.0,5193.0,5188.0,5193.0,4449,19722
2026-08-20 06:00:00,5200.0,5208.5,5193.0,5195.0,82973,319802
2026-08-20 07:00:00,5194.5,5210.0,5191.0,5205.5,81409,332213
2026-08-20 08:00:00,5206.0,5214.5,5200.5,5201.0,67211,288846
2026-08-20 09:00:00,5201.5,5204.0,5190.0,5196.0,64494,269545
2026-08-20 10:00:00,5196.0,5203.5,5195.5,5203.0,21275,101245
2026-08-20 11:00:00,5203.0,5205.5,5201.0,5204.5,23840,115619
2026-08-20 12:00:00,5204.5,5208.5,5202.5,5205.5,20468,98150
2026-08-20 13:00:00,5205.5,5208.0,5205.0,5206.5,16322,94283
2026-08-20 14:00:00,5206.5,5213.0,5205.0,5210.5,12348,72839
2026-08-20 15:00:00,5210.5,5211.0,5205.0,5207.0,3607,15131
2026-08-21 06:00:00,5177.0,5192.0,5175.0,5184.5,97146,414671
2026-08-21 07:00:00,5184.5,5194.5,5176.5,5180.0,75372,319511
2026-08-21 08:00:00,5179.5,5183.0,5167.5,5176.0,66504,332974
2026-08-21 09:00:00,5176.0,5177.0,5156.5,5157.5,52104,268341
2026-08-21 10:00:00,5157.5,5164.5,5154.5,5158.0,40787,210311
2026-08-21 11:00:00,5158.0,5159.5,5154.5,5157.0,20617,105250
2026-08-21 12:00:00,5157.0,5157.0,5142.5,5145.0,41721,211518
2026-08-21 13:00:00,5145.0,5154.5,5145.0,5152.5,21789,117699
2026-08-21 14:00:00,5152.5,5155.5,5149.0,5150.0,15111,87908
2026-08-21 15:00:00,5150.0,5155.0,5146.5,5150.0,4836,25011
